---------------------------------------
Begin Slurm Prolog: Aug-23-2026 18:07:41
Job ID:    12232940
User ID:   clinder9
Account:   gts-mtao8
Job name:  speedrun-gpt
Partition: gpu-h100
QOS:       inferno
---------------------------------------
Audited 139 packages in 66ms
Reset report and wrote header to /storage/home/hcoda1/7/clinder9/r-mtao8-0/.cache/nanochat/speedruns/report/header.md
Downloading 8 shards using 4 workers...
Target directory: /storage/home/hcoda1/7/clinder9/r-mtao8-0/.cache/nanochat/speedruns/base_data

Skipping /storage/home/hcoda1/7/clinder9/r-mtao8-0/.cache/nanochat/speedruns/base_data/shard_00002.parquet (already exists)
Skipping /storage/home/hcoda1/7/clinder9/r-mtao8-0/.cache/nanochat/speedruns/base_data/shard_00007.parquet (already exists)
Done! Downloaded: 8/8 shards to /storage/home/hcoda1/7/clinder9/r-mtao8-0/.cache/nanochat/speedruns/base_data
Downloading 370 shards using 4 workers...
Target directory: /storage/home/hcoda1/7/clinder9/r-mtao8-0/.cache/nanochat/speedruns/base_data

Skipping /storage/home/hcoda1/7/clinder9/r-mtao8-0/.cache/nanochat/speedruns/base_data/shard_00024.parquet (already exists)
Skipping /storage/home/hcoda1/7/clinder9/r-mtao8-0/.cache/nanochat/speedruns/base_data/shard_00025.parquet (already exists)
Skipping /storage/home/hcoda1/7/clinder9/r-mtao8-0/.cache/nanochat/speedruns/base_data/shard_00026.parquet (already exists)
Skipping /storage/home/hcoda1/7/clinder9/r-mtao8-0/.cache/nanochat/speedruns/base_data/shard_00027.parquet (already exists)
Skipping /storage/home/hcoda1/7/clinder9/r-mtao8-0/.cache/nanochat/speedruns/base_data/shard_00028.parquet (already exists)
Skipping /storage/home/hcoda1/7/clinder9/r-mtao8-0/.cache/nanochat/speedruns/base_data/shard_00029.parquet (already exists)
Skipping /storage/home/hcoda1/7/clinder9/r-mtao8-0/.cache/nanochat/speedruns/base_data/shard_00030.parquet (already exists)
Skipping /storage/home/hcoda1/7/clinder9/r-mtao8-0/.cache/nanochat/speedruns/base_data/shard_00031.parquet (already exists)
Skipping /storage/home/hcoda1/7/clinder9/r-mtao8-0/.cache/nanochat/speedruns/base_data/shard_00032.parquet (already exists)
Skipping /storage/home/hcoda1/7/clinder9/r-mtao8-0/.cache/nanochat/speedruns/base_data/shard_00033.parquet (already exists)
Skipping /storage/home/hcoda1/7/clinder9/r-mtao8-0/.cache/nanochat/speedruns/base_data/shard_00034.parquet (already exists)
Skipping /storage/home/hcoda1/7/clinder9/r-mtao8-0/.cache/nanochat/speedruns/base_data/shard_00035.parquet (already exists)
Skipping /storage/home/hcoda1/7/clinder9/r-mtao8-0/.cache/nanochat/speedruns/base_data/shard_00036.parquet (already exists)
Skipping /storage/home/hcoda1/7/clinder9/r-mtao8-0/.cache/nanochat/speedruns/base_data/shard_00037.parquet (already exists)
Skipping /storage/home/hcoda1/7/clinder9/r-mtao8-0/.cache/nanochat/speedruns/base_data/shard_00038.parquet (already exists)
Skipping /storage/home/hcoda1/7/clinder9/r-mtao8-0/.cache/nanochat/speedruns/base_data/shard_00039.parquet (already exists)
Skipping /storage/home/hcoda1/7/clinder9/r-mtao8-0/.cache/nanochat/speedruns/base_data/shard_00040.parquet (already exists)
Skipping /storage/home/hcoda1/7/clinder9/r-mtao8-0/.cache/nanochat/speedruns/base_data/shard_00041.parquet (already exists)
Skipping /storage/home/hcoda1/7/clinder9/r-mtao8-0/.cache/nanochat/speedruns/base_data/shard_00042.parquet (already exists)
Skipping /storage/home/hcoda1/7/clinder9/r-mtao8-0/.cache/nanochat/speedruns/base_data/shard_00043.parquet (already exists)
Skipping /storage/home/hcoda1/7/clinder9/r-mtao8-0/.cache/nanochat/speedruns/base_data/shard_00044.parquet (already exists)
Skipping /storage/home/hcoda1/7/clinder9/r-mtao8-0/.cache/nanochat/speedruns/base_data/shard_00045.parquet (already exists)
Skipping /storage/home/hcoda1/7/clinder9/r-mtao8-0/.cache/nanochat/speedruns/base_data/shard_00046.parquet (already exists)
Skipping /storage/home/hcoda1/7/clinder9/r-mtao8-0/.cache/nanochat/speedruns/base_data/shard_00047.parquet (already exists)
Skipping /storage/home/hcoda1/7/clinder9/r-mtao8-0/.cache/nanochat/speedruns/base_data/shard_00168.parquet (already exists)
Skipping /storage/home/hcoda1/7/clinder9/r-mtao8-0/.cache/nanochat/speedruns/base_data/shard_00169.parquet (already exists)
Skipping /storage/home/hcoda1/7/clinder9/r-mtao8-0/.cache/nanochat/speedruns/base_data/shard_00170.parquet (already exists)
Skipping /storage/home/hcoda1/7/clinder9/r-mtao8-0/.cache/nanochat/speedruns/base_data/shard_00171.parquet (already exists)
Skipping /storage/home/hcoda1/7/clinder9/r-mtao8-0/.cache/nanochat/speedruns/base_data/shard_00172.parquet (already exists)
Skipping /storage/home/hcoda1/7/clinder9/r-mtao8-0/.cache/nanochat/speedruns/base_data/shard_00173.parquet (already exists)
Skipping /storage/home/hcoda1/7/clinder9/r-mtao8-0/.cache/nanochat/speedruns/base_data/shard_00174.parquet (already exists)
Skipping /storage/home/hcoda1/7/clinder9/r-mtao8-0/.cache/nanochat/speedruns/base_data/shard_00175.parquet (already exists)
Skipping /storage/home/hcoda1/7/clinder9/r-mtao8-0/.cache/nanochat/speedruns/base_data/shard_00176.parquet (already exists)
Skipping /storage/home/hcoda1/7/clinder9/r-mtao8-0/.cache/nanochat/speedruns/base_data/shard_00177.parquet (already exists)
Skipping /storage/home/hcoda1/7/clinder9/r-mtao8-0/.cache/nanochat/speedruns/base_data/shard_00178.parquet (already exists)
Skipping /storage/home/hcoda1/7/clinder9/r-mtao8-0/.cache/nanochat/speedruns/base_data/shard_00179.parquet (already exists)
Skipping /storage/home/hcoda1/7/clinder9/r-mtao8-0/.cache/nanochat/speedruns/base_data/shard_00180.parquet (already exists)
Skipping /storage/home/hcoda1/7/clinder9/r-mtao8-0/.cache/nanochat/speedruns/base_data/shard_00181.parquet (already exists)
Skipping /storage/home/hcoda1/7/clinder9/r-mtao8-0/.cache/nanochat/speedruns/base_data/shard_00182.parquet (already exists)
Skipping /storage/home/hcoda1/7/clinder9/r-mtao8-0/.cache/nanochat/speedruns/base_data/shard_00183.parquet (already exists)
Skipping /storage/home/hcoda1/7/clinder9/r-mtao8-0/.cache/nanochat/speedruns/base_data/shard_00184.parquet (already exists)
Skipping /storage/home/hcoda1/7/clinder9/r-mtao8-0/.cache/nanochat/speedruns/base_data/shard_00185.parquet (already exists)
Skipping /storage/home/hcoda1/7/clinder9/r-mtao8-0/.cache/nanochat/speedruns/base_data/shard_00186.parquet (already exists)
Skipping /storage/home/hcoda1/7/clinder9/r-mtao8-0/.cache/nanochat/speedruns/base_data/shard_00187.parquet (already exists)
Skipping /storage/home/hcoda1/7/clinder9/r-mtao8-0/.cache/nanochat/speedruns/base_data/shard_00188.parquet (already exists)
Skipping /storage/home/hcoda1/7/clinder9/r-mtao8-0/.cache/nanochat/speedruns/base_data/shard_00189.parquet (already exists)
Skipping /storage/home/hcoda1/7/clinder9/r-mtao8-0/.cache/nanochat/speedruns/base_data/shard_00190.parquet (already exists)
Skipping /storage/home/hcoda1/7/clinder9/r-mtao8-0/.cache/nanochat/speedruns/base_data/shard_00191.parquet (already exists)
Skipping /storage/home/hcoda1/7/clinder9/r-mtao8-0/.cache/nanochat/speedruns/base_data/shard_00264.parquet (already exists)
Skipping /storage/home/hcoda1/7/clinder9/r-mtao8-0/.cache/nanochat/speedruns/base_data/shard_00265.parquet (already exists)
Skipping /storage/home/hcoda1/7/clinder9/r-mtao8-0/.cache/nanochat/speedruns/base_data/shard_00266.parquet (already exists)
Skipping /storage/home/hcoda1/7/clinder9/r-mtao8-0/.cache/nanochat/speedruns/base_data/shard_00267.parquet (already exists)
Skipping /storage/home/hcoda1/7/clinder9/r-mtao8-0/.cache/nanochat/speedruns/base_data/shard_00268.parquet (already exists)
Skipping /storage/home/hcoda1/7/clinder9/r-mtao8-0/.cache/nanochat/speedruns/base_data/shard_00269.parquet (already exists)
Skipping /storage/home/hcoda1/7/clinder9/r-mtao8-0/.cache/nanochat/speedruns/base_data/shard_00270.parquet (already exists)
Skipping /storage/home/hcoda1/7/clinder9/r-mtao8-0/.cache/nanochat/speedruns/base_data/shard_00271.parquet (already exists)
Skipping /storage/home/hcoda1/7/clinder9/r-mtao8-0/.cache/nanochat/speedruns/base_data/shard_00272.parquet (already exists)
Skipping /storage/home/hcoda1/7/clinder9/r-mtao8-0/.cache/nanochat/speedruns/base_data/shard_00273.parquet (already exists)
Skipping /storage/home/hcoda1/7/clinder9/r-mtao8-0/.cache/nanochat/speedruns/base_data/shard_00274.parquet (already exists)
Skipping /storage/home/hcoda1/7/clinder9/r-mtao8-0/.cache/nanochat/speedruns/base_data/shard_00275.parquet (already exists)
Skipping /storage/home/hcoda1/7/clinder9/r-mtao8-0/.cache/nanochat/speedruns/base_data/shard_00276.parquet (already exists)
Skipping /storage/home/hcoda1/7/clinder9/r-mtao8-0/.cache/nanochat/speedruns/base_data/shard_00277.parquet (already exists)
Skipping /storage/home/hcoda1/7/clinder9/r-mtao8-0/.cache/nanochat/speedruns/base_data/shard_00278.parquet (already exists)
Skipping /storage/home/hcoda1/7/clinder9/r-mtao8-0/.cache/nanochat/speedruns/base_data/shard_00279.parquet (already exists)
Skipping /storage/home/hcoda1/7/clinder9/r-mtao8-0/.cache/nanochat/speedruns/base_data/shard_00280.parquet (already exists)
Skipping /storage/home/hcoda1/7/clinder9/r-mtao8-0/.cache/nanochat/speedruns/base_data/shard_00281.parquet (already exists)
Skipping /storage/home/hcoda1/7/clinder9/r-mtao8-0/.cache/nanochat/speedruns/base_data/shard_00282.parquet (already exists)
Skipping /storage/home/hcoda1/7/clinder9/r-mtao8-0/.cache/nanochat/speedruns/base_data/shard_00283.parquet (already exists)
Skipping /storage/home/hcoda1/7/clinder9/r-mtao8-0/.cache/nanochat/speedruns/base_data/shard_00284.parquet (already exists)
Skipping /storage/home/hcoda1/7/clinder9/r-mtao8-0/.cache/nanochat/speedruns/base_data/shard_00285.parquet (already exists)
Skipping /storage/home/hcoda1/7/clinder9/r-mtao8-0/.cache/nanochat/speedruns/base_data/shard_00286.parquet (already exists)
Skipping /storage/home/hcoda1/7/clinder9/r-mtao8-0/.cache/nanochat/speedruns/base_data/shard_00287.parquet (already exists)
Skipping /storage/home/hcoda1/7/clinder9/r-mtao8-0/.cache/nanochat/speedruns/base_data/shard_00360.parquet (already exists)
Skipping /storage/home/hcoda1/7/clinder9/r-mtao8-0/.cache/nanochat/speedruns/base_data/shard_00361.parquet (already exists)
Skipping /storage/home/hcoda1/7/clinder9/r-mtao8-0/.cache/nanochat/speedruns/base_data/shard_00362.parquet (already exists)
Skipping /storage/home/hcoda1/7/clinder9/r-mtao8-0/.cache/nanochat/speedruns/base_data/shard_00363.parquet (already exists)
Skipping /storage/home/hcoda1/7/clinder9/r-mtao8-0/.cache/nanochat/speedruns/base_data/shard_00364.parquet (already exists)
Skipping /storage/home/hcoda1/7/clinder9/r-mtao8-0/.cache/nanochat/speedruns/base_data/shard_00365.parquet (already exists)
Skipping /storage/home/hcoda1/7/clinder9/r-mtao8-0/.cache/nanochat/speedruns/base_data/shard_00366.parquet (already exists)
Skipping /storage/home/hcoda1/7/clinder9/r-mtao8-0/.cache/nanochat/speedruns/base_data/shard_00367.parquet (already exists)
Skipping /storage/home/hcoda1/7/clinder9/r-mtao8-0/.cache/nanochat/speedruns/base_data/shard_00368.parquet (already exists)
Skipping /storage/home/hcoda1/7/clinder9/r-mtao8-0/.cache/nanochat/speedruns/base_data/shard_00369.parquet (already exists)
Skipping /storage/home/hcoda1/7/clinder9/r-mtao8-0/.cache/nanochat/speedruns/base_data/shard_00072.parquet (already exists)
Skipping /storage/home/hcoda1/7/clinder9/r-mtao8-0/.cache/nanochat/speedruns/base_data/shard_00073.parquet (already exists)
Skipping /storage/home/hcoda1/7/clinder9/r-mtao8-0/.cache/nanochat/speedruns/base_data/shard_00074.parquet (already exists)
Skipping /storage/home/hcoda1/7/clinder9/r-mtao8-0/.cache/nanochat/speedruns/base_data/shard_00075.parquet (already exists)
Skipping /storage/home/hcoda1/7/clinder9/r-mtao8-0/.cache/nanochat/speedruns/base_data/shard_00076.parquet (already exists)
Skipping /storage/home/hcoda1/7/clinder9/r-mtao8-0/.cache/nanochat/speedruns/base_data/shard_00077.parquet (already exists)
Skipping /storage/home/hcoda1/7/clinder9/r-mtao8-0/.cache/nanochat/speedruns/base_data/shard_00078.parquet (already exists)
Skipping /storage/home/hcoda1/7/clinder9/r-mtao8-0/.cache/nanochat/speedruns/base_data/shard_00079.parquet (already exists)
Skipping /storage/home/hcoda1/7/clinder9/r-mtao8-0/.cache/nanochat/speedruns/base_data/shard_00080.parquet (already exists)
Skipping /storage/home/hcoda1/7/clinder9/r-mtao8-0/.cache/nanochat/speedruns/base_data/shard_00081.parquet (already exists)
Skipping /storage/home/hcoda1/7/clinder9/r-mtao8-0/.cache/nanochat/speedruns/base_data/shard_00082.parquet (already exists)
Skipping /storage/home/hcoda1/7/clinder9/r-mtao8-0/.cache/nanochat/speedruns/base_data/shard_00083.parquet (already exists)
Skipping /storage/home/hcoda1/7/clinder9/r-mtao8-0/.cache/nanochat/speedruns/base_data/shard_00084.parquet (already exists)
Skipping /storage/home/hcoda1/7/clinder9/r-mtao8-0/.cache/nanochat/speedruns/base_data/shard_00085.parquet (already exists)
Skipping /storage/home/hcoda1/7/clinder9/r-mtao8-0/.cache/nanochat/speedruns/base_data/shard_00086.parquet (already exists)
Skipping /storage/home/hcoda1/7/clinder9/r-mtao8-0/.cache/nanochat/speedruns/base_data/shard_00087.parquet (already exists)
Skipping /storage/home/hcoda1/7/clinder9/r-mtao8-0/.cache/nanochat/speedruns/base_data/shard_00088.parquet (already exists)
Skipping /storage/home/hcoda1/7/clinder9/r-mtao8-0/.cache/nanochat/speedruns/base_data/shard_00089.parquet (already exists)
Skipping /storage/home/hcoda1/7/clinder9/r-mtao8-0/.cache/nanochat/speedruns/base_data/shard_00090.parquet (already exists)
Skipping /storage/home/hcoda1/7/clinder9/r-mtao8-0/.cache/nanochat/speedruns/base_data/shard_00091.parquet (already exists)
Skipping /storage/home/hcoda1/7/clinder9/r-mtao8-0/.cache/nanochat/speedruns/base_data/shard_00092.parquet (already exists)
Skipping /storage/home/hcoda1/7/clinder9/r-mtao8-0/.cache/nanochat/speedruns/base_data/shard_00093.parquet (already exists)
Skipping /storage/home/hcoda1/7/clinder9/r-mtao8-0/.cache/nanochat/speedruns/base_data/shard_00094.parquet (already exists)
Skipping /storage/home/hcoda1/7/clinder9/r-mtao8-0/.cache/nanochat/speedruns/base_data/shard_00095.parquet (already exists)
Skipping /storage/home/hcoda1/7/clinder9/r-mtao8-0/.cache/nanochat/speedruns/base_data/shard_00144.parquet (already exists)
Skipping /storage/home/hcoda1/7/clinder9/r-mtao8-0/.cache/nanochat/speedruns/base_data/shard_00145.parquet (already exists)
Skipping /storage/home/hcoda1/7/clinder9/r-mtao8-0/.cache/nanochat/speedruns/base_data/shard_00146.parquet (already exists)
Skipping /storage/home/hcoda1/7/clinder9/r-mtao8-0/.cache/nanochat/speedruns/base_data/shard_00147.parquet (already exists)
Skipping /storage/home/hcoda1/7/clinder9/r-mtao8-0/.cache/nanochat/speedruns/base_data/shard_00148.parquet (already exists)
Skipping /storage/home/hcoda1/7/clinder9/r-mtao8-0/.cache/nanochat/speedruns/base_data/shard_00149.parquet (already exists)
Skipping /storage/home/hcoda1/7/clinder9/r-mtao8-0/.cache/nanochat/speedruns/base_data/shard_00150.parquet (already exists)
Skipping /storage/home/hcoda1/7/clinder9/r-mtao8-0/.cache/nanochat/speedruns/base_data/shard_00151.parquet (already exists)
Skipping /storage/home/hcoda1/7/clinder9/r-mtao8-0/.cache/nanochat/speedruns/base_data/shard_00152.parquet (already exists)
Skipping /storage/home/hcoda1/7/clinder9/r-mtao8-0/.cache/nanochat/speedruns/base_data/shard_00153.parquet (already exists)
Skipping /storage/home/hcoda1/7/clinder9/r-mtao8-0/.cache/nanochat/speedruns/base_data/shard_00154.parquet (already exists)
Skipping /storage/home/hcoda1/7/clinder9/r-mtao8-0/.cache/nanochat/speedruns/base_data/shard_00155.parquet (already exists)
Skipping /storage/home/hcoda1/7/clinder9/r-mtao8-0/.cache/nanochat/speedruns/base_data/shard_00156.parquet (already exists)
Skipping /storage/home/hcoda1/7/clinder9/r-mtao8-0/.cache/nanochat/speedruns/base_data/shard_00157.parquet (already exists)
Skipping /storage/home/hcoda1/7/clinder9/r-mtao8-0/.cache/nanochat/speedruns/base_data/shard_00158.parquet (already exists)
Skipping /storage/home/hcoda1/7/clinder9/r-mtao8-0/.cache/nanochat/speedruns/base_data/shard_00159.parquet (already exists)
Skipping /storage/home/hcoda1/7/clinder9/r-mtao8-0/.cache/nanochat/speedruns/base_data/shard_00160.parquet (already exists)
Skipping /storage/home/hcoda1/7/clinder9/r-mtao8-0/.cache/nanochat/speedruns/base_data/shard_00161.parquet (already exists)
Skipping /storage/home/hcoda1/7/clinder9/r-mtao8-0/.cache/nanochat/speedruns/base_data/shard_00162.parquet (already exists)
Skipping /storage/home/hcoda1/7/clinder9/r-mtao8-0/.cache/nanochat/speedruns/base_data/shard_00163.parquet (already exists)
Skipping /storage/home/hcoda1/7/clinder9/r-mtao8-0/.cache/nanochat/speedruns/base_data/shard_00164.parquet (already exists)
Skipping /storage/home/hcoda1/7/clinder9/r-mtao8-0/.cache/nanochat/speedruns/base_data/shard_00165.parquet (already exists)
Skipping /storage/home/hcoda1/7/clinder9/r-mtao8-0/.cache/nanochat/speedruns/base_data/shard_00166.parquet (already exists)
Skipping /storage/home/hcoda1/7/clinder9/r-mtao8-0/.cache/nanochat/speedruns/base_data/shard_00167.parquet (already exists)
Skipping /storage/home/hcoda1/7/clinder9/r-mtao8-0/.cache/nanochat/speedruns/base_data/shard_00240.parquet (already exists)
Skipping /storage/home/hcoda1/7/clinder9/r-mtao8-0/.cache/nanochat/speedruns/base_data/shard_00241.parquet (already exists)
Skipping /storage/home/hcoda1/7/clinder9/r-mtao8-0/.cache/nanochat/speedruns/base_data/shard_00242.parquet (already exists)
Skipping /storage/home/hcoda1/7/clinder9/r-mtao8-0/.cache/nanochat/speedruns/base_data/shard_00243.parquet (already exists)
Skipping /storage/home/hcoda1/7/clinder9/r-mtao8-0/.cache/nanochat/speedruns/base_data/shard_00244.parquet (already exists)
Skipping /storage/home/hcoda1/7/clinder9/r-mtao8-0/.cache/nanochat/speedruns/base_data/shard_00245.parquet (already exists)
Skipping /storage/home/hcoda1/7/clinder9/r-mtao8-0/.cache/nanochat/speedruns/base_data/shard_00246.parquet (already exists)
Skipping /storage/home/hcoda1/7/clinder9/r-mtao8-0/.cache/nanochat/speedruns/base_data/shard_00247.parquet (already exists)
Skipping /storage/home/hcoda1/7/clinder9/r-mtao8-0/.cache/nanochat/speedruns/base_data/shard_00248.parquet (already exists)
Skipping /storage/home/hcoda1/7/clinder9/r-mtao8-0/.cache/nanochat/speedruns/base_data/shard_00249.parquet (already exists)
Skipping /storage/home/hcoda1/7/clinder9/r-mtao8-0/.cache/nanochat/speedruns/base_data/shard_00250.parquet (already exists)
Skipping /storage/home/hcoda1/7/clinder9/r-mtao8-0/.cache/nanochat/speedruns/base_data/shard_00251.parquet (already exists)
Skipping /storage/home/hcoda1/7/clinder9/r-mtao8-0/.cache/nanochat/speedruns/base_data/shard_00252.parquet (already exists)
Skipping /storage/home/hcoda1/7/clinder9/r-mtao8-0/.cache/nanochat/speedruns/base_data/shard_00253.parquet (already exists)
Skipping /storage/home/hcoda1/7/clinder9/r-mtao8-0/.cache/nanochat/speedruns/base_data/shard_00254.parquet (already exists)
Skipping /storage/home/hcoda1/7/clinder9/r-mtao8-0/.cache/nanochat/speedruns/base_data/shard_00255.parquet (already exists)
Skipping /storage/home/hcoda1/7/clinder9/r-mtao8-0/.cache/nanochat/speedruns/base_data/shard_00256.parquet (already exists)
Skipping /storage/home/hcoda1/7/clinder9/r-mtao8-0/.cache/nanochat/speedruns/base_data/shard_00257.parquet (already exists)
Skipping /storage/home/hcoda1/7/clinder9/r-mtao8-0/.cache/nanochat/speedruns/base_data/shard_00258.parquet (already exists)
Skipping /storage/home/hcoda1/7/clinder9/r-mtao8-0/.cache/nanochat/speedruns/base_data/shard_00259.parquet (already exists)
Skipping /storage/home/hcoda1/7/clinder9/r-mtao8-0/.cache/nanochat/speedruns/base_data/shard_00260.parquet (already exists)
Skipping /storage/home/hcoda1/7/clinder9/r-mtao8-0/.cache/nanochat/speedruns/base_data/shard_00261.parquet (already exists)
Skipping /storage/home/hcoda1/7/clinder9/r-mtao8-0/.cache/nanochat/speedruns/base_data/shard_00262.parquet (already exists)
Skipping /storage/home/hcoda1/7/clinder9/r-mtao8-0/.cache/nanochat/speedruns/base_data/shard_00263.parquet (already exists)
Skipping /storage/home/hcoda1/7/clinder9/r-mtao8-0/.cache/nanochat/speedruns/base_data/shard_00336.parquet (already exists)
Skipping /storage/home/hcoda1/7/clinder9/r-mtao8-0/.cache/nanochat/speedruns/base_data/shard_00337.parquet (already exists)
Skipping /storage/home/hcoda1/7/clinder9/r-mtao8-0/.cache/nanochat/speedruns/base_data/shard_00338.parquet (already exists)
Skipping /storage/home/hcoda1/7/clinder9/r-mtao8-0/.cache/nanochat/speedruns/base_data/shard_00339.parquet (already exists)
Skipping /storage/home/hcoda1/7/clinder9/r-mtao8-0/.cache/nanochat/speedruns/base_data/shard_00340.parquet (already exists)
Skipping /storage/home/hcoda1/7/clinder9/r-mtao8-0/.cache/nanochat/speedruns/base_data/shard_00341.parquet (already exists)
Skipping /storage/home/hcoda1/7/clinder9/r-mtao8-0/.cache/nanochat/speedruns/base_data/shard_00342.parquet (already exists)
Skipping /storage/home/hcoda1/7/clinder9/r-mtao8-0/.cache/nanochat/speedruns/base_data/shard_00343.parquet (already exists)
Skipping /storage/home/hcoda1/7/clinder9/r-mtao8-0/.cache/nanochat/speedruns/base_data/shard_00344.parquet (already exists)
Skipping /storage/home/hcoda1/7/clinder9/r-mtao8-0/.cache/nanochat/speedruns/base_data/shard_00345.parquet (already exists)
Skipping /storage/home/hcoda1/7/clinder9/r-mtao8-0/.cache/nanochat/speedruns/base_data/shard_00346.parquet (already exists)
Skipping /storage/home/hcoda1/7/clinder9/r-mtao8-0/.cache/nanochat/speedruns/base_data/shard_00347.parquet (already exists)
Skipping /storage/home/hcoda1/7/clinder9/r-mtao8-0/.cache/nanochat/speedruns/base_data/shard_00348.parquet (already exists)
Skipping /storage/home/hcoda1/7/clinder9/r-mtao8-0/.cache/nanochat/speedruns/base_data/shard_00349.parquet (already exists)
Skipping /storage/home/hcoda1/7/clinder9/r-mtao8-0/.cache/nanochat/speedruns/base_data/shard_00350.parquet (already exists)
Skipping /storage/home/hcoda1/7/clinder9/r-mtao8-0/.cache/nanochat/speedruns/base_data/shard_00351.parquet (already exists)
Skipping /storage/home/hcoda1/7/clinder9/r-mtao8-0/.cache/nanochat/speedruns/base_data/shard_00352.parquet (already exists)
Skipping /storage/home/hcoda1/7/clinder9/r-mtao8-0/.cache/nanochat/speedruns/base_data/shard_00353.parquet (already exists)
Skipping /storage/home/hcoda1/7/clinder9/r-mtao8-0/.cache/nanochat/speedruns/base_data/shard_00354.parquet (already exists)
Skipping /storage/home/hcoda1/7/clinder9/r-mtao8-0/.cache/nanochat/speedruns/base_data/shard_00355.parquet (already exists)
Skipping /storage/home/hcoda1/7/clinder9/r-mtao8-0/.cache/nanochat/speedruns/base_data/shard_00356.parquet (already exists)
Skipping /storage/home/hcoda1/7/clinder9/r-mtao8-0/.cache/nanochat/speedruns/base_data/shard_00357.parquet (already exists)
Skipping /storage/home/hcoda1/7/clinder9/r-mtao8-0/.cache/nanochat/speedruns/base_data/shard_00358.parquet (already exists)
Skipping /storage/home/hcoda1/7/clinder9/r-mtao8-0/.cache/nanochat/speedruns/base_data/shard_00359.parquet (already exists)
Skipping /storage/home/hcoda1/7/clinder9/r-mtao8-0/.cache/nanochat/speedruns/base_data/shard_00048.parquet (already exists)
Skipping /storage/home/hcoda1/7/clinder9/r-mtao8-0/.cache/nanochat/speedruns/base_data/shard_00049.parquet (already exists)
Skipping /storage/home/hcoda1/7/clinder9/r-mtao8-0/.cache/nanochat/speedruns/base_data/shard_00050.parquet (already exists)
Skipping /storage/home/hcoda1/7/clinder9/r-mtao8-0/.cache/nanochat/speedruns/base_data/shard_00051.parquet (already exists)
Skipping /storage/home/hcoda1/7/clinder9/r-mtao8-0/.cache/nanochat/speedruns/base_data/shard_00052.parquet (already exists)
Skipping /storage/home/hcoda1/7/clinder9/r-mtao8-0/.cache/nanochat/speedruns/base_data/shard_00053.parquet (already exists)
Skipping /storage/home/hcoda1/7/clinder9/r-mtao8-0/.cache/nanochat/speedruns/base_data/shard_00054.parquet (already exists)
Skipping /storage/home/hcoda1/7/clinder9/r-mtao8-0/.cache/nanochat/speedruns/base_data/shard_00055.parquet (already exists)
Skipping /storage/home/hcoda1/7/clinder9/r-mtao8-0/.cache/nanochat/speedruns/base_data/shard_00056.parquet (already exists)
Skipping /storage/home/hcoda1/7/clinder9/r-mtao8-0/.cache/nanochat/speedruns/base_data/shard_00057.parquet (already exists)
Skipping /storage/home/hcoda1/7/clinder9/r-mtao8-0/.cache/nanochat/speedruns/base_data/shard_00058.parquet (already exists)
Skipping /storage/home/hcoda1/7/clinder9/r-mtao8-0/.cache/nanochat/speedruns/base_data/shard_00059.parquet (alreadDone! Downloaded: 370/370 shards to /storage/home/hcoda1/7/clinder9/r-mtao8-0/.cache/nanochat/speedruns/base_data
2026-08-23 18:07:50,590 - rustbpe - [32m[1mINFO[0m - Processing sequences from iterator (buffer_size: 8192)
2026-08-23 18:08:29,364 - rustbpe - [32m[1mINFO[0m - Processed 532496 sequences total, 2233873 unique
2026-08-23 18:08:29,531 - rustbpe - [32m[1mINFO[0m - Starting BPE training: 32503 merges to compute
2026-08-23 18:08:29,531 - rustbpe - [32m[1mINFO[0m - Computing initial pair counts from 2233873 unique sequences
2026-08-23 18:08:31,286 - rustbpe - [32m[1mINFO[0m - Building heap with 18337 unique pairs
2026-08-23 18:08:31,287 - rustbpe - [32m[1mINFO[0m - Starting merge loop
2026-08-23 18:08:34,150 - rustbpe - [32m[1mINFO[0m - Progress: [1m1%[0m (326/32503 merges) - Last merge: (284, 405) -> 581 (frequency: 585677)
2026-08-23 18:08:34,640 - rustbpe - [32m[1mINFO[0m - Progress: [1m2%[0m (651/32503 merges) - Last merge: (585, 268) -> 906 (frequency: 256195)
2026-08-23 18:08:34,874 - rustbpe - [32m[1mINFO[0m - Progress: [1m3%[0m (976/32503 merges) - Last merge: (45, 115) -> 1231 (frequency: 154731)
2026-08-23 18:08:35,086 - rustbpe - [32m[1mINFO[0m - Progress: [1m4%[0m (1301/32503 merges) - Last merge: (931, 680) -> 1556 (frequency: 110577)
2026-08-23 18:08:35,217 - rustbpe - [32m[1mINFO[0m - Progress: [1m5%[0m (1626/32503 merges) - Last merge: (267, 647) -> 1881 (frequency: 85010)
2026-08-23 18:08:35,354 - rustbpe - [32m[1mINFO[0m - Progress: [1m6%[0m (1951/32503 merges) - Last merge: (439, 1414) -> 2206 (frequency: 67531)
2026-08-23 18:08:35,481 - rustbpe - [32m[1mINFO[0m - Progress: [1m7%[0m (2276/32503 merges) - Last merge: (104, 797) -> 2531 (frequency: 55888)
2026-08-23 18:08:35,587 - rustbpe - [32m[1mINFO[0m - Progress: [1m8%[0m (2601/32503 merges) - Last merge: (270, 450) -> 2856 (frequency: 46671)
2026-08-23 18:08:35,738 - rustbpe - [32m[1mINFO[0m - Progress: [1m9%[0m (2926/32503 merges) - Last merge: (100, 268) -> 3181 (frequency: 39854)
2026-08-23 18:08:35,809 - rustbpe - [32m[1mINFO[0m - Progress: [1m10%[0m (3251/32503 merges) - Last merge: (1628, 965) -> 3506 (frequency: 34925)
2026-08-23 18:08:35,896 - rustbpe - [32m[1mINFO[0m - Progress: [1m11%[0m (3576/32503 merges) - Last merge: (275, 322) -> 3831 (frequency: 30658)
2026-08-23 18:08:35,973 - rustbpe - [32m[1mINFO[0m - Progress: [1m12%[0m (3901/32503 merges) - Last merge: (3024, 274) -> 4156 (frequency: 27336)
2026-08-23 18:08:36,023 - rustbpe - [32m[1mINFO[0m - Progress: [1m13%[0m (4226/32503 merges) - Last merge: (707, 112) -> 4481 (frequency: 24581)
2026-08-23 18:08:36,086 - rustbpe - [32m[1mINFO[0m - Progress: [1m14%[0m (4551/32503 merges) - Last merge: (278, 761) -> 4806 (frequency: 22262)
2026-08-23 18:08:36,172 - rustbpe - [32m[1mINFO[0m - Progress: [1m15%[0m (4876/32503 merges) - Last merge: (4166, 316) -> 5131 (frequency: 20149)
2026-08-23 18:08:36,264 - rustbpe - [32m[1mINFO[0m - Progress: [1m16%[0m (5201/32503 merges) - Last merge: (503, 2032) -> 5456 (frequency: 18484)
2026-08-23 18:08:36,325 - rustbpe - [32m[1mINFO[0m - Progress: [1m17%[0m (5526/32503 merges) - Last merge: (98, 419) -> 5781 (frequency: 16993)
2026-08-23 18:08:36,383 - rustbpe - [32m[1mINFO[0m - Progress: [1m18%[0m (5851/32503 merges) - Last merge: (1768, 121) -> 6106 (frequency: 15636)
2026-08-23 18:08:36,444 - rustbpe - [32m[1mINFO[0m - Progress: [1m19%[0m (6176/32503 merges) - Last merge: (945, 520) -> 6431 (frequency: 14422)
2026-08-23 18:08:36,511 - rustbpe - [32m[1mINFO[0m - Progress: [1m20%[0m (6501/32503 merges) - Last merge: (3634, 310) -> 6756 (frequency: 13425)
2026-08-23 18:08:36,552 - rustbpe - [32m[1mINFO[0m - Progress: [1m21%[0m (6826/32503 merges) - Last merge: (928, 3435) -> 7081 (frequency: 12538)
2026-08-23 18:08:36,596 - rustbpe - [32m[1mINFO[0m - Progress: [1m22%[0m (7151/32503 merges) - Last merge: (598, 1542) -> 7406 (frequency: 11705)
2026-08-23 18:08:36,650 - rustbpe - [32m[1mINFO[0m - Progress: [1m23%[0m (7476/32503 merges) - Last merge: (541, 1426) -> 7731 (frequency: 10908)
2026-08-23 18:08:36,694 - rustbpe - [32m[1mINFO[0m - Progress: [1m24%[0m (7801/32503 merges) - Last merge: (2379, 2312) -> 8056 (frequency: 10265)
2026-08-23 18:08:36,729 - rustbpe - [32m[1mINFO[0m - Progress: [1m25%[0m (8126/32503 merges) - Last merge: (261, 6131) -> 8381 (frequency: 9610)
2026-08-23 18:08:36,766 - rustbpe - [32m[1mINFO[0m - Progress: [1m26%[0m (8451/32503 merges) - Last merge: (300, 305) -> 8706 (frequency: 9038)
2026-08-23 18:08:36,808 - rustbpe - [32m[1mINFO[0m - Progress: [1m27%[0m (8776/32503 merges) - Last merge: (5277, 738) -> 9031 (frequency: 8508)
2026-08-23 18:08:36,854 - rustbpe - [32m[1mINFO[0m - Progress: [1m28%[0m (9101/32503 merges) - Last merge: (3821, 2883) -> 9356 (frequency: 8062)
2026-08-23 18:08:36,899 - rustbpe - [32m[1mINFO[0m - Progress: [1m29%[0m (9426/32503 merges) - Last merge: (5812, 274) -> 9681 (frequency: 7645)
2026-08-23 18:08:36,929 - rustbpe - [32m[1mINFO[0m - Progress: [1m30%[0m (9751/32503 merges) - Last merge: (336, 110) -> 10006 (frequency: 7259)
2026-08-23 18:08:36,967 - rustbpe - [32m[1mINFO[0m - Progress: [1m31%[0m (10076/32503 merges) - Last merge: (2985, 419) -> 10331 (frequency: 6881)
2026-08-23 18:08:37,001 - rustbpe - [32m[1mINFO[0m - Progress: [1m32%[0m (10401/32503 merges) - Last merge: (314, 610) -> 10656 (frequency: 6555)
2026-08-23 18:08:37,037 - rustbpe - [32m[1mINFO[0m - Progress: [1m33%[0m (10726/32503 merges) - Last merge: (2216, 291) -> 10981 (frequency: 6238)
2026-08-23 18:08:37,065 - rustbpe - [32m[1mINFO[0m - Progress: [1m34%[0m (11052/32503 merges) - Last merge: (5721, 262) -> 11307 (frequency: 5937)
2026-08-23 18:08:37,112 - rustbpe - [32m[1mINFO[0m - Progress: [1m35%[0m (11377/32503 merges) - Last merge: (7497, 3176) -> 11632 (frequency: 5680)
2026-08-23 18:08:37,138 - rustbpe - [32m[1mINFO[0m - Progress: [1m36%[0m (11702/32503 merges) - Last merge: (86, 68) -> 11957 (frequency: 5405)
2026-08-23 18:08:37,164 - rustbpe - [32m[1mINFO[0m - Progress: [1m37%[0m (12027/32503 merges) - Last merge: (117, 298) -> 12282 (frequency: 5190)
2026-08-23 18:08:37,192 - rustbpe - [32m[1mINFO[0m - Progress: [1m38%[0m (12352/32503 merges) - Last merge: (4277, 424) -> 12607 (frequency: 5004)
2026-08-23 18:08:37,211 - rustbpe - [32m[1mINFO[0m - Progress: [1m39%[0m (12677/32503 merges) - Last merge: (401, 10606) -> 12932 (frequency: 4803)
2026-08-23 18:08:37,238 - rustbpe - [32m[1mINFO[0m - Progress: [1m40%[0m (13002/32503 merges) - Last merge: (277, 269) -> 13257 (frequency: 4620)
2026-08-23 18:08:37,263 - rustbpe - [32m[1mINFO[0m - Progress: [1m41%[0m (13327/32503 merges) - Last merge: (2606, 291) -> 13582 (frequency: 4459)
2026-08-23 18:08:37,295 - rustbpe - [32m[1mINFO[0m - Progress: [1m42%[0m (13652/32503 merges) - Last merge: (439, 2375) -> 13907 (frequency: 4298)
2026-08-23 18:08:37,341 - rustbpe - [32m[1mINFO[0m - Progress: [1m43%[0m (13977/32503 merges) - Last merge: (270, 5666) -> 14232 (frequency: 4153)
2026-08-23 18:08:37,368 - rustbpe - [32m[1mINFO[0m - Progress: [1m44%[0m (14302/32503 merges) - Last merge: (2748, 115) -> 14557 (frequency: 3989)
2026-08-23 18:08:37,390 - rustbpe - [32m[1mINFO[0m - Progress: [1m45%[0m (14627/32503 merges) - Last merge: (1536, 11527) -> 14882 (frequency: 3848)
2026-08-23 18:08:37,408 - rustbpe - [32m[1mINFO[0m - Progress: [1m46%[0m (14952/32503 merges) - Last merge: (678, 280) -> 15207 (frequency: 3724)
2026-08-23 18:08:37,447 - rustbpe - [32m[1mINFO[0m - Progress: [1m47%[0m (15277/32503 merges) - Last merge: (422, 76) -> 15532 (frequency: 3599)
2026-08-23 18:08:37,470 - rustbpe - [32m[1mINFO[0m - Progress: [1m48%[0m (15602/32503 merges) - Last merge: (2919, 258) -> 15857 (frequency: 3474)
2026-08-23 18:08:37,494 - rustbpe - [32m[1mINFO[0m - Progress: [1m49%[0m (15927/32503 merges) - Last merge: (388, 8285) -> 16182 (frequency: 3352)
2026-08-23 18:08:37,530 - rustbpe - [32m[1mINFO[0m - Progress: [1m50%[0m (16252/32503 merges) - Last merge: (578, 5157) -> 16507 (frequency: 3247)
2026-08-23 18:08:37,568 - rustbpe - [32m[1mINFO[0m - Progress: [1m51%[0m (16577/32503 merges) - Last merge: (9118, 111) -> 16832 (frequency: 3141)
2026-08-23 18:08:37,613 - rustbpe - [32m[1mINFO[0m - Progress: [1m52%[0m (16902/32503 merges) - Last merge: (1568, 367) -> 17157 (frequency: 3048)
2026-08-23 18:08:37,643 - rustbpe - [32m[1mINFO[0m - Progress: [1m53%[0m (17227/32503 merges) - Last merge: (470, 289) -> 17482 (frequency: 2955)
2026-08-23 18:08:37,663 - rustbpe - [32m[1mINFO[0m - Progress: [1m54%[0m (17552/32503 merges) - Last merge: (388, 5080) -> 17807 (frequency: 2869)
2026-08-23 18:08:37,698 - rustbpe - [32m[1mINFO[0m - Progress: [1m55%[0m (17877/32503 merges) - Last merge: (527, 399) -> 18132 (frequency: 2790)
2026-08-23 18:08:37,719 - rustbpe - [32m[1mINFO[0m - Progress: [1m56%[0m (18202/32503 merges) - Last merge: (11741, 538) -> 18457 (frequency: 2718)
2026-08-23 18:08:37,738 - rustbpe - [32m[1mINFO[0m - Progress: [1m57%[0m (18527/32503 merges) - Last merge: (6662, 1329) -> 18782 (frequency: 2638)
2026-08-23 18:08:37,766 - rustbpe - [32m[1mINFO[0m - Progress: [1m58%[0m (18852/32503 merges) - Last merge: (1115, 109) -> 19107 (frequency: 2565)
2026-08-23 18:08:37,784 - rustbpe - [32m[1mINFO[0m - Progress: [1m59%[0m (19177/32503 merges) - Last merge: (1533, 4311) -> 19432 (frequency: 2492)
2026-08-23 18:08:37,803 - rustbpe - [32m[1mINFO[0m - Progress: [1m60%[0m (19502/32503 merges) - Last merge: (1635, 11936) -> 19757 (frequency: 2418)
2026-08-23 18:08:37,820 - rustbpe - [32m[1mINFO[0m - Progress: [1m61%[0m (19827/32503 merges) - Last merge: (12142, 1188) -> 20082 (frequency: 2353)
2026-08-23 18:08:37,834 - rustbpe - [32m[1mINFO[0m - Progress: [1m62%[0m (20152/32503 merges) - Last merge: (7558, 280) -> 20407 (frequency: 2293)
2026-08-23 18:08:37,851 - rustbpe - [32m[1mINFO[0m - Progress: [1m63%[0m (20477/32503 merges) - Last merge: (542, 20109) -> 20732 (frequency: 2229)
2026-08-23 18:08:37,873 - rustbpe - [32m[1mINFO[0m - Progress: [1m64%[0m (20802/32503 merges) - Last merge: (403, 4708) -> 21057 (frequency: 2169)
2026-08-23 18:08:37,890 - rustbpe - [32m[1mINFO[0m - Progress: [1m65%[0m (21127/32503 merges) - Last merge: (1386, 323) -> 21382 (frequency: 2117)
2026-08-23 18:08:37,908 - rustbpe - [32m[1mINFO[0m - Progress: [1m66%[0m (21452/32503 merges) - Last merge: (1736, 111) -> 21707 (frequency: 2063)
2026-08-23 18:08:37,928 - rustbpe - [32m[1mINFO[0m - Progress: [1m67%[0m (21778/32503 merges) - Last merge: (388, 2341) -> 22033 (frequency: 2007)
2026-08-23 18:08:37,942 - rustbpe - [32m[1mINFO[0m - Progress: [1m68%[0m (22103/32503 merges) - Last merge: (3070, 360) -> 22358 (frequency: 1957)
2026-08-23 18:08:37,958 - rustbpe - [32m[1mINFO[0m - Progress: [1m69%[0m (22428/32503 merges) - Last merge: (504, 6556) -> 22683 (frequency: 1915)
2026-08-23 18:08:37,979 - rustbpe - [32m[1mINFO[0m - Progress: [1m70%[0m (22753/32503 merges) - Last merge: (508, 59) -> 23008 (frequency: 1863)
2026-08-23 18:08:37,993 - rustbpe - [32m[1mINFO[0m - Progress: [1m71%[0m (23078/32503 merges) - Last merge: (257, 21115) -> 23333 (frequency: 1817)
2026-08-23 18:08:38,006 - rustbpe - [32m[1mINFO[0m - Progress: [1m72%[0m (23403/32503 merges) - Last merge: (4042, 1223) -> 23658 (frequency: 1772)
2026-08-23 18:08:38,023 - rustbpe - [32m[1mINFO[0m - Progress: [1m73%[0m (23728/32503 merges) - Last merge: (407, 16539) -> 23983 (frequency: 1726)
2026-08-23 18:08:38,045 - rustbpe - [32m[1mINFO[0m - Progress: [1m74%[0m (24053/32503 merges) - Last merge: (282, 282) -> 24308 (frequency: 1684)
2026-08-23 18:08:38,061 - rustbpe - [32m[1mINFO[0m - Progress: [1m75%[0m (24378/32503 merges) - Last merge: (16262, 685) -> 24633 (frequency: 1646)
2026-08-23 18:08:38,073 - rustbpe - [32m[1mINFO[0m - Progress: [1m76%[0m (24703/32503 merges) - Last merge: (597, 528) -> 24958 (frequency: 1608)
2026-08-23 18:08:38,088 - rustbpe - [32m[1mINFO[0m - Progress: [1m77%[0m (25028/32503 merges) - Last merge: (81, 601) -> 25283 (frequency: 1573)
2026-08-23 18:08:38,109 - rustbpe - [32m[1mINFO[0m - Progress: [1m78%[0m (25353/32503 merges) - Last merge: (5456, 6445) -> 25608 (frequency: 1535)
2026-08-23 18:08:38,122 - rustbpe - [32m[1mINFO[0m - Progress: [1m79%[0m (25678/32503 merges) - Last merge: (320, 274) -> 25933 (frequency: 1504)
2026-08-23 18:08:38,136 - rustbpe - [32m[1mINFO[0m - Progress: [1m80%[0m (26003/32503 merges) - Last merge: (1983, 269) -> 26258 (frequency: 1471)
2026-08-23 18:08:38,155 - rustbpe - [32m[1mINFO[0m - Progress: [1m81%[0m (26328/32503 merges) - Last merge: (7096, 23226) -> 26583 (frequency: 1442)
2026-08-23 18:08:38,172 - rustbpe - [32m[1mINFO[0m - Progress: [1m82%[0m (26653/32503 merges) - Last merge: (532, 1613) -> 26908 (frequency: 1413)
2026-08-23 18:08:38,189 - rustbpe - [32m[1mINFO[0m - Progress: [1m83%[0m (26978/32503 merges) - Last merge: (446, 3835) -> 27233 (frequency: 1381)
2026-08-23 18:08:38,208 - rustbpe - [32m[1mINFO[0m - Progress: [1m84%[0m (27303/32503 merges) - Last merge: (8627, 3935) -> 27558 (frequency: 1353)
2026-08-23 18:08:38,222 - rustbpe - [32m[1mINFO[0m - Progress: [1m85%[0m (27628/32503 merges) - Last merge: (1594, 8679) -> 27883 (frequency: 1325)
2026-08-23 18:08:38,239 - rustbpe - [32m[1mINFO[0m - Progress: [1m86%[0m (27953/32503 merges) - Last merge: (4809, 280) -> 28208 (frequency: 1299)
2026-08-23 18:08:38,254 - rustbpe - [32m[1mINFO[0m - Progress: [1m87%[0m (28278/32503 merges) - Last merge: (11266, 1071) -> 28533 (frequency: 1271)
2026-08-23 18:08:38,268 - rustbpe - [32m[1mINFO[0m - Progress: [1m88%[0m (28603/32503 merges) - Last merge: (3994, 870) -> 28858 (frequency: 1244)
2026-08-23 18:08:38,288 - rustbpe - [32m[1mINFO[0m - Progress: [1m89%[0m (28928/32503 merges) - Last merge: (13424, 802) -> 29183 (frequency: 1219)
2026-08-23 18:08:38,305 - rustbpe - [32m[1mINFO[0m - Progress: [1m90%[0m (29253/32503 merges) - Last merge: (8659, 390) -> 29508 (frequency: 1198)
2026-08-23 18:08:38,315 - rustbpe - [32m[1mINFO[0m - Progress: [1m91%[0m (29578/32503 merges) - Last merge: (4105, 1571) -> 29833 (frequency: 1177)
2026-08-23 18:08:38,335 - rustbpe - [32m[1mINFO[0m - Progress: [1m92%[0m (29903/32503 merges) - Last merge: (11903, 364) -> 30158 (frequency: 1154)
2026-08-23 18:08:38,345 - rustbpe - [32m[1mINFO[0m - Progress: [1m93%[0m (30228/32503 merges) - Last merge: (1609, 373) -> 30483 (frequency: 1131)
2026-08-23 18:08:38,358 - rustbpe - [32m[1mINFO[0m - Progress: [1m94%[0m (30553/32503 merges) - Last merge: (585, 8745) -> 30808 (frequency: 1109)
2026-08-23 18:08:38,370 - rustbpe - [32m[1mINFO[0m - Progress: [1m95%[0m (30878/32503 merges) - Last merge: (1027, 99) -> 31133 (frequency: 1088)
2026-08-23 18:08:38,385 - rustbpe - [32m[1mINFO[0m - Progress: [1m96%[0m (31203/32503 merges) - Last merge: (3540, 6667) -> 31458 (frequency: 1069)
2026-08-23 18:08:38,397 - rustbpe - [32m[1mINFO[0m - Progress: [1m97%[0m (31528/32503 merges) - Last merge: (19950, 1783) -> 31783 (frequency: 1052)
2026-08-23 18:08:38,407 - rustbpe - [32m[1mINFO[0m - Progress: [1m98%[0m (31853/32503 merges) - Last merge: (590, 20112) -> 32108 (frequency: 1032)
2026-08-23 18:08:38,422 - rustbpe - [32m[1mINFO[0m - Progress: [1m99%[0m (32178/32503 merges) - Last merge: (821, 1306) -> 32433 (frequency: 1014)
2026-08-23 18:08:38,432 - rustbpe - [32m[1mINFO[0m - Progress: [1m100%[0m (32503/32503 merges) - Last merge: (26099, 522) -> 32758 (frequency: 997)
2026-08-23 18:08:38,432 - rustbpe - [32m[1mINFO[0m - Finished training: 32503 merges completed
max_chars: 2,000,000,000
doc_cap: 10,000
vocab_size: 32,768
Training time: 48.34s
Saved tokenizer encoding to /storage/home/hcoda1/7/clinder9/r-mtao8-0/.cache/nanochat/speedruns/tokenizer/tokenizer.pkl
Saved token_bytes to /storage/home/hcoda1/7/clinder9/r-mtao8-0/.cache/nanochat/speedruns/tokenizer/token_bytes.pt

Vocab sizes:
GPT-2: 50257
GPT-4: 100277
Ours: 32768

Comparison with GPT-2:
===============================================================================================
Text Type  Bytes    GPT-2           Ours            Relative     Better    
                    Tokens  Ratio   Tokens  Ratio   Diff %      
-----------------------------------------------------------------------------------------------
news       1819     [91m404    [0m [91m4.50   [0m [92m403    [0m [92m4.51   [0m [92m   +0.2%[0m     Ours      
korean     893      [92m745    [0m [92m1.20   [0m [91m797    [0m [91m1.12   [0m [91m   -7.0%[0m     GPT-2     
code       1259     [92m576    [0m [92m2.19   [0m [91m620    [0m [91m2.03   [0m [91m   -7.6%[0m     GPT-2     
math       1834     [92m936    [0m [92m1.96   [0m [91m1025   [0m [91m1.79   [0m [91m   -9.5%[0m     GPT-2     
science    1112     [91m260    [0m [91m4.28   [0m [92m258    [0m [92m4.31   [0m [92m   +0.8%[0m     Ours      
fwe-train  4208518  [91m900364 [0m [91m4.67   [0m [92m892476 [0m [92m4.72   [0m [92m   +0.9%[0m     Ours      
fwe-val    4768657  [91m1027270[0m [91m4.64   [0m [92m1023546[0m [92m4.66   [0m [92m   +0.4%[0m     Ours      

Comparison with GPT-4:
===============================================================================================
Text Type  Bytes    GPT-4           Ours            Relative     Better    
                    Tokens  Ratio   Tokens  Ratio   Diff %      
-----------------------------------------------------------------------------------------------
news       1819     [92m387    [0m [92m4.70   [0m [91m403    [0m [91m4.51   [0m [91m   -4.1%[0m     GPT-4     
korean     893      [92m364    [0m [92m2.45   [0m [91m797    [0m [91m1.12   [0m [91m -119.0%[0m     GPT-4     
code       1259     [92m309    [0m [92m4.07   [0m [91m620    [0m [91m2.03   [0m [91m -100.6%[0m     GPT-4     
math       1834     [92m832    [0m [92m2.20   [0m [91m1025   [0m [91m1.79   [0m [91m  -23.2%[0m     GPT-4     
science    1112     [92m249    [0m [92m4.47   [0m [91m258    [0m [91m4.31   [0m [91m   -3.6%[0m     GPT-4     
fwe-train  4208518  [92m874799 [0m [92m4.81   [0m [91m892476 [0m [91m4.72   [0m [91m   -2.0%[0m     GPT-4     
fwe-val    4768657  [92m1001442[0m [92m4.76   [0m [91m1023546[0m [91m4.66   [0m [91m   -2.2%[0m     GPT-4     
Waiting for dataset download to complete...
2026-08-23 18:08:58,322 - httpx - [32m[1mINFO[0m - HTTP Request: GET https://huggingface.co/api/agent-harnesses "HTTP/1.1 200 OK"
2026-08-23 18:08:58,366 - httpx - [32m[1mINFO[0m - HTTP Request: GET https://huggingface.co/api/organizations/varunneal/overview "HTTP/1.1 404 Not Found"

                                                       █████                █████
                                                      ░░███                ░░███
     ████████    ██████   ████████    ██████   ██████  ░███████    ██████  ███████
    ░░███░░███  ░░░░░███ ░░███░░███  ███░░███ ███░░███ ░███░░███  ░░░░░███░░░███░
     ░███ ░███   ███████  ░███ ░███ ░███ ░███░███ ░░░  ░███ ░███   ███████  ░███
     ░███ ░███  ███░░███  ░███ ░███ ░███ ░███░███  ███ ░███ ░███  ███░░███  ░███ ███
     ████ █████░░████████ ████ █████░░██████ ░░██████  ████ █████░░███████  ░░█████
    ░░░░ ░░░░░  ░░░░░░░░ ░░░░ ░░░░░  ░░░░░░   ░░░░░░  ░░░░ ░░░░░  ░░░░░░░░   ░░░░░
    
Autodetected device type: cuda
2026-08-23 18:08:59,081 - nanochat.common - [32m[1mINFO[0m - Distributed world size: 1
GPU: NVIDIA H100 80GB HBM3 | Peak FLOPS (BF16): 9.89e+14
!!!!!!!!!!!!!!!!!!!!!!!!!!!!!!!!!!!!!!!!!!!!!!!!!!!!!!!!!!!!!!!!!!!!!!!!!!!!!!!!
WARNING: Flash Attention 3 not available, using PyTorch SDPA fallback
WARNING: Training will be less efficient without FA3
WARNING: SDPA has no support for sliding window attention (window_pattern='SSSL'). Your GPU utilization will be terrible.
WARNING: Recommend using --window-pattern L for full context attention without alternating sliding window patterns.
!!!!!!!!!!!!!!!!!!!!!!!!!!!!!!!!!!!!!!!!!!!!!!!!!!!!!!!!!!!!!!!!!!!!!!!!!!!!!!!!
Vocab size: 32,768
Model config:
{
  "sequence_len": 2048,
  "vocab_size": 32768,
  "n_layer": 24,
  "n_head": 12,
  "n_kv_head": 12,
  "n_embd": 1536,
  "window_pattern": "SSSL"
}
✓ FP8 training enabled (tensorwise scaling) - converted 145 layers, skipped 12 (dims not divisible by 16)
Parameter counts:
wte                     : 50,331,648
value_embeds            : 603,979,776
lm_head                 : 50,331,648
transformer_matrices    : 679,481,856
scalars                 : 48
total                   : 1,384,124,976
Estimated FLOPs per token: 4.945112e+09
Auto-computed optimal batch size: 1,048,576 tokens
Scaling LRs by 1.4142 for batch size 1,048,576 (reference: 524,288)
Scaling weight decay from 0.200000 to 0.042670 for depth 24
init just AdamWMuon optimizer
Calculated number of iterations from target data:param ratio: 2,088
Total number of training tokens: 2,189,426,688
Tokens : Scaling params ratio: 3.00
Total training FLOPs estimate: 1.082696e+19
Tokens / micro-batch / rank: 16 x 2048 = 32,768
Tokens / micro-batch: 32,768
Total batch size 1,048,576 => gradient accumulation steps: 32
Step 00000 | Validation bpb: 3.175397
kind=muon
kind=muon
kind=muon
kind=muon
P:  torch.Size([12, 32])
S torch.Size([12, 12, 32])
P:  torch.Size([1536, 1536])
S torch.Size([96, 1536, 1536])
P:  torch.Size([1536, 6144])
S torch.Size([24, 1536, 6144])
P:  torch.Size([6144, 1536])
S torch.Size([24, 6144, 1536])
step 00000/02088 (0.00%) | loss: 10.397273 | lrm: 1.00 | dt: 151597.57ms | tok/sec: 6,916 | bf16_mfu: 3.46 | epoch: 1 | total time: 0.00m
kind=muon
kind=muon
kind=muon
kind=muon
P:  torch.Size([12, 32])
S torch.Size([12, 12, 32])
P:  torch.Size([1536, 1536])
S torch.Size([96, 1536, 1536])
P:  torch.Size([1536, 6144])
S torch.Size([24, 1536, 6144])
P:  torch.Size([6144, 1536])
S torch.Size([24, 6144, 1536])
step 00001/02088 (0.05%) | loss: 10.936044 | lrm: 1.00 | dt: 14571.62ms | tok/sec: 71,960 | bf16_mfu: 35.98 | epoch: 1 | total time: 0.00m
kind=muon
kind=muon
kind=muon
kind=muon
P:  torch.Size([12, 32])
S torch.Size([12, 12, 32])
P:  torch.Size([1536, 1536])
S torch.Size([96, 1536, 1536])
P:  torch.Size([1536, 6144])
S torch.Size([24, 1536, 6144])
P:  torch.Size([6144, 1536])
S torch.Size([24, 6144, 1536])
step 00002/02088 (0.10%) | loss: 10.777221 | lrm: 1.00 | dt: 14580.60ms | tok/sec: 71,915 | bf16_mfu: 35.96 | epoch: 1 | total time: 0.00m
kind=muon
kind=muon
kind=muon
kind=muon
P:  torch.Size([12, 32])
S torch.Size([12, 12, 32])
P:  torch.Size([1536, 1536])
S torch.Size([96, 1536, 1536])
P:  torch.Size([1536, 6144])
S torch.Size([24, 1536, 6144])
P:  torch.Size([6144, 1536])
S torch.Size([24, 6144, 1536])
step 00003/02088 (0.14%) | loss: 10.238181 | lrm: 1.00 | dt: 14582.90ms | tok/sec: 71,904 | bf16_mfu: 35.95 | epoch: 1 | total time: 0.00m
kind=muon
kind=muon
kind=muon
kind=muon
P:  torch.Size([12, 32])
S torch.Size([12, 12, 32])
P:  torch.Size([1536, 1536])
S torch.Size([96, 1536, 1536])
P:  torch.Size([1536, 6144])
S torch.Size([24, 1536, 6144])
P:  torch.Size([6144, 1536])
S torch.Size([24, 6144, 1536])
step 00004/02088 (0.19%) | loss: 9.569644 | lrm: 1.00 | dt: 14589.90ms | tok/sec: 71,869 | bf16_mfu: 35.94 | epoch: 1 | total time: 0.00m
kind=muon
kind=muon
kind=muon
kind=muon
P:  torch.Size([12, 32])
S torch.Size([12, 12, 32])
P:  torch.Size([1536, 1536])
S torch.Size([96, 1536, 1536])
P:  torch.Size([1536, 6144])
S torch.Size([24, 1536, 6144])
P:  torch.Size([6144, 1536])
S torch.Size([24, 6144, 1536])
step 00005/02088 (0.24%) | loss: 9.035349 | lrm: 1.00 | dt: 14592.57ms | tok/sec: 71,856 | bf16_mfu: 35.93 | epoch: 1 | total time: 0.00m
kind=muon
kind=muon
kind=muon
kind=muon
P:  torch.Size([12, 32])
S torch.Size([12, 12, 32])
P:  torch.Size([1536, 1536])
S torch.Size([96, 1536, 1536])
P:  torch.Size([1536, 6144])
S torch.Size([24, 1536, 6144])
P:  torch.Size([6144, 1536])
S torch.Size([24, 6144, 1536])
step 00006/02088 (0.29%) | loss: 8.649430 | lrm: 1.00 | dt: 14592.53ms | tok/sec: 71,857 | bf16_mfu: 35.93 | epoch: 1 | total time: 0.00m
kind=muon
kind=muon
kind=muon
kind=muon
P:  torch.Size([12, 32])
S torch.Size([12, 12, 32])
P:  torch.Size([1536, 1536])
S torch.Size([96, 1536, 1536])
P:  torch.Size([1536, 6144])
S torch.Size([24, 1536, 6144])
P:  torch.Size([6144, 1536])
S torch.Size([24, 6144, 1536])
step 00007/02088 (0.34%) | loss: 8.322286 | lrm: 1.00 | dt: 14603.70ms | tok/sec: 71,802 | bf16_mfu: 35.90 | epoch: 1 | total time: 0.00m
kind=muon
kind=muon
kind=muon
kind=muon
P:  torch.Size([12, 32])
S torch.Size([12, 12, 32])
P:  torch.Size([1536, 1536])
S torch.Size([96, 1536, 1536])
P:  torch.Size([1536, 6144])
S torch.Size([24, 1536, 6144])
P:  torch.Size([6144, 1536])
S torch.Size([24, 6144, 1536])
step 00008/02088 (0.38%) | loss: 8.045200 | lrm: 1.00 | dt: 14605.58ms | tok/sec: 71,792 | bf16_mfu: 35.90 | epoch: 1 | total time: 0.00m
kind=muon
kind=muon
kind=muon
kind=muon
P:  torch.Size([12, 32])
S torch.Size([12, 12, 32])
P:  torch.Size([1536, 1536])
S torch.Size([96, 1536, 1536])
P:  torch.Size([1536, 6144])
S torch.Size([24, 1536, 6144])
P:  torch.Size([6144, 1536])
S torch.Size([24, 6144, 1536])
step 00009/02088 (0.43%) | loss: 7.800839 | lrm: 1.00 | dt: 14603.94ms | tok/sec: 71,800 | bf16_mfu: 35.90 | epoch: 1 | total time: 0.00m
kind=muon
kind=muon
kind=muon
kind=muon
P:  torch.Size([12, 32])
S torch.Size([12, 12, 32])
P:  torch.Size([1536, 1536])
S torch.Size([96, 1536, 1536])
P:  torch.Size([1536, 6144])
S torch.Size([24, 1536, 6144])
P:  torch.Size([6144, 1536])
S torch.Size([24, 6144, 1536])
step 00010/02088 (0.48%) | loss: 7.574698 | lrm: 1.00 | dt: 14607.88ms | tok/sec: 71,781 | bf16_mfu: 35.89 | epoch: 1 | total time: 0.00m
kind=muon
kind=muon
kind=muon
kind=muon
P:  torch.Size([12, 32])
S torch.Size([12, 12, 32])
P:  torch.Size([1536, 1536])
S torch.Size([96, 1536, 1536])
P:  torch.Size([1536, 6144])
S torch.Size([24, 1536, 6144])
P:  torch.Size([6144, 1536])
S torch.Size([24, 6144, 1536])
step 00011/02088 (0.53%) | loss: 7.393648 | lrm: 1.00 | dt: 14609.18ms | tok/sec: 71,775 | bf16_mfu: 35.89 | epoch: 1 | total time: 0.24m | eta: 505.7m
kind=muon
kind=muon
kind=muon
kind=muon
P:  torch.Size([12, 32])
S torch.Size([12, 12, 32])
P:  torch.Size([1536, 1536])
S torch.Size([96, 1536, 1536])
P:  torch.Size([1536, 6144])
S torch.Size([24, 1536, 6144])
P:  torch.Size([6144, 1536])
S torch.Size([24, 6144, 1536])
step 00012/02088 (0.57%) | loss: 7.234663 | lrm: 1.00 | dt: 14607.36ms | tok/sec: 71,784 | bf16_mfu: 35.89 | epoch: 1 | total time: 0.49m | eta: 505.4m
kind=muon
kind=muon
kind=muon
kind=muon
P:  torch.Size([12, 32])
S torch.Size([12, 12, 32])
P:  torch.Size([1536, 1536])
S torch.Size([96, 1536, 1536])
P:  torch.Size([1536, 6144])
S torch.Size([24, 1536, 6144])
P:  torch.Size([6144, 1536])
S torch.Size([24, 6144, 1536])
step 00013/02088 (0.62%) | loss: 7.101748 | lrm: 1.00 | dt: 14614.92ms | tok/sec: 71,746 | bf16_mfu: 35.87 | epoch: 1 | total time: 0.73m | eta: 505.3m
kind=muon
kind=muon
kind=muon
kind=muon
P:  torch.Size([12, 32])
S torch.Size([12, 12, 32])
P:  torch.Size([1536, 1536])
S torch.Size([96, 1536, 1536])
P:  torch.Size([1536, 6144])
S torch.Size([24, 1536, 6144])
P:  torch.Size([6144, 1536])
S torch.Size([24, 6144, 1536])
step 00014/02088 (0.67%) | loss: 6.985015 | lrm: 1.00 | dt: 14614.70ms | tok/sec: 71,748 | bf16_mfu: 35.87 | epoch: 1 | total time: 0.97m | eta: 505.1m
kind=muon
kind=muon
kind=muon
kind=muon
P:  torch.Size([12, 32])
S torch.Size([12, 12, 32])
P:  torch.Size([1536, 1536])
S torch.Size([96, 1536, 1536])
P:  torch.Size([1536, 6144])
S torch.Size([24, 1536, 6144])
P:  torch.Size([6144, 1536])
S torch.Size([24, 6144, 1536])
step 00015/02088 (0.72%) | loss: 6.875202 | lrm: 1.00 | dt: 14612.92ms | tok/sec: 71,756 | bf16_mfu: 35.88 | epoch: 1 | total time: 1.22m | eta: 504.8m
kind=muon
kind=muon
kind=muon
kind=muon
P:  torch.Size([12, 32])
S torch.Size([12, 12, 32])
P:  torch.Size([1536, 1536])
S torch.Size([96, 1536, 1536])
P:  torch.Size([1536, 6144])
S torch.Size([24, 1536, 6144])
P:  torch.Size([6144, 1536])
S torch.Size([24, 6144, 1536])
step 00016/02088 (0.77%) | loss: 6.771394 | lrm: 1.00 | dt: 14611.11ms | tok/sec: 71,765 | bf16_mfu: 35.88 | epoch: 1 | total time: 1.46m | eta: 504.6m
kind=muon
kind=muon
kind=muon
kind=muon
P:  torch.Size([12, 32])
S torch.Size([12, 12, 32])
P:  torch.Size([1536, 1536])
S torch.Size([96, 1536, 1536])
P:  torch.Size([1536, 6144])
S torch.Size([24, 1536, 6144])
P:  torch.Size([6144, 1536])
S torch.Size([24, 6144, 1536])
step 00017/02088 (0.81%) | loss: 6.682889 | lrm: 1.00 | dt: 14612.89ms | tok/sec: 71,756 | bf16_mfu: 35.88 | epoch: 1 | total time: 1.70m | eta: 504.4m
kind=muon
kind=muon
kind=muon
kind=muon
P:  torch.Size([12, 32])
S torch.Size([12, 12, 32])
P:  torch.Size([1536, 1536])
S torch.Size([96, 1536, 1536])
P:  torch.Size([1536, 6144])
S torch.Size([24, 1536, 6144])
P:  torch.Size([6144, 1536])
S torch.Size([24, 6144, 1536])
step 00018/02088 (0.86%) | loss: 6.603869 | lrm: 1.00 | dt: 14611.98ms | tok/sec: 71,761 | bf16_mfu: 35.88 | epoch: 1 | total time: 1.95m | eta: 504.1m
kind=muon
kind=muon
kind=muon
kind=muon
P:  torch.Size([12, 32])
S torch.Size([12, 12, 32])
P:  torch.Size([1536, 1536])
S torch.Size([96, 1536, 1536])
P:  torch.Size([1536, 6144])
S torch.Size([24, 1536, 6144])
P:  torch.Size([6144, 1536])
S torch.Size([24, 6144, 1536])
step 00019/02088 (0.91%) | loss: 6.527101 | lrm: 1.00 | dt: 14615.29ms | tok/sec: 71,745 | bf16_mfu: 35.87 | epoch: 1 | total time: 2.19m | eta: 503.9m
kind=muon
kind=muon
kind=muon
kind=muon
P:  torch.Size([12, 32])
S torch.Size([12, 12, 32])
P:  torch.Size([1536, 1536])
S torch.Size([96, 1536, 1536])
P:  torch.Size([1536, 6144])
S torch.Size([24, 1536, 6144])
P:  torch.Size([6144, 1536])
S torch.Size([24, 6144, 1536])
step 00020/02088 (0.96%) | loss: 6.464757 | lrm: 1.00 | dt: 14619.59ms | tok/sec: 71,724 | bf16_mfu: 35.86 | epoch: 1 | total time: 2.44m | eta: 503.7m
kind=muon
kind=muon
kind=muon
kind=muon
P:  torch.Size([12, 32])
S torch.Size([12, 12, 32])
P:  torch.Size([1536, 1536])
S torch.Size([96, 1536, 1536])
P:  torch.Size([1536, 6144])
S torch.Size([24, 1536, 6144])
P:  torch.Size([6144, 1536])
S torch.Size([24, 6144, 1536])
step 00021/02088 (1.01%) | loss: 6.394126 | lrm: 1.00 | dt: 14614.29ms | tok/sec: 71,750 | bf16_mfu: 35.88 | epoch: 1 | total time: 2.68m | eta: 503.4m
kind=muon
kind=muon
kind=muon
kind=muon
P:  torch.Size([12, 32])
S torch.Size([12, 12, 32])
P:  torch.Size([1536, 1536])
S torch.Size([96, 1536, 1536])
P:  torch.Size([1536, 6144])
S torch.Size([24, 1536, 6144])
P:  torch.Size([6144, 1536])
S torch.Size([24, 6144, 1536])
step 00022/02088 (1.05%) | loss: 6.335426 | lrm: 1.00 | dt: 14613.79ms | tok/sec: 71,752 | bf16_mfu: 35.88 | epoch: 1 | total time: 2.92m | eta: 503.2m
kind=muon
kind=muon
kind=muon
kind=muon
P:  torch.Size([12, 32])
S torch.Size([12, 12, 32])
P:  torch.Size([1536, 1536])
S torch.Size([96, 1536, 1536])
P:  torch.Size([1536, 6144])
S torch.Size([24, 1536, 6144])
P:  torch.Size([6144, 1536])
S torch.Size([24, 6144, 1536])
step 00023/02088 (1.10%) | loss: 6.293928 | lrm: 1.00 | dt: 14613.61ms | tok/sec: 71,753 | bf16_mfu: 35.88 | epoch: 1 | total time: 3.17m | eta: 502.9m
kind=muon
kind=muon
kind=muon
kind=muon
P:  torch.Size([12, 32])
S torch.Size([12, 12, 32])
P:  torch.Size([1536, 1536])
S torch.Size([96, 1536, 1536])
P:  torch.Size([1536, 6144])
S torch.Size([24, 1536, 6144])
P:  torch.Size([6144, 1536])
S torch.Size([24, 6144, 1536])
step 00024/02088 (1.15%) | loss: 6.240886 | lrm: 1.00 | dt: 14615.35ms | tok/sec: 71,744 | bf16_mfu: 35.87 | epoch: 1 | total time: 3.41m | eta: 502.7m
kind=muon
kind=muon
kind=muon
kind=muon
P:  torch.Size([12, 32])
S torch.Size([12, 12, 32])
P:  torch.Size([1536, 1536])
S torch.Size([96, 1536, 1536])
P:  torch.Size([1536, 6144])
S torch.Size([24, 1536, 6144])
P:  torch.Size([6144, 1536])
S torch.Size([24, 6144, 1536])
step 00025/02088 (1.20%) | loss: 6.193548 | lrm: 1.00 | dt: 14614.72ms | tok/sec: 71,747 | bf16_mfu: 35.87 | epoch: 1 | total time: 3.65m | eta: 502.5m
kind=muon
kind=muon
kind=muon
kind=muon
P:  torch.Size([12, 32])
S torch.Size([12, 12, 32])
P:  torch.Size([1536, 1536])
S torch.Size([96, 1536, 1536])
P:  torch.Size([1536, 6144])
S torch.Size([24, 1536, 6144])
P:  torch.Size([6144, 1536])
S torch.Size([24, 6144, 1536])
step 00026/02088 (1.25%) | loss: 6.156579 | lrm: 1.00 | dt: 14614.25ms | tok/sec: 71,750 | bf16_mfu: 35.88 | epoch: 1 | total time: 3.90m | eta: 502.2m
kind=muon
kind=muon
kind=muon
kind=muon
P:  torch.Size([12, 32])
S torch.Size([12, 12, 32])
P:  torch.Size([1536, 1536])
S torch.Size([96, 1536, 1536])
P:  torch.Size([1536, 6144])
S torch.Size([24, 1536, 6144])
P:  torch.Size([6144, 1536])
S torch.Size([24, 6144, 1536])
step 00027/02088 (1.29%) | loss: 6.115304 | lrm: 1.00 | dt: 14614.43ms | tok/sec: 71,749 | bf16_mfu: 35.88 | epoch: 1 | total time: 4.14m | eta: 502.0m
kind=muon
kind=muon
kind=muon
kind=muon
P:  torch.Size([12, 32])
S torch.Size([12, 12, 32])
P:  torch.Size([1536, 1536])
S torch.Size([96, 1536, 1536])
P:  torch.Size([1536, 6144])
S torch.Size([24, 1536, 6144])
P:  torch.Size([6144, 1536])
S torch.Size([24, 6144, 1536])
step 00028/02088 (1.34%) | loss: 6.083864 | lrm: 1.00 | dt: 14614.77ms | tok/sec: 71,747 | bf16_mfu: 35.87 | epoch: 1 | total time: 4.38m | eta: 501.7m
kind=muon
kind=muon
kind=muon
kind=muon
P:  torch.Size([12, 32])
S torch.Size([12, 12, 32])
P:  torch.Size([1536, 1536])
S torch.Size([96, 1536, 1536])
P:  torch.Size([1536, 6144])
S torch.Size([24, 1536, 6144])
P:  torch.Size([6144, 1536])
S torch.Size([24, 6144, 1536])
step 00029/02088 (1.39%) | loss: 6.057649 | lrm: 1.00 | dt: 14613.95ms | tok/sec: 71,751 | bf16_mfu: 35.88 | epoch: 1 | total time: 4.63m | eta: 501.5m
kind=muon
kind=muon
kind=muon
kind=muon
P:  torch.Size([12, 32])
S torch.Size([12, 12, 32])
P:  torch.Size([1536, 1536])
S torch.Size([96, 1536, 1536])
P:  torch.Size([1536, 6144])
S torch.Size([24, 1536, 6144])
P:  torch.Size([6144, 1536])
S torch.Size([24, 6144, 1536])
step 00030/02088 (1.44%) | loss: 6.030717 | lrm: 1.00 | dt: 14619.64ms | tok/sec: 71,723 | bf16_mfu: 35.86 | epoch: 1 | total time: 4.87m | eta: 501.3m
kind=muon
kind=muon
kind=muon
kind=muon
P:  torch.Size([12, 32])
S torch.Size([12, 12, 32])
P:  torch.Size([1536, 1536])
S torch.Size([96, 1536, 1536])
P:  torch.Size([1536, 6144])
S torch.Size([24, 1536, 6144])
P:  torch.Size([6144, 1536])
S torch.Size([24, 6144, 1536])
step 00031/02088 (1.48%) | loss: 6.001394 | lrm: 1.00 | dt: 14617.49ms | tok/sec: 71,734 | bf16_mfu: 35.87 | epoch: 1 | total time: 5.11m | eta: 501.0m
kind=muon
kind=muon
kind=muon
kind=muon
P:  torch.Size([12, 32])
S torch.Size([12, 12, 32])
P:  torch.Size([1536, 1536])
S torch.Size([96, 1536, 1536])
P:  torch.Size([1536, 6144])
S torch.Size([24, 1536, 6144])
P:  torch.Size([6144, 1536])
S torch.Size([24, 6144, 1536])
step 00032/02088 (1.53%) | loss: 5.974444 | lrm: 1.00 | dt: 14618.00ms | tok/sec: 71,731 | bf16_mfu: 35.87 | epoch: 1 | total time: 5.36m | eta: 500.8m
kind=muon
kind=muon
kind=muon
kind=muon
P:  torch.Size([12, 32])
S torch.Size([12, 12, 32])
P:  torch.Size([1536, 1536])
S torch.Size([96, 1536, 1536])
P:  torch.Size([1536, 6144])
S torch.Size([24, 1536, 6144])
P:  torch.Size([6144, 1536])
S torch.Size([24, 6144, 1536])
step 00033/02088 (1.58%) | loss: 5.956479 | lrm: 1.00 | dt: 14615.46ms | tok/sec: 71,744 | bf16_mfu: 35.87 | epoch: 1 | total time: 5.60m | eta: 500.5m
kind=muon
kind=muon
kind=muon
kind=muon
P:  torch.Size([12, 32])
S torch.Size([12, 12, 32])
P:  torch.Size([1536, 1536])
S torch.Size([96, 1536, 1536])
P:  torch.Size([1536, 6144])
S torch.Size([24, 1536, 6144])
P:  torch.Size([6144, 1536])
S torch.Size([24, 6144, 1536])
step 00034/02088 (1.63%) | loss: 5.939310 | lrm: 1.00 | dt: 14610.62ms | tok/sec: 71,768 | bf16_mfu: 35.88 | epoch: 1 | total time: 5.85m | eta: 500.3m
kind=muon
kind=muon
kind=muon
kind=muon
P:  torch.Size([12, 32])
S torch.Size([12, 12, 32])
P:  torch.Size([1536, 1536])
S torch.Size([96, 1536, 1536])
P:  torch.Size([1536, 6144])
S torch.Size([24, 1536, 6144])
P:  torch.Size([6144, 1536])
S torch.Size([24, 6144, 1536])
step 00035/02088 (1.68%) | loss: 5.903245 | lrm: 1.00 | dt: 14613.46ms | tok/sec: 71,754 | bf16_mfu: 35.88 | epoch: 1 | total time: 6.09m | eta: 500.0m
kind=muon
kind=muon
kind=muon
kind=muon
P:  torch.Size([12, 32])
S torch.Size([12, 12, 32])
P:  torch.Size([1536, 1536])
S torch.Size([96, 1536, 1536])
P:  torch.Size([1536, 6144])
S torch.Size([24, 1536, 6144])
P:  torch.Size([6144, 1536])
S torch.Size([24, 6144, 1536])
step 00036/02088 (1.72%) | loss: 5.878922 | lrm: 1.00 | dt: 14620.18ms | tok/sec: 71,721 | bf16_mfu: 35.86 | epoch: 1 | total time: 6.33m | eta: 499.8m
kind=muon
kind=muon
kind=muon
kind=muon
P:  torch.Size([12, 32])
S torch.Size([12, 12, 32])
P:  torch.Size([1536, 1536])
S torch.Size([96, 1536, 1536])
P:  torch.Size([1536, 6144])
S torch.Size([24, 1536, 6144])
P:  torch.Size([6144, 1536])
S torch.Size([24, 6144, 1536])
step 00037/02088 (1.77%) | loss: 5.855736 | lrm: 1.00 | dt: 14613.55ms | tok/sec: 71,753 | bf16_mfu: 35.88 | epoch: 1 | total time: 6.58m | eta: 499.6m
kind=muon
kind=muon
kind=muon
kind=muon
P:  torch.Size([12, 32])
S torch.Size([12, 12, 32])
P:  torch.Size([1536, 1536])
S torch.Size([96, 1536, 1536])
P:  torch.Size([1536, 6144])
S torch.Size([24, 1536, 6144])
P:  torch.Size([6144, 1536])
S torch.Size([24, 6144, 1536])
step 00038/02088 (1.82%) | loss: 5.832691 | lrm: 1.00 | dt: 14615.19ms | tok/sec: 71,745 | bf16_mfu: 35.87 | epoch: 1 | total time: 6.82m | eta: 499.3m
kind=muon
kind=muon
kind=muon
kind=muon
P:  torch.Size([12, 32])
S torch.Size([12, 12, 32])
P:  torch.Size([1536, 1536])
S torch.Size([96, 1536, 1536])
P:  torch.Size([1536, 6144])
S torch.Size([24, 1536, 6144])
P:  torch.Size([6144, 1536])
S torch.Size([24, 6144, 1536])
step 00039/02088 (1.87%) | loss: 5.808972 | lrm: 1.00 | dt: 14615.13ms | tok/sec: 71,745 | bf16_mfu: 35.87 | epoch: 1 | total time: 7.06m | eta: 499.1m
kind=muon
kind=muon
kind=muon
kind=muon
P:  torch.Size([12, 32])
S torch.Size([12, 12, 32])
P:  torch.Size([1536, 1536])
S torch.Size([96, 1536, 1536])
P:  torch.Size([1536, 6144])
S torch.Size([24, 1536, 6144])
P:  torch.Size([6144, 1536])
S torch.Size([24, 6144, 1536])
step 00040/02088 (1.92%) | loss: 5.787547 | lrm: 1.00 | dt: 14613.83ms | tok/sec: 71,752 | bf16_mfu: 35.88 | epoch: 1 | total time: 7.31m | eta: 498.8m
kind=muon
kind=muon
kind=muon
kind=muon
P:  torch.Size([12, 32])
S torch.Size([12, 12, 32])
P:  torch.Size([1536, 1536])
S torch.Size([96, 1536, 1536])
P:  torch.Size([1536, 6144])
S torch.Size([24, 1536, 6144])
P:  torch.Size([6144, 1536])
S torch.Size([24, 6144, 1536])
step 00041/02088 (1.96%) | loss: 5.772334 | lrm: 1.00 | dt: 14617.95ms | tok/sec: 71,732 | bf16_mfu: 35.87 | epoch: 1 | total time: 7.55m | eta: 498.6m
kind=muon
kind=muon
kind=muon
kind=muon
P:  torch.Size([12, 32])
S torch.Size([12, 12, 32])
P:  torch.Size([1536, 1536])
S torch.Size([96, 1536, 1536])
P:  torch.Size([1536, 6144])
S torch.Size([24, 1536, 6144])
P:  torch.Size([6144, 1536])
S torch.Size([24, 6144, 1536])
step 00042/02088 (2.01%) | loss: 5.744604 | lrm: 1.00 | dt: 14615.99ms | tok/sec: 71,741 | bf16_mfu: 35.87 | epoch: 1 | total time: 7.79m | eta: 498.4m
kind=muon
kind=muon
kind=muon
kind=muon
P:  torch.Size([12, 32])
S torch.Size([12, 12, 32])
P:  torch.Size([1536, 1536])
S torch.Size([96, 1536, 1536])
P:  torch.Size([1536, 6144])
S torch.Size([24, 1536, 6144])
P:  torch.Size([6144, 1536])
S torch.Size([24, 6144, 1536])
step 00043/02088 (2.06%) | loss: 5.729178 | lrm: 1.00 | dt: 14612.37ms | tok/sec: 71,759 | bf16_mfu: 35.88 | epoch: 1 | total time: 8.04m | eta: 498.1m
kind=muon
kind=muon
kind=muon
kind=muon
P:  torch.Size([12, 32])
S torch.Size([12, 12, 32])
P:  torch.Size([1536, 1536])
S torch.Size([96, 1536, 1536])
P:  torch.Size([1536, 6144])
S torch.Size([24, 1536, 6144])
P:  torch.Size([6144, 1536])
S torch.Size([24, 6144, 1536])
step 00044/02088 (2.11%) | loss: 5.707645 | lrm: 1.00 | dt: 14612.31ms | tok/sec: 71,759 | bf16_mfu: 35.88 | epoch: 1 | total time: 8.28m | eta: 497.9m
kind=muon
kind=muon
kind=muon
kind=muon
P:  torch.Size([12, 32])
S torch.Size([12, 12, 32])
P:  torch.Size([1536, 1536])
S torch.Size([96, 1536, 1536])
P:  torch.Size([1536, 6144])
S torch.Size([24, 1536, 6144])
P:  torch.Size([6144, 1536])
S torch.Size([24, 6144, 1536])
step 00045/02088 (2.16%) | loss: 5.691708 | lrm: 1.00 | dt: 14612.59ms | tok/sec: 71,758 | bf16_mfu: 35.88 | epoch: 1 | total time: 8.53m | eta: 497.6m
kind=muon
kind=muon
kind=muon
kind=muon
P:  torch.Size([12, 32])
S torch.Size([12, 12, 32])
P:  torch.Size([1536, 1536])
S torch.Size([96, 1536, 1536])
P:  torch.Size([1536, 6144])
S torch.Size([24, 1536, 6144])
P:  torch.Size([6144, 1536])
S torch.Size([24, 6144, 1536])
step 00046/02088 (2.20%) | loss: 5.655781 | lrm: 1.00 | dt: 14615.63ms | tok/sec: 71,743 | bf16_mfu: 35.87 | epoch: 1 | total time: 8.77m | eta: 497.4m
kind=muon
kind=muon
kind=muon
kind=muon
P:  torch.Size([12, 32])
S torch.Size([12, 12, 32])
P:  torch.Size([1536, 1536])
S torch.Size([96, 1536, 1536])
P:  torch.Size([1536, 6144])
S torch.Size([24, 1536, 6144])
P:  torch.Size([6144, 1536])
S torch.Size([24, 6144, 1536])
step 00047/02088 (2.25%) | loss: 5.625010 | lrm: 1.00 | dt: 14615.52ms | tok/sec: 71,744 | bf16_mfu: 35.87 | epoch: 1 | total time: 9.01m | eta: 497.1m
kind=muon
kind=muon
kind=muon
kind=muon
P:  torch.Size([12, 32])
S torch.Size([12, 12, 32])
P:  torch.Size([1536, 1536])
S torch.Size([96, 1536, 1536])
P:  torch.Size([1536, 6144])
S torch.Size([24, 1536, 6144])
P:  torch.Size([6144, 1536])
S torch.Size([24, 6144, 1536])
step 00048/02088 (2.30%) | loss: 5.611338 | lrm: 1.00 | dt: 14618.09ms | tok/sec: 71,731 | bf16_mfu: 35.87 | epoch: 1 | total time: 9.26m | eta: 496.9m
kind=muon
kind=muon
kind=muon
kind=muon
P:  torch.Size([12, 32])
S torch.Size([12, 12, 32])
P:  torch.Size([1536, 1536])
S torch.Size([96, 1536, 1536])
P:  torch.Size([1536, 6144])
S torch.Size([24, 1536, 6144])
P:  torch.Size([6144, 1536])
S torch.Size([24, 6144, 1536])
step 00049/02088 (2.35%) | loss: 5.594349 | lrm: 1.00 | dt: 14613.84ms | tok/sec: 71,752 | bf16_mfu: 35.88 | epoch: 1 | total time: 9.50m | eta: 496.6m
kind=muon
kind=muon
kind=muon
kind=muon
P:  torch.Size([12, 32])
S torch.Size([12, 12, 32])
P:  torch.Size([1536, 1536])
S torch.Size([96, 1536, 1536])
P:  torch.Size([1536, 6144])
S torch.Size([24, 1536, 6144])
P:  torch.Size([6144, 1536])
S torch.Size([24, 6144, 1536])
step 00050/02088 (2.39%) | loss: 5.567280 | lrm: 1.00 | dt: 14612.90ms | tok/sec: 71,756 | bf16_mfu: 35.88 | epoch: 1 | total time: 9.74m | eta: 496.4m
kind=muon
kind=muon
kind=muon
kind=muon
P:  torch.Size([12, 32])
S torch.Size([12, 12, 32])
P:  torch.Size([1536, 1536])
S torch.Size([96, 1536, 1536])
P:  torch.Size([1536, 6144])
S torch.Size([24, 1536, 6144])
P:  torch.Size([6144, 1536])
S torch.Size([24, 6144, 1536])
step 00051/02088 (2.44%) | loss: 5.546787 | lrm: 1.00 | dt: 14611.30ms | tok/sec: 71,764 | bf16_mfu: 35.88 | epoch: 1 | total time: 9.99m | eta: 496.2m
kind=muon
kind=muon
kind=muon
kind=muon
P:  torch.Size([12, 32])
S torch.Size([12, 12, 32])
P:  torch.Size([1536, 1536])
S torch.Size([96, 1536, 1536])
P:  torch.Size([1536, 6144])
S torch.Size([24, 1536, 6144])
P:  torch.Size([6144, 1536])
S torch.Size([24, 6144, 1536])
step 00052/02088 (2.49%) | loss: 5.522045 | lrm: 1.00 | dt: 14615.36ms | tok/sec: 71,744 | bf16_mfu: 35.87 | epoch: 1 | total time: 10.23m | eta: 495.9m
kind=muon
kind=muon
kind=muon
kind=muon
P:  torch.Size([12, 32])
S torch.Size([12, 12, 32])
P:  torch.Size([1536, 1536])
S torch.Size([96, 1536, 1536])
P:  torch.Size([1536, 6144])
S torch.Size([24, 1536, 6144])
P:  torch.Size([6144, 1536])
S torch.Size([24, 6144, 1536])
step 00053/02088 (2.54%) | loss: 5.494430 | lrm: 1.00 | dt: 14617.94ms | tok/sec: 71,732 | bf16_mfu: 35.87 | epoch: 1 | total time: 10.47m | eta: 495.7m
kind=muon
kind=muon
kind=muon
kind=muon
P:  torch.Size([12, 32])
S torch.Size([12, 12, 32])
P:  torch.Size([1536, 1536])
S torch.Size([96, 1536, 1536])
P:  torch.Size([1536, 6144])
S torch.Size([24, 1536, 6144])
P:  torch.Size([6144, 1536])
S torch.Size([24, 6144, 1536])
step 00054/02088 (2.59%) | loss: 5.468426 | lrm: 1.00 | dt: 14610.94ms | tok/sec: 71,766 | bf16_mfu: 35.88 | epoch: 1 | total time: 10.72m | eta: 495.4m
kind=muon
kind=muon
kind=muon
kind=muon
P:  torch.Size([12, 32])
S torch.Size([12, 12, 32])
P:  torch.Size([1536, 1536])
S torch.Size([96, 1536, 1536])
P:  torch.Size([1536, 6144])
S torch.Size([24, 1536, 6144])
P:  torch.Size([6144, 1536])
S torch.Size([24, 6144, 1536])
step 00055/02088 (2.63%) | loss: 5.453302 | lrm: 1.00 | dt: 14614.10ms | tok/sec: 71,751 | bf16_mfu: 35.88 | epoch: 1 | total time: 10.96m | eta: 495.2m
kind=muon
kind=muon
kind=muon
kind=muon
P:  torch.Size([12, 32])
S torch.Size([12, 12, 32])
P:  torch.Size([1536, 1536])
S torch.Size([96, 1536, 1536])
P:  torch.Size([1536, 6144])
S torch.Size([24, 1536, 6144])
P:  torch.Size([6144, 1536])
S torch.Size([24, 6144, 1536])
step 00056/02088 (2.68%) | loss: 5.423349 | lrm: 1.00 | dt: 14612.30ms | tok/sec: 71,759 | bf16_mfu: 35.88 | epoch: 1 | total time: 11.20m | eta: 494.9m
kind=muon
kind=muon
kind=muon
kind=muon
P:  torch.Size([12, 32])
S torch.Size([12, 12, 32])
P:  torch.Size([1536, 1536])
S torch.Size([96, 1536, 1536])
P:  torch.Size([1536, 6144])
S torch.Size([24, 1536, 6144])
P:  torch.Size([6144, 1536])
S torch.Size([24, 6144, 1536])
step 00057/02088 (2.73%) | loss: 5.407528 | lrm: 1.00 | dt: 14610.52ms | tok/sec: 71,768 | bf16_mfu: 35.89 | epoch: 1 | total time: 11.45m | eta: 494.7m
kind=muon
kind=muon
kind=muon
kind=muon
P:  torch.Size([12, 32])
S torch.Size([12, 12, 32])
P:  torch.Size([1536, 1536])
S torch.Size([96, 1536, 1536])
P:  torch.Size([1536, 6144])
S torch.Size([24, 1536, 6144])
P:  torch.Size([6144, 1536])
S torch.Size([24, 6144, 1536])
step 00058/02088 (2.78%) | loss: 5.385357 | lrm: 1.00 | dt: 14617.94ms | tok/sec: 71,732 | bf16_mfu: 35.87 | epoch: 1 | total time: 11.69m | eta: 494.5m
kind=muon
kind=muon
kind=muon
kind=muon
P:  torch.Size([12, 32])
S torch.Size([12, 12, 32])
P:  torch.Size([1536, 1536])
S torch.Size([96, 1536, 1536])
P:  torch.Size([1536, 6144])
S torch.Size([24, 1536, 6144])
P:  torch.Size([6144, 1536])
S torch.Size([24, 6144, 1536])
step 00059/02088 (2.83%) | loss: 5.364703 | lrm: 1.00 | dt: 14616.86ms | tok/sec: 71,737 | bf16_mfu: 35.87 | epoch: 1 | total time: 11.94m | eta: 494.2m
kind=muon
kind=muon
kind=muon
kind=muon
P:  torch.Size([12, 32])
S torch.Size([12, 12, 32])
P:  torch.Size([1536, 1536])
S torch.Size([96, 1536, 1536])
P:  torch.Size([1536, 6144])
S torch.Size([24, 1536, 6144])
P:  torch.Size([6144, 1536])
S torch.Size([24, 6144, 1536])
step 00060/02088 (2.87%) | loss: 5.348476 | lrm: 1.00 | dt: 14614.18ms | tok/sec: 71,750 | bf16_mfu: 35.88 | epoch: 1 | total time: 12.18m | eta: 494.0m
kind=muon
kind=muon
kind=muon
kind=muon
P:  torch.Size([12, 32])
S torch.Size([12, 12, 32])
P:  torch.Size([1536, 1536])
S torch.Size([96, 1536, 1536])
P:  torch.Size([1536, 6144])
S torch.Size([24, 1536, 6144])
P:  torch.Size([6144, 1536])
S torch.Size([24, 6144, 1536])
step 00061/02088 (2.92%) | loss: 5.337669 | lrm: 1.00 | dt: 14610.06ms | tok/sec: 71,770 | bf16_mfu: 35.89 | epoch: 1 | total time: 12.42m | eta: 493.7m
kind=muon
kind=muon
kind=muon
kind=muon
P:  torch.Size([12, 32])
S torch.Size([12, 12, 32])
P:  torch.Size([1536, 1536])
S torch.Size([96, 1536, 1536])
P:  torch.Size([1536, 6144])
S torch.Size([24, 1536, 6144])
P:  torch.Size([6144, 1536])
S torch.Size([24, 6144, 1536])
step 00062/02088 (2.97%) | loss: 5.319546 | lrm: 1.00 | dt: 14616.18ms | tok/sec: 71,740 | bf16_mfu: 35.87 | epoch: 1 | total time: 12.67m | eta: 493.5m
kind=muon
kind=muon
kind=muon
kind=muon
P:  torch.Size([12, 32])
S torch.Size([12, 12, 32])
P:  torch.Size([1536, 1536])
S torch.Size([96, 1536, 1536])
P:  torch.Size([1536, 6144])
S torch.Size([24, 1536, 6144])
P:  torch.Size([6144, 1536])
S torch.Size([24, 6144, 1536])
step 00063/02088 (3.02%) | loss: 5.297752 | lrm: 1.00 | dt: 14613.93ms | tok/sec: 71,751 | bf16_mfu: 35.88 | epoch: 1 | total time: 12.91m | eta: 493.2m
kind=muon
kind=muon
kind=muon
kind=muon
P:  torch.Size([12, 32])
S torch.Size([12, 12, 32])
P:  torch.Size([1536, 1536])
S torch.Size([96, 1536, 1536])
P:  torch.Size([1536, 6144])
S torch.Size([24, 1536, 6144])
P:  torch.Size([6144, 1536])
S torch.Size([24, 6144, 1536])
step 00064/02088 (3.07%) | loss: 5.274745 | lrm: 1.00 | dt: 14615.98ms | tok/sec: 71,741 | bf16_mfu: 35.87 | epoch: 1 | total time: 13.15m | eta: 493.0m
kind=muon
kind=muon
kind=muon
kind=muon
P:  torch.Size([12, 32])
S torch.Size([12, 12, 32])
P:  torch.Size([1536, 1536])
S torch.Size([96, 1536, 1536])
P:  torch.Size([1536, 6144])
S torch.Size([24, 1536, 6144])
P:  torch.Size([6144, 1536])
S torch.Size([24, 6144, 1536])
step 00065/02088 (3.11%) | loss: 5.255904 | lrm: 1.00 | dt: 14612.56ms | tok/sec: 71,758 | bf16_mfu: 35.88 | epoch: 1 | total time: 13.40m | eta: 492.7m
kind=muon
kind=muon
kind=muon
kind=muon
P:  torch.Size([12, 32])
S torch.Size([12, 12, 32])
P:  torch.Size([1536, 1536])
S torch.Size([96, 1536, 1536])
P:  torch.Size([1536, 6144])
S torch.Size([24, 1536, 6144])
P:  torch.Size([6144, 1536])
S torch.Size([24, 6144, 1536])
step 00066/02088 (3.16%) | loss: 5.245393 | lrm: 1.00 | dt: 14616.49ms | tok/sec: 71,739 | bf16_mfu: 35.87 | epoch: 1 | total time: 13.64m | eta: 492.5m
kind=muon
kind=muon
kind=muon
kind=muon
P:  torch.Size([12, 32])
S torch.Size([12, 12, 32])
P:  torch.Size([1536, 1536])
S torch.Size([96, 1536, 1536])
P:  torch.Size([1536, 6144])
S torch.Size([24, 1536, 6144])
P:  torch.Size([6144, 1536])
S torch.Size([24, 6144, 1536])
step 00067/02088 (3.21%) | loss: 5.235096 | lrm: 1.00 | dt: 14615.91ms | tok/sec: 71,742 | bf16_mfu: 35.87 | epoch: 1 | total time: 13.88m | eta: 492.3m
kind=muon
kind=muon
kind=muon
kind=muon
P:  torch.Size([12, 32])
S torch.Size([12, 12, 32])
P:  torch.Size([1536, 1536])
S torch.Size([96, 1536, 1536])
P:  torch.Size([1536, 6144])
S torch.Size([24, 1536, 6144])
P:  torch.Size([6144, 1536])
S torch.Size([24, 6144, 1536])
step 00068/02088 (3.26%) | loss: 5.222662 | lrm: 1.00 | dt: 14609.08ms | tok/sec: 71,775 | bf16_mfu: 35.89 | epoch: 1 | total time: 14.13m | eta: 492.0m
kind=muon
kind=muon
kind=muon
kind=muon
P:  torch.Size([12, 32])
S torch.Size([12, 12, 32])
P:  torch.Size([1536, 1536])
S torch.Size([96, 1536, 1536])
P:  torch.Size([1536, 6144])
S torch.Size([24, 1536, 6144])
P:  torch.Size([6144, 1536])
S torch.Size([24, 6144, 1536])
step 00069/02088 (3.30%) | loss: 5.207255 | lrm: 1.00 | dt: 14612.69ms | tok/sec: 71,757 | bf16_mfu: 35.88 | epoch: 1 | total time: 14.37m | eta: 491.8m
kind=muon
kind=muon
kind=muon
kind=muon
P:  torch.Size([12, 32])
S torch.Size([12, 12, 32])
P:  torch.Size([1536, 1536])
S torch.Size([96, 1536, 1536])
P:  torch.Size([1536, 6144])
S torch.Size([24, 1536, 6144])
P:  torch.Size([6144, 1536])
S torch.Size([24, 6144, 1536])
step 00070/02088 (3.35%) | loss: 5.185279 | lrm: 1.00 | dt: 14610.04ms | tok/sec: 71,770 | bf16_mfu: 35.89 | epoch: 1 | total time: 14.61m | eta: 491.5m
kind=muon
kind=muon
kind=muon
kind=muon
P:  torch.Size([12, 32])
S torch.Size([12, 12, 32])
P:  torch.Size([1536, 1536])
S torch.Size([96, 1536, 1536])
P:  torch.Size([1536, 6144])
S torch.Size([24, 1536, 6144])
P:  torch.Size([6144, 1536])
S torch.Size([24, 6144, 1536])
step 00071/02088 (3.40%) | loss: 5.156162 | lrm: 1.00 | dt: 14615.86ms | tok/sec: 71,742 | bf16_mfu: 35.87 | epoch: 1 | total time: 14.86m | eta: 491.3m
kind=muon
kind=muon
kind=muon
kind=muon
P:  torch.Size([12, 32])
S torch.Size([12, 12, 32])
P:  torch.Size([1536, 1536])
S torch.Size([96, 1536, 1536])
P:  torch.Size([1536, 6144])
S torch.Size([24, 1536, 6144])
P:  torch.Size([6144, 1536])
S torch.Size([24, 6144, 1536])
step 00072/02088 (3.45%) | loss: 5.139834 | lrm: 1.00 | dt: 14614.22ms | tok/sec: 71,750 | bf16_mfu: 35.88 | epoch: 1 | total time: 15.10m | eta: 491.0m
kind=muon
kind=muon
kind=muon
kind=muon
P:  torch.Size([12, 32])
S torch.Size([12, 12, 32])
P:  torch.Size([1536, 1536])
S torch.Size([96, 1536, 1536])
P:  torch.Size([1536, 6144])
S torch.Size([24, 1536, 6144])
P:  torch.Size([6144, 1536])
S torch.Size([24, 6144, 1536])
step 00073/02088 (3.50%) | loss: 5.119065 | lrm: 1.00 | dt: 14612.58ms | tok/sec: 71,758 | bf16_mfu: 35.88 | epoch: 1 | total time: 15.34m | eta: 490.8m
kind=muon
kind=muon
kind=muon
kind=muon
P:  torch.Size([12, 32])
S torch.Size([12, 12, 32])
P:  torch.Size([1536, 1536])
S torch.Size([96, 1536, 1536])
P:  torch.Size([1536, 6144])
S torch.Size([24, 1536, 6144])
P:  torch.Size([6144, 1536])
S torch.Size([24, 6144, 1536])
step 00074/02088 (3.54%) | loss: 5.088245 | lrm: 1.00 | dt: 14610.86ms | tok/sec: 71,766 | bf16_mfu: 35.88 | epoch: 1 | total time: 15.59m | eta: 490.5m
kind=muon
kind=muon
kind=muon
kind=muon
P:  torch.Size([12, 32])
S torch.Size([12, 12, 32])
P:  torch.Size([1536, 1536])
S torch.Size([96, 1536, 1536])
P:  torch.Size([1536, 6144])
S torch.Size([24, 1536, 6144])
P:  torch.Size([6144, 1536])
S torch.Size([24, 6144, 1536])
step 00075/02088 (3.59%) | loss: 5.069310 | lrm: 1.00 | dt: 14615.75ms | tok/sec: 71,742 | bf16_mfu: 35.87 | epoch: 1 | total time: 15.83m | eta: 490.3m
kind=muon
kind=muon
kind=muon
kind=muon
P:  torch.Size([12, 32])
S torch.Size([12, 12, 32])
P:  torch.Size([1536, 1536])
S torch.Size([96, 1536, 1536])
P:  torch.Size([1536, 6144])
S torch.Size([24, 1536, 6144])
P:  torch.Size([6144, 1536])
S torch.Size([24, 6144, 1536])
step 00076/02088 (3.64%) | loss: 5.046925 | lrm: 1.00 | dt: 14610.51ms | tok/sec: 71,768 | bf16_mfu: 35.89 | epoch: 1 | total time: 16.08m | eta: 490.1m
kind=muon
kind=muon
kind=muon
kind=muon
P:  torch.Size([12, 32])
S torch.Size([12, 12, 32])
P:  torch.Size([1536, 1536])
S torch.Size([96, 1536, 1536])
P:  torch.Size([1536, 6144])
S torch.Size([24, 1536, 6144])
P:  torch.Size([6144, 1536])
S torch.Size([24, 6144, 1536])
step 00077/02088 (3.69%) | loss: 5.012256 | lrm: 1.00 | dt: 14616.04ms | tok/sec: 71,741 | bf16_mfu: 35.87 | epoch: 1 | total time: 16.32m | eta: 489.8m
kind=muon
kind=muon
kind=muon
kind=muon
P:  torch.Size([12, 32])
S torch.Size([12, 12, 32])
P:  torch.Size([1536, 1536])
S torch.Size([96, 1536, 1536])
P:  torch.Size([1536, 6144])
S torch.Size([24, 1536, 6144])
P:  torch.Size([6144, 1536])
S torch.Size([24, 6144, 1536])
step 00078/02088 (3.74%) | loss: 4.988136 | lrm: 1.00 | dt: 14617.58ms | tok/sec: 71,733 | bf16_mfu: 35.87 | epoch: 1 | total time: 16.56m | eta: 489.6m
kind=muon
kind=muon
kind=muon
kind=muon
P:  torch.Size([12, 32])
S torch.Size([12, 12, 32])
P:  torch.Size([1536, 1536])
S torch.Size([96, 1536, 1536])
P:  torch.Size([1536, 6144])
S torch.Size([24, 1536, 6144])
P:  torch.Size([6144, 1536])
S torch.Size([24, 6144, 1536])
step 00079/02088 (3.78%) | loss: 4.975089 | lrm: 1.00 | dt: 14611.70ms | tok/sec: 71,762 | bf16_mfu: 35.88 | epoch: 1 | total time: 16.81m | eta: 489.3m
kind=muon
kind=muon
kind=muon
kind=muon
P:  torch.Size([12, 32])
S torch.Size([12, 12, 32])
P:  torch.Size([1536, 1536])
S torch.Size([96, 1536, 1536])
P:  torch.Size([1536, 6144])
S torch.Size([24, 1536, 6144])
P:  torch.Size([6144, 1536])
S torch.Size([24, 6144, 1536])
step 00080/02088 (3.83%) | loss: 4.958069 | lrm: 1.00 | dt: 14613.40ms | tok/sec: 71,754 | bf16_mfu: 35.88 | epoch: 1 | total time: 17.05m | eta: 489.1m
kind=muon
kind=muon
kind=muon
kind=muon
P:  torch.Size([12, 32])
S torch.Size([12, 12, 32])
P:  torch.Size([1536, 1536])
S torch.Size([96, 1536, 1536])
P:  torch.Size([1536, 6144])
S torch.Size([24, 1536, 6144])
P:  torch.Size([6144, 1536])
S torch.Size([24, 6144, 1536])
step 00081/02088 (3.88%) | loss: 4.936113 | lrm: 1.00 | dt: 14614.54ms | tok/sec: 71,748 | bf16_mfu: 35.88 | epoch: 1 | total time: 17.29m | eta: 488.8m
kind=muon
kind=muon
kind=muon
kind=muon
P:  torch.Size([12, 32])
S torch.Size([12, 12, 32])
P:  torch.Size([1536, 1536])
S torch.Size([96, 1536, 1536])
P:  torch.Size([1536, 6144])
S torch.Size([24, 1536, 6144])
P:  torch.Size([6144, 1536])
S torch.Size([24, 6144, 1536])
step 00082/02088 (3.93%) | loss: 4.912139 | lrm: 1.00 | dt: 14616.92ms | tok/sec: 71,737 | bf16_mfu: 35.87 | epoch: 1 | total time: 17.54m | eta: 488.6m
kind=muon
kind=muon
kind=muon
kind=muon
P:  torch.Size([12, 32])
S torch.Size([12, 12, 32])
P:  torch.Size([1536, 1536])
S torch.Size([96, 1536, 1536])
P:  torch.Size([1536, 6144])
S torch.Size([24, 1536, 6144])
P:  torch.Size([6144, 1536])
S torch.Size([24, 6144, 1536])
step 00083/02088 (3.98%) | loss: 4.888879 | lrm: 1.00 | dt: 14613.58ms | tok/sec: 71,753 | bf16_mfu: 35.88 | epoch: 1 | total time: 17.78m | eta: 488.4m
kind=muon
kind=muon
kind=muon
kind=muon
P:  torch.Size([12, 32])
S torch.Size([12, 12, 32])
P:  torch.Size([1536, 1536])
S torch.Size([96, 1536, 1536])
P:  torch.Size([1536, 6144])
S torch.Size([24, 1536, 6144])
P:  torch.Size([6144, 1536])
S torch.Size([24, 6144, 1536])
step 00084/02088 (4.02%) | loss: 4.863670 | lrm: 1.00 | dt: 14609.87ms | tok/sec: 71,771 | bf16_mfu: 35.89 | epoch: 1 | total time: 18.02m | eta: 488.1m
kind=muon
kind=muon
kind=muon
kind=muon
P:  torch.Size([12, 32])
S torch.Size([12, 12, 32])
P:  torch.Size([1536, 1536])
S torch.Size([96, 1536, 1536])
P:  torch.Size([1536, 6144])
S torch.Size([24, 1536, 6144])
P:  torch.Size([6144, 1536])
S torch.Size([24, 6144, 1536])
step 00085/02088 (4.07%) | loss: 4.842135 | lrm: 1.00 | dt: 14610.60ms | tok/sec: 71,768 | bf16_mfu: 35.88 | epoch: 1 | total time: 18.27m | eta: 487.9m
kind=muon
kind=muon
kind=muon
kind=muon
P:  torch.Size([12, 32])
S torch.Size([12, 12, 32])
P:  torch.Size([1536, 1536])
S torch.Size([96, 1536, 1536])
P:  torch.Size([1536, 6144])
S torch.Size([24, 1536, 6144])
P:  torch.Size([6144, 1536])
S torch.Size([24, 6144, 1536])
step 00086/02088 (4.12%) | loss: 4.808480 | lrm: 1.00 | dt: 14611.99ms | tok/sec: 71,761 | bf16_mfu: 35.88 | epoch: 1 | total time: 18.51m | eta: 487.6m
kind=muon
kind=muon
kind=muon
kind=muon
P:  torch.Size([12, 32])
S torch.Size([12, 12, 32])
P:  torch.Size([1536, 1536])
S torch.Size([96, 1536, 1536])
P:  torch.Size([1536, 6144])
S torch.Size([24, 1536, 6144])
P:  torch.Size([6144, 1536])
S torch.Size([24, 6144, 1536])
step 00087/02088 (4.17%) | loss: 4.800373 | lrm: 1.00 | dt: 14612.53ms | tok/sec: 71,758 | bf16_mfu: 35.88 | epoch: 1 | total time: 18.75m | eta: 487.4m
kind=muon
kind=muon
kind=muon
kind=muon
P:  torch.Size([12, 32])
S torch.Size([12, 12, 32])
P:  torch.Size([1536, 1536])
S torch.Size([96, 1536, 1536])
P:  torch.Size([1536, 6144])
S torch.Size([24, 1536, 6144])
P:  torch.Size([6144, 1536])
S torch.Size([24, 6144, 1536])
step 00088/02088 (4.21%) | loss: 4.778507 | lrm: 1.00 | dt: 14611.36ms | tok/sec: 71,764 | bf16_mfu: 35.88 | epoch: 1 | total time: 19.00m | eta: 487.1m
kind=muon
kind=muon
kind=muon
kind=muon
P:  torch.Size([12, 32])
S torch.Size([12, 12, 32])
P:  torch.Size([1536, 1536])
S torch.Size([96, 1536, 1536])
P:  torch.Size([1536, 6144])
S torch.Size([24, 1536, 6144])
P:  torch.Size([6144, 1536])
S torch.Size([24, 6144, 1536])
step 00089/02088 (4.26%) | loss: 4.766723 | lrm: 1.00 | dt: 14617.87ms | tok/sec: 71,732 | bf16_mfu: 35.87 | epoch: 1 | total time: 19.24m | eta: 486.9m
kind=muon
kind=muon
kind=muon
kind=muon
P:  torch.Size([12, 32])
S torch.Size([12, 12, 32])
P:  torch.Size([1536, 1536])
S torch.Size([96, 1536, 1536])
P:  torch.Size([1536, 6144])
S torch.Size([24, 1536, 6144])
P:  torch.Size([6144, 1536])
S torch.Size([24, 6144, 1536])
step 00090/02088 (4.31%) | loss: 4.745429 | lrm: 1.00 | dt: 14615.94ms | tok/sec: 71,741 | bf16_mfu: 35.87 | epoch: 1 | total time: 19.49m | eta: 486.6m
kind=muon
kind=muon
kind=muon
kind=muon
P:  torch.Size([12, 32])
S torch.Size([12, 12, 32])
P:  torch.Size([1536, 1536])
S torch.Size([96, 1536, 1536])
P:  torch.Size([1536, 6144])
S torch.Size([24, 1536, 6144])
P:  torch.Size([6144, 1536])
S torch.Size([24, 6144, 1536])
step 00091/02088 (4.36%) | loss: 4.736348 | lrm: 1.00 | dt: 14610.02ms | tok/sec: 71,771 | bf16_mfu: 35.89 | epoch: 1 | total time: 19.73m | eta: 486.4m
kind=muon
kind=muon
kind=muon
kind=muon
P:  torch.Size([12, 32])
S torch.Size([12, 12, 32])
P:  torch.Size([1536, 1536])
S torch.Size([96, 1536, 1536])
P:  torch.Size([1536, 6144])
S torch.Size([24, 1536, 6144])
P:  torch.Size([6144, 1536])
S torch.Size([24, 6144, 1536])
step 00092/02088 (4.41%) | loss: 4.715242 | lrm: 1.00 | dt: 14608.58ms | tok/sec: 71,778 | bf16_mfu: 35.89 | epoch: 1 | total time: 19.97m | eta: 486.2m
kind=muon
kind=muon
kind=muon
kind=muon
P:  torch.Size([12, 32])
S torch.Size([12, 12, 32])
P:  torch.Size([1536, 1536])
S torch.Size([96, 1536, 1536])
P:  torch.Size([1536, 6144])
S torch.Size([24, 1536, 6144])
P:  torch.Size([6144, 1536])
S torch.Size([24, 6144, 1536])
step 00093/02088 (4.45%) | loss: 4.690409 | lrm: 1.00 | dt: 14613.28ms | tok/sec: 71,755 | bf16_mfu: 35.88 | epoch: 1 | total time: 20.22m | eta: 485.9m
kind=muon
kind=muon
kind=muon
kind=muon
P:  torch.Size([12, 32])
S torch.Size([12, 12, 32])
P:  torch.Size([1536, 1536])
S torch.Size([96, 1536, 1536])
P:  torch.Size([1536, 6144])
S torch.Size([24, 1536, 6144])
P:  torch.Size([6144, 1536])
S torch.Size([24, 6144, 1536])
step 00094/02088 (4.50%) | loss: 4.679188 | lrm: 1.00 | dt: 14617.21ms | tok/sec: 71,735 | bf16_mfu: 35.87 | epoch: 1 | total time: 20.46m | eta: 485.7m
kind=muon
kind=muon
kind=muon
kind=muon
P:  torch.Size([12, 32])
S torch.Size([12, 12, 32])
P:  torch.Size([1536, 1536])
S torch.Size([96, 1536, 1536])
P:  torch.Size([1536, 6144])
S torch.Size([24, 1536, 6144])
P:  torch.Size([6144, 1536])
S torch.Size([24, 6144, 1536])
step 00095/02088 (4.55%) | loss: 4.649338 | lrm: 1.00 | dt: 14608.96ms | tok/sec: 71,776 | bf16_mfu: 35.89 | epoch: 1 | total time: 20.70m | eta: 485.4m
kind=muon
kind=muon
kind=muon
kind=muon
P:  torch.Size([12, 32])
S torch.Size([12, 12, 32])
P:  torch.Size([1536, 1536])
S torch.Size([96, 1536, 1536])
P:  torch.Size([1536, 6144])
S torch.Size([24, 1536, 6144])
P:  torch.Size([6144, 1536])
S torch.Size([24, 6144, 1536])
step 00096/02088 (4.60%) | loss: 4.622429 | lrm: 1.00 | dt: 14608.70ms | tok/sec: 71,777 | bf16_mfu: 35.89 | epoch: 1 | total time: 20.95m | eta: 485.2m
kind=muon
kind=muon
kind=muon
kind=muon
P:  torch.Size([12, 32])
S torch.Size([12, 12, 32])
P:  torch.Size([1536, 1536])
S torch.Size([96, 1536, 1536])
P:  torch.Size([1536, 6144])
S torch.Size([24, 1536, 6144])
P:  torch.Size([6144, 1536])
S torch.Size([24, 6144, 1536])
step 00097/02088 (4.65%) | loss: 4.609467 | lrm: 1.00 | dt: 14611.46ms | tok/sec: 71,763 | bf16_mfu: 35.88 | epoch: 1 | total time: 21.19m | eta: 484.9m
kind=muon
kind=muon
kind=muon
kind=muon
P:  torch.Size([12, 32])
S torch.Size([12, 12, 32])
P:  torch.Size([1536, 1536])
S torch.Size([96, 1536, 1536])
P:  torch.Size([1536, 6144])
S torch.Size([24, 1536, 6144])
P:  torch.Size([6144, 1536])
S torch.Size([24, 6144, 1536])
step 00098/02088 (4.69%) | loss: 4.583079 | lrm: 1.00 | dt: 14610.72ms | tok/sec: 71,767 | bf16_mfu: 35.88 | epoch: 1 | total time: 21.43m | eta: 484.7m
kind=muon
kind=muon
kind=muon
kind=muon
P:  torch.Size([12, 32])
S torch.Size([12, 12, 32])
P:  torch.Size([1536, 1536])
S torch.Size([96, 1536, 1536])
P:  torch.Size([1536, 6144])
S torch.Size([24, 1536, 6144])
P:  torch.Size([6144, 1536])
S torch.Size([24, 6144, 1536])
step 00099/02088 (4.74%) | loss: 4.567913 | lrm: 1.00 | dt: 14610.07ms | tok/sec: 71,770 | bf16_mfu: 35.89 | epoch: 1 | total time: 21.68m | eta: 484.4m
kind=muon
kind=muon
kind=muon
kind=muon
P:  torch.Size([12, 32])
S torch.Size([12, 12, 32])
P:  torch.Size([1536, 1536])
S torch.Size([96, 1536, 1536])
P:  torch.Size([1536, 6144])
S torch.Size([24, 1536, 6144])
P:  torch.Size([6144, 1536])
S torch.Size([24, 6144, 1536])
step 00100/02088 (4.79%) | loss: 4.543738 | lrm: 1.00 | dt: 14609.87ms | tok/sec: 71,771 | bf16_mfu: 35.89 | epoch: 1 | total time: 21.92m | eta: 484.2m
kind=muon
kind=muon
kind=muon
kind=muon
P:  torch.Size([12, 32])
S torch.Size([12, 12, 32])
P:  torch.Size([1536, 1536])
S torch.Size([96, 1536, 1536])
P:  torch.Size([1536, 6144])
S torch.Size([24, 1536, 6144])
P:  torch.Size([6144, 1536])
S torch.Size([24, 6144, 1536])
step 00101/02088 (4.84%) | loss: 4.525072 | lrm: 1.00 | dt: 14608.51ms | tok/sec: 71,778 | bf16_mfu: 35.89 | epoch: 1 | total time: 22.16m | eta: 484.0m
kind=muon
kind=muon
kind=muon
kind=muon
P:  torch.Size([12, 32])
S torch.Size([12, 12, 32])
P:  torch.Size([1536, 1536])
S torch.Size([96, 1536, 1536])
P:  torch.Size([1536, 6144])
S torch.Size([24, 1536, 6144])
P:  torch.Size([6144, 1536])
S torch.Size([24, 6144, 1536])
step 00102/02088 (4.89%) | loss: 4.519064 | lrm: 1.00 | dt: 14612.76ms | tok/sec: 71,757 | bf16_mfu: 35.88 | epoch: 1 | total time: 22.41m | eta: 483.7m
kind=muon
kind=muon
kind=muon
kind=muon
P:  torch.Size([12, 32])
S torch.Size([12, 12, 32])
P:  torch.Size([1536, 1536])
S torch.Size([96, 1536, 1536])
P:  torch.Size([1536, 6144])
S torch.Size([24, 1536, 6144])
P:  torch.Size([6144, 1536])
S torch.Size([24, 6144, 1536])
step 00103/02088 (4.93%) | loss: 4.498923 | lrm: 1.00 | dt: 14612.07ms | tok/sec: 71,760 | bf16_mfu: 35.88 | epoch: 1 | total time: 22.65m | eta: 483.5m
kind=muon
kind=muon
kind=muon
kind=muon
P:  torch.Size([12, 32])
S torch.Size([12, 12, 32])
P:  torch.Size([1536, 1536])
S torch.Size([96, 1536, 1536])
P:  torch.Size([1536, 6144])
S torch.Size([24, 1536, 6144])
P:  torch.Size([6144, 1536])
S torch.Size([24, 6144, 1536])
step 00104/02088 (4.98%) | loss: 4.486969 | lrm: 1.00 | dt: 14614.98ms | tok/sec: 71,746 | bf16_mfu: 35.87 | epoch: 1 | total time: 22.89m | eta: 483.2m
kind=muon
kind=muon
kind=muon
kind=muon
P:  torch.Size([12, 32])
S torch.Size([12, 12, 32])
P:  torch.Size([1536, 1536])
S torch.Size([96, 1536, 1536])
P:  torch.Size([1536, 6144])
S torch.Size([24, 1536, 6144])
P:  torch.Size([6144, 1536])
S torch.Size([24, 6144, 1536])
step 00105/02088 (5.03%) | loss: 4.473423 | lrm: 1.00 | dt: 14608.41ms | tok/sec: 71,778 | bf16_mfu: 35.89 | epoch: 1 | total time: 23.14m | eta: 483.0m
kind=muon
kind=muon
kind=muon
kind=muon
P:  torch.Size([12, 32])
S torch.Size([12, 12, 32])
P:  torch.Size([1536, 1536])
S torch.Size([96, 1536, 1536])
P:  torch.Size([1536, 6144])
S torch.Size([24, 1536, 6144])
P:  torch.Size([6144, 1536])
S torch.Size([24, 6144, 1536])
step 00106/02088 (5.08%) | loss: 4.460507 | lrm: 1.00 | dt: 14611.51ms | tok/sec: 71,763 | bf16_mfu: 35.88 | epoch: 1 | total time: 23.38m | eta: 482.7m
kind=muon
kind=muon
kind=muon
kind=muon
P:  torch.Size([12, 32])
S torch.Size([12, 12, 32])
P:  torch.Size([1536, 1536])
S torch.Size([96, 1536, 1536])
P:  torch.Size([1536, 6144])
S torch.Size([24, 1536, 6144])
P:  torch.Size([6144, 1536])
S torch.Size([24, 6144, 1536])
step 00107/02088 (5.12%) | loss: 4.446308 | lrm: 1.00 | dt: 14608.34ms | tok/sec: 71,779 | bf16_mfu: 35.89 | epoch: 1 | total time: 23.63m | eta: 482.5m
kind=muon
kind=muon
kind=muon
kind=muon
P:  torch.Size([12, 32])
S torch.Size([12, 12, 32])
P:  torch.Size([1536, 1536])
S torch.Size([96, 1536, 1536])
P:  torch.Size([1536, 6144])
S torch.Size([24, 1536, 6144])
P:  torch.Size([6144, 1536])
S torch.Size([24, 6144, 1536])
step 00108/02088 (5.17%) | loss: 4.422200 | lrm: 1.00 | dt: 14612.87ms | tok/sec: 71,756 | bf16_mfu: 35.88 | epoch: 1 | total time: 23.87m | eta: 482.2m
kind=muon
kind=muon
kind=muon
kind=muon
P:  torch.Size([12, 32])
S torch.Size([12, 12, 32])
P:  torch.Size([1536, 1536])
S torch.Size([96, 1536, 1536])
P:  torch.Size([1536, 6144])
S torch.Size([24, 1536, 6144])
P:  torch.Size([6144, 1536])
S torch.Size([24, 6144, 1536])
step 00109/02088 (5.22%) | loss: 4.395709 | lrm: 1.00 | dt: 14613.47ms | tok/sec: 71,754 | bf16_mfu: 35.88 | epoch: 1 | total time: 24.11m | eta: 482.0m
kind=muon
kind=muon
kind=muon
kind=muon
P:  torch.Size([12, 32])
S torch.Size([12, 12, 32])
P:  torch.Size([1536, 1536])
S torch.Size([96, 1536, 1536])
P:  torch.Size([1536, 6144])
S torch.Size([24, 1536, 6144])
P:  torch.Size([6144, 1536])
S torch.Size([24, 6144, 1536])
step 00110/02088 (5.27%) | loss: 4.385076 | lrm: 1.00 | dt: 14608.17ms | tok/sec: 71,780 | bf16_mfu: 35.89 | epoch: 1 | total time: 24.36m | eta: 481.8m
kind=muon
kind=muon
kind=muon
kind=muon
P:  torch.Size([12, 32])
S torch.Size([12, 12, 32])
P:  torch.Size([1536, 1536])
S torch.Size([96, 1536, 1536])
P:  torch.Size([1536, 6144])
S torch.Size([24, 1536, 6144])
P:  torch.Size([6144, 1536])
S torch.Size([24, 6144, 1536])
step 00111/02088 (5.32%) | loss: 4.372529 | lrm: 1.00 | dt: 14614.83ms | tok/sec: 71,747 | bf16_mfu: 35.87 | epoch: 1 | total time: 24.60m | eta: 481.5m
kind=muon
kind=muon
kind=muon
kind=muon
P:  torch.Size([12, 32])
S torch.Size([12, 12, 32])
P:  torch.Size([1536, 1536])
S torch.Size([96, 1536, 1536])
P:  torch.Size([1536, 6144])
S torch.Size([24, 1536, 6144])
P:  torch.Size([6144, 1536])
S torch.Size([24, 6144, 1536])
step 00112/02088 (5.36%) | loss: 4.352128 | lrm: 1.00 | dt: 14609.21ms | tok/sec: 71,774 | bf16_mfu: 35.89 | epoch: 1 | total time: 24.84m | eta: 481.3m
kind=muon
kind=muon
kind=muon
kind=muon
P:  torch.Size([12, 32])
S torch.Size([12, 12, 32])
P:  torch.Size([1536, 1536])
S torch.Size([96, 1536, 1536])
P:  torch.Size([1536, 6144])
S torch.Size([24, 1536, 6144])
P:  torch.Size([6144, 1536])
S torch.Size([24, 6144, 1536])
step 00113/02088 (5.41%) | loss: 4.336060 | lrm: 1.00 | dt: 14610.24ms | tok/sec: 71,769 | bf16_mfu: 35.89 | epoch: 1 | total time: 25.09m | eta: 481.0m
kind=muon
kind=muon
kind=muon
kind=muon
P:  torch.Size([12, 32])
S torch.Size([12, 12, 32])
P:  torch.Size([1536, 1536])
S torch.Size([96, 1536, 1536])
P:  torch.Size([1536, 6144])
S torch.Size([24, 1536, 6144])
P:  torch.Size([6144, 1536])
S torch.Size([24, 6144, 1536])
step 00114/02088 (5.46%) | loss: 4.335863 | lrm: 1.00 | dt: 14613.66ms | tok/sec: 71,753 | bf16_mfu: 35.88 | epoch: 1 | total time: 25.33m | eta: 480.8m
kind=muon
kind=muon
kind=muon
kind=muon
P:  torch.Size([12, 32])
S torch.Size([12, 12, 32])
P:  torch.Size([1536, 1536])
S torch.Size([96, 1536, 1536])
P:  torch.Size([1536, 6144])
S torch.Size([24, 1536, 6144])
P:  torch.Size([6144, 1536])
S torch.Size([24, 6144, 1536])
step 00115/02088 (5.51%) | loss: 4.314173 | lrm: 1.00 | dt: 14615.10ms | tok/sec: 71,746 | bf16_mfu: 35.87 | epoch: 1 | total time: 25.57m | eta: 480.5m
kind=muon
kind=muon
kind=muon
kind=muon
P:  torch.Size([12, 32])
S torch.Size([12, 12, 32])
P:  torch.Size([1536, 1536])
S torch.Size([96, 1536, 1536])
P:  torch.Size([1536, 6144])
S torch.Size([24, 1536, 6144])
P:  torch.Size([6144, 1536])
S torch.Size([24, 6144, 1536])
step 00116/02088 (5.56%) | loss: 4.308673 | lrm: 1.00 | dt: 14611.83ms | tok/sec: 71,762 | bf16_mfu: 35.88 | epoch: 1 | total time: 25.82m | eta: 480.3m
kind=muon
kind=muon
kind=muon
kind=muon
P:  torch.Size([12, 32])
S torch.Size([12, 12, 32])
P:  torch.Size([1536, 1536])
S torch.Size([96, 1536, 1536])
P:  torch.Size([1536, 6144])
S torch.Size([24, 1536, 6144])
P:  torch.Size([6144, 1536])
S torch.Size([24, 6144, 1536])
step 00117/02088 (5.60%) | loss: 4.303868 | lrm: 1.00 | dt: 14607.97ms | tok/sec: 71,781 | bf16_mfu: 35.89 | epoch: 1 | total time: 26.06m | eta: 480.0m
kind=muon
kind=muon
kind=muon
kind=muon
P:  torch.Size([12, 32])
S torch.Size([12, 12, 32])
P:  torch.Size([1536, 1536])
S torch.Size([96, 1536, 1536])
P:  torch.Size([1536, 6144])
S torch.Size([24, 1536, 6144])
P:  torch.Size([6144, 1536])
S torch.Size([24, 6144, 1536])
step 00118/02088 (5.65%) | loss: 4.295068 | lrm: 1.00 | dt: 14614.83ms | tok/sec: 71,747 | bf16_mfu: 35.87 | epoch: 1 | total time: 26.30m | eta: 479.8m
kind=muon
kind=muon
kind=muon
kind=muon
P:  torch.Size([12, 32])
S torch.Size([12, 12, 32])
P:  torch.Size([1536, 1536])
S torch.Size([96, 1536, 1536])
P:  torch.Size([1536, 6144])
S torch.Size([24, 1536, 6144])
P:  torch.Size([6144, 1536])
S torch.Size([24, 6144, 1536])
step 00119/02088 (5.70%) | loss: 4.276360 | lrm: 1.00 | dt: 14613.14ms | tok/sec: 71,755 | bf16_mfu: 35.88 | epoch: 1 | total time: 26.55m | eta: 479.6m
kind=muon
kind=muon
kind=muon
kind=muon
P:  torch.Size([12, 32])
S torch.Size([12, 12, 32])
P:  torch.Size([1536, 1536])
S torch.Size([96, 1536, 1536])
P:  torch.Size([1536, 6144])
S torch.Size([24, 1536, 6144])
P:  torch.Size([6144, 1536])
S torch.Size([24, 6144, 1536])
step 00120/02088 (5.75%) | loss: 4.266321 | lrm: 1.00 | dt: 14613.43ms | tok/sec: 71,754 | bf16_mfu: 35.88 | epoch: 1 | total time: 26.79m | eta: 479.3m
kind=muon
kind=muon
kind=muon
kind=muon
P:  torch.Size([12, 32])
S torch.Size([12, 12, 32])
P:  torch.Size([1536, 1536])
S torch.Size([96, 1536, 1536])
P:  torch.Size([1536, 6144])
S torch.Size([24, 1536, 6144])
P:  torch.Size([6144, 1536])
S torch.Size([24, 6144, 1536])
step 00121/02088 (5.80%) | loss: 4.240712 | lrm: 1.00 | dt: 14613.53ms | tok/sec: 71,753 | bf16_mfu: 35.88 | epoch: 1 | total time: 27.03m | eta: 479.1m
kind=muon
kind=muon
kind=muon
kind=muon
P:  torch.Size([12, 32])
S torch.Size([12, 12, 32])
P:  torch.Size([1536, 1536])
S torch.Size([96, 1536, 1536])
P:  torch.Size([1536, 6144])
S torch.Size([24, 1536, 6144])
P:  torch.Size([6144, 1536])
S torch.Size([24, 6144, 1536])
step 00122/02088 (5.84%) | loss: 4.226182 | lrm: 1.00 | dt: 14613.89ms | tok/sec: 71,752 | bf16_mfu: 35.88 | epoch: 1 | total time: 27.28m | eta: 478.8m
kind=muon
kind=muon
kind=muon
kind=muon
P:  torch.Size([12, 32])
S torch.Size([12, 12, 32])
P:  torch.Size([1536, 1536])
S torch.Size([96, 1536, 1536])
P:  torch.Size([1536, 6144])
S torch.Size([24, 1536, 6144])
P:  torch.Size([6144, 1536])
S torch.Size([24, 6144, 1536])
step 00123/02088 (5.89%) | loss: 4.202708 | lrm: 1.00 | dt: 14610.42ms | tok/sec: 71,769 | bf16_mfu: 35.89 | epoch: 1 | total time: 27.52m | eta: 478.6m
kind=muon
kind=muon
kind=muon
kind=muon
P:  torch.Size([12, 32])
S torch.Size([12, 12, 32])
P:  torch.Size([1536, 1536])
S torch.Size([96, 1536, 1536])
P:  torch.Size([1536, 6144])
S torch.Size([24, 1536, 6144])
P:  torch.Size([6144, 1536])
S torch.Size([24, 6144, 1536])
step 00124/02088 (5.94%) | loss: 4.182649 | lrm: 1.00 | dt: 14614.26ms | tok/sec: 71,750 | bf16_mfu: 35.88 | epoch: 1 | total time: 27.77m | eta: 478.3m
kind=muon
kind=muon
kind=muon
kind=muon
P:  torch.Size([12, 32])
S torch.Size([12, 12, 32])
P:  torch.Size([1536, 1536])
S torch.Size([96, 1536, 1536])
P:  torch.Size([1536, 6144])
S torch.Size([24, 1536, 6144])
P:  torch.Size([6144, 1536])
S torch.Size([24, 6144, 1536])
step 00125/02088 (5.99%) | loss: 4.173394 | lrm: 1.00 | dt: 14611.86ms | tok/sec: 71,761 | bf16_mfu: 35.88 | epoch: 1 | total time: 28.01m | eta: 478.1m
kind=muon
kind=muon
kind=muon
kind=muon
P:  torch.Size([12, 32])
S torch.Size([12, 12, 32])
P:  torch.Size([1536, 1536])
S torch.Size([96, 1536, 1536])
P:  torch.Size([1536, 6144])
S torch.Size([24, 1536, 6144])
P:  torch.Size([6144, 1536])
S torch.Size([24, 6144, 1536])
step 00126/02088 (6.03%) | loss: 4.159385 | lrm: 1.00 | dt: 14613.68ms | tok/sec: 71,753 | bf16_mfu: 35.88 | epoch: 1 | total time: 28.25m | eta: 477.9m
kind=muon
kind=muon
kind=muon
kind=muon
P:  torch.Size([12, 32])
S torch.Size([12, 12, 32])
P:  torch.Size([1536, 1536])
S torch.Size([96, 1536, 1536])
P:  torch.Size([1536, 6144])
S torch.Size([24, 1536, 6144])
P:  torch.Size([6144, 1536])
S torch.Size([24, 6144, 1536])
step 00127/02088 (6.08%) | loss: 4.146251 | lrm: 1.00 | dt: 14617.14ms | tok/sec: 71,736 | bf16_mfu: 35.87 | epoch: 1 | total time: 28.50m | eta: 477.6m
kind=muon
kind=muon
kind=muon
kind=muon
P:  torch.Size([12, 32])
S torch.Size([12, 12, 32])
P:  torch.Size([1536, 1536])
S torch.Size([96, 1536, 1536])
P:  torch.Size([1536, 6144])
S torch.Size([24, 1536, 6144])
P:  torch.Size([6144, 1536])
S torch.Size([24, 6144, 1536])
step 00128/02088 (6.13%) | loss: 4.139126 | lrm: 1.00 | dt: 14614.33ms | tok/sec: 71,749 | bf16_mfu: 35.88 | epoch: 1 | total time: 28.74m | eta: 477.4m
kind=muon
kind=muon
kind=muon
kind=muon
P:  torch.Size([12, 32])
S torch.Size([12, 12, 32])
P:  torch.Size([1536, 1536])
S torch.Size([96, 1536, 1536])
P:  torch.Size([1536, 6144])
S torch.Size([24, 1536, 6144])
P:  torch.Size([6144, 1536])
S torch.Size([24, 6144, 1536])
step 00129/02088 (6.18%) | loss: 4.127283 | lrm: 1.00 | dt: 14606.55ms | tok/sec: 71,788 | bf16_mfu: 35.89 | epoch: 1 | total time: 28.98m | eta: 477.1m
kind=muon
kind=muon
kind=muon
kind=muon
P:  torch.Size([12, 32])
S torch.Size([12, 12, 32])
P:  torch.Size([1536, 1536])
S torch.Size([96, 1536, 1536])
P:  torch.Size([1536, 6144])
S torch.Size([24, 1536, 6144])
P:  torch.Size([6144, 1536])
S torch.Size([24, 6144, 1536])
step 00130/02088 (6.23%) | loss: 4.118181 | lrm: 1.00 | dt: 14612.16ms | tok/sec: 71,760 | bf16_mfu: 35.88 | epoch: 1 | total time: 29.23m | eta: 476.9m
kind=muon
kind=muon
kind=muon
kind=muon
P:  torch.Size([12, 32])
S torch.Size([12, 12, 32])
P:  torch.Size([1536, 1536])
S torch.Size([96, 1536, 1536])
P:  torch.Size([1536, 6144])
S torch.Size([24, 1536, 6144])
P:  torch.Size([6144, 1536])
S torch.Size([24, 6144, 1536])
step 00131/02088 (6.27%) | loss: 4.098897 | lrm: 1.00 | dt: 14603.97ms | tok/sec: 71,800 | bf16_mfu: 35.90 | epoch: 1 | total time: 29.47m | eta: 476.6m
kind=muon
kind=muon
kind=muon
kind=muon
P:  torch.Size([12, 32])
S torch.Size([12, 12, 32])
P:  torch.Size([1536, 1536])
S torch.Size([96, 1536, 1536])
P:  torch.Size([1536, 6144])
S torch.Size([24, 1536, 6144])
P:  torch.Size([6144, 1536])
S torch.Size([24, 6144, 1536])
step 00132/02088 (6.32%) | loss: 4.085807 | lrm: 1.00 | dt: 14608.80ms | tok/sec: 71,777 | bf16_mfu: 35.89 | epoch: 1 | total time: 29.71m | eta: 476.4m
kind=muon
kind=muon
kind=muon
kind=muon
P:  torch.Size([12, 32])
S torch.Size([12, 12, 32])
P:  torch.Size([1536, 1536])
S torch.Size([96, 1536, 1536])
P:  torch.Size([1536, 6144])
S torch.Size([24, 1536, 6144])
P:  torch.Size([6144, 1536])
S torch.Size([24, 6144, 1536])
step 00133/02088 (6.37%) | loss: 4.088719 | lrm: 1.00 | dt: 14607.59ms | tok/sec: 71,782 | bf16_mfu: 35.89 | epoch: 1 | total time: 29.96m | eta: 476.1m
kind=muon
kind=muon
kind=muon
kind=muon
P:  torch.Size([12, 32])
S torch.Size([12, 12, 32])
P:  torch.Size([1536, 1536])
S torch.Size([96, 1536, 1536])
P:  torch.Size([1536, 6144])
S torch.Size([24, 1536, 6144])
P:  torch.Size([6144, 1536])
S torch.Size([24, 6144, 1536])
step 00134/02088 (6.42%) | loss: 4.077000 | lrm: 1.00 | dt: 14611.30ms | tok/sec: 71,764 | bf16_mfu: 35.88 | epoch: 1 | total time: 30.20m | eta: 475.9m
kind=muon
kind=muon
kind=muon
kind=muon
P:  torch.Size([12, 32])
S torch.Size([12, 12, 32])
P:  torch.Size([1536, 1536])
S torch.Size([96, 1536, 1536])
P:  torch.Size([1536, 6144])
S torch.Size([24, 1536, 6144])
P:  torch.Size([6144, 1536])
S torch.Size([24, 6144, 1536])
step 00135/02088 (6.47%) | loss: 4.060085 | lrm: 1.00 | dt: 14613.99ms | tok/sec: 71,751 | bf16_mfu: 35.88 | epoch: 1 | total time: 30.44m | eta: 475.7m
kind=muon
kind=muon
kind=muon
kind=muon
P:  torch.Size([12, 32])
S torch.Size([12, 12, 32])
P:  torch.Size([1536, 1536])
S torch.Size([96, 1536, 1536])
P:  torch.Size([1536, 6144])
S torch.Size([24, 1536, 6144])
P:  torch.Size([6144, 1536])
S torch.Size([24, 6144, 1536])
step 00136/02088 (6.51%) | loss: 4.037574 | lrm: 1.00 | dt: 14613.57ms | tok/sec: 71,753 | bf16_mfu: 35.88 | epoch: 1 | total time: 30.69m | eta: 475.4m
kind=muon
kind=muon
kind=muon
kind=muon
P:  torch.Size([12, 32])
S torch.Size([12, 12, 32])
P:  torch.Size([1536, 1536])
S torch.Size([96, 1536, 1536])
P:  torch.Size([1536, 6144])
S torch.Size([24, 1536, 6144])
P:  torch.Size([6144, 1536])
S torch.Size([24, 6144, 1536])
step 00137/02088 (6.56%) | loss: 4.013086 | lrm: 1.00 | dt: 14606.09ms | tok/sec: 71,790 | bf16_mfu: 35.90 | epoch: 1 | total time: 30.93m | eta: 475.2m
kind=muon
kind=muon
kind=muon
kind=muon
P:  torch.Size([12, 32])
S torch.Size([12, 12, 32])
P:  torch.Size([1536, 1536])
S torch.Size([96, 1536, 1536])
P:  torch.Size([1536, 6144])
S torch.Size([24, 1536, 6144])
P:  torch.Size([6144, 1536])
S torch.Size([24, 6144, 1536])
step 00138/02088 (6.61%) | loss: 4.014703 | lrm: 1.00 | dt: 14614.80ms | tok/sec: 71,747 | bf16_mfu: 35.87 | epoch: 1 | total time: 31.17m | eta: 474.9m
kind=muon
kind=muon
kind=muon
kind=muon
P:  torch.Size([12, 32])
S torch.Size([12, 12, 32])
P:  torch.Size([1536, 1536])
S torch.Size([96, 1536, 1536])
P:  torch.Size([1536, 6144])
S torch.Size([24, 1536, 6144])
P:  torch.Size([6144, 1536])
S torch.Size([24, 6144, 1536])
step 00139/02088 (6.66%) | loss: 4.017502 | lrm: 1.00 | dt: 14610.82ms | tok/sec: 71,767 | bf16_mfu: 35.88 | epoch: 1 | total time: 31.42m | eta: 474.7m
kind=muon
kind=muon
kind=muon
kind=muon
P:  torch.Size([12, 32])
S torch.Size([12, 12, 32])
P:  torch.Size([1536, 1536])
S torch.Size([96, 1536, 1536])
P:  torch.Size([1536, 6144])
S torch.Size([24, 1536, 6144])
P:  torch.Size([6144, 1536])
S torch.Size([24, 6144, 1536])
step 00140/02088 (6.70%) | loss: 4.006410 | lrm: 1.00 | dt: 14612.52ms | tok/sec: 71,758 | bf16_mfu: 35.88 | epoch: 1 | total time: 31.66m | eta: 474.4m
kind=muon
kind=muon
kind=muon
kind=muon
P:  torch.Size([12, 32])
S torch.Size([12, 12, 32])
P:  torch.Size([1536, 1536])
S torch.Size([96, 1536, 1536])
P:  torch.Size([1536, 6144])
S torch.Size([24, 1536, 6144])
P:  torch.Size([6144, 1536])
S torch.Size([24, 6144, 1536])
step 00141/02088 (6.75%) | loss: 3.986080 | lrm: 1.00 | dt: 14612.99ms | tok/sec: 71,756 | bf16_mfu: 35.88 | epoch: 1 | total time: 31.91m | eta: 474.2m
kind=muon
kind=muon
kind=muon
kind=muon
P:  torch.Size([12, 32])
S torch.Size([12, 12, 32])
P:  torch.Size([1536, 1536])
S torch.Size([96, 1536, 1536])
P:  torch.Size([1536, 6144])
S torch.Size([24, 1536, 6144])
P:  torch.Size([6144, 1536])
S torch.Size([24, 6144, 1536])
step 00142/02088 (6.80%) | loss: 3.970673 | lrm: 1.00 | dt: 14613.33ms | tok/sec: 71,754 | bf16_mfu: 35.88 | epoch: 1 | total time: 32.15m | eta: 474.0m
kind=muon
kind=muon
kind=muon
kind=muon
P:  torch.Size([12, 32])
S torch.Size([12, 12, 32])
P:  torch.Size([1536, 1536])
S torch.Size([96, 1536, 1536])
P:  torch.Size([1536, 6144])
S torch.Size([24, 1536, 6144])
P:  torch.Size([6144, 1536])
S torch.Size([24, 6144, 1536])
step 00143/02088 (6.85%) | loss: 3.973491 | lrm: 1.00 | dt: 14614.42ms | tok/sec: 71,749 | bf16_mfu: 35.88 | epoch: 1 | total time: 32.39m | eta: 473.7m
kind=muon
kind=muon
kind=muon
kind=muon
P:  torch.Size([12, 32])
S torch.Size([12, 12, 32])
P:  torch.Size([1536, 1536])
S torch.Size([96, 1536, 1536])
P:  torch.Size([1536, 6144])
S torch.Size([24, 1536, 6144])
P:  torch.Size([6144, 1536])
S torch.Size([24, 6144, 1536])
step 00144/02088 (6.90%) | loss: 3.962381 | lrm: 1.00 | dt: 14609.49ms | tok/sec: 71,773 | bf16_mfu: 35.89 | epoch: 1 | total time: 32.64m | eta: 473.5m
kind=muon
kind=muon
kind=muon
kind=muon
P:  torch.Size([12, 32])
S torch.Size([12, 12, 32])
P:  torch.Size([1536, 1536])
S torch.Size([96, 1536, 1536])
P:  torch.Size([1536, 6144])
S torch.Size([24, 1536, 6144])
P:  torch.Size([6144, 1536])
S torch.Size([24, 6144, 1536])
step 00145/02088 (6.94%) | loss: 3.948395 | lrm: 1.00 | dt: 14609.83ms | tok/sec: 71,771 | bf16_mfu: 35.89 | epoch: 1 | total time: 32.88m | eta: 473.2m
kind=muon
kind=muon
kind=muon
kind=muon
P:  torch.Size([12, 32])
S torch.Size([12, 12, 32])
P:  torch.Size([1536, 1536])
S torch.Size([96, 1536, 1536])
P:  torch.Size([1536, 6144])
S torch.Size([24, 1536, 6144])
P:  torch.Size([6144, 1536])
S torch.Size([24, 6144, 1536])
step 00146/02088 (6.99%) | loss: 3.930636 | lrm: 1.00 | dt: 14614.52ms | tok/sec: 71,748 | bf16_mfu: 35.88 | epoch: 1 | total time: 33.12m | eta: 473.0m
kind=muon
kind=muon
kind=muon
kind=muon
P:  torch.Size([12, 32])
S torch.Size([12, 12, 32])
P:  torch.Size([1536, 1536])
S torch.Size([96, 1536, 1536])
P:  torch.Size([1536, 6144])
S torch.Size([24, 1536, 6144])
P:  torch.Size([6144, 1536])
S torch.Size([24, 6144, 1536])
step 00147/02088 (7.04%) | loss: 3.930207 | lrm: 1.00 | dt: 14607.17ms | tok/sec: 71,785 | bf16_mfu: 35.89 | epoch: 1 | total time: 33.37m | eta: 472.7m
kind=muon
kind=muon
kind=muon
kind=muon
P:  torch.Size([12, 32])
S torch.Size([12, 12, 32])
P:  torch.Size([1536, 1536])
S torch.Size([96, 1536, 1536])
P:  torch.Size([1536, 6144])
S torch.Size([24, 1536, 6144])
P:  torch.Size([6144, 1536])
S torch.Size([24, 6144, 1536])
step 00148/02088 (7.09%) | loss: 3.917523 | lrm: 1.00 | dt: 14614.09ms | tok/sec: 71,751 | bf16_mfu: 35.88 | epoch: 1 | total time: 33.61m | eta: 472.5m
kind=muon
kind=muon
kind=muon
kind=muon
P:  torch.Size([12, 32])
S torch.Size([12, 12, 32])
P:  torch.Size([1536, 1536])
S torch.Size([96, 1536, 1536])
P:  torch.Size([1536, 6144])
S torch.Size([24, 1536, 6144])
P:  torch.Size([6144, 1536])
S torch.Size([24, 6144, 1536])
step 00149/02088 (7.14%) | loss: 3.920004 | lrm: 1.00 | dt: 14609.63ms | tok/sec: 71,772 | bf16_mfu: 35.89 | epoch: 1 | total time: 33.85m | eta: 472.2m
kind=muon
kind=muon
kind=muon
kind=muon
P:  torch.Size([12, 32])
S torch.Size([12, 12, 32])
P:  torch.Size([1536, 1536])
S torch.Size([96, 1536, 1536])
P:  torch.Size([1536, 6144])
S torch.Size([24, 1536, 6144])
P:  torch.Size([6144, 1536])
S torch.Size([24, 6144, 1536])
step 00150/02088 (7.18%) | loss: 3.929456 | lrm: 1.00 | dt: 14614.00ms | tok/sec: 71,751 | bf16_mfu: 35.88 | epoch: 1 | total time: 34.10m | eta: 472.0m
kind=muon
kind=muon
kind=muon
kind=muon
P:  torch.Size([12, 32])
S torch.Size([12, 12, 32])
P:  torch.Size([1536, 1536])
S torch.Size([96, 1536, 1536])
P:  torch.Size([1536, 6144])
S torch.Size([24, 1536, 6144])
P:  torch.Size([6144, 1536])
S torch.Size([24, 6144, 1536])
step 00151/02088 (7.23%) | loss: 3.926156 | lrm: 1.00 | dt: 14610.09ms | tok/sec: 71,770 | bf16_mfu: 35.89 | epoch: 1 | total time: 34.34m | eta: 471.8m
kind=muon
kind=muon
kind=muon
kind=muon
P:  torch.Size([12, 32])
S torch.Size([12, 12, 32])
P:  torch.Size([1536, 1536])
S torch.Size([96, 1536, 1536])
P:  torch.Size([1536, 6144])
S torch.Size([24, 1536, 6144])
P:  torch.Size([6144, 1536])
S torch.Size([24, 6144, 1536])
step 00152/02088 (7.28%) | loss: 3.908864 | lrm: 1.00 | dt: 14606.16ms | tok/sec: 71,789 | bf16_mfu: 35.90 | epoch: 1 | total time: 34.58m | eta: 471.5m
kind=muon
kind=muon
kind=muon
kind=muon
P:  torch.Size([12, 32])
S torch.Size([12, 12, 32])
P:  torch.Size([1536, 1536])
S torch.Size([96, 1536, 1536])
P:  torch.Size([1536, 6144])
S torch.Size([24, 1536, 6144])
P:  torch.Size([6144, 1536])
S torch.Size([24, 6144, 1536])
step 00153/02088 (7.33%) | loss: 3.896461 | lrm: 1.00 | dt: 14609.21ms | tok/sec: 71,774 | bf16_mfu: 35.89 | epoch: 1 | total time: 34.83m | eta: 471.3m
kind=muon
kind=muon
kind=muon
kind=muon
P:  torch.Size([12, 32])
S torch.Size([12, 12, 32])
P:  torch.Size([1536, 1536])
S torch.Size([96, 1536, 1536])
P:  torch.Size([1536, 6144])
S torch.Size([24, 1536, 6144])
P:  torch.Size([6144, 1536])
S torch.Size([24, 6144, 1536])
step 00154/02088 (7.38%) | loss: 3.884463 | lrm: 1.00 | dt: 14613.64ms | tok/sec: 71,753 | bf16_mfu: 35.88 | epoch: 1 | total time: 35.07m | eta: 471.0m
kind=muon
kind=muon
kind=muon
kind=muon
P:  torch.Size([12, 32])
S torch.Size([12, 12, 32])
P:  torch.Size([1536, 1536])
S torch.Size([96, 1536, 1536])
P:  torch.Size([1536, 6144])
S torch.Size([24, 1536, 6144])
P:  torch.Size([6144, 1536])
S torch.Size([24, 6144, 1536])
step 00155/02088 (7.42%) | loss: 3.871604 | lrm: 1.00 | dt: 14607.03ms | tok/sec: 71,785 | bf16_mfu: 35.89 | epoch: 1 | total time: 35.31m | eta: 470.8m
kind=muon
kind=muon
kind=muon
kind=muon
P:  torch.Size([12, 32])
S torch.Size([12, 12, 32])
P:  torch.Size([1536, 1536])
S torch.Size([96, 1536, 1536])
P:  torch.Size([1536, 6144])
S torch.Size([24, 1536, 6144])
P:  torch.Size([6144, 1536])
S torch.Size([24, 6144, 1536])
step 00156/02088 (7.47%) | loss: 3.866806 | lrm: 1.00 | dt: 14613.88ms | tok/sec: 71,752 | bf16_mfu: 35.88 | epoch: 1 | total time: 35.56m | eta: 470.5m
kind=muon
kind=muon
kind=muon
kind=muon
P:  torch.Size([12, 32])
S torch.Size([12, 12, 32])
P:  torch.Size([1536, 1536])
S torch.Size([96, 1536, 1536])
P:  torch.Size([1536, 6144])
S torch.Size([24, 1536, 6144])
P:  torch.Size([6144, 1536])
S torch.Size([24, 6144, 1536])
step 00157/02088 (7.52%) | loss: 3.849372 | lrm: 1.00 | dt: 14614.16ms | tok/sec: 71,750 | bf16_mfu: 35.88 | epoch: 1 | total time: 35.80m | eta: 470.3m
kind=muon
kind=muon
kind=muon
kind=muon
P:  torch.Size([12, 32])
S torch.Size([12, 12, 32])
P:  torch.Size([1536, 1536])
S torch.Size([96, 1536, 1536])
P:  torch.Size([1536, 6144])
S torch.Size([24, 1536, 6144])
P:  torch.Size([6144, 1536])
S torch.Size([24, 6144, 1536])
step 00158/02088 (7.57%) | loss: 3.836421 | lrm: 1.00 | dt: 14609.59ms | tok/sec: 71,773 | bf16_mfu: 35.89 | epoch: 1 | total time: 36.05m | eta: 470.0m
kind=muon
kind=muon
kind=muon
kind=muon
P:  torch.Size([12, 32])
S torch.Size([12, 12, 32])
P:  torch.Size([1536, 1536])
S torch.Size([96, 1536, 1536])
P:  torch.Size([1536, 6144])
S torch.Size([24, 1536, 6144])
P:  torch.Size([6144, 1536])
S torch.Size([24, 6144, 1536])
step 00159/02088 (7.61%) | loss: 3.825124 | lrm: 1.00 | dt: 14610.57ms | tok/sec: 71,768 | bf16_mfu: 35.88 | epoch: 1 | total time: 36.29m | eta: 469.8m
kind=muon
kind=muon
kind=muon
kind=muon
P:  torch.Size([12, 32])
S torch.Size([12, 12, 32])
P:  torch.Size([1536, 1536])
S torch.Size([96, 1536, 1536])
P:  torch.Size([1536, 6144])
S torch.Size([24, 1536, 6144])
P:  torch.Size([6144, 1536])
S torch.Size([24, 6144, 1536])
step 00160/02088 (7.66%) | loss: 3.828608 | lrm: 1.00 | dt: 14607.67ms | tok/sec: 71,782 | bf16_mfu: 35.89 | epoch: 1 | total time: 36.53m | eta: 469.6m
kind=muon
kind=muon
kind=muon
kind=muon
P:  torch.Size([12, 32])
S torch.Size([12, 12, 32])
P:  torch.Size([1536, 1536])
S torch.Size([96, 1536, 1536])
P:  torch.Size([1536, 6144])
S torch.Size([24, 1536, 6144])
P:  torch.Size([6144, 1536])
S torch.Size([24, 6144, 1536])
step 00161/02088 (7.71%) | loss: 3.827452 | lrm: 1.00 | dt: 14609.40ms | tok/sec: 71,774 | bf16_mfu: 35.89 | epoch: 1 | total time: 36.78m | eta: 469.3m
kind=muon
kind=muon
kind=muon
kind=muon
P:  torch.Size([12, 32])
S torch.Size([12, 12, 32])
P:  torch.Size([1536, 1536])
S torch.Size([96, 1536, 1536])
P:  torch.Size([1536, 6144])
S torch.Size([24, 1536, 6144])
P:  torch.Size([6144, 1536])
S torch.Size([24, 6144, 1536])
step 00162/02088 (7.76%) | loss: 3.819746 | lrm: 1.00 | dt: 14610.63ms | tok/sec: 71,768 | bf16_mfu: 35.88 | epoch: 1 | total time: 37.02m | eta: 469.1m
kind=muon
kind=muon
kind=muon
kind=muon
P:  torch.Size([12, 32])
S torch.Size([12, 12, 32])
P:  torch.Size([1536, 1536])
S torch.Size([96, 1536, 1536])
P:  torch.Size([1536, 6144])
S torch.Size([24, 1536, 6144])
P:  torch.Size([6144, 1536])
S torch.Size([24, 6144, 1536])
step 00163/02088 (7.81%) | loss: 3.812954 | lrm: 1.00 | dt: 14608.25ms | tok/sec: 71,779 | bf16_mfu: 35.89 | epoch: 1 | total time: 37.26m | eta: 468.8m
kind=muon
kind=muon
kind=muon
kind=muon
P:  torch.Size([12, 32])
S torch.Size([12, 12, 32])
P:  torch.Size([1536, 1536])
S torch.Size([96, 1536, 1536])
P:  torch.Size([1536, 6144])
S torch.Size([24, 1536, 6144])
P:  torch.Size([6144, 1536])
S torch.Size([24, 6144, 1536])
step 00164/02088 (7.85%) | loss: 3.815955 | lrm: 1.00 | dt: 14613.77ms | tok/sec: 71,752 | bf16_mfu: 35.88 | epoch: 1 | total time: 37.51m | eta: 468.6m
kind=muon
kind=muon
kind=muon
kind=muon
P:  torch.Size([12, 32])
S torch.Size([12, 12, 32])
P:  torch.Size([1536, 1536])
S torch.Size([96, 1536, 1536])
P:  torch.Size([1536, 6144])
S torch.Size([24, 1536, 6144])
P:  torch.Size([6144, 1536])
S torch.Size([24, 6144, 1536])
step 00165/02088 (7.90%) | loss: 3.800503 | lrm: 1.00 | dt: 14609.44ms | tok/sec: 71,773 | bf16_mfu: 35.89 | epoch: 1 | total time: 37.75m | eta: 468.3m
kind=muon
kind=muon
kind=muon
kind=muon
P:  torch.Size([12, 32])
S torch.Size([12, 12, 32])
P:  torch.Size([1536, 1536])
S torch.Size([96, 1536, 1536])
P:  torch.Size([1536, 6144])
S torch.Size([24, 1536, 6144])
P:  torch.Size([6144, 1536])
S torch.Size([24, 6144, 1536])
step 00166/02088 (7.95%) | loss: 3.803655 | lrm: 1.00 | dt: 14608.37ms | tok/sec: 71,779 | bf16_mfu: 35.89 | epoch: 1 | total time: 37.99m | eta: 468.1m
kind=muon
kind=muon
kind=muon
kind=muon
P:  torch.Size([12, 32])
S torch.Size([12, 12, 32])
P:  torch.Size([1536, 1536])
S torch.Size([96, 1536, 1536])
P:  torch.Size([1536, 6144])
S torch.Size([24, 1536, 6144])
P:  torch.Size([6144, 1536])
S torch.Size([24, 6144, 1536])
step 00167/02088 (8.00%) | loss: 3.795678 | lrm: 1.00 | dt: 14608.36ms | tok/sec: 71,779 | bf16_mfu: 35.89 | epoch: 1 | total time: 38.24m | eta: 467.8m
kind=muon
kind=muon
kind=muon
kind=muon
P:  torch.Size([12, 32])
S torch.Size([12, 12, 32])
P:  torch.Size([1536, 1536])
S torch.Size([96, 1536, 1536])
P:  torch.Size([1536, 6144])
S torch.Size([24, 1536, 6144])
P:  torch.Size([6144, 1536])
S torch.Size([24, 6144, 1536])
step 00168/02088 (8.05%) | loss: 3.778236 | lrm: 1.00 | dt: 14612.36ms | tok/sec: 71,759 | bf16_mfu: 35.88 | epoch: 1 | total time: 38.48m | eta: 467.6m
kind=muon
kind=muon
kind=muon
kind=muon
P:  torch.Size([12, 32])
S torch.Size([12, 12, 32])
P:  torch.Size([1536, 1536])
S torch.Size([96, 1536, 1536])
P:  torch.Size([1536, 6144])
S torch.Size([24, 1536, 6144])
P:  torch.Size([6144, 1536])
S torch.Size([24, 6144, 1536])
step 00169/02088 (8.09%) | loss: 3.768575 | lrm: 1.00 | dt: 14607.12ms | tok/sec: 71,785 | bf16_mfu: 35.89 | epoch: 1 | total time: 38.72m | eta: 467.4m
kind=muon
kind=muon
kind=muon
kind=muon
P:  torch.Size([12, 32])
S torch.Size([12, 12, 32])
P:  torch.Size([1536, 1536])
S torch.Size([96, 1536, 1536])
P:  torch.Size([1536, 6144])
S torch.Size([24, 1536, 6144])
P:  torch.Size([6144, 1536])
S torch.Size([24, 6144, 1536])
step 00170/02088 (8.14%) | loss: 3.759330 | lrm: 1.00 | dt: 14610.03ms | tok/sec: 71,770 | bf16_mfu: 35.89 | epoch: 1 | total time: 38.97m | eta: 467.1m
kind=muon
kind=muon
kind=muon
kind=muon
P:  torch.Size([12, 32])
S torch.Size([12, 12, 32])
P:  torch.Size([1536, 1536])
S torch.Size([96, 1536, 1536])
P:  torch.Size([1536, 6144])
S torch.Size([24, 1536, 6144])
P:  torch.Size([6144, 1536])
S torch.Size([24, 6144, 1536])
step 00171/02088 (8.19%) | loss: 3.747801 | lrm: 1.00 | dt: 14609.30ms | tok/sec: 71,774 | bf16_mfu: 35.89 | epoch: 1 | total time: 39.21m | eta: 466.9m
kind=muon
kind=muon
kind=muon
kind=muon
P:  torch.Size([12, 32])
S torch.Size([12, 12, 32])
P:  torch.Size([1536, 1536])
S torch.Size([96, 1536, 1536])
P:  torch.Size([1536, 6144])
S torch.Size([24, 1536, 6144])
P:  torch.Size([6144, 1536])
S torch.Size([24, 6144, 1536])
step 00172/02088 (8.24%) | loss: 3.747370 | lrm: 1.00 | dt: 14609.02ms | tok/sec: 71,775 | bf16_mfu: 35.89 | epoch: 1 | total time: 39.45m | eta: 466.6m
kind=muon
kind=muon
kind=muon
kind=muon
P:  torch.Size([12, 32])
S torch.Size([12, 12, 32])
P:  torch.Size([1536, 1536])
S torch.Size([96, 1536, 1536])
P:  torch.Size([1536, 6144])
S torch.Size([24, 1536, 6144])
P:  torch.Size([6144, 1536])
S torch.Size([24, 6144, 1536])
step 00173/02088 (8.29%) | loss: 3.738729 | lrm: 1.00 | dt: 14609.16ms | tok/sec: 71,775 | bf16_mfu: 35.89 | epoch: 1 | total time: 39.70m | eta: 466.4m
kind=muon
kind=muon
kind=muon
kind=muon
P:  torch.Size([12, 32])
S torch.Size([12, 12, 32])
P:  torch.Size([1536, 1536])
S torch.Size([96, 1536, 1536])
P:  torch.Size([1536, 6144])
S torch.Size([24, 1536, 6144])
P:  torch.Size([6144, 1536])
S torch.Size([24, 6144, 1536])
step 00174/02088 (8.33%) | loss: 3.740582 | lrm: 1.00 | dt: 14601.89ms | tok/sec: 71,810 | bf16_mfu: 35.91 | epoch: 1 | total time: 39.94m | eta: 466.1m
kind=muon
kind=muon
kind=muon
kind=muon
P:  torch.Size([12, 32])
S torch.Size([12, 12, 32])
P:  torch.Size([1536, 1536])
S torch.Size([96, 1536, 1536])
P:  torch.Size([1536, 6144])
S torch.Size([24, 1536, 6144])
P:  torch.Size([6144, 1536])
S torch.Size([24, 6144, 1536])
step 00175/02088 (8.38%) | loss: 3.730533 | lrm: 1.00 | dt: 14608.34ms | tok/sec: 71,779 | bf16_mfu: 35.89 | epoch: 1 | total time: 40.18m | eta: 465.9m
kind=muon
kind=muon
kind=muon
kind=muon
P:  torch.Size([12, 32])
S torch.Size([12, 12, 32])
P:  torch.Size([1536, 1536])
S torch.Size([96, 1536, 1536])
P:  torch.Size([1536, 6144])
S torch.Size([24, 1536, 6144])
P:  torch.Size([6144, 1536])
S torch.Size([24, 6144, 1536])
step 00176/02088 (8.43%) | loss: 3.735125 | lrm: 1.00 | dt: 14609.82ms | tok/sec: 71,772 | bf16_mfu: 35.89 | epoch: 1 | total time: 40.43m | eta: 465.7m
kind=muon
kind=muon
kind=muon
kind=muon
P:  torch.Size([12, 32])
S torch.Size([12, 12, 32])
P:  torch.Size([1536, 1536])
S torch.Size([96, 1536, 1536])
P:  torch.Size([1536, 6144])
S torch.Size([24, 1536, 6144])
P:  torch.Size([6144, 1536])
S torch.Size([24, 6144, 1536])
step 00177/02088 (8.48%) | loss: 3.721695 | lrm: 1.00 | dt: 14607.71ms | tok/sec: 71,782 | bf16_mfu: 35.89 | epoch: 1 | total time: 40.67m | eta: 465.4m
kind=muon
kind=muon
kind=muon
kind=muon
P:  torch.Size([12, 32])
S torch.Size([12, 12, 32])
P:  torch.Size([1536, 1536])
S torch.Size([96, 1536, 1536])
P:  torch.Size([1536, 6144])
S torch.Size([24, 1536, 6144])
P:  torch.Size([6144, 1536])
S torch.Size([24, 6144, 1536])
step 00178/02088 (8.52%) | loss: 3.714342 | lrm: 1.00 | dt: 14608.95ms | tok/sec: 71,776 | bf16_mfu: 35.89 | epoch: 1 | total time: 40.91m | eta: 465.2m
kind=muon
kind=muon
kind=muon
kind=muon
P:  torch.Size([12, 32])
S torch.Size([12, 12, 32])
P:  torch.Size([1536, 1536])
S torch.Size([96, 1536, 1536])
P:  torch.Size([1536, 6144])
S torch.Size([24, 1536, 6144])
P:  torch.Size([6144, 1536])
S torch.Size([24, 6144, 1536])
step 00179/02088 (8.57%) | loss: 3.706490 | lrm: 1.00 | dt: 14604.45ms | tok/sec: 71,798 | bf16_mfu: 35.90 | epoch: 1 | total time: 41.16m | eta: 464.9m
kind=muon
kind=muon
kind=muon
kind=muon
P:  torch.Size([12, 32])
S torch.Size([12, 12, 32])
P:  torch.Size([1536, 1536])
S torch.Size([96, 1536, 1536])
P:  torch.Size([1536, 6144])
S torch.Size([24, 1536, 6144])
P:  torch.Size([6144, 1536])
S torch.Size([24, 6144, 1536])
step 00180/02088 (8.62%) | loss: 3.710813 | lrm: 1.00 | dt: 14603.69ms | tok/sec: 71,802 | bf16_mfu: 35.90 | epoch: 1 | total time: 41.40m | eta: 464.7m
kind=muon
kind=muon
kind=muon
kind=muon
P:  torch.Size([12, 32])
S torch.Size([12, 12, 32])
P:  torch.Size([1536, 1536])
S torch.Size([96, 1536, 1536])
P:  torch.Size([1536, 6144])
S torch.Size([24, 1536, 6144])
P:  torch.Size([6144, 1536])
S torch.Size([24, 6144, 1536])
step 00181/02088 (8.67%) | loss: 3.716092 | lrm: 1.00 | dt: 14609.31ms | tok/sec: 71,774 | bf16_mfu: 35.89 | epoch: 1 | total time: 41.65m | eta: 464.4m
kind=muon
kind=muon
kind=muon
kind=muon
P:  torch.Size([12, 32])
S torch.Size([12, 12, 32])
P:  torch.Size([1536, 1536])
S torch.Size([96, 1536, 1536])
P:  torch.Size([1536, 6144])
S torch.Size([24, 1536, 6144])
P:  torch.Size([6144, 1536])
S torch.Size([24, 6144, 1536])
step 00182/02088 (8.72%) | loss: 3.704696 | lrm: 1.00 | dt: 14608.44ms | tok/sec: 71,778 | bf16_mfu: 35.89 | epoch: 1 | total time: 41.89m | eta: 464.2m
kind=muon
kind=muon
kind=muon
kind=muon
P:  torch.Size([12, 32])
S torch.Size([12, 12, 32])
P:  torch.Size([1536, 1536])
S torch.Size([96, 1536, 1536])
P:  torch.Size([1536, 6144])
S torch.Size([24, 1536, 6144])
P:  torch.Size([6144, 1536])
S torch.Size([24, 6144, 1536])
step 00183/02088 (8.76%) | loss: 3.697801 | lrm: 1.00 | dt: 14608.08ms | tok/sec: 71,780 | bf16_mfu: 35.89 | epoch: 1 | total time: 42.13m | eta: 463.9m
kind=muon
kind=muon
kind=muon
kind=muon
P:  torch.Size([12, 32])
S torch.Size([12, 12, 32])
P:  torch.Size([1536, 1536])
S torch.Size([96, 1536, 1536])
P:  torch.Size([1536, 6144])
S torch.Size([24, 1536, 6144])
P:  torch.Size([6144, 1536])
S torch.Size([24, 6144, 1536])
step 00184/02088 (8.81%) | loss: 3.679067 | lrm: 1.00 | dt: 14606.19ms | tok/sec: 71,789 | bf16_mfu: 35.90 | epoch: 1 | total time: 42.38m | eta: 463.7m
kind=muon
kind=muon
kind=muon
kind=muon
P:  torch.Size([12, 32])
S torch.Size([12, 12, 32])
P:  torch.Size([1536, 1536])
S torch.Size([96, 1536, 1536])
P:  torch.Size([1536, 6144])
S torch.Size([24, 1536, 6144])
P:  torch.Size([6144, 1536])
S torch.Size([24, 6144, 1536])
step 00185/02088 (8.86%) | loss: 3.657134 | lrm: 1.00 | dt: 14609.19ms | tok/sec: 71,775 | bf16_mfu: 35.89 | epoch: 1 | total time: 42.62m | eta: 463.5m
kind=muon
kind=muon
kind=muon
kind=muon
P:  torch.Size([12, 32])
S torch.Size([12, 12, 32])
P:  torch.Size([1536, 1536])
S torch.Size([96, 1536, 1536])
P:  torch.Size([1536, 6144])
S torch.Size([24, 1536, 6144])
P:  torch.Size([6144, 1536])
S torch.Size([24, 6144, 1536])
step 00186/02088 (8.91%) | loss: 3.648589 | lrm: 1.00 | dt: 14606.18ms | tok/sec: 71,789 | bf16_mfu: 35.90 | epoch: 1 | total time: 42.86m | eta: 463.2m
kind=muon
kind=muon
kind=muon
kind=muon
P:  torch.Size([12, 32])
S torch.Size([12, 12, 32])
P:  torch.Size([1536, 1536])
S torch.Size([96, 1536, 1536])
P:  torch.Size([1536, 6144])
S torch.Size([24, 1536, 6144])
P:  torch.Size([6144, 1536])
S torch.Size([24, 6144, 1536])
step 00187/02088 (8.96%) | loss: 3.643334 | lrm: 1.00 | dt: 14609.29ms | tok/sec: 71,774 | bf16_mfu: 35.89 | epoch: 1 | total time: 43.11m | eta: 463.0m
kind=muon
kind=muon
kind=muon
kind=muon
P:  torch.Size([12, 32])
S torch.Size([12, 12, 32])
P:  torch.Size([1536, 1536])
S torch.Size([96, 1536, 1536])
P:  torch.Size([1536, 6144])
S torch.Size([24, 1536, 6144])
P:  torch.Size([6144, 1536])
S torch.Size([24, 6144, 1536])
step 00188/02088 (9.00%) | loss: 3.633347 | lrm: 1.00 | dt: 14599.35ms | tok/sec: 71,823 | bf16_mfu: 35.91 | epoch: 1 | total time: 43.35m | eta: 462.7m
kind=muon
kind=muon
kind=muon
kind=muon
P:  torch.Size([12, 32])
S torch.Size([12, 12, 32])
P:  torch.Size([1536, 1536])
S torch.Size([96, 1536, 1536])
P:  torch.Size([1536, 6144])
S torch.Size([24, 1536, 6144])
P:  torch.Size([6144, 1536])
S torch.Size([24, 6144, 1536])
step 00189/02088 (9.05%) | loss: 3.634915 | lrm: 1.00 | dt: 14603.78ms | tok/sec: 71,801 | bf16_mfu: 35.90 | epoch: 1 | total time: 43.59m | eta: 462.5m
kind=muon
kind=muon
kind=muon
kind=muon
P:  torch.Size([12, 32])
S torch.Size([12, 12, 32])
P:  torch.Size([1536, 1536])
S torch.Size([96, 1536, 1536])
P:  torch.Size([1536, 6144])
S torch.Size([24, 1536, 6144])
P:  torch.Size([6144, 1536])
S torch.Size([24, 6144, 1536])
step 00190/02088 (9.10%) | loss: 3.635742 | lrm: 1.00 | dt: 14601.96ms | tok/sec: 71,810 | bf16_mfu: 35.91 | epoch: 1 | total time: 43.84m | eta: 462.2m
kind=muon
kind=muon
kind=muon
kind=muon
P:  torch.Size([12, 32])
S torch.Size([12, 12, 32])
P:  torch.Size([1536, 1536])
S torch.Size([96, 1536, 1536])
P:  torch.Size([1536, 6144])
S torch.Size([24, 1536, 6144])
P:  torch.Size([6144, 1536])
S torch.Size([24, 6144, 1536])
step 00191/02088 (9.15%) | loss: 3.660609 | lrm: 1.00 | dt: 14604.39ms | tok/sec: 71,798 | bf16_mfu: 35.90 | epoch: 1 | total time: 44.08m | eta: 462.0m
kind=muon
kind=muon
kind=muon
kind=muon
P:  torch.Size([12, 32])
S torch.Size([12, 12, 32])
P:  torch.Size([1536, 1536])
S torch.Size([96, 1536, 1536])
P:  torch.Size([1536, 6144])
S torch.Size([24, 1536, 6144])
P:  torch.Size([6144, 1536])
S torch.Size([24, 6144, 1536])
step 00192/02088 (9.20%) | loss: 3.666469 | lrm: 1.00 | dt: 14605.61ms | tok/sec: 71,792 | bf16_mfu: 35.90 | epoch: 1 | total time: 44.32m | eta: 461.7m
kind=muon
kind=muon
kind=muon
kind=muon
P:  torch.Size([12, 32])
S torch.Size([12, 12, 32])
P:  torch.Size([1536, 1536])
S torch.Size([96, 1536, 1536])
P:  torch.Size([1536, 6144])
S torch.Size([24, 1536, 6144])
P:  torch.Size([6144, 1536])
S torch.Size([24, 6144, 1536])
step 00193/02088 (9.24%) | loss: 3.660712 | lrm: 1.00 | dt: 14612.58ms | tok/sec: 71,758 | bf16_mfu: 35.88 | epoch: 1 | total time: 44.57m | eta: 461.5m
kind=muon
kind=muon
kind=muon
kind=muon
P:  torch.Size([12, 32])
S torch.Size([12, 12, 32])
P:  torch.Size([1536, 1536])
S torch.Size([96, 1536, 1536])
P:  torch.Size([1536, 6144])
S torch.Size([24, 1536, 6144])
P:  torch.Size([6144, 1536])
S torch.Size([24, 6144, 1536])
step 00194/02088 (9.29%) | loss: 3.660146 | lrm: 1.00 | dt: 14603.13ms | tok/sec: 71,804 | bf16_mfu: 35.90 | epoch: 1 | total time: 44.81m | eta: 461.2m
kind=muon
kind=muon
kind=muon
kind=muon
P:  torch.Size([12, 32])
S torch.Size([12, 12, 32])
P:  torch.Size([1536, 1536])
S torch.Size([96, 1536, 1536])
P:  torch.Size([1536, 6144])
S torch.Size([24, 1536, 6144])
P:  torch.Size([6144, 1536])
S torch.Size([24, 6144, 1536])
step 00195/02088 (9.34%) | loss: 3.653127 | lrm: 1.00 | dt: 14615.64ms | tok/sec: 71,743 | bf16_mfu: 35.87 | epoch: 1 | total time: 45.05m | eta: 461.0m
kind=muon
kind=muon
kind=muon
kind=muon
P:  torch.Size([12, 32])
S torch.Size([12, 12, 32])
P:  torch.Size([1536, 1536])
S torch.Size([96, 1536, 1536])
P:  torch.Size([1536, 6144])
S torch.Size([24, 1536, 6144])
P:  torch.Size([6144, 1536])
S torch.Size([24, 6144, 1536])
step 00196/02088 (9.39%) | loss: 3.656913 | lrm: 1.00 | dt: 14606.33ms | tok/sec: 71,789 | bf16_mfu: 35.90 | epoch: 1 | total time: 45.30m | eta: 460.8m
kind=muon
kind=muon
kind=muon
kind=muon
P:  torch.Size([12, 32])
S torch.Size([12, 12, 32])
P:  torch.Size([1536, 1536])
S torch.Size([96, 1536, 1536])
P:  torch.Size([1536, 6144])
S torch.Size([24, 1536, 6144])
P:  torch.Size([6144, 1536])
S torch.Size([24, 6144, 1536])
step 00197/02088 (9.43%) | loss: 3.647279 | lrm: 1.00 | dt: 14610.07ms | tok/sec: 71,770 | bf16_mfu: 35.89 | epoch: 1 | total time: 45.54m | eta: 460.5m
kind=muon
kind=muon
kind=muon
kind=muon
P:  torch.Size([12, 32])
S torch.Size([12, 12, 32])
P:  torch.Size([1536, 1536])
S torch.Size([96, 1536, 1536])
P:  torch.Size([1536, 6144])
S torch.Size([24, 1536, 6144])
P:  torch.Size([6144, 1536])
S torch.Size([24, 6144, 1536])
step 00198/02088 (9.48%) | loss: 3.645406 | lrm: 1.00 | dt: 14605.02ms | tok/sec: 71,795 | bf16_mfu: 35.90 | epoch: 1 | total time: 45.78m | eta: 460.3m
kind=muon
kind=muon
kind=muon
kind=muon
P:  torch.Size([12, 32])
S torch.Size([12, 12, 32])
P:  torch.Size([1536, 1536])
S torch.Size([96, 1536, 1536])
P:  torch.Size([1536, 6144])
S torch.Size([24, 1536, 6144])
P:  torch.Size([6144, 1536])
S torch.Size([24, 6144, 1536])
step 00199/02088 (9.53%) | loss: 3.651278 | lrm: 1.00 | dt: 14605.74ms | tok/sec: 71,792 | bf16_mfu: 35.90 | epoch: 1 | total time: 46.03m | eta: 460.0m
kind=muon
kind=muon
kind=muon
kind=muon
P:  torch.Size([12, 32])
S torch.Size([12, 12, 32])
P:  torch.Size([1536, 1536])
S torch.Size([96, 1536, 1536])
P:  torch.Size([1536, 6144])
S torch.Size([24, 1536, 6144])
P:  torch.Size([6144, 1536])
S torch.Size([24, 6144, 1536])
step 00200/02088 (9.58%) | loss: 3.638163 | lrm: 1.00 | dt: 14608.04ms | tok/sec: 71,780 | bf16_mfu: 35.89 | epoch: 1 | total time: 46.27m | eta: 459.8m
kind=muon
kind=muon
kind=muon
kind=muon
P:  torch.Size([12, 32])
S torch.Size([12, 12, 32])
P:  torch.Size([1536, 1536])
S torch.Size([96, 1536, 1536])
P:  torch.Size([1536, 6144])
S torch.Size([24, 1536, 6144])
P:  torch.Size([6144, 1536])
S torch.Size([24, 6144, 1536])
step 00201/02088 (9.63%) | loss: 3.632064 | lrm: 1.00 | dt: 14606.55ms | tok/sec: 71,788 | bf16_mfu: 35.89 | epoch: 1 | total time: 46.51m | eta: 459.5m
kind=muon
kind=muon
kind=muon
kind=muon
P:  torch.Size([12, 32])
S torch.Size([12, 12, 32])
P:  torch.Size([1536, 1536])
S torch.Size([96, 1536, 1536])
P:  torch.Size([1536, 6144])
S torch.Size([24, 1536, 6144])
P:  torch.Size([6144, 1536])
S torch.Size([24, 6144, 1536])
step 00202/02088 (9.67%) | loss: 3.615724 | lrm: 1.00 | dt: 14607.55ms | tok/sec: 71,783 | bf16_mfu: 35.89 | epoch: 1 | total time: 46.76m | eta: 459.3m
kind=muon
kind=muon
kind=muon
kind=muon
P:  torch.Size([12, 32])
S torch.Size([12, 12, 32])
P:  torch.Size([1536, 1536])
S torch.Size([96, 1536, 1536])
P:  torch.Size([1536, 6144])
S torch.Size([24, 1536, 6144])
P:  torch.Size([6144, 1536])
S torch.Size([24, 6144, 1536])
step 00203/02088 (9.72%) | loss: 3.608558 | lrm: 1.00 | dt: 14608.77ms | tok/sec: 71,777 | bf16_mfu: 35.89 | epoch: 1 | total time: 47.00m | eta: 459.1m
kind=muon
kind=muon
kind=muon
kind=muon
P:  torch.Size([12, 32])
S torch.Size([12, 12, 32])
P:  torch.Size([1536, 1536])
S torch.Size([96, 1536, 1536])
P:  torch.Size([1536, 6144])
S torch.Size([24, 1536, 6144])
P:  torch.Size([6144, 1536])
S torch.Size([24, 6144, 1536])
step 00204/02088 (9.77%) | loss: 3.610069 | lrm: 1.00 | dt: 14608.66ms | tok/sec: 71,777 | bf16_mfu: 35.89 | epoch: 1 | total time: 47.24m | eta: 458.8m
kind=muon
kind=muon
kind=muon
kind=muon
P:  torch.Size([12, 32])
S torch.Size([12, 12, 32])
P:  torch.Size([1536, 1536])
S torch.Size([96, 1536, 1536])
P:  torch.Size([1536, 6144])
S torch.Size([24, 1536, 6144])
P:  torch.Size([6144, 1536])
S torch.Size([24, 6144, 1536])
step 00205/02088 (9.82%) | loss: 3.609645 | lrm: 1.00 | dt: 14607.83ms | tok/sec: 71,781 | bf16_mfu: 35.89 | epoch: 1 | total time: 47.49m | eta: 458.6m
kind=muon
kind=muon
kind=muon
kind=muon
P:  torch.Size([12, 32])
S torch.Size([12, 12, 32])
P:  torch.Size([1536, 1536])
S torch.Size([96, 1536, 1536])
P:  torch.Size([1536, 6144])
S torch.Size([24, 1536, 6144])
P:  torch.Size([6144, 1536])
S torch.Size([24, 6144, 1536])
step 00206/02088 (9.87%) | loss: 3.590070 | lrm: 1.00 | dt: 14605.80ms | tok/sec: 71,791 | bf16_mfu: 35.90 | epoch: 1 | total time: 47.73m | eta: 458.3m
kind=muon
kind=muon
kind=muon
kind=muon
P:  torch.Size([12, 32])
S torch.Size([12, 12, 32])
P:  torch.Size([1536, 1536])
S torch.Size([96, 1536, 1536])
P:  torch.Size([1536, 6144])
S torch.Size([24, 1536, 6144])
P:  torch.Size([6144, 1536])
S torch.Size([24, 6144, 1536])
step 00207/02088 (9.91%) | loss: 3.586176 | lrm: 1.00 | dt: 14611.21ms | tok/sec: 71,765 | bf16_mfu: 35.88 | epoch: 1 | total time: 47.97m | eta: 458.1m
kind=muon
kind=muon
kind=muon
kind=muon
P:  torch.Size([12, 32])
S torch.Size([12, 12, 32])
P:  torch.Size([1536, 1536])
S torch.Size([96, 1536, 1536])
P:  torch.Size([1536, 6144])
S torch.Size([24, 1536, 6144])
P:  torch.Size([6144, 1536])
S torch.Size([24, 6144, 1536])
step 00208/02088 (9.96%) | loss: 3.574611 | lrm: 1.00 | dt: 14607.04ms | tok/sec: 71,785 | bf16_mfu: 35.89 | epoch: 1 | total time: 48.22m | eta: 457.8m
kind=muon
kind=muon
kind=muon
kind=muon
P:  torch.Size([12, 32])
S torch.Size([12, 12, 32])
P:  torch.Size([1536, 1536])
S torch.Size([96, 1536, 1536])
P:  torch.Size([1536, 6144])
S torch.Size([24, 1536, 6144])
P:  torch.Size([6144, 1536])
S torch.Size([24, 6144, 1536])
step 00209/02088 (10.01%) | loss: 3.571058 | lrm: 1.00 | dt: 14603.48ms | tok/sec: 71,803 | bf16_mfu: 35.90 | epoch: 1 | total time: 48.46m | eta: 457.6m
kind=muon
kind=muon
kind=muon
kind=muon
P:  torch.Size([12, 32])
S torch.Size([12, 12, 32])
P:  torch.Size([1536, 1536])
S torch.Size([96, 1536, 1536])
P:  torch.Size([1536, 6144])
S torch.Size([24, 1536, 6144])
P:  torch.Size([6144, 1536])
S torch.Size([24, 6144, 1536])
step 00210/02088 (10.06%) | loss: 3.566011 | lrm: 1.00 | dt: 14609.69ms | tok/sec: 71,772 | bf16_mfu: 35.89 | epoch: 1 | total time: 48.71m | eta: 457.3m
kind=muon
kind=muon
kind=muon
kind=muon
P:  torch.Size([12, 32])
S torch.Size([12, 12, 32])
P:  torch.Size([1536, 1536])
S torch.Size([96, 1536, 1536])
P:  torch.Size([1536, 6144])
S torch.Size([24, 1536, 6144])
P:  torch.Size([6144, 1536])
S torch.Size([24, 6144, 1536])
step 00211/02088 (10.11%) | loss: 3.556807 | lrm: 1.00 | dt: 14605.01ms | tok/sec: 71,795 | bf16_mfu: 35.90 | epoch: 1 | total time: 48.95m | eta: 457.1m
kind=muon
kind=muon
kind=muon
kind=muon
P:  torch.Size([12, 32])
S torch.Size([12, 12, 32])
P:  torch.Size([1536, 1536])
S torch.Size([96, 1536, 1536])
P:  torch.Size([1536, 6144])
S torch.Size([24, 1536, 6144])
P:  torch.Size([6144, 1536])
S torch.Size([24, 6144, 1536])
step 00212/02088 (10.15%) | loss: 3.548283 | lrm: 1.00 | dt: 14603.74ms | tok/sec: 71,801 | bf16_mfu: 35.90 | epoch: 1 | total time: 49.19m | eta: 456.9m
kind=muon
kind=muon
kind=muon
kind=muon
P:  torch.Size([12, 32])
S torch.Size([12, 12, 32])
P:  torch.Size([1536, 1536])
S torch.Size([96, 1536, 1536])
P:  torch.Size([1536, 6144])
S torch.Size([24, 1536, 6144])
P:  torch.Size([6144, 1536])
S torch.Size([24, 6144, 1536])
step 00213/02088 (10.20%) | loss: 3.536895 | lrm: 1.00 | dt: 14605.20ms | tok/sec: 71,794 | bf16_mfu: 35.90 | epoch: 1 | total time: 49.44m | eta: 456.6m
kind=muon
kind=muon
kind=muon
kind=muon
P:  torch.Size([12, 32])
S torch.Size([12, 12, 32])
P:  torch.Size([1536, 1536])
S torch.Size([96, 1536, 1536])
P:  torch.Size([1536, 6144])
S torch.Size([24, 1536, 6144])
P:  torch.Size([6144, 1536])
S torch.Size([24, 6144, 1536])
step 00214/02088 (10.25%) | loss: 3.526033 | lrm: 1.00 | dt: 14611.30ms | tok/sec: 71,764 | bf16_mfu: 35.88 | epoch: 1 | total time: 49.68m | eta: 456.4m
kind=muon
kind=muon
kind=muon
kind=muon
P:  torch.Size([12, 32])
S torch.Size([12, 12, 32])
P:  torch.Size([1536, 1536])
S torch.Size([96, 1536, 1536])
P:  torch.Size([1536, 6144])
S torch.Size([24, 1536, 6144])
P:  torch.Size([6144, 1536])
S torch.Size([24, 6144, 1536])
step 00215/02088 (10.30%) | loss: 3.528086 | lrm: 1.00 | dt: 14605.78ms | tok/sec: 71,791 | bf16_mfu: 35.90 | epoch: 1 | total time: 49.92m | eta: 456.1m
kind=muon
kind=muon
kind=muon
kind=muon
P:  torch.Size([12, 32])
S torch.Size([12, 12, 32])
P:  torch.Size([1536, 1536])
S torch.Size([96, 1536, 1536])
P:  torch.Size([1536, 6144])
S torch.Size([24, 1536, 6144])
P:  torch.Size([6144, 1536])
S torch.Size([24, 6144, 1536])
step 00216/02088 (10.34%) | loss: 3.514057 | lrm: 1.00 | dt: 14602.63ms | tok/sec: 71,807 | bf16_mfu: 35.90 | epoch: 1 | total time: 50.17m | eta: 455.9m
kind=muon
kind=muon
kind=muon
kind=muon
P:  torch.Size([12, 32])
S torch.Size([12, 12, 32])
P:  torch.Size([1536, 1536])
S torch.Size([96, 1536, 1536])
P:  torch.Size([1536, 6144])
S torch.Size([24, 1536, 6144])
P:  torch.Size([6144, 1536])
S torch.Size([24, 6144, 1536])
step 00217/02088 (10.39%) | loss: 3.517271 | lrm: 1.00 | dt: 14607.21ms | tok/sec: 71,784 | bf16_mfu: 35.89 | epoch: 1 | total time: 50.41m | eta: 455.6m
kind=muon
kind=muon
kind=muon
kind=muon
P:  torch.Size([12, 32])
S torch.Size([12, 12, 32])
P:  torch.Size([1536, 1536])
S torch.Size([96, 1536, 1536])
P:  torch.Size([1536, 6144])
S torch.Size([24, 1536, 6144])
P:  torch.Size([6144, 1536])
S torch.Size([24, 6144, 1536])
step 00218/02088 (10.44%) | loss: 3.523295 | lrm: 1.00 | dt: 14604.29ms | tok/sec: 71,799 | bf16_mfu: 35.90 | epoch: 1 | total time: 50.65m | eta: 455.4m
kind=muon
kind=muon
kind=muon
kind=muon
P:  torch.Size([12, 32])
S torch.Size([12, 12, 32])
P:  torch.Size([1536, 1536])
S torch.Size([96, 1536, 1536])
P:  torch.Size([1536, 6144])
S torch.Size([24, 1536, 6144])
P:  torch.Size([6144, 1536])
S torch.Size([24, 6144, 1536])
step 00219/02088 (10.49%) | loss: 3.516528 | lrm: 1.00 | dt: 14607.16ms | tok/sec: 71,785 | bf16_mfu: 35.89 | epoch: 1 | total time: 50.90m | eta: 455.1m
kind=muon
kind=muon
kind=muon
kind=muon
P:  torch.Size([12, 32])
S torch.Size([12, 12, 32])
P:  torch.Size([1536, 1536])
S torch.Size([96, 1536, 1536])
P:  torch.Size([1536, 6144])
S torch.Size([24, 1536, 6144])
P:  torch.Size([6144, 1536])
S torch.Size([24, 6144, 1536])
step 00220/02088 (10.54%) | loss: 3.497033 | lrm: 1.00 | dt: 14606.20ms | tok/sec: 71,789 | bf16_mfu: 35.90 | epoch: 1 | total time: 51.14m | eta: 454.9m
kind=muon
kind=muon
kind=muon
kind=muon
P:  torch.Size([12, 32])
S torch.Size([12, 12, 32])
P:  torch.Size([1536, 1536])
S torch.Size([96, 1536, 1536])
P:  torch.Size([1536, 6144])
S torch.Size([24, 1536, 6144])
P:  torch.Size([6144, 1536])
S torch.Size([24, 6144, 1536])
step 00221/02088 (10.58%) | loss: 3.505515 | lrm: 1.00 | dt: 14602.38ms | tok/sec: 71,808 | bf16_mfu: 35.91 | epoch: 1 | total time: 51.38m | eta: 454.7m
kind=muon
kind=muon
kind=muon
kind=muon
P:  torch.Size([12, 32])
S torch.Size([12, 12, 32])
P:  torch.Size([1536, 1536])
S torch.Size([96, 1536, 1536])
P:  torch.Size([1536, 6144])
S torch.Size([24, 1536, 6144])
P:  torch.Size([6144, 1536])
S torch.Size([24, 6144, 1536])
step 00222/02088 (10.63%) | loss: 3.498890 | lrm: 1.00 | dt: 14602.47ms | tok/sec: 71,808 | bf16_mfu: 35.90 | epoch: 1 | total time: 51.63m | eta: 454.4m
kind=muon
kind=muon
kind=muon
kind=muon
P:  torch.Size([12, 32])
S torch.Size([12, 12, 32])
P:  torch.Size([1536, 1536])
S torch.Size([96, 1536, 1536])
P:  torch.Size([1536, 6144])
S torch.Size([24, 1536, 6144])
P:  torch.Size([6144, 1536])
S torch.Size([24, 6144, 1536])
step 00223/02088 (10.68%) | loss: 3.509027 | lrm: 1.00 | dt: 14608.64ms | tok/sec: 71,777 | bf16_mfu: 35.89 | epoch: 1 | total time: 51.87m | eta: 454.2m
kind=muon
kind=muon
kind=muon
kind=muon
P:  torch.Size([12, 32])
S torch.Size([12, 12, 32])
P:  torch.Size([1536, 1536])
S torch.Size([96, 1536, 1536])
P:  torch.Size([1536, 6144])
S torch.Size([24, 1536, 6144])
P:  torch.Size([6144, 1536])
S torch.Size([24, 6144, 1536])
step 00224/02088 (10.73%) | loss: 3.504490 | lrm: 1.00 | dt: 14607.58ms | tok/sec: 71,783 | bf16_mfu: 35.89 | epoch: 1 | total time: 52.11m | eta: 453.9m
kind=muon
kind=muon
kind=muon
kind=muon
P:  torch.Size([12, 32])
S torch.Size([12, 12, 32])
P:  torch.Size([1536, 1536])
S torch.Size([96, 1536, 1536])
P:  torch.Size([1536, 6144])
S torch.Size([24, 1536, 6144])
P:  torch.Size([6144, 1536])
S torch.Size([24, 6144, 1536])
step 00225/02088 (10.78%) | loss: 3.495596 | lrm: 1.00 | dt: 14605.17ms | tok/sec: 71,794 | bf16_mfu: 35.90 | epoch: 1 | total time: 52.36m | eta: 453.7m
kind=muon
kind=muon
kind=muon
kind=muon
P:  torch.Size([12, 32])
S torch.Size([12, 12, 32])
P:  torch.Size([1536, 1536])
S torch.Size([96, 1536, 1536])
P:  torch.Size([1536, 6144])
S torch.Size([24, 1536, 6144])
P:  torch.Size([6144, 1536])
S torch.Size([24, 6144, 1536])
step 00226/02088 (10.82%) | loss: 3.506310 | lrm: 1.00 | dt: 14599.80ms | tok/sec: 71,821 | bf16_mfu: 35.91 | epoch: 1 | total time: 52.60m | eta: 453.4m
kind=muon
kind=muon
kind=muon
kind=muon
P:  torch.Size([12, 32])
S torch.Size([12, 12, 32])
P:  torch.Size([1536, 1536])
S torch.Size([96, 1536, 1536])
P:  torch.Size([1536, 6144])
S torch.Size([24, 1536, 6144])
P:  torch.Size([6144, 1536])
S torch.Size([24, 6144, 1536])
step 00227/02088 (10.87%) | loss: 3.507189 | lrm: 1.00 | dt: 14597.44ms | tok/sec: 71,832 | bf16_mfu: 35.92 | epoch: 1 | total time: 52.84m | eta: 453.2m
kind=muon
kind=muon
kind=muon
kind=muon
P:  torch.Size([12, 32])
S torch.Size([12, 12, 32])
P:  torch.Size([1536, 1536])
S torch.Size([96, 1536, 1536])
P:  torch.Size([1536, 6144])
S torch.Size([24, 1536, 6144])
P:  torch.Size([6144, 1536])
S torch.Size([24, 6144, 1536])
step 00228/02088 (10.92%) | loss: 3.494755 | lrm: 1.00 | dt: 14602.48ms | tok/sec: 71,808 | bf16_mfu: 35.90 | epoch: 1 | total time: 53.09m | eta: 452.9m
kind=muon
kind=muon
kind=muon
kind=muon
P:  torch.Size([12, 32])
S torch.Size([12, 12, 32])
P:  torch.Size([1536, 1536])
S torch.Size([96, 1536, 1536])
P:  torch.Size([1536, 6144])
S torch.Size([24, 1536, 6144])
P:  torch.Size([6144, 1536])
S torch.Size([24, 6144, 1536])
step 00229/02088 (10.97%) | loss: 3.483201 | lrm: 1.00 | dt: 14601.51ms | tok/sec: 71,812 | bf16_mfu: 35.91 | epoch: 1 | total time: 53.33m | eta: 452.7m
kind=muon
kind=muon
kind=muon
kind=muon
P:  torch.Size([12, 32])
S torch.Size([12, 12, 32])
P:  torch.Size([1536, 1536])
S torch.Size([96, 1536, 1536])
P:  torch.Size([1536, 6144])
S torch.Size([24, 1536, 6144])
P:  torch.Size([6144, 1536])
S torch.Size([24, 6144, 1536])
step 00230/02088 (11.02%) | loss: 3.482805 | lrm: 1.00 | dt: 14601.57ms | tok/sec: 71,812 | bf16_mfu: 35.91 | epoch: 1 | total time: 53.57m | eta: 452.5m
kind=muon
kind=muon
kind=muon
kind=muon
P:  torch.Size([12, 32])
S torch.Size([12, 12, 32])
P:  torch.Size([1536, 1536])
S torch.Size([96, 1536, 1536])
P:  torch.Size([1536, 6144])
S torch.Size([24, 1536, 6144])
P:  torch.Size([6144, 1536])
S torch.Size([24, 6144, 1536])
step 00231/02088 (11.06%) | loss: 3.491029 | lrm: 1.00 | dt: 14600.61ms | tok/sec: 71,817 | bf16_mfu: 35.91 | epoch: 1 | total time: 53.82m | eta: 452.2m
kind=muon
kind=muon
kind=muon
kind=muon
P:  torch.Size([12, 32])
S torch.Size([12, 12, 32])
P:  torch.Size([1536, 1536])
S torch.Size([96, 1536, 1536])
P:  torch.Size([1536, 6144])
S torch.Size([24, 1536, 6144])
P:  torch.Size([6144, 1536])
S torch.Size([24, 6144, 1536])
step 00232/02088 (11.11%) | loss: 3.488713 | lrm: 1.00 | dt: 14599.56ms | tok/sec: 71,822 | bf16_mfu: 35.91 | epoch: 1 | total time: 54.06m | eta: 452.0m
kind=muon
kind=muon
kind=muon
kind=muon
P:  torch.Size([12, 32])
S torch.Size([12, 12, 32])
P:  torch.Size([1536, 1536])
S torch.Size([96, 1536, 1536])
P:  torch.Size([1536, 6144])
S torch.Size([24, 1536, 6144])
P:  torch.Size([6144, 1536])
S torch.Size([24, 6144, 1536])
step 00233/02088 (11.16%) | loss: 3.473223 | lrm: 1.00 | dt: 14599.03ms | tok/sec: 71,825 | bf16_mfu: 35.91 | epoch: 1 | total time: 54.30m | eta: 451.7m
kind=muon
kind=muon
kind=muon
kind=muon
P:  torch.Size([12, 32])
S torch.Size([12, 12, 32])
P:  torch.Size([1536, 1536])
S torch.Size([96, 1536, 1536])
P:  torch.Size([1536, 6144])
S torch.Size([24, 1536, 6144])
P:  torch.Size([6144, 1536])
S torch.Size([24, 6144, 1536])
step 00234/02088 (11.21%) | loss: 3.464147 | lrm: 1.00 | dt: 14607.30ms | tok/sec: 71,784 | bf16_mfu: 35.89 | epoch: 1 | total time: 54.55m | eta: 451.5m
kind=muon
kind=muon
kind=muon
kind=muon
P:  torch.Size([12, 32])
S torch.Size([12, 12, 32])
P:  torch.Size([1536, 1536])
S torch.Size([96, 1536, 1536])
P:  torch.Size([1536, 6144])
S torch.Size([24, 1536, 6144])
P:  torch.Size([6144, 1536])
S torch.Size([24, 6144, 1536])
step 00235/02088 (11.25%) | loss: 3.463642 | lrm: 1.00 | dt: 14599.34ms | tok/sec: 71,823 | bf16_mfu: 35.91 | epoch: 1 | total time: 54.79m | eta: 451.2m
kind=muon
kind=muon
kind=muon
kind=muon
P:  torch.Size([12, 32])
S torch.Size([12, 12, 32])
P:  torch.Size([1536, 1536])
S torch.Size([96, 1536, 1536])
P:  torch.Size([1536, 6144])
S torch.Size([24, 1536, 6144])
P:  torch.Size([6144, 1536])
S torch.Size([24, 6144, 1536])
step 00236/02088 (11.30%) | loss: 3.481605 | lrm: 1.00 | dt: 14606.03ms | tok/sec: 71,790 | bf16_mfu: 35.90 | epoch: 1 | total time: 55.03m | eta: 451.0m
kind=muon
kind=muon
kind=muon
kind=muon
P:  torch.Size([12, 32])
S torch.Size([12, 12, 32])
P:  torch.Size([1536, 1536])
S torch.Size([96, 1536, 1536])
P:  torch.Size([1536, 6144])
S torch.Size([24, 1536, 6144])
P:  torch.Size([6144, 1536])
S torch.Size([24, 6144, 1536])
step 00237/02088 (11.35%) | loss: 3.483656 | lrm: 1.00 | dt: 14602.86ms | tok/sec: 71,806 | bf16_mfu: 35.90 | epoch: 1 | total time: 55.28m | eta: 450.7m
kind=muon
kind=muon
kind=muon
kind=muon
P:  torch.Size([12, 32])
S torch.Size([12, 12, 32])
P:  torch.Size([1536, 1536])
S torch.Size([96, 1536, 1536])
P:  torch.Size([1536, 6144])
S torch.Size([24, 1536, 6144])
P:  torch.Size([6144, 1536])
S torch.Size([24, 6144, 1536])
step 00238/02088 (11.40%) | loss: 3.487537 | lrm: 1.00 | dt: 14594.75ms | tok/sec: 71,846 | bf16_mfu: 35.92 | epoch: 1 | total time: 55.52m | eta: 450.5m
kind=muon
kind=muon
kind=muon
kind=muon
P:  torch.Size([12, 32])
S torch.Size([12, 12, 32])
P:  torch.Size([1536, 1536])
S torch.Size([96, 1536, 1536])
P:  torch.Size([1536, 6144])
S torch.Size([24, 1536, 6144])
P:  torch.Size([6144, 1536])
S torch.Size([24, 6144, 1536])
step 00239/02088 (11.45%) | loss: 3.486403 | lrm: 1.00 | dt: 14604.53ms | tok/sec: 71,797 | bf16_mfu: 35.90 | epoch: 1 | total time: 55.76m | eta: 450.2m
kind=muon
kind=muon
kind=muon
kind=muon
P:  torch.Size([12, 32])
S torch.Size([12, 12, 32])
P:  torch.Size([1536, 1536])
S torch.Size([96, 1536, 1536])
P:  torch.Size([1536, 6144])
S torch.Size([24, 1536, 6144])
P:  torch.Size([6144, 1536])
S torch.Size([24, 6144, 1536])
step 00240/02088 (11.49%) | loss: 3.489927 | lrm: 1.00 | dt: 14598.30ms | tok/sec: 71,828 | bf16_mfu: 35.92 | epoch: 1 | total time: 56.01m | eta: 450.0m
kind=muon
kind=muon
kind=muon
kind=muon
P:  torch.Size([12, 32])
S torch.Size([12, 12, 32])
P:  torch.Size([1536, 1536])
S torch.Size([96, 1536, 1536])
P:  torch.Size([1536, 6144])
S torch.Size([24, 1536, 6144])
P:  torch.Size([6144, 1536])
S torch.Size([24, 6144, 1536])
step 00241/02088 (11.54%) | loss: 3.481666 | lrm: 1.00 | dt: 14596.38ms | tok/sec: 71,838 | bf16_mfu: 35.92 | epoch: 1 | total time: 56.25m | eta: 449.8m
kind=muon
kind=muon
kind=muon
kind=muon
P:  torch.Size([12, 32])
S torch.Size([12, 12, 32])
P:  torch.Size([1536, 1536])
S torch.Size([96, 1536, 1536])
P:  torch.Size([1536, 6144])
S torch.Size([24, 1536, 6144])
P:  torch.Size([6144, 1536])
S torch.Size([24, 6144, 1536])
step 00242/02088 (11.59%) | loss: 3.479895 | lrm: 1.00 | dt: 14600.77ms | tok/sec: 71,816 | bf16_mfu: 35.91 | epoch: 1 | total time: 56.49m | eta: 449.5m
kind=muon
kind=muon
kind=muon
kind=muon
P:  torch.Size([12, 32])
S torch.Size([12, 12, 32])
P:  torch.Size([1536, 1536])
S torch.Size([96, 1536, 1536])
P:  torch.Size([1536, 6144])
S torch.Size([24, 1536, 6144])
P:  torch.Size([6144, 1536])
S torch.Size([24, 6144, 1536])
step 00243/02088 (11.64%) | loss: 3.482106 | lrm: 1.00 | dt: 14601.42ms | tok/sec: 71,813 | bf16_mfu: 35.91 | epoch: 1 | total time: 56.74m | eta: 449.3m
kind=muon
kind=muon
kind=muon
kind=muon
P:  torch.Size([12, 32])
S torch.Size([12, 12, 32])
P:  torch.Size([1536, 1536])
S torch.Size([96, 1536, 1536])
P:  torch.Size([1536, 6144])
S torch.Size([24, 1536, 6144])
P:  torch.Size([6144, 1536])
S torch.Size([24, 6144, 1536])
step 00244/02088 (11.69%) | loss: 3.488432 | lrm: 1.00 | dt: 14603.51ms | tok/sec: 71,803 | bf16_mfu: 35.90 | epoch: 1 | total time: 56.98m | eta: 449.0m
kind=muon
kind=muon
kind=muon
kind=muon
P:  torch.Size([12, 32])
S torch.Size([12, 12, 32])
P:  torch.Size([1536, 1536])
S torch.Size([96, 1536, 1536])
P:  torch.Size([1536, 6144])
S torch.Size([24, 1536, 6144])
P:  torch.Size([6144, 1536])
S torch.Size([24, 6144, 1536])
step 00245/02088 (11.73%) | loss: 3.484038 | lrm: 1.00 | dt: 14602.33ms | tok/sec: 71,808 | bf16_mfu: 35.91 | epoch: 1 | total time: 57.22m | eta: 448.8m
kind=muon
kind=muon
kind=muon
kind=muon
P:  torch.Size([12, 32])
S torch.Size([12, 12, 32])
P:  torch.Size([1536, 1536])
S torch.Size([96, 1536, 1536])
P:  torch.Size([1536, 6144])
S torch.Size([24, 1536, 6144])
P:  torch.Size([6144, 1536])
S torch.Size([24, 6144, 1536])
step 00246/02088 (11.78%) | loss: 3.483279 | lrm: 1.00 | dt: 14603.34ms | tok/sec: 71,803 | bf16_mfu: 35.90 | epoch: 1 | total time: 57.47m | eta: 448.5m
kind=muon
kind=muon
kind=muon
kind=muon
P:  torch.Size([12, 32])
S torch.Size([12, 12, 32])
P:  torch.Size([1536, 1536])
S torch.Size([96, 1536, 1536])
P:  torch.Size([1536, 6144])
S torch.Size([24, 1536, 6144])
P:  torch.Size([6144, 1536])
S torch.Size([24, 6144, 1536])
step 00247/02088 (11.83%) | loss: 3.479530 | lrm: 1.00 | dt: 14607.40ms | tok/sec: 71,783 | bf16_mfu: 35.89 | epoch: 1 | total time: 57.71m | eta: 448.3m
kind=muon
kind=muon
kind=muon
kind=muon
P:  torch.Size([12, 32])
S torch.Size([12, 12, 32])
P:  torch.Size([1536, 1536])
S torch.Size([96, 1536, 1536])
P:  torch.Size([1536, 6144])
S torch.Size([24, 1536, 6144])
P:  torch.Size([6144, 1536])
S torch.Size([24, 6144, 1536])
step 00248/02088 (11.88%) | loss: 3.488113 | lrm: 1.00 | dt: 14601.86ms | tok/sec: 71,811 | bf16_mfu: 35.91 | epoch: 1 | total time: 57.95m | eta: 448.0m
kind=muon
kind=muon
kind=muon
kind=muon
P:  torch.Size([12, 32])
S torch.Size([12, 12, 32])
P:  torch.Size([1536, 1536])
S torch.Size([96, 1536, 1536])
P:  torch.Size([1536, 6144])
S torch.Size([24, 1536, 6144])
P:  torch.Size([6144, 1536])
S torch.Size([24, 6144, 1536])
step 00249/02088 (11.93%) | loss: 3.479767 | lrm: 1.00 | dt: 14604.57ms | tok/sec: 71,797 | bf16_mfu: 35.90 | epoch: 1 | total time: 58.20m | eta: 447.8m
Step 00250 | Validation bpb: 1.044844
kind=muon
kind=muon
kind=muon
kind=muon
P:  torch.Size([12, 32])
S torch.Size([12, 12, 32])
P:  torch.Size([1536, 1536])
S torch.Size([96, 1536, 1536])
P:  torch.Size([1536, 6144])
S torch.Size([24, 1536, 6144])
P:  torch.Size([6144, 1536])
S torch.Size([24, 6144, 1536])
step 00250/02088 (11.97%) | loss: 3.474743 | lrm: 1.00 | dt: 14595.36ms | tok/sec: 71,843 | bf16_mfu: 35.92 | epoch: 1 | total time: 58.44m | eta: 447.6m
kind=muon
kind=muon
kind=muon
kind=muon
P:  torch.Size([12, 32])
S torch.Size([12, 12, 32])
P:  torch.Size([1536, 1536])
S torch.Size([96, 1536, 1536])
P:  torch.Size([1536, 6144])
S torch.Size([24, 1536, 6144])
P:  torch.Size([6144, 1536])
S torch.Size([24, 6144, 1536])
step 00251/02088 (12.02%) | loss: 3.474533 | lrm: 1.00 | dt: 14601.56ms | tok/sec: 71,812 | bf16_mfu: 35.91 | epoch: 1 | total time: 58.68m | eta: 447.3m
kind=muon
kind=muon
kind=muon
kind=muon
P:  torch.Size([12, 32])
S torch.Size([12, 12, 32])
P:  torch.Size([1536, 1536])
S torch.Size([96, 1536, 1536])
P:  torch.Size([1536, 6144])
S torch.Size([24, 1536, 6144])
P:  torch.Size([6144, 1536])
S torch.Size([24, 6144, 1536])
step 00252/02088 (12.07%) | loss: 3.471957 | lrm: 1.00 | dt: 14603.65ms | tok/sec: 71,802 | bf16_mfu: 35.90 | epoch: 1 | total time: 58.93m | eta: 447.1m
kind=muon
kind=muon
kind=muon
kind=muon
P:  torch.Size([12, 32])
S torch.Size([12, 12, 32])
P:  torch.Size([1536, 1536])
S torch.Size([96, 1536, 1536])
P:  torch.Size([1536, 6144])
S torch.Size([24, 1536, 6144])
P:  torch.Size([6144, 1536])
S torch.Size([24, 6144, 1536])
step 00253/02088 (12.12%) | loss: 3.459345 | lrm: 1.00 | dt: 14606.25ms | tok/sec: 71,789 | bf16_mfu: 35.90 | epoch: 1 | total time: 59.17m | eta: 446.8m
kind=muon
kind=muon
kind=muon
kind=muon
P:  torch.Size([12, 32])
S torch.Size([12, 12, 32])
P:  torch.Size([1536, 1536])
S torch.Size([96, 1536, 1536])
P:  torch.Size([1536, 6144])
S torch.Size([24, 1536, 6144])
P:  torch.Size([6144, 1536])
S torch.Size([24, 6144, 1536])
step 00254/02088 (12.16%) | loss: 3.457654 | lrm: 1.00 | dt: 14602.11ms | tok/sec: 71,809 | bf16_mfu: 35.91 | epoch: 1 | total time: 59.41m | eta: 446.6m
kind=muon
kind=muon
kind=muon
kind=muon
P:  torch.Size([12, 32])
S torch.Size([12, 12, 32])
P:  torch.Size([1536, 1536])
S torch.Size([96, 1536, 1536])
P:  torch.Size([1536, 6144])
S torch.Size([24, 1536, 6144])
P:  torch.Size([6144, 1536])
S torch.Size([24, 6144, 1536])
step 00255/02088 (12.21%) | loss: 3.458191 | lrm: 1.00 | dt: 14601.25ms | tok/sec: 71,814 | bf16_mfu: 35.91 | epoch: 1 | total time: 59.66m | eta: 446.3m
kind=muon
kind=muon
kind=muon
kind=muon
P:  torch.Size([12, 32])
S torch.Size([12, 12, 32])
P:  torch.Size([1536, 1536])
S torch.Size([96, 1536, 1536])
P:  torch.Size([1536, 6144])
S torch.Size([24, 1536, 6144])
P:  torch.Size([6144, 1536])
S torch.Size([24, 6144, 1536])
step 00256/02088 (12.26%) | loss: 3.443248 | lrm: 1.00 | dt: 14604.98ms | tok/sec: 71,795 | bf16_mfu: 35.90 | epoch: 1 | total time: 59.90m | eta: 446.1m
kind=muon
kind=muon
kind=muon
kind=muon
P:  torch.Size([12, 32])
S torch.Size([12, 12, 32])
P:  torch.Size([1536, 1536])
S torch.Size([96, 1536, 1536])
P:  torch.Size([1536, 6144])
S torch.Size([24, 1536, 6144])
P:  torch.Size([6144, 1536])
S torch.Size([24, 6144, 1536])
step 00257/02088 (12.31%) | loss: 3.438246 | lrm: 1.00 | dt: 14601.39ms | tok/sec: 71,813 | bf16_mfu: 35.91 | epoch: 1 | total time: 60.14m | eta: 445.8m
kind=muon
kind=muon
kind=muon
kind=muon
P:  torch.Size([12, 32])
S torch.Size([12, 12, 32])
P:  torch.Size([1536, 1536])
S torch.Size([96, 1536, 1536])
P:  torch.Size([1536, 6144])
S torch.Size([24, 1536, 6144])
P:  torch.Size([6144, 1536])
S torch.Size([24, 6144, 1536])
step 00258/02088 (12.36%) | loss: 3.431297 | lrm: 1.00 | dt: 14600.52ms | tok/sec: 71,817 | bf16_mfu: 35.91 | epoch: 1 | total time: 60.39m | eta: 445.6m
kind=muon
kind=muon
kind=muon
kind=muon
P:  torch.Size([12, 32])
S torch.Size([12, 12, 32])
P:  torch.Size([1536, 1536])
S torch.Size([96, 1536, 1536])
P:  torch.Size([1536, 6144])
S torch.Size([24, 1536, 6144])
P:  torch.Size([6144, 1536])
S torch.Size([24, 6144, 1536])
step 00259/02088 (12.40%) | loss: 3.430710 | lrm: 1.00 | dt: 14601.19ms | tok/sec: 71,814 | bf16_mfu: 35.91 | epoch: 1 | total time: 60.63m | eta: 445.4m
kind=muon
kind=muon
kind=muon
kind=muon
P:  torch.Size([12, 32])
S torch.Size([12, 12, 32])
P:  torch.Size([1536, 1536])
S torch.Size([96, 1536, 1536])
P:  torch.Size([1536, 6144])
S torch.Size([24, 1536, 6144])
P:  torch.Size([6144, 1536])
S torch.Size([24, 6144, 1536])
step 00260/02088 (12.45%) | loss: 3.421377 | lrm: 1.00 | dt: 14598.68ms | tok/sec: 71,826 | bf16_mfu: 35.91 | epoch: 1 | total time: 60.87m | eta: 445.1m
kind=muon
kind=muon
kind=muon
kind=muon
P:  torch.Size([12, 32])
S torch.Size([12, 12, 32])
P:  torch.Size([1536, 1536])
S torch.Size([96, 1536, 1536])
P:  torch.Size([1536, 6144])
S torch.Size([24, 1536, 6144])
P:  torch.Size([6144, 1536])
S torch.Size([24, 6144, 1536])
step 00261/02088 (12.50%) | loss: 3.426171 | lrm: 1.00 | dt: 14606.07ms | tok/sec: 71,790 | bf16_mfu: 35.90 | epoch: 1 | total time: 61.12m | eta: 444.9m
kind=muon
kind=muon
kind=muon
kind=muon
P:  torch.Size([12, 32])
S torch.Size([12, 12, 32])
P:  torch.Size([1536, 1536])
S torch.Size([96, 1536, 1536])
P:  torch.Size([1536, 6144])
S torch.Size([24, 1536, 6144])
P:  torch.Size([6144, 1536])
S torch.Size([24, 6144, 1536])
step 00262/02088 (12.55%) | loss: 3.427269 | lrm: 1.00 | dt: 14595.25ms | tok/sec: 71,843 | bf16_mfu: 35.92 | epoch: 1 | total time: 61.36m | eta: 444.6m
kind=muon
kind=muon
kind=muon
kind=muon
P:  torch.Size([12, 32])
S torch.Size([12, 12, 32])
P:  torch.Size([1536, 1536])
S torch.Size([96, 1536, 1536])
P:  torch.Size([1536, 6144])
S torch.Size([24, 1536, 6144])
P:  torch.Size([6144, 1536])
S torch.Size([24, 6144, 1536])
step 00263/02088 (12.60%) | loss: 3.408184 | lrm: 1.00 | dt: 14602.08ms | tok/sec: 71,810 | bf16_mfu: 35.91 | epoch: 1 | total time: 61.60m | eta: 444.4m
kind=muon
kind=muon
kind=muon
kind=muon
P:  torch.Size([12, 32])
S torch.Size([12, 12, 32])
P:  torch.Size([1536, 1536])
S torch.Size([96, 1536, 1536])
P:  torch.Size([1536, 6144])
S torch.Size([24, 1536, 6144])
P:  torch.Size([6144, 1536])
S torch.Size([24, 6144, 1536])
step 00264/02088 (12.64%) | loss: 3.405861 | lrm: 1.00 | dt: 14604.59ms | tok/sec: 71,797 | bf16_mfu: 35.90 | epoch: 1 | total time: 61.85m | eta: 444.1m
kind=muon
kind=muon
kind=muon
kind=muon
P:  torch.Size([12, 32])
S torch.Size([12, 12, 32])
P:  torch.Size([1536, 1536])
S torch.Size([96, 1536, 1536])
P:  torch.Size([1536, 6144])
S torch.Size([24, 1536, 6144])
P:  torch.Size([6144, 1536])
S torch.Size([24, 6144, 1536])
step 00265/02088 (12.69%) | loss: 3.404494 | lrm: 1.00 | dt: 14600.10ms | tok/sec: 71,819 | bf16_mfu: 35.91 | epoch: 1 | total time: 62.09m | eta: 443.9m
kind=muon
kind=muon
kind=muon
kind=muon
P:  torch.Size([12, 32])
S torch.Size([12, 12, 32])
P:  torch.Size([1536, 1536])
S torch.Size([96, 1536, 1536])
P:  torch.Size([1536, 6144])
S torch.Size([24, 1536, 6144])
P:  torch.Size([6144, 1536])
S torch.Size([24, 6144, 1536])
step 00266/02088 (12.74%) | loss: 3.413012 | lrm: 1.00 | dt: 14594.59ms | tok/sec: 71,846 | bf16_mfu: 35.92 | epoch: 1 | total time: 62.33m | eta: 443.6m
kind=muon
kind=muon
kind=muon
kind=muon
P:  torch.Size([12, 32])
S torch.Size([12, 12, 32])
P:  torch.Size([1536, 1536])
S torch.Size([96, 1536, 1536])
P:  torch.Size([1536, 6144])
S torch.Size([24, 1536, 6144])
P:  torch.Size([6144, 1536])
S torch.Size([24, 6144, 1536])
step 00267/02088 (12.79%) | loss: 3.411008 | lrm: 1.00 | dt: 14604.98ms | tok/sec: 71,795 | bf16_mfu: 35.90 | epoch: 1 | total time: 62.58m | eta: 443.4m
kind=muon
kind=muon
kind=muon
kind=muon
P:  torch.Size([12, 32])
S torch.Size([12, 12, 32])
P:  torch.Size([1536, 1536])
S torch.Size([96, 1536, 1536])
P:  torch.Size([1536, 6144])
S torch.Size([24, 1536, 6144])
P:  torch.Size([6144, 1536])
S torch.Size([24, 6144, 1536])
step 00268/02088 (12.84%) | loss: 3.405142 | lrm: 1.00 | dt: 14605.23ms | tok/sec: 71,794 | bf16_mfu: 35.90 | epoch: 1 | total time: 62.82m | eta: 443.2m
kind=muon
kind=muon
kind=muon
kind=muon
P:  torch.Size([12, 32])
S torch.Size([12, 12, 32])
P:  torch.Size([1536, 1536])
S torch.Size([96, 1536, 1536])
P:  torch.Size([1536, 6144])
S torch.Size([24, 1536, 6144])
P:  torch.Size([6144, 1536])
S torch.Size([24, 6144, 1536])
step 00269/02088 (12.88%) | loss: 3.404412 | lrm: 1.00 | dt: 14594.61ms | tok/sec: 71,846 | bf16_mfu: 35.92 | epoch: 1 | total time: 63.06m | eta: 442.9m
kind=muon
kind=muon
kind=muon
kind=muon
P:  torch.Size([12, 32])
S torch.Size([12, 12, 32])
P:  torch.Size([1536, 1536])
S torch.Size([96, 1536, 1536])
P:  torch.Size([1536, 6144])
S torch.Size([24, 1536, 6144])
P:  torch.Size([6144, 1536])
S torch.Size([24, 6144, 1536])
step 00270/02088 (12.93%) | loss: 3.385942 | lrm: 1.00 | dt: 14598.64ms | tok/sec: 71,826 | bf16_mfu: 35.91 | epoch: 1 | total time: 63.31m | eta: 442.7m
kind=muon
kind=muon
kind=muon
kind=muon
P:  torch.Size([12, 32])
S torch.Size([12, 12, 32])
P:  torch.Size([1536, 1536])
S torch.Size([96, 1536, 1536])
P:  torch.Size([1536, 6144])
S torch.Size([24, 1536, 6144])
P:  torch.Size([6144, 1536])
S torch.Size([24, 6144, 1536])
step 00271/02088 (12.98%) | loss: 3.380101 | lrm: 1.00 | dt: 14603.40ms | tok/sec: 71,803 | bf16_mfu: 35.90 | epoch: 1 | total time: 63.55m | eta: 442.4m
kind=muon
kind=muon
kind=muon
kind=muon
P:  torch.Size([12, 32])
S torch.Size([12, 12, 32])
P:  torch.Size([1536, 1536])
S torch.Size([96, 1536, 1536])
P:  torch.Size([1536, 6144])
S torch.Size([24, 1536, 6144])
P:  torch.Size([6144, 1536])
S torch.Size([24, 6144, 1536])
step 00272/02088 (13.03%) | loss: 3.377497 | lrm: 1.00 | dt: 14604.04ms | tok/sec: 71,800 | bf16_mfu: 35.90 | epoch: 1 | total time: 63.79m | eta: 442.2m
kind=muon
kind=muon
kind=muon
kind=muon
P:  torch.Size([12, 32])
S torch.Size([12, 12, 32])
P:  torch.Size([1536, 1536])
S torch.Size([96, 1536, 1536])
P:  torch.Size([1536, 6144])
S torch.Size([24, 1536, 6144])
P:  torch.Size([6144, 1536])
S torch.Size([24, 6144, 1536])
step 00273/02088 (13.07%) | loss: 3.373368 | lrm: 1.00 | dt: 14604.37ms | tok/sec: 71,798 | bf16_mfu: 35.90 | epoch: 1 | total time: 64.04m | eta: 441.9m
kind=muon
kind=muon
kind=muon
kind=muon
P:  torch.Size([12, 32])
S torch.Size([12, 12, 32])
P:  torch.Size([1536, 1536])
S torch.Size([96, 1536, 1536])
P:  torch.Size([1536, 6144])
S torch.Size([24, 1536, 6144])
P:  torch.Size([6144, 1536])
S torch.Size([24, 6144, 1536])
step 00274/02088 (13.12%) | loss: 3.372029 | lrm: 1.00 | dt: 14602.83ms | tok/sec: 71,806 | bf16_mfu: 35.90 | epoch: 1 | total time: 64.28m | eta: 441.7m
kind=muon
kind=muon
kind=muon
kind=muon
P:  torch.Size([12, 32])
S torch.Size([12, 12, 32])
P:  torch.Size([1536, 1536])
S torch.Size([96, 1536, 1536])
P:  torch.Size([1536, 6144])
S torch.Size([24, 1536, 6144])
P:  torch.Size([6144, 1536])
S torch.Size([24, 6144, 1536])
step 00275/02088 (13.17%) | loss: 3.371913 | lrm: 1.00 | dt: 14604.44ms | tok/sec: 71,798 | bf16_mfu: 35.90 | epoch: 1 | total time: 64.52m | eta: 441.4m
kind=muon
kind=muon
kind=muon
kind=muon
P:  torch.Size([12, 32])
S torch.Size([12, 12, 32])
P:  torch.Size([1536, 1536])
S torch.Size([96, 1536, 1536])
P:  torch.Size([1536, 6144])
S torch.Size([24, 1536, 6144])
P:  torch.Size([6144, 1536])
S torch.Size([24, 6144, 1536])
step 00276/02088 (13.22%) | loss: 3.384381 | lrm: 1.00 | dt: 14605.92ms | tok/sec: 71,791 | bf16_mfu: 35.90 | epoch: 1 | total time: 64.77m | eta: 441.2m
kind=muon
kind=muon
kind=muon
kind=muon
P:  torch.Size([12, 32])
S torch.Size([12, 12, 32])
P:  torch.Size([1536, 1536])
S torch.Size([96, 1536, 1536])
P:  torch.Size([1536, 6144])
S torch.Size([24, 1536, 6144])
P:  torch.Size([6144, 1536])
S torch.Size([24, 6144, 1536])
step 00277/02088 (13.27%) | loss: 3.381805 | lrm: 1.00 | dt: 14598.22ms | tok/sec: 71,829 | bf16_mfu: 35.92 | epoch: 1 | total time: 65.01m | eta: 441.0m
kind=muon
kind=muon
kind=muon
kind=muon
P:  torch.Size([12, 32])
S torch.Size([12, 12, 32])
P:  torch.Size([1536, 1536])
S torch.Size([96, 1536, 1536])
P:  torch.Size([1536, 6144])
S torch.Size([24, 1536, 6144])
P:  torch.Size([6144, 1536])
S torch.Size([24, 6144, 1536])
step 00278/02088 (13.31%) | loss: 3.393499 | lrm: 1.00 | dt: 14600.03ms | tok/sec: 71,820 | bf16_mfu: 35.91 | epoch: 1 | total time: 65.25m | eta: 440.7m
kind=muon
kind=muon
kind=muon
kind=muon
P:  torch.Size([12, 32])
S torch.Size([12, 12, 32])
P:  torch.Size([1536, 1536])
S torch.Size([96, 1536, 1536])
P:  torch.Size([1536, 6144])
S torch.Size([24, 1536, 6144])
P:  torch.Size([6144, 1536])
S torch.Size([24, 6144, 1536])
step 00279/02088 (13.36%) | loss: 3.388010 | lrm: 1.00 | dt: 14592.35ms | tok/sec: 71,857 | bf16_mfu: 35.93 | epoch: 1 | total time: 65.50m | eta: 440.5m
kind=muon
kind=muon
kind=muon
kind=muon
P:  torch.Size([12, 32])
S torch.Size([12, 12, 32])
P:  torch.Size([1536, 1536])
S torch.Size([96, 1536, 1536])
P:  torch.Size([1536, 6144])
S torch.Size([24, 1536, 6144])
P:  torch.Size([6144, 1536])
S torch.Size([24, 6144, 1536])
step 00280/02088 (13.41%) | loss: 3.378585 | lrm: 1.00 | dt: 14602.76ms | tok/sec: 71,806 | bf16_mfu: 35.90 | epoch: 1 | total time: 65.74m | eta: 440.2m
kind=muon
kind=muon
kind=muon
kind=muon
P:  torch.Size([12, 32])
S torch.Size([12, 12, 32])
P:  torch.Size([1536, 1536])
S torch.Size([96, 1536, 1536])
P:  torch.Size([1536, 6144])
S torch.Size([24, 1536, 6144])
P:  torch.Size([6144, 1536])
S torch.Size([24, 6144, 1536])
step 00281/02088 (13.46%) | loss: 3.378128 | lrm: 1.00 | dt: 14602.39ms | tok/sec: 71,808 | bf16_mfu: 35.91 | epoch: 1 | total time: 65.98m | eta: 440.0m
kind=muon
kind=muon
kind=muon
kind=muon
P:  torch.Size([12, 32])
S torch.Size([12, 12, 32])
P:  torch.Size([1536, 1536])
S torch.Size([96, 1536, 1536])
P:  torch.Size([1536, 6144])
S torch.Size([24, 1536, 6144])
P:  torch.Size([6144, 1536])
S torch.Size([24, 6144, 1536])
step 00282/02088 (13.51%) | loss: 3.368542 | lrm: 1.00 | dt: 14597.36ms | tok/sec: 71,833 | bf16_mfu: 35.92 | epoch: 1 | total time: 66.23m | eta: 439.7m
kind=muon
kind=muon
kind=muon
kind=muon
P:  torch.Size([12, 32])
S torch.Size([12, 12, 32])
P:  torch.Size([1536, 1536])
S torch.Size([96, 1536, 1536])
P:  torch.Size([1536, 6144])
S torch.Size([24, 1536, 6144])
P:  torch.Size([6144, 1536])
S torch.Size([24, 6144, 1536])
step 00283/02088 (13.55%) | loss: 3.364665 | lrm: 1.00 | dt: 14601.31ms | tok/sec: 71,813 | bf16_mfu: 35.91 | epoch: 1 | total time: 66.47m | eta: 439.5m
kind=muon
kind=muon
kind=muon
kind=muon
P:  torch.Size([12, 32])
S torch.Size([12, 12, 32])
P:  torch.Size([1536, 1536])
S torch.Size([96, 1536, 1536])
P:  torch.Size([1536, 6144])
S torch.Size([24, 1536, 6144])
P:  torch.Size([6144, 1536])
S torch.Size([24, 6144, 1536])
step 00284/02088 (13.60%) | loss: 3.362172 | lrm: 1.00 | dt: 14597.62ms | tok/sec: 71,831 | bf16_mfu: 35.92 | epoch: 1 | total time: 66.71m | eta: 439.2m
kind=muon
kind=muon
kind=muon
kind=muon
P:  torch.Size([12, 32])
S torch.Size([12, 12, 32])
P:  torch.Size([1536, 1536])
S torch.Size([96, 1536, 1536])
P:  torch.Size([1536, 6144])
S torch.Size([24, 1536, 6144])
P:  torch.Size([6144, 1536])
S torch.Size([24, 6144, 1536])
step 00285/02088 (13.65%) | loss: 3.360441 | lrm: 1.00 | dt: 14594.89ms | tok/sec: 71,845 | bf16_mfu: 35.92 | epoch: 1 | total time: 66.96m | eta: 439.0m
kind=muon
kind=muon
kind=muon
kind=muon
P:  torch.Size([12, 32])
S torch.Size([12, 12, 32])
P:  torch.Size([1536, 1536])
S torch.Size([96, 1536, 1536])
P:  torch.Size([1536, 6144])
S torch.Size([24, 1536, 6144])
P:  torch.Size([6144, 1536])
S torch.Size([24, 6144, 1536])
step 00286/02088 (13.70%) | loss: 3.377957 | lrm: 1.00 | dt: 14597.88ms | tok/sec: 71,830 | bf16_mfu: 35.92 | epoch: 1 | total time: 67.20m | eta: 438.8m
kind=muon
kind=muon
kind=muon
kind=muon
P:  torch.Size([12, 32])
S torch.Size([12, 12, 32])
P:  torch.Size([1536, 1536])
S torch.Size([96, 1536, 1536])
P:  torch.Size([1536, 6144])
S torch.Size([24, 1536, 6144])
P:  torch.Size([6144, 1536])
S torch.Size([24, 6144, 1536])
step 00287/02088 (13.75%) | loss: 3.380501 | lrm: 1.00 | dt: 14601.71ms | tok/sec: 71,811 | bf16_mfu: 35.91 | epoch: 1 | total time: 67.44m | eta: 438.5m
kind=muon
kind=muon
kind=muon
kind=muon
P:  torch.Size([12, 32])
S torch.Size([12, 12, 32])
P:  torch.Size([1536, 1536])
S torch.Size([96, 1536, 1536])
P:  torch.Size([1536, 6144])
S torch.Size([24, 1536, 6144])
P:  torch.Size([6144, 1536])
S torch.Size([24, 6144, 1536])
step 00288/02088 (13.79%) | loss: 3.384589 | lrm: 1.00 | dt: 14592.93ms | tok/sec: 71,855 | bf16_mfu: 35.93 | epoch: 1 | total time: 67.69m | eta: 438.3m
kind=muon
kind=muon
kind=muon
kind=muon
P:  torch.Size([12, 32])
S torch.Size([12, 12, 32])
P:  torch.Size([1536, 1536])
S torch.Size([96, 1536, 1536])
P:  torch.Size([1536, 6144])
S torch.Size([24, 1536, 6144])
P:  torch.Size([6144, 1536])
S torch.Size([24, 6144, 1536])
step 00289/02088 (13.84%) | loss: 3.375296 | lrm: 1.00 | dt: 14601.48ms | tok/sec: 71,813 | bf16_mfu: 35.91 | epoch: 1 | total time: 67.93m | eta: 438.0m
kind=muon
kind=muon
kind=muon
kind=muon
P:  torch.Size([12, 32])
S torch.Size([12, 12, 32])
P:  torch.Size([1536, 1536])
S torch.Size([96, 1536, 1536])
P:  torch.Size([1536, 6144])
S torch.Size([24, 1536, 6144])
P:  torch.Size([6144, 1536])
S torch.Size([24, 6144, 1536])
step 00290/02088 (13.89%) | loss: 3.385924 | lrm: 1.00 | dt: 14601.32ms | tok/sec: 71,813 | bf16_mfu: 35.91 | epoch: 1 | total time: 68.17m | eta: 437.8m
kind=muon
kind=muon
kind=muon
kind=muon
P:  torch.Size([12, 32])
S torch.Size([12, 12, 32])
P:  torch.Size([1536, 1536])
S torch.Size([96, 1536, 1536])
P:  torch.Size([1536, 6144])
S torch.Size([24, 1536, 6144])
P:  torch.Size([6144, 1536])
S torch.Size([24, 6144, 1536])
step 00291/02088 (13.94%) | loss: 3.383724 | lrm: 1.00 | dt: 14593.16ms | tok/sec: 71,853 | bf16_mfu: 35.93 | epoch: 1 | total time: 68.42m | eta: 437.5m
kind=muon
kind=muon
kind=muon
kind=muon
P:  torch.Size([12, 32])
S torch.Size([12, 12, 32])
P:  torch.Size([1536, 1536])
S torch.Size([96, 1536, 1536])
P:  torch.Size([1536, 6144])
S torch.Size([24, 1536, 6144])
P:  torch.Size([6144, 1536])
S torch.Size([24, 6144, 1536])
step 00292/02088 (13.98%) | loss: 3.380269 | lrm: 1.00 | dt: 14594.96ms | tok/sec: 71,845 | bf16_mfu: 35.92 | epoch: 1 | total time: 68.66m | eta: 437.3m
kind=muon
kind=muon
kind=muon
kind=muon
P:  torch.Size([12, 32])
S torch.Size([12, 12, 32])
P:  torch.Size([1536, 1536])
S torch.Size([96, 1536, 1536])
P:  torch.Size([1536, 6144])
S torch.Size([24, 1536, 6144])
P:  torch.Size([6144, 1536])
S torch.Size([24, 6144, 1536])
step 00293/02088 (14.03%) | loss: 3.384479 | lrm: 1.00 | dt: 14598.60ms | tok/sec: 71,827 | bf16_mfu: 35.91 | epoch: 1 | total time: 68.90m | eta: 437.0m
kind=muon
kind=muon
kind=muon
kind=muon
P:  torch.Size([12, 32])
S torch.Size([12, 12, 32])
P:  torch.Size([1536, 1536])
S torch.Size([96, 1536, 1536])
P:  torch.Size([1536, 6144])
S torch.Size([24, 1536, 6144])
P:  torch.Size([6144, 1536])
S torch.Size([24, 6144, 1536])
step 00294/02088 (14.08%) | loss: 3.379810 | lrm: 1.00 | dt: 14603.48ms | tok/sec: 71,803 | bf16_mfu: 35.90 | epoch: 1 | total time: 69.15m | eta: 436.8m
kind=muon
kind=muon
kind=muon
kind=muon
P:  torch.Size([12, 32])
S torch.Size([12, 12, 32])
P:  torch.Size([1536, 1536])
S torch.Size([96, 1536, 1536])
P:  torch.Size([1536, 6144])
S torch.Size([24, 1536, 6144])
P:  torch.Size([6144, 1536])
S torch.Size([24, 6144, 1536])
step 00295/02088 (14.13%) | loss: 3.376825 | lrm: 1.00 | dt: 14602.68ms | tok/sec: 71,807 | bf16_mfu: 35.90 | epoch: 1 | total time: 69.39m | eta: 436.6m
kind=muon
kind=muon
kind=muon
kind=muon
P:  torch.Size([12, 32])
S torch.Size([12, 12, 32])
P:  torch.Size([1536, 1536])
S torch.Size([96, 1536, 1536])
P:  torch.Size([1536, 6144])
S torch.Size([24, 1536, 6144])
P:  torch.Size([6144, 1536])
S torch.Size([24, 6144, 1536])
step 00296/02088 (14.18%) | loss: 3.383042 | lrm: 1.00 | dt: 14598.54ms | tok/sec: 71,827 | bf16_mfu: 35.91 | epoch: 1 | total time: 69.63m | eta: 436.3m
kind=muon
kind=muon
kind=muon
kind=muon
P:  torch.Size([12, 32])
S torch.Size([12, 12, 32])
P:  torch.Size([1536, 1536])
S torch.Size([96, 1536, 1536])
P:  torch.Size([1536, 6144])
S torch.Size([24, 1536, 6144])
P:  torch.Size([6144, 1536])
S torch.Size([24, 6144, 1536])
step 00297/02088 (14.22%) | loss: 3.370304 | lrm: 1.00 | dt: 14595.71ms | tok/sec: 71,841 | bf16_mfu: 35.92 | epoch: 1 | total time: 69.88m | eta: 436.1m
kind=muon
kind=muon
kind=muon
kind=muon
P:  torch.Size([12, 32])
S torch.Size([12, 12, 32])
P:  torch.Size([1536, 1536])
S torch.Size([96, 1536, 1536])
P:  torch.Size([1536, 6144])
S torch.Size([24, 1536, 6144])
P:  torch.Size([6144, 1536])
S torch.Size([24, 6144, 1536])
step 00298/02088 (14.27%) | loss: 3.373464 | lrm: 1.00 | dt: 14595.35ms | tok/sec: 71,843 | bf16_mfu: 35.92 | epoch: 1 | total time: 70.12m | eta: 435.8m
kind=muon
kind=muon
kind=muon
kind=muon
P:  torch.Size([12, 32])
S torch.Size([12, 12, 32])
P:  torch.Size([1536, 1536])
S torch.Size([96, 1536, 1536])
P:  torch.Size([1536, 6144])
S torch.Size([24, 1536, 6144])
P:  torch.Size([6144, 1536])
S torch.Size([24, 6144, 1536])
step 00299/02088 (14.32%) | loss: 3.366931 | lrm: 1.00 | dt: 14599.66ms | tok/sec: 71,821 | bf16_mfu: 35.91 | epoch: 1 | total time: 70.36m | eta: 435.6m
kind=muon
kind=muon
kind=muon
kind=muon
P:  torch.Size([12, 32])
S torch.Size([12, 12, 32])
P:  torch.Size([1536, 1536])
S torch.Size([96, 1536, 1536])
P:  torch.Size([1536, 6144])
S torch.Size([24, 1536, 6144])
P:  torch.Size([6144, 1536])
S torch.Size([24, 6144, 1536])
step 00300/02088 (14.37%) | loss: 3.354980 | lrm: 1.00 | dt: 14605.95ms | tok/sec: 71,790 | bf16_mfu: 35.90 | epoch: 1 | total time: 70.61m | eta: 435.3m
kind=muon
kind=muon
kind=muon
kind=muon
P:  torch.Size([12, 32])
S torch.Size([12, 12, 32])
P:  torch.Size([1536, 1536])
S torch.Size([96, 1536, 1536])
P:  torch.Size([1536, 6144])
S torch.Size([24, 1536, 6144])
P:  torch.Size([6144, 1536])
S torch.Size([24, 6144, 1536])
step 00301/02088 (14.42%) | loss: 3.346466 | lrm: 1.00 | dt: 14596.08ms | tok/sec: 71,839 | bf16_mfu: 35.92 | epoch: 1 | total time: 70.85m | eta: 435.1m
kind=muon
kind=muon
kind=muon
kind=muon
P:  torch.Size([12, 32])
S torch.Size([12, 12, 32])
P:  torch.Size([1536, 1536])
S torch.Size([96, 1536, 1536])
P:  torch.Size([1536, 6144])
S torch.Size([24, 1536, 6144])
P:  torch.Size([6144, 1536])
S torch.Size([24, 6144, 1536])
step 00302/02088 (14.46%) | loss: 3.337745 | lrm: 1.00 | dt: 14596.87ms | tok/sec: 71,835 | bf16_mfu: 35.92 | epoch: 1 | total time: 71.09m | eta: 434.8m
kind=muon
kind=muon
kind=muon
kind=muon
P:  torch.Size([12, 32])
S torch.Size([12, 12, 32])
P:  torch.Size([1536, 1536])
S torch.Size([96, 1536, 1536])
P:  torch.Size([1536, 6144])
S torch.Size([24, 1536, 6144])
P:  torch.Size([6144, 1536])
S torch.Size([24, 6144, 1536])
step 00303/02088 (14.51%) | loss: 3.334758 | lrm: 1.00 | dt: 14596.48ms | tok/sec: 71,837 | bf16_mfu: 35.92 | epoch: 1 | total time: 71.34m | eta: 434.6m
kind=muon
kind=muon
kind=muon
kind=muon
P:  torch.Size([12, 32])
S torch.Size([12, 12, 32])
P:  torch.Size([1536, 1536])
S torch.Size([96, 1536, 1536])
P:  torch.Size([1536, 6144])
S torch.Size([24, 1536, 6144])
P:  torch.Size([6144, 1536])
S torch.Size([24, 6144, 1536])
step 00304/02088 (14.56%) | loss: 3.331170 | lrm: 1.00 | dt: 14593.77ms | tok/sec: 71,850 | bf16_mfu: 35.93 | epoch: 1 | total time: 71.58m | eta: 434.4m
kind=muon
kind=muon
kind=muon
kind=muon
P:  torch.Size([12, 32])
S torch.Size([12, 12, 32])
P:  torch.Size([1536, 1536])
S torch.Size([96, 1536, 1536])
P:  torch.Size([1536, 6144])
S torch.Size([24, 1536, 6144])
P:  torch.Size([6144, 1536])
S torch.Size([24, 6144, 1536])
step 00305/02088 (14.61%) | loss: 3.326681 | lrm: 1.00 | dt: 14597.82ms | tok/sec: 71,830 | bf16_mfu: 35.92 | epoch: 1 | total time: 71.82m | eta: 434.1m
kind=muon
kind=muon
kind=muon
kind=muon
P:  torch.Size([12, 32])
S torch.Size([12, 12, 32])
P:  torch.Size([1536, 1536])
S torch.Size([96, 1536, 1536])
P:  torch.Size([1536, 6144])
S torch.Size([24, 1536, 6144])
P:  torch.Size([6144, 1536])
S torch.Size([24, 6144, 1536])
step 00306/02088 (14.66%) | loss: 3.345132 | lrm: 1.00 | dt: 14595.40ms | tok/sec: 71,842 | bf16_mfu: 35.92 | epoch: 1 | total time: 72.07m | eta: 433.9m
kind=muon
kind=muon
kind=muon
kind=muon
P:  torch.Size([12, 32])
S torch.Size([12, 12, 32])
P:  torch.Size([1536, 1536])
S torch.Size([96, 1536, 1536])
P:  torch.Size([1536, 6144])
S torch.Size([24, 1536, 6144])
P:  torch.Size([6144, 1536])
S torch.Size([24, 6144, 1536])
step 00307/02088 (14.70%) | loss: 3.351391 | lrm: 1.00 | dt: 14603.70ms | tok/sec: 71,802 | bf16_mfu: 35.90 | epoch: 1 | total time: 72.31m | eta: 433.6m
kind=muon
kind=muon
kind=muon
kind=muon
P:  torch.Size([12, 32])
S torch.Size([12, 12, 32])
P:  torch.Size([1536, 1536])
S torch.Size([96, 1536, 1536])
P:  torch.Size([1536, 6144])
S torch.Size([24, 1536, 6144])
P:  torch.Size([6144, 1536])
S torch.Size([24, 6144, 1536])
step 00308/02088 (14.75%) | loss: 3.356545 | lrm: 1.00 | dt: 14598.47ms | tok/sec: 71,827 | bf16_mfu: 35.91 | epoch: 1 | total time: 72.55m | eta: 433.4m
kind=muon
kind=muon
kind=muon
kind=muon
P:  torch.Size([12, 32])
S torch.Size([12, 12, 32])
P:  torch.Size([1536, 1536])
S torch.Size([96, 1536, 1536])
P:  torch.Size([1536, 6144])
S torch.Size([24, 1536, 6144])
P:  torch.Size([6144, 1536])
S torch.Size([24, 6144, 1536])
step 00309/02088 (14.80%) | loss: 3.359929 | lrm: 1.00 | dt: 14597.21ms | tok/sec: 71,834 | bf16_mfu: 35.92 | epoch: 1 | total time: 72.80m | eta: 433.1m
kind=muon
kind=muon
kind=muon
kind=muon
P:  torch.Size([12, 32])
S torch.Size([12, 12, 32])
P:  torch.Size([1536, 1536])
S torch.Size([96, 1536, 1536])
P:  torch.Size([1536, 6144])
S torch.Size([24, 1536, 6144])
P:  torch.Size([6144, 1536])
S torch.Size([24, 6144, 1536])
step 00310/02088 (14.85%) | loss: 3.357739 | lrm: 1.00 | dt: 14596.36ms | tok/sec: 71,838 | bf16_mfu: 35.92 | epoch: 1 | total time: 73.04m | eta: 432.9m
kind=muon
kind=muon
kind=muon
kind=muon
P:  torch.Size([12, 32])
S torch.Size([12, 12, 32])
P:  torch.Size([1536, 1536])
S torch.Size([96, 1536, 1536])
P:  torch.Size([1536, 6144])
S torch.Size([24, 1536, 6144])
P:  torch.Size([6144, 1536])
S torch.Size([24, 6144, 1536])
step 00311/02088 (14.89%) | loss: 3.346262 | lrm: 1.00 | dt: 14593.13ms | tok/sec: 71,854 | bf16_mfu: 35.93 | epoch: 1 | total time: 73.28m | eta: 432.6m
kind=muon
kind=muon
kind=muon
kind=muon
P:  torch.Size([12, 32])
S torch.Size([12, 12, 32])
P:  torch.Size([1536, 1536])
S torch.Size([96, 1536, 1536])
P:  torch.Size([1536, 6144])
S torch.Size([24, 1536, 6144])
P:  torch.Size([6144, 1536])
S torch.Size([24, 6144, 1536])
step 00312/02088 (14.94%) | loss: 3.354855 | lrm: 1.00 | dt: 14600.89ms | tok/sec: 71,815 | bf16_mfu: 35.91 | epoch: 1 | total time: 73.53m | eta: 432.4m
kind=muon
kind=muon
kind=muon
kind=muon
P:  torch.Size([12, 32])
S torch.Size([12, 12, 32])
P:  torch.Size([1536, 1536])
S torch.Size([96, 1536, 1536])
P:  torch.Size([1536, 6144])
S torch.Size([24, 1536, 6144])
P:  torch.Size([6144, 1536])
S torch.Size([24, 6144, 1536])
step 00313/02088 (14.99%) | loss: 3.363507 | lrm: 1.00 | dt: 14596.16ms | tok/sec: 71,839 | bf16_mfu: 35.92 | epoch: 1 | total time: 73.77m | eta: 432.2m
kind=muon
kind=muon
kind=muon
kind=muon
P:  torch.Size([12, 32])
S torch.Size([12, 12, 32])
P:  torch.Size([1536, 1536])
S torch.Size([96, 1536, 1536])
P:  torch.Size([1536, 6144])
S torch.Size([24, 1536, 6144])
P:  torch.Size([6144, 1536])
S torch.Size([24, 6144, 1536])
step 00314/02088 (15.04%) | loss: 3.353569 | lrm: 1.00 | dt: 14592.51ms | tok/sec: 71,857 | bf16_mfu: 35.93 | epoch: 1 | total time: 74.01m | eta: 431.9m
kind=muon
kind=muon
kind=muon
kind=muon
P:  torch.Size([12, 32])
S torch.Size([12, 12, 32])
P:  torch.Size([1536, 1536])
S torch.Size([96, 1536, 1536])
P:  torch.Size([1536, 6144])
S torch.Size([24, 1536, 6144])
P:  torch.Size([6144, 1536])
S torch.Size([24, 6144, 1536])
step 00315/02088 (15.09%) | loss: 3.356608 | lrm: 1.00 | dt: 14593.89ms | tok/sec: 71,850 | bf16_mfu: 35.93 | epoch: 1 | total time: 74.26m | eta: 431.7m
kind=muon
kind=muon
kind=muon
kind=muon
P:  torch.Size([12, 32])
S torch.Size([12, 12, 32])
P:  torch.Size([1536, 1536])
S torch.Size([96, 1536, 1536])
P:  torch.Size([1536, 6144])
S torch.Size([24, 1536, 6144])
P:  torch.Size([6144, 1536])
S torch.Size([24, 6144, 1536])
step 00316/02088 (15.13%) | loss: 3.359456 | lrm: 1.00 | dt: 14596.17ms | tok/sec: 71,839 | bf16_mfu: 35.92 | epoch: 1 | total time: 74.50m | eta: 431.4m
kind=muon
kind=muon
kind=muon
kind=muon
P:  torch.Size([12, 32])
S torch.Size([12, 12, 32])
P:  torch.Size([1536, 1536])
S torch.Size([96, 1536, 1536])
P:  torch.Size([1536, 6144])
S torch.Size([24, 1536, 6144])
P:  torch.Size([6144, 1536])
S torch.Size([24, 6144, 1536])
step 00317/02088 (15.18%) | loss: 3.364746 | lrm: 1.00 | dt: 14589.93ms | tok/sec: 71,869 | bf16_mfu: 35.94 | epoch: 1 | total time: 74.74m | eta: 431.2m
kind=muon
kind=muon
kind=muon
kind=muon
P:  torch.Size([12, 32])
S torch.Size([12, 12, 32])
P:  torch.Size([1536, 1536])
S torch.Size([96, 1536, 1536])
P:  torch.Size([1536, 6144])
S torch.Size([24, 1536, 6144])
P:  torch.Size([6144, 1536])
S torch.Size([24, 6144, 1536])
step 00318/02088 (15.23%) | loss: 3.359350 | lrm: 1.00 | dt: 14602.63ms | tok/sec: 71,807 | bf16_mfu: 35.90 | epoch: 1 | total time: 74.99m | eta: 430.9m
kind=muon
kind=muon
kind=muon
kind=muon
P:  torch.Size([12, 32])
S torch.Size([12, 12, 32])
P:  torch.Size([1536, 1536])
S torch.Size([96, 1536, 1536])
P:  torch.Size([1536, 6144])
S torch.Size([24, 1536, 6144])
P:  torch.Size([6144, 1536])
S torch.Size([24, 6144, 1536])
step 00319/02088 (15.28%) | loss: 3.370064 | lrm: 1.00 | dt: 14594.75ms | tok/sec: 71,846 | bf16_mfu: 35.92 | epoch: 1 | total time: 75.23m | eta: 430.7m
kind=muon
kind=muon
kind=muon
kind=muon
P:  torch.Size([12, 32])
S torch.Size([12, 12, 32])
P:  torch.Size([1536, 1536])
S torch.Size([96, 1536, 1536])
P:  torch.Size([1536, 6144])
S torch.Size([24, 1536, 6144])
P:  torch.Size([6144, 1536])
S torch.Size([24, 6144, 1536])
step 00320/02088 (15.33%) | loss: 3.369838 | lrm: 1.00 | dt: 14597.77ms | tok/sec: 71,831 | bf16_mfu: 35.92 | epoch: 1 | total time: 75.47m | eta: 430.4m
kind=muon
kind=muon
kind=muon
kind=muon
P:  torch.Size([12, 32])
S torch.Size([12, 12, 32])
P:  torch.Size([1536, 1536])
S torch.Size([96, 1536, 1536])
P:  torch.Size([1536, 6144])
S torch.Size([24, 1536, 6144])
P:  torch.Size([6144, 1536])
S torch.Size([24, 6144, 1536])
step 00321/02088 (15.37%) | loss: 3.352953 | lrm: 1.00 | dt: 14592.47ms | tok/sec: 71,857 | bf16_mfu: 35.93 | epoch: 1 | total time: 75.72m | eta: 430.2m
kind=muon
kind=muon
kind=muon
kind=muon
P:  torch.Size([12, 32])
S torch.Size([12, 12, 32])
P:  torch.Size([1536, 1536])
S torch.Size([96, 1536, 1536])
P:  torch.Size([1536, 6144])
S torch.Size([24, 1536, 6144])
P:  torch.Size([6144, 1536])
S torch.Size([24, 6144, 1536])
step 00322/02088 (15.42%) | loss: 3.343309 | lrm: 1.00 | dt: 14597.98ms | tok/sec: 71,830 | bf16_mfu: 35.92 | epoch: 1 | total time: 75.96m | eta: 430.0m
kind=muon
kind=muon
kind=muon
kind=muon
P:  torch.Size([12, 32])
S torch.Size([12, 12, 32])
P:  torch.Size([1536, 1536])
S torch.Size([96, 1536, 1536])
P:  torch.Size([1536, 6144])
S torch.Size([24, 1536, 6144])
P:  torch.Size([6144, 1536])
S torch.Size([24, 6144, 1536])
step 00323/02088 (15.47%) | loss: 3.340434 | lrm: 1.00 | dt: 14597.85ms | tok/sec: 71,830 | bf16_mfu: 35.92 | epoch: 1 | total time: 76.20m | eta: 429.7m
kind=muon
kind=muon
kind=muon
kind=muon
P:  torch.Size([12, 32])
S torch.Size([12, 12, 32])
P:  torch.Size([1536, 1536])
S torch.Size([96, 1536, 1536])
P:  torch.Size([1536, 6144])
S torch.Size([24, 1536, 6144])
P:  torch.Size([6144, 1536])
S torch.Size([24, 6144, 1536])
step 00324/02088 (15.52%) | loss: 3.332915 | lrm: 1.00 | dt: 14596.26ms | tok/sec: 71,838 | bf16_mfu: 35.92 | epoch: 1 | total time: 76.45m | eta: 429.5m
kind=muon
kind=muon
kind=muon
kind=muon
P:  torch.Size([12, 32])
S torch.Size([12, 12, 32])
P:  torch.Size([1536, 1536])
S torch.Size([96, 1536, 1536])
P:  torch.Size([1536, 6144])
S torch.Size([24, 1536, 6144])
P:  torch.Size([6144, 1536])
S torch.Size([24, 6144, 1536])
step 00325/02088 (15.57%) | loss: 3.335211 | lrm: 1.00 | dt: 14592.55ms | tok/sec: 71,856 | bf16_mfu: 35.93 | epoch: 1 | total time: 76.69m | eta: 429.2m
kind=muon
kind=muon
kind=muon
kind=muon
P:  torch.Size([12, 32])
S torch.Size([12, 12, 32])
P:  torch.Size([1536, 1536])
S torch.Size([96, 1536, 1536])
P:  torch.Size([1536, 6144])
S torch.Size([24, 1536, 6144])
P:  torch.Size([6144, 1536])
S torch.Size([24, 6144, 1536])
step 00326/02088 (15.61%) | loss: 3.334545 | lrm: 1.00 | dt: 14595.24ms | tok/sec: 71,843 | bf16_mfu: 35.92 | epoch: 1 | total time: 76.93m | eta: 429.0m
kind=muon
kind=muon
kind=muon
kind=muon
P:  torch.Size([12, 32])
S torch.Size([12, 12, 32])
P:  torch.Size([1536, 1536])
S torch.Size([96, 1536, 1536])
P:  torch.Size([1536, 6144])
S torch.Size([24, 1536, 6144])
P:  torch.Size([6144, 1536])
S torch.Size([24, 6144, 1536])
step 00327/02088 (15.66%) | loss: 3.334504 | lrm: 1.00 | dt: 14592.06ms | tok/sec: 71,859 | bf16_mfu: 35.93 | epoch: 1 | total time: 77.18m | eta: 428.7m
kind=muon
kind=muon
kind=muon
kind=muon
P:  torch.Size([12, 32])
S torch.Size([12, 12, 32])
P:  torch.Size([1536, 1536])
S torch.Size([96, 1536, 1536])
P:  torch.Size([1536, 6144])
S torch.Size([24, 1536, 6144])
P:  torch.Size([6144, 1536])
S torch.Size([24, 6144, 1536])
step 00328/02088 (15.71%) | loss: 3.328849 | lrm: 1.00 | dt: 14591.41ms | tok/sec: 71,862 | bf16_mfu: 35.93 | epoch: 1 | total time: 77.42m | eta: 428.5m
kind=muon
kind=muon
kind=muon
kind=muon
P:  torch.Size([12, 32])
S torch.Size([12, 12, 32])
P:  torch.Size([1536, 1536])
S torch.Size([96, 1536, 1536])
P:  torch.Size([1536, 6144])
S torch.Size([24, 1536, 6144])
P:  torch.Size([6144, 1536])
S torch.Size([24, 6144, 1536])
step 00329/02088 (15.76%) | loss: 3.338193 | lrm: 1.00 | dt: 14588.82ms | tok/sec: 71,875 | bf16_mfu: 35.94 | epoch: 1 | total time: 77.66m | eta: 428.2m
kind=muon
kind=muon
kind=muon
kind=muon
P:  torch.Size([12, 32])
S torch.Size([12, 12, 32])
P:  torch.Size([1536, 1536])
S torch.Size([96, 1536, 1536])
P:  torch.Size([1536, 6144])
S torch.Size([24, 1536, 6144])
P:  torch.Size([6144, 1536])
S torch.Size([24, 6144, 1536])
step 00330/02088 (15.80%) | loss: 3.331873 | lrm: 1.00 | dt: 14596.90ms | tok/sec: 71,835 | bf16_mfu: 35.92 | epoch: 1 | total time: 77.91m | eta: 428.0m
kind=muon
kind=muon
kind=muon
kind=muon
P:  torch.Size([12, 32])
S torch.Size([12, 12, 32])
P:  torch.Size([1536, 1536])
S torch.Size([96, 1536, 1536])
P:  torch.Size([1536, 6144])
S torch.Size([24, 1536, 6144])
P:  torch.Size([6144, 1536])
S torch.Size([24, 6144, 1536])
step 00331/02088 (15.85%) | loss: 3.319384 | lrm: 1.00 | dt: 14593.13ms | tok/sec: 71,854 | bf16_mfu: 35.93 | epoch: 1 | total time: 78.15m | eta: 427.7m
kind=muon
kind=muon
kind=muon
kind=muon
P:  torch.Size([12, 32])
S torch.Size([12, 12, 32])
P:  torch.Size([1536, 1536])
S torch.Size([96, 1536, 1536])
P:  torch.Size([1536, 6144])
S torch.Size([24, 1536, 6144])
P:  torch.Size([6144, 1536])
S torch.Size([24, 6144, 1536])
step 00332/02088 (15.90%) | loss: 3.313155 | lrm: 1.00 | dt: 14594.87ms | tok/sec: 71,845 | bf16_mfu: 35.92 | epoch: 1 | total time: 78.39m | eta: 427.5m
kind=muon
kind=muon
kind=muon
kind=muon
P:  torch.Size([12, 32])
S torch.Size([12, 12, 32])
P:  torch.Size([1536, 1536])
S torch.Size([96, 1536, 1536])
P:  torch.Size([1536, 6144])
S torch.Size([24, 1536, 6144])
P:  torch.Size([6144, 1536])
S torch.Size([24, 6144, 1536])
step 00333/02088 (15.95%) | loss: 3.315006 | lrm: 1.00 | dt: 14591.25ms | tok/sec: 71,863 | bf16_mfu: 35.93 | epoch: 1 | total time: 78.63m | eta: 427.3m
kind=muon
kind=muon
kind=muon
kind=muon
P:  torch.Size([12, 32])
S torch.Size([12, 12, 32])
P:  torch.Size([1536, 1536])
S torch.Size([96, 1536, 1536])
P:  torch.Size([1536, 6144])
S torch.Size([24, 1536, 6144])
P:  torch.Size([6144, 1536])
S torch.Size([24, 6144, 1536])
step 00334/02088 (16.00%) | loss: 3.315047 | lrm: 1.00 | dt: 14592.35ms | tok/sec: 71,857 | bf16_mfu: 35.93 | epoch: 1 | total time: 78.88m | eta: 427.0m
kind=muon
kind=muon
kind=muon
kind=muon
P:  torch.Size([12, 32])
S torch.Size([12, 12, 32])
P:  torch.Size([1536, 1536])
S torch.Size([96, 1536, 1536])
P:  torch.Size([1536, 6144])
S torch.Size([24, 1536, 6144])
P:  torch.Size([6144, 1536])
S torch.Size([24, 6144, 1536])
step 00335/02088 (16.04%) | loss: 3.301055 | lrm: 1.00 | dt: 14594.08ms | tok/sec: 71,849 | bf16_mfu: 35.93 | epoch: 1 | total time: 79.12m | eta: 426.8m
kind=muon
kind=muon
kind=muon
kind=muon
P:  torch.Size([12, 32])
S torch.Size([12, 12, 32])
P:  torch.Size([1536, 1536])
S torch.Size([96, 1536, 1536])
P:  torch.Size([1536, 6144])
S torch.Size([24, 1536, 6144])
P:  torch.Size([6144, 1536])
S torch.Size([24, 6144, 1536])
step 00336/02088 (16.09%) | loss: 3.287393 | lrm: 1.00 | dt: 14597.06ms | tok/sec: 71,834 | bf16_mfu: 35.92 | epoch: 1 | total time: 79.36m | eta: 426.5m
kind=muon
kind=muon
kind=muon
kind=muon
P:  torch.Size([12, 32])
S torch.Size([12, 12, 32])
P:  torch.Size([1536, 1536])
S torch.Size([96, 1536, 1536])
P:  torch.Size([1536, 6144])
S torch.Size([24, 1536, 6144])
P:  torch.Size([6144, 1536])
S torch.Size([24, 6144, 1536])
step 00337/02088 (16.14%) | loss: 3.294347 | lrm: 1.00 | dt: 14593.78ms | tok/sec: 71,850 | bf16_mfu: 35.93 | epoch: 1 | total time: 79.61m | eta: 426.3m
kind=muon
kind=muon
kind=muon
kind=muon
P:  torch.Size([12, 32])
S torch.Size([12, 12, 32])
P:  torch.Size([1536, 1536])
S torch.Size([96, 1536, 1536])
P:  torch.Size([1536, 6144])
S torch.Size([24, 1536, 6144])
P:  torch.Size([6144, 1536])
S torch.Size([24, 6144, 1536])
step 00338/02088 (16.19%) | loss: 3.304489 | lrm: 1.00 | dt: 14591.43ms | tok/sec: 71,862 | bf16_mfu: 35.93 | epoch: 1 | total time: 79.85m | eta: 426.0m
kind=muon
kind=muon
kind=muon
kind=muon
P:  torch.Size([12, 32])
S torch.Size([12, 12, 32])
P:  torch.Size([1536, 1536])
S torch.Size([96, 1536, 1536])
P:  torch.Size([1536, 6144])
S torch.Size([24, 1536, 6144])
P:  torch.Size([6144, 1536])
S torch.Size([24, 6144, 1536])
step 00339/02088 (16.24%) | loss: 3.296574 | lrm: 1.00 | dt: 14593.42ms | tok/sec: 71,852 | bf16_mfu: 35.93 | epoch: 1 | total time: 80.09m | eta: 425.8m
kind=muon
kind=muon
kind=muon
kind=muon
P:  torch.Size([12, 32])
S torch.Size([12, 12, 32])
P:  torch.Size([1536, 1536])
S torch.Size([96, 1536, 1536])
P:  torch.Size([1536, 6144])
S torch.Size([24, 1536, 6144])
P:  torch.Size([6144, 1536])
S torch.Size([24, 6144, 1536])
step 00340/02088 (16.28%) | loss: 3.284877 | lrm: 1.00 | dt: 14596.88ms | tok/sec: 71,835 | bf16_mfu: 35.92 | epoch: 1 | total time: 80.34m | eta: 425.5m
kind=muon
kind=muon
kind=muon
kind=muon
P:  torch.Size([12, 32])
S torch.Size([12, 12, 32])
P:  torch.Size([1536, 1536])
S torch.Size([96, 1536, 1536])
P:  torch.Size([1536, 6144])
S torch.Size([24, 1536, 6144])
P:  torch.Size([6144, 1536])
S torch.Size([24, 6144, 1536])
step 00341/02088 (16.33%) | loss: 3.275524 | lrm: 1.00 | dt: 14591.43ms | tok/sec: 71,862 | bf16_mfu: 35.93 | epoch: 1 | total time: 80.58m | eta: 425.3m
kind=muon
kind=muon
kind=muon
kind=muon
P:  torch.Size([12, 32])
S torch.Size([12, 12, 32])
P:  torch.Size([1536, 1536])
S torch.Size([96, 1536, 1536])
P:  torch.Size([1536, 6144])
S torch.Size([24, 1536, 6144])
P:  torch.Size([6144, 1536])
S torch.Size([24, 6144, 1536])
step 00342/02088 (16.38%) | loss: 3.278537 | lrm: 1.00 | dt: 14595.05ms | tok/sec: 71,844 | bf16_mfu: 35.92 | epoch: 1 | total time: 80.82m | eta: 425.1m
kind=muon
kind=muon
kind=muon
kind=muon
P:  torch.Size([12, 32])
S torch.Size([12, 12, 32])
P:  torch.Size([1536, 1536])
S torch.Size([96, 1536, 1536])
P:  torch.Size([1536, 6144])
S torch.Size([24, 1536, 6144])
P:  torch.Size([6144, 1536])
S torch.Size([24, 6144, 1536])
step 00343/02088 (16.43%) | loss: 3.273499 | lrm: 1.00 | dt: 14590.24ms | tok/sec: 71,868 | bf16_mfu: 35.93 | epoch: 1 | total time: 81.07m | eta: 424.8m
kind=muon
kind=muon
kind=muon
kind=muon
P:  torch.Size([12, 32])
S torch.Size([12, 12, 32])
P:  torch.Size([1536, 1536])
S torch.Size([96, 1536, 1536])
P:  torch.Size([1536, 6144])
S torch.Size([24, 1536, 6144])
P:  torch.Size([6144, 1536])
S torch.Size([24, 6144, 1536])
step 00344/02088 (16.48%) | loss: 3.277510 | lrm: 1.00 | dt: 14594.54ms | tok/sec: 71,847 | bf16_mfu: 35.92 | epoch: 1 | total time: 81.31m | eta: 424.6m
kind=muon
kind=muon
kind=muon
kind=muon
P:  torch.Size([12, 32])
S torch.Size([12, 12, 32])
P:  torch.Size([1536, 1536])
S torch.Size([96, 1536, 1536])
P:  torch.Size([1536, 6144])
S torch.Size([24, 1536, 6144])
P:  torch.Size([6144, 1536])
S torch.Size([24, 6144, 1536])
step 00345/02088 (16.52%) | loss: 3.275104 | lrm: 1.00 | dt: 14593.24ms | tok/sec: 71,853 | bf16_mfu: 35.93 | epoch: 1 | total time: 81.55m | eta: 424.3m
kind=muon
kind=muon
kind=muon
kind=muon
P:  torch.Size([12, 32])
S torch.Size([12, 12, 32])
P:  torch.Size([1536, 1536])
S torch.Size([96, 1536, 1536])
P:  torch.Size([1536, 6144])
S torch.Size([24, 1536, 6144])
P:  torch.Size([6144, 1536])
S torch.Size([24, 6144, 1536])
step 00346/02088 (16.57%) | loss: 3.270692 | lrm: 1.00 | dt: 14600.80ms | tok/sec: 71,816 | bf16_mfu: 35.91 | epoch: 1 | total time: 81.80m | eta: 424.1m
kind=muon
kind=muon
kind=muon
kind=muon
P:  torch.Size([12, 32])
S torch.Size([12, 12, 32])
P:  torch.Size([1536, 1536])
S torch.Size([96, 1536, 1536])
P:  torch.Size([1536, 6144])
S torch.Size([24, 1536, 6144])
P:  torch.Size([6144, 1536])
S torch.Size([24, 6144, 1536])
step 00347/02088 (16.62%) | loss: 3.270206 | lrm: 1.00 | dt: 14594.47ms | tok/sec: 71,847 | bf16_mfu: 35.92 | epoch: 1 | total time: 82.04m | eta: 423.8m
kind=muon
kind=muon
kind=muon
kind=muon
P:  torch.Size([12, 32])
S torch.Size([12, 12, 32])
P:  torch.Size([1536, 1536])
S torch.Size([96, 1536, 1536])
P:  torch.Size([1536, 6144])
S torch.Size([24, 1536, 6144])
P:  torch.Size([6144, 1536])
S torch.Size([24, 6144, 1536])
step 00348/02088 (16.67%) | loss: 3.279965 | lrm: 1.00 | dt: 14593.42ms | tok/sec: 71,852 | bf16_mfu: 35.93 | epoch: 1 | total time: 82.28m | eta: 423.6m
kind=muon
kind=muon
kind=muon
kind=muon
P:  torch.Size([12, 32])
S torch.Size([12, 12, 32])
P:  torch.Size([1536, 1536])
S torch.Size([96, 1536, 1536])
P:  torch.Size([1536, 6144])
S torch.Size([24, 1536, 6144])
P:  torch.Size([6144, 1536])
S torch.Size([24, 6144, 1536])
step 00349/02088 (16.71%) | loss: 3.301738 | lrm: 1.00 | dt: 14584.65ms | tok/sec: 71,895 | bf16_mfu: 35.95 | epoch: 1 | total time: 82.53m | eta: 423.3m
kind=muon
kind=muon
kind=muon
kind=muon
P:  torch.Size([12, 32])
S torch.Size([12, 12, 32])
P:  torch.Size([1536, 1536])
S torch.Size([96, 1536, 1536])
P:  torch.Size([1536, 6144])
S torch.Size([24, 1536, 6144])
P:  torch.Size([6144, 1536])
S torch.Size([24, 6144, 1536])
step 00350/02088 (16.76%) | loss: 3.309343 | lrm: 1.00 | dt: 14590.34ms | tok/sec: 71,867 | bf16_mfu: 35.93 | epoch: 1 | total time: 82.77m | eta: 423.1m
kind=muon
kind=muon
kind=muon
kind=muon
P:  torch.Size([12, 32])
S torch.Size([12, 12, 32])
P:  torch.Size([1536, 1536])
S torch.Size([96, 1536, 1536])
P:  torch.Size([1536, 6144])
S torch.Size([24, 1536, 6144])
P:  torch.Size([6144, 1536])
S torch.Size([24, 6144, 1536])
step 00351/02088 (16.81%) | loss: 3.304544 | lrm: 1.00 | dt: 14595.82ms | tok/sec: 71,840 | bf16_mfu: 35.92 | epoch: 1 | total time: 83.01m | eta: 422.9m
kind=muon
kind=muon
kind=muon
kind=muon
P:  torch.Size([12, 32])
S torch.Size([12, 12, 32])
P:  torch.Size([1536, 1536])
S torch.Size([96, 1536, 1536])
P:  torch.Size([1536, 6144])
S torch.Size([24, 1536, 6144])
P:  torch.Size([6144, 1536])
S torch.Size([24, 6144, 1536])
step 00352/02088 (16.86%) | loss: 3.298083 | lrm: 1.00 | dt: 14588.65ms | tok/sec: 71,876 | bf16_mfu: 35.94 | epoch: 1 | total time: 83.26m | eta: 422.6m
kind=muon
kind=muon
kind=muon
kind=muon
P:  torch.Size([12, 32])
S torch.Size([12, 12, 32])
P:  torch.Size([1536, 1536])
S torch.Size([96, 1536, 1536])
P:  torch.Size([1536, 6144])
S torch.Size([24, 1536, 6144])
P:  torch.Size([6144, 1536])
S torch.Size([24, 6144, 1536])
step 00353/02088 (16.91%) | loss: 3.287073 | lrm: 1.00 | dt: 14592.72ms | tok/sec: 71,856 | bf16_mfu: 35.93 | epoch: 1 | total time: 83.50m | eta: 422.4m
kind=muon
kind=muon
kind=muon
kind=muon
P:  torch.Size([12, 32])
S torch.Size([12, 12, 32])
P:  torch.Size([1536, 1536])
S torch.Size([96, 1536, 1536])
P:  torch.Size([1536, 6144])
S torch.Size([24, 1536, 6144])
P:  torch.Size([6144, 1536])
S torch.Size([24, 6144, 1536])
step 00354/02088 (16.95%) | loss: 3.282406 | lrm: 1.00 | dt: 14598.92ms | tok/sec: 71,825 | bf16_mfu: 35.91 | epoch: 1 | total time: 83.74m | eta: 422.1m
kind=muon
kind=muon
kind=muon
kind=muon
P:  torch.Size([12, 32])
S torch.Size([12, 12, 32])
P:  torch.Size([1536, 1536])
S torch.Size([96, 1536, 1536])
P:  torch.Size([1536, 6144])
S torch.Size([24, 1536, 6144])
P:  torch.Size([6144, 1536])
S torch.Size([24, 6144, 1536])
step 00355/02088 (17.00%) | loss: 3.276491 | lrm: 1.00 | dt: 14590.86ms | tok/sec: 71,865 | bf16_mfu: 35.93 | epoch: 1 | total time: 83.99m | eta: 421.9m
kind=muon
kind=muon
kind=muon
kind=muon
P:  torch.Size([12, 32])
S torch.Size([12, 12, 32])
P:  torch.Size([1536, 1536])
S torch.Size([96, 1536, 1536])
P:  torch.Size([1536, 6144])
S torch.Size([24, 1536, 6144])
P:  torch.Size([6144, 1536])
S torch.Size([24, 6144, 1536])
step 00356/02088 (17.05%) | loss: 3.279448 | lrm: 1.00 | dt: 14591.10ms | tok/sec: 71,864 | bf16_mfu: 35.93 | epoch: 1 | total time: 84.23m | eta: 421.6m
kind=muon
kind=muon
kind=muon
kind=muon
P:  torch.Size([12, 32])
S torch.Size([12, 12, 32])
P:  torch.Size([1536, 1536])
S torch.Size([96, 1536, 1536])
P:  torch.Size([1536, 6144])
S torch.Size([24, 1536, 6144])
P:  torch.Size([6144, 1536])
S torch.Size([24, 6144, 1536])
step 00357/02088 (17.10%) | loss: 3.280059 | lrm: 1.00 | dt: 14593.47ms | tok/sec: 71,852 | bf16_mfu: 35.93 | epoch: 1 | total time: 84.47m | eta: 421.4m
kind=muon
kind=muon
kind=muon
kind=muon
P:  torch.Size([12, 32])
S torch.Size([12, 12, 32])
P:  torch.Size([1536, 1536])
S torch.Size([96, 1536, 1536])
P:  torch.Size([1536, 6144])
S torch.Size([24, 1536, 6144])
P:  torch.Size([6144, 1536])
S torch.Size([24, 6144, 1536])
step 00358/02088 (17.15%) | loss: 3.279735 | lrm: 1.00 | dt: 14587.84ms | tok/sec: 71,880 | bf16_mfu: 35.94 | epoch: 1 | total time: 84.72m | eta: 421.1m
kind=muon
kind=muon
kind=muon
kind=muon
P:  torch.Size([12, 32])
S torch.Size([12, 12, 32])
P:  torch.Size([1536, 1536])
S torch.Size([96, 1536, 1536])
P:  torch.Size([1536, 6144])
S torch.Size([24, 1536, 6144])
P:  torch.Size([6144, 1536])
S torch.Size([24, 6144, 1536])
step 00359/02088 (17.19%) | loss: 3.263873 | lrm: 1.00 | dt: 14598.12ms | tok/sec: 71,829 | bf16_mfu: 35.92 | epoch: 1 | total time: 84.96m | eta: 420.9m
kind=muon
kind=muon
kind=muon
kind=muon
P:  torch.Size([12, 32])
S torch.Size([12, 12, 32])
P:  torch.Size([1536, 1536])
S torch.Size([96, 1536, 1536])
P:  torch.Size([1536, 6144])
S torch.Size([24, 1536, 6144])
P:  torch.Size([6144, 1536])
S torch.Size([24, 6144, 1536])
step 00360/02088 (17.24%) | loss: 3.251063 | lrm: 1.00 | dt: 14594.53ms | tok/sec: 71,847 | bf16_mfu: 35.92 | epoch: 1 | total time: 85.20m | eta: 420.7m
kind=muon
kind=muon
kind=muon
kind=muon
P:  torch.Size([12, 32])
S torch.Size([12, 12, 32])
P:  torch.Size([1536, 1536])
S torch.Size([96, 1536, 1536])
P:  torch.Size([1536, 6144])
S torch.Size([24, 1536, 6144])
P:  torch.Size([6144, 1536])
S torch.Size([24, 6144, 1536])
step 00361/02088 (17.29%) | loss: 3.254894 | lrm: 1.00 | dt: 14589.91ms | tok/sec: 71,869 | bf16_mfu: 35.94 | epoch: 1 | total time: 85.45m | eta: 420.4m
kind=muon
kind=muon
kind=muon
kind=muon
P:  torch.Size([12, 32])
S torch.Size([12, 12, 32])
P:  torch.Size([1536, 1536])
S torch.Size([96, 1536, 1536])
P:  torch.Size([1536, 6144])
S torch.Size([24, 1536, 6144])
P:  torch.Size([6144, 1536])
S torch.Size([24, 6144, 1536])
step 00362/02088 (17.34%) | loss: 3.253947 | lrm: 1.00 | dt: 14589.38ms | tok/sec: 71,872 | bf16_mfu: 35.94 | epoch: 1 | total time: 85.69m | eta: 420.2m
kind=muon
kind=muon
kind=muon
kind=muon
P:  torch.Size([12, 32])
S torch.Size([12, 12, 32])
P:  torch.Size([1536, 1536])
S torch.Size([96, 1536, 1536])
P:  torch.Size([1536, 6144])
S torch.Size([24, 1536, 6144])
P:  torch.Size([6144, 1536])
S torch.Size([24, 6144, 1536])
step 00363/02088 (17.39%) | loss: 3.252012 | lrm: 1.00 | dt: 14597.02ms | tok/sec: 71,834 | bf16_mfu: 35.92 | epoch: 1 | total time: 85.93m | eta: 419.9m
kind=muon
kind=muon
kind=muon
kind=muon
P:  torch.Size([12, 32])
S torch.Size([12, 12, 32])
P:  torch.Size([1536, 1536])
S torch.Size([96, 1536, 1536])
P:  torch.Size([1536, 6144])
S torch.Size([24, 1536, 6144])
P:  torch.Size([6144, 1536])
S torch.Size([24, 6144, 1536])
step 00364/02088 (17.43%) | loss: 3.264703 | lrm: 1.00 | dt: 14591.24ms | tok/sec: 71,863 | bf16_mfu: 35.93 | epoch: 1 | total time: 86.17m | eta: 419.7m
kind=muon
kind=muon
kind=muon
kind=muon
P:  torch.Size([12, 32])
S torch.Size([12, 12, 32])
P:  torch.Size([1536, 1536])
S torch.Size([96, 1536, 1536])
P:  torch.Size([1536, 6144])
S torch.Size([24, 1536, 6144])
P:  torch.Size([6144, 1536])
S torch.Size([24, 6144, 1536])
step 00365/02088 (17.48%) | loss: 3.265777 | lrm: 1.00 | dt: 14592.12ms | tok/sec: 71,859 | bf16_mfu: 35.93 | epoch: 1 | total time: 86.42m | eta: 419.4m
kind=muon
kind=muon
kind=muon
kind=muon
P:  torch.Size([12, 32])
S torch.Size([12, 12, 32])
P:  torch.Size([1536, 1536])
S torch.Size([96, 1536, 1536])
P:  torch.Size([1536, 6144])
S torch.Size([24, 1536, 6144])
P:  torch.Size([6144, 1536])
S torch.Size([24, 6144, 1536])
step 00366/02088 (17.53%) | loss: 3.278317 | lrm: 1.00 | dt: 14592.51ms | tok/sec: 71,857 | bf16_mfu: 35.93 | epoch: 1 | total time: 86.66m | eta: 419.2m
kind=muon
kind=muon
kind=muon
kind=muon
P:  torch.Size([12, 32])
S torch.Size([12, 12, 32])
P:  torch.Size([1536, 1536])
S torch.Size([96, 1536, 1536])
P:  torch.Size([1536, 6144])
S torch.Size([24, 1536, 6144])
P:  torch.Size([6144, 1536])
S torch.Size([24, 6144, 1536])
step 00367/02088 (17.58%) | loss: 3.275717 | lrm: 1.00 | dt: 14588.77ms | tok/sec: 71,875 | bf16_mfu: 35.94 | epoch: 1 | total time: 86.90m | eta: 418.9m
kind=muon
kind=muon
kind=muon
kind=muon
P:  torch.Size([12, 32])
S torch.Size([12, 12, 32])
P:  torch.Size([1536, 1536])
S torch.Size([96, 1536, 1536])
P:  torch.Size([1536, 6144])
S torch.Size([24, 1536, 6144])
P:  torch.Size([6144, 1536])
S torch.Size([24, 6144, 1536])
step 00368/02088 (17.62%) | loss: 3.281230 | lrm: 1.00 | dt: 14591.03ms | tok/sec: 71,864 | bf16_mfu: 35.93 | epoch: 1 | total time: 87.15m | eta: 418.7m
kind=muon
kind=muon
kind=muon
kind=muon
P:  torch.Size([12, 32])
S torch.Size([12, 12, 32])
P:  torch.Size([1536, 1536])
S torch.Size([96, 1536, 1536])
P:  torch.Size([1536, 6144])
S torch.Size([24, 1536, 6144])
P:  torch.Size([6144, 1536])
S torch.Size([24, 6144, 1536])
step 00369/02088 (17.67%) | loss: 3.282862 | lrm: 1.00 | dt: 14594.94ms | tok/sec: 71,845 | bf16_mfu: 35.92 | epoch: 1 | total time: 87.39m | eta: 418.5m
kind=muon
kind=muon
kind=muon
kind=muon
P:  torch.Size([12, 32])
S torch.Size([12, 12, 32])
P:  torch.Size([1536, 1536])
S torch.Size([96, 1536, 1536])
P:  torch.Size([1536, 6144])
S torch.Size([24, 1536, 6144])
P:  torch.Size([6144, 1536])
S torch.Size([24, 6144, 1536])
step 00370/02088 (17.72%) | loss: 3.270164 | lrm: 1.00 | dt: 14584.75ms | tok/sec: 71,895 | bf16_mfu: 35.95 | epoch: 1 | total time: 87.63m | eta: 418.2m
kind=muon
kind=muon
kind=muon
kind=muon
P:  torch.Size([12, 32])
S torch.Size([12, 12, 32])
P:  torch.Size([1536, 1536])
S torch.Size([96, 1536, 1536])
P:  torch.Size([1536, 6144])
S torch.Size([24, 1536, 6144])
P:  torch.Size([6144, 1536])
S torch.Size([24, 6144, 1536])
step 00371/02088 (17.77%) | loss: 3.275498 | lrm: 1.00 | dt: 14593.53ms | tok/sec: 71,852 | bf16_mfu: 35.93 | epoch: 1 | total time: 87.88m | eta: 418.0m
kind=muon
kind=muon
kind=muon
kind=muon
P:  torch.Size([12, 32])
S torch.Size([12, 12, 32])
P:  torch.Size([1536, 1536])
S torch.Size([96, 1536, 1536])
P:  torch.Size([1536, 6144])
S torch.Size([24, 1536, 6144])
P:  torch.Size([6144, 1536])
S torch.Size([24, 6144, 1536])
step 00372/02088 (17.82%) | loss: 3.270607 | lrm: 1.00 | dt: 14585.30ms | tok/sec: 71,892 | bf16_mfu: 35.95 | epoch: 1 | total time: 88.12m | eta: 417.7m
kind=muon
kind=muon
kind=muon
kind=muon
P:  torch.Size([12, 32])
S torch.Size([12, 12, 32])
P:  torch.Size([1536, 1536])
S torch.Size([96, 1536, 1536])
P:  torch.Size([1536, 6144])
S torch.Size([24, 1536, 6144])
P:  torch.Size([6144, 1536])
S torch.Size([24, 6144, 1536])
step 00373/02088 (17.86%) | loss: 3.257175 | lrm: 1.00 | dt: 14589.16ms | tok/sec: 71,873 | bf16_mfu: 35.94 | epoch: 1 | total time: 88.36m | eta: 417.5m
kind=muon
kind=muon
kind=muon
kind=muon
P:  torch.Size([12, 32])
S torch.Size([12, 12, 32])
P:  torch.Size([1536, 1536])
S torch.Size([96, 1536, 1536])
P:  torch.Size([1536, 6144])
S torch.Size([24, 1536, 6144])
P:  torch.Size([6144, 1536])
S torch.Size([24, 6144, 1536])
step 00374/02088 (17.91%) | loss: 3.251988 | lrm: 1.00 | dt: 14586.73ms | tok/sec: 71,885 | bf16_mfu: 35.94 | epoch: 1 | total time: 88.61m | eta: 417.2m
kind=muon
kind=muon
kind=muon
kind=muon
P:  torch.Size([12, 32])
S torch.Size([12, 12, 32])
P:  torch.Size([1536, 1536])
S torch.Size([96, 1536, 1536])
P:  torch.Size([1536, 6144])
S torch.Size([24, 1536, 6144])
P:  torch.Size([6144, 1536])
S torch.Size([24, 6144, 1536])
step 00375/02088 (17.96%) | loss: 3.252764 | lrm: 1.00 | dt: 14584.93ms | tok/sec: 71,894 | bf16_mfu: 35.95 | epoch: 1 | total time: 88.85m | eta: 417.0m
kind=muon
kind=muon
kind=muon
kind=muon
P:  torch.Size([12, 32])
S torch.Size([12, 12, 32])
P:  torch.Size([1536, 1536])
S torch.Size([96, 1536, 1536])
P:  torch.Size([1536, 6144])
S torch.Size([24, 1536, 6144])
P:  torch.Size([6144, 1536])
S torch.Size([24, 6144, 1536])
step 00376/02088 (18.01%) | loss: 3.264492 | lrm: 1.00 | dt: 14596.30ms | tok/sec: 71,838 | bf16_mfu: 35.92 | epoch: 1 | total time: 89.09m | eta: 416.7m
kind=muon
kind=muon
kind=muon
kind=muon
P:  torch.Size([12, 32])
S torch.Size([12, 12, 32])
P:  torch.Size([1536, 1536])
S torch.Size([96, 1536, 1536])
P:  torch.Size([1536, 6144])
S torch.Size([24, 1536, 6144])
P:  torch.Size([6144, 1536])
S torch.Size([24, 6144, 1536])
step 00377/02088 (18.06%) | loss: 3.259112 | lrm: 1.00 | dt: 14606.44ms | tok/sec: 71,788 | bf16_mfu: 35.90 | epoch: 1 | total time: 89.34m | eta: 416.5m
kind=muon
kind=muon
kind=muon
kind=muon
P:  torch.Size([12, 32])
S torch.Size([12, 12, 32])
P:  torch.Size([1536, 1536])
S torch.Size([96, 1536, 1536])
P:  torch.Size([1536, 6144])
S torch.Size([24, 1536, 6144])
P:  torch.Size([6144, 1536])
S torch.Size([24, 6144, 1536])
step 00378/02088 (18.10%) | loss: 3.265532 | lrm: 1.00 | dt: 14608.36ms | tok/sec: 71,779 | bf16_mfu: 35.89 | epoch: 1 | total time: 89.58m | eta: 416.3m
kind=muon
kind=muon
kind=muon
kind=muon
P:  torch.Size([12, 32])
S torch.Size([12, 12, 32])
P:  torch.Size([1536, 1536])
S torch.Size([96, 1536, 1536])
P:  torch.Size([1536, 6144])
S torch.Size([24, 1536, 6144])
P:  torch.Size([6144, 1536])
S torch.Size([24, 6144, 1536])
step 00379/02088 (18.15%) | loss: 3.259576 | lrm: 1.00 | dt: 14610.48ms | tok/sec: 71,768 | bf16_mfu: 35.89 | epoch: 1 | total time: 89.82m | eta: 416.0m
kind=muon
kind=muon
kind=muon
kind=muon
P:  torch.Size([12, 32])
S torch.Size([12, 12, 32])
P:  torch.Size([1536, 1536])
S torch.Size([96, 1536, 1536])
P:  torch.Size([1536, 6144])
S torch.Size([24, 1536, 6144])
P:  torch.Size([6144, 1536])
S torch.Size([24, 6144, 1536])
step 00380/02088 (18.20%) | loss: 3.250173 | lrm: 1.00 | dt: 14606.33ms | tok/sec: 71,789 | bf16_mfu: 35.90 | epoch: 1 | total time: 90.07m | eta: 415.8m
kind=muon
kind=muon
kind=muon
kind=muon
P:  torch.Size([12, 32])
S torch.Size([12, 12, 32])
P:  torch.Size([1536, 1536])
S torch.Size([96, 1536, 1536])
P:  torch.Size([1536, 6144])
S torch.Size([24, 1536, 6144])
P:  torch.Size([6144, 1536])
S torch.Size([24, 6144, 1536])
step 00381/02088 (18.25%) | loss: 3.246774 | lrm: 1.00 | dt: 14610.11ms | tok/sec: 71,770 | bf16_mfu: 35.89 | epoch: 1 | total time: 90.31m | eta: 415.5m
kind=muon
kind=muon
kind=muon
kind=muon
P:  torch.Size([12, 32])
S torch.Size([12, 12, 32])
P:  torch.Size([1536, 1536])
S torch.Size([96, 1536, 1536])
P:  torch.Size([1536, 6144])
S torch.Size([24, 1536, 6144])
P:  torch.Size([6144, 1536])
S torch.Size([24, 6144, 1536])
step 00382/02088 (18.30%) | loss: 3.230269 | lrm: 1.00 | dt: 14594.51ms | tok/sec: 71,847 | bf16_mfu: 35.92 | epoch: 1 | total time: 90.55m | eta: 415.3m
kind=muon
kind=muon
kind=muon
kind=muon
P:  torch.Size([12, 32])
S torch.Size([12, 12, 32])
P:  torch.Size([1536, 1536])
S torch.Size([96, 1536, 1536])
P:  torch.Size([1536, 6144])
S torch.Size([24, 1536, 6144])
P:  torch.Size([6144, 1536])
S torch.Size([24, 6144, 1536])
step 00383/02088 (18.34%) | loss: 3.233739 | lrm: 1.00 | dt: 14606.44ms | tok/sec: 71,788 | bf16_mfu: 35.90 | epoch: 1 | total time: 90.80m | eta: 415.0m
kind=muon
kind=muon
kind=muon
kind=muon
P:  torch.Size([12, 32])
S torch.Size([12, 12, 32])
P:  torch.Size([1536, 1536])
S torch.Size([96, 1536, 1536])
P:  torch.Size([1536, 6144])
S torch.Size([24, 1536, 6144])
P:  torch.Size([6144, 1536])
S torch.Size([24, 6144, 1536])
step 00384/02088 (18.39%) | loss: 3.236328 | lrm: 1.00 | dt: 14599.37ms | tok/sec: 71,823 | bf16_mfu: 35.91 | epoch: 1 | total time: 91.04m | eta: 414.8m
kind=muon
kind=muon
kind=muon
kind=muon
P:  torch.Size([12, 32])
S torch.Size([12, 12, 32])
P:  torch.Size([1536, 1536])
S torch.Size([96, 1536, 1536])
P:  torch.Size([1536, 6144])
S torch.Size([24, 1536, 6144])
P:  torch.Size([6144, 1536])
S torch.Size([24, 6144, 1536])
step 00385/02088 (18.44%) | loss: 3.245008 | lrm: 1.00 | dt: 14594.69ms | tok/sec: 71,846 | bf16_mfu: 35.92 | epoch: 1 | total time: 91.28m | eta: 414.5m
kind=muon
kind=muon
kind=muon
kind=muon
P:  torch.Size([12, 32])
S torch.Size([12, 12, 32])
P:  torch.Size([1536, 1536])
S torch.Size([96, 1536, 1536])
P:  torch.Size([1536, 6144])
S torch.Size([24, 1536, 6144])
P:  torch.Size([6144, 1536])
S torch.Size([24, 6144, 1536])
step 00386/02088 (18.49%) | loss: 3.248398 | lrm: 1.00 | dt: 14603.16ms | tok/sec: 71,804 | bf16_mfu: 35.90 | epoch: 1 | total time: 91.53m | eta: 414.3m
kind=muon
kind=muon
kind=muon
kind=muon
P:  torch.Size([12, 32])
S torch.Size([12, 12, 32])
P:  torch.Size([1536, 1536])
S torch.Size([96, 1536, 1536])
P:  torch.Size([1536, 6144])
S torch.Size([24, 1536, 6144])
P:  torch.Size([6144, 1536])
S torch.Size([24, 6144, 1536])
step 00387/02088 (18.53%) | loss: 3.251814 | lrm: 1.00 | dt: 14601.38ms | tok/sec: 71,813 | bf16_mfu: 35.91 | epoch: 1 | total time: 91.77m | eta: 414.1m
kind=muon
kind=muon
kind=muon
kind=muon
P:  torch.Size([12, 32])
S torch.Size([12, 12, 32])
P:  torch.Size([1536, 1536])
S torch.Size([96, 1536, 1536])
P:  torch.Size([1536, 6144])
S torch.Size([24, 1536, 6144])
P:  torch.Size([6144, 1536])
S torch.Size([24, 6144, 1536])
step 00388/02088 (18.58%) | loss: 3.237229 | lrm: 1.00 | dt: 14601.22ms | tok/sec: 71,814 | bf16_mfu: 35.91 | epoch: 1 | total time: 92.01m | eta: 413.8m
kind=muon
kind=muon
kind=muon
kind=muon
P:  torch.Size([12, 32])
S torch.Size([12, 12, 32])
P:  torch.Size([1536, 1536])
S torch.Size([96, 1536, 1536])
P:  torch.Size([1536, 6144])
S torch.Size([24, 1536, 6144])
P:  torch.Size([6144, 1536])
S torch.Size([24, 6144, 1536])
step 00389/02088 (18.63%) | loss: 3.240188 | lrm: 1.00 | dt: 14603.19ms | tok/sec: 71,804 | bf16_mfu: 35.90 | epoch: 1 | total time: 92.26m | eta: 413.6m
kind=muon
kind=muon
kind=muon
kind=muon
P:  torch.Size([12, 32])
S torch.Size([12, 12, 32])
P:  torch.Size([1536, 1536])
S torch.Size([96, 1536, 1536])
P:  torch.Size([1536, 6144])
S torch.Size([24, 1536, 6144])
P:  torch.Size([6144, 1536])
S torch.Size([24, 6144, 1536])
step 00390/02088 (18.68%) | loss: 3.227189 | lrm: 1.00 | dt: 14595.21ms | tok/sec: 71,843 | bf16_mfu: 35.92 | epoch: 1 | total time: 92.50m | eta: 413.3m
kind=muon
kind=muon
kind=muon
kind=muon
P:  torch.Size([12, 32])
S torch.Size([12, 12, 32])
P:  torch.Size([1536, 1536])
S torch.Size([96, 1536, 1536])
P:  torch.Size([1536, 6144])
S torch.Size([24, 1536, 6144])
P:  torch.Size([6144, 1536])
S torch.Size([24, 6144, 1536])
step 00391/02088 (18.73%) | loss: 3.225686 | lrm: 1.00 | dt: 14597.35ms | tok/sec: 71,833 | bf16_mfu: 35.92 | epoch: 1 | total time: 92.74m | eta: 413.1m
kind=muon
kind=muon
kind=muon
kind=muon
P:  torch.Size([12, 32])
S torch.Size([12, 12, 32])
P:  torch.Size([1536, 1536])
S torch.Size([96, 1536, 1536])
P:  torch.Size([1536, 6144])
S torch.Size([24, 1536, 6144])
P:  torch.Size([6144, 1536])
S torch.Size([24, 6144, 1536])
step 00392/02088 (18.77%) | loss: 3.230482 | lrm: 1.00 | dt: 14596.22ms | tok/sec: 71,838 | bf16_mfu: 35.92 | epoch: 1 | total time: 92.99m | eta: 412.8m
kind=muon
kind=muon
kind=muon
kind=muon
P:  torch.Size([12, 32])
S torch.Size([12, 12, 32])
P:  torch.Size([1536, 1536])
S torch.Size([96, 1536, 1536])
P:  torch.Size([1536, 6144])
S torch.Size([24, 1536, 6144])
P:  torch.Size([6144, 1536])
S torch.Size([24, 6144, 1536])
step 00393/02088 (18.82%) | loss: 3.247757 | lrm: 1.00 | dt: 14597.21ms | tok/sec: 71,833 | bf16_mfu: 35.92 | epoch: 1 | total time: 93.23m | eta: 412.6m
kind=muon
kind=muon
kind=muon
kind=muon
P:  torch.Size([12, 32])
S torch.Size([12, 12, 32])
P:  torch.Size([1536, 1536])
S torch.Size([96, 1536, 1536])
P:  torch.Size([1536, 6144])
S torch.Size([24, 1536, 6144])
P:  torch.Size([6144, 1536])
S torch.Size([24, 6144, 1536])
step 00394/02088 (18.87%) | loss: 3.239306 | lrm: 1.00 | dt: 14593.10ms | tok/sec: 71,854 | bf16_mfu: 35.93 | epoch: 1 | total time: 93.47m | eta: 412.4m
kind=muon
kind=muon
kind=muon
kind=muon
P:  torch.Size([12, 32])
S torch.Size([12, 12, 32])
P:  torch.Size([1536, 1536])
S torch.Size([96, 1536, 1536])
P:  torch.Size([1536, 6144])
S torch.Size([24, 1536, 6144])
P:  torch.Size([6144, 1536])
S torch.Size([24, 6144, 1536])
step 00395/02088 (18.92%) | loss: 3.235367 | lrm: 1.00 | dt: 14592.59ms | tok/sec: 71,856 | bf16_mfu: 35.93 | epoch: 1 | total time: 93.72m | eta: 412.1m
kind=muon
kind=muon
kind=muon
kind=muon
P:  torch.Size([12, 32])
S torch.Size([12, 12, 32])
P:  torch.Size([1536, 1536])
S torch.Size([96, 1536, 1536])
P:  torch.Size([1536, 6144])
S torch.Size([24, 1536, 6144])
P:  torch.Size([6144, 1536])
S torch.Size([24, 6144, 1536])
step 00396/02088 (18.97%) | loss: 3.218647 | lrm: 1.00 | dt: 14600.38ms | tok/sec: 71,818 | bf16_mfu: 35.91 | epoch: 1 | total time: 93.96m | eta: 411.9m
kind=muon
kind=muon
kind=muon
kind=muon
P:  torch.Size([12, 32])
S torch.Size([12, 12, 32])
P:  torch.Size([1536, 1536])
S torch.Size([96, 1536, 1536])
P:  torch.Size([1536, 6144])
S torch.Size([24, 1536, 6144])
P:  torch.Size([6144, 1536])
S torch.Size([24, 6144, 1536])
step 00397/02088 (19.01%) | loss: 3.214076 | lrm: 1.00 | dt: 14595.48ms | tok/sec: 71,842 | bf16_mfu: 35.92 | epoch: 1 | total time: 94.20m | eta: 411.6m
kind=muon
kind=muon
kind=muon
kind=muon
P:  torch.Size([12, 32])
S torch.Size([12, 12, 32])
P:  torch.Size([1536, 1536])
S torch.Size([96, 1536, 1536])
P:  torch.Size([1536, 6144])
S torch.Size([24, 1536, 6144])
P:  torch.Size([6144, 1536])
S torch.Size([24, 6144, 1536])
step 00398/02088 (19.06%) | loss: 3.210011 | lrm: 1.00 | dt: 14601.64ms | tok/sec: 71,812 | bf16_mfu: 35.91 | epoch: 1 | total time: 94.45m | eta: 411.4m
kind=muon
kind=muon
kind=muon
kind=muon
P:  torch.Size([12, 32])
S torch.Size([12, 12, 32])
P:  torch.Size([1536, 1536])
S torch.Size([96, 1536, 1536])
P:  torch.Size([1536, 6144])
S torch.Size([24, 1536, 6144])
P:  torch.Size([6144, 1536])
S torch.Size([24, 6144, 1536])
step 00399/02088 (19.11%) | loss: 3.201598 | lrm: 1.00 | dt: 14596.24ms | tok/sec: 71,838 | bf16_mfu: 35.92 | epoch: 1 | total time: 94.69m | eta: 411.1m
kind=muon
kind=muon
kind=muon
kind=muon
P:  torch.Size([12, 32])
S torch.Size([12, 12, 32])
P:  torch.Size([1536, 1536])
S torch.Size([96, 1536, 1536])
P:  torch.Size([1536, 6144])
S torch.Size([24, 1536, 6144])
P:  torch.Size([6144, 1536])
S torch.Size([24, 6144, 1536])
step 00400/02088 (19.16%) | loss: 3.199151 | lrm: 1.00 | dt: 14598.36ms | tok/sec: 71,828 | bf16_mfu: 35.91 | epoch: 1 | total time: 94.93m | eta: 410.9m
kind=muon
kind=muon
kind=muon
kind=muon
P:  torch.Size([12, 32])
S torch.Size([12, 12, 32])
P:  torch.Size([1536, 1536])
S torch.Size([96, 1536, 1536])
P:  torch.Size([1536, 6144])
S torch.Size([24, 1536, 6144])
P:  torch.Size([6144, 1536])
S torch.Size([24, 6144, 1536])
step 00401/02088 (19.20%) | loss: 3.191584 | lrm: 1.00 | dt: 14596.97ms | tok/sec: 71,835 | bf16_mfu: 35.92 | epoch: 1 | total time: 95.18m | eta: 410.6m
kind=muon
kind=muon
kind=muon
kind=muon
P:  torch.Size([12, 32])
S torch.Size([12, 12, 32])
P:  torch.Size([1536, 1536])
S torch.Size([96, 1536, 1536])
P:  torch.Size([1536, 6144])
S torch.Size([24, 1536, 6144])
P:  torch.Size([6144, 1536])
S torch.Size([24, 6144, 1536])
step 00402/02088 (19.25%) | loss: 3.187013 | lrm: 1.00 | dt: 14595.52ms | tok/sec: 71,842 | bf16_mfu: 35.92 | epoch: 1 | total time: 95.42m | eta: 410.4m
kind=muon
kind=muon
kind=muon
kind=muon
P:  torch.Size([12, 32])
S torch.Size([12, 12, 32])
P:  torch.Size([1536, 1536])
S torch.Size([96, 1536, 1536])
P:  torch.Size([1536, 6144])
S torch.Size([24, 1536, 6144])
P:  torch.Size([6144, 1536])
S torch.Size([24, 6144, 1536])
step 00403/02088 (19.30%) | loss: 3.180687 | lrm: 1.00 | dt: 14592.88ms | tok/sec: 71,855 | bf16_mfu: 35.93 | epoch: 1 | total time: 95.66m | eta: 410.2m
kind=muon
kind=muon
kind=muon
kind=muon
P:  torch.Size([12, 32])
S torch.Size([12, 12, 32])
P:  torch.Size([1536, 1536])
S torch.Size([96, 1536, 1536])
P:  torch.Size([1536, 6144])
S torch.Size([24, 1536, 6144])
P:  torch.Size([6144, 1536])
S torch.Size([24, 6144, 1536])
step 00404/02088 (19.35%) | loss: 3.197313 | lrm: 1.00 | dt: 14592.43ms | tok/sec: 71,857 | bf16_mfu: 35.93 | epoch: 1 | total time: 95.91m | eta: 409.9m
kind=muon
kind=muon
kind=muon
kind=muon
P:  torch.Size([12, 32])
S torch.Size([12, 12, 32])
P:  torch.Size([1536, 1536])
S torch.Size([96, 1536, 1536])
P:  torch.Size([1536, 6144])
S torch.Size([24, 1536, 6144])
P:  torch.Size([6144, 1536])
S torch.Size([24, 6144, 1536])
step 00405/02088 (19.40%) | loss: 3.205617 | lrm: 1.00 | dt: 14598.70ms | tok/sec: 71,826 | bf16_mfu: 35.91 | epoch: 1 | total time: 96.15m | eta: 409.7m
kind=muon
kind=muon
kind=muon
kind=muon
P:  torch.Size([12, 32])
S torch.Size([12, 12, 32])
P:  torch.Size([1536, 1536])
S torch.Size([96, 1536, 1536])
P:  torch.Size([1536, 6144])
S torch.Size([24, 1536, 6144])
P:  torch.Size([6144, 1536])
S torch.Size([24, 6144, 1536])
step 00406/02088 (19.44%) | loss: 3.197614 | lrm: 1.00 | dt: 14593.36ms | tok/sec: 71,852 | bf16_mfu: 35.93 | epoch: 1 | total time: 96.39m | eta: 409.4m
kind=muon
kind=muon
kind=muon
kind=muon
P:  torch.Size([12, 32])
S torch.Size([12, 12, 32])
P:  torch.Size([1536, 1536])
S torch.Size([96, 1536, 1536])
P:  torch.Size([1536, 6144])
S torch.Size([24, 1536, 6144])
P:  torch.Size([6144, 1536])
S torch.Size([24, 6144, 1536])
step 00407/02088 (19.49%) | loss: 3.195228 | lrm: 1.00 | dt: 14597.01ms | tok/sec: 71,834 | bf16_mfu: 35.92 | epoch: 1 | total time: 96.64m | eta: 409.2m
kind=muon
kind=muon
kind=muon
kind=muon
P:  torch.Size([12, 32])
S torch.Size([12, 12, 32])
P:  torch.Size([1536, 1536])
S torch.Size([96, 1536, 1536])
P:  torch.Size([1536, 6144])
S torch.Size([24, 1536, 6144])
P:  torch.Size([6144, 1536])
S torch.Size([24, 6144, 1536])
step 00408/02088 (19.54%) | loss: 3.200655 | lrm: 1.00 | dt: 14597.84ms | tok/sec: 71,830 | bf16_mfu: 35.92 | epoch: 1 | total time: 96.88m | eta: 408.9m
kind=muon
kind=muon
kind=muon
kind=muon
P:  torch.Size([12, 32])
S torch.Size([12, 12, 32])
P:  torch.Size([1536, 1536])
S torch.Size([96, 1536, 1536])
P:  torch.Size([1536, 6144])
S torch.Size([24, 1536, 6144])
P:  torch.Size([6144, 1536])
S torch.Size([24, 6144, 1536])
step 00409/02088 (19.59%) | loss: 3.199912 | lrm: 1.00 | dt: 14599.17ms | tok/sec: 71,824 | bf16_mfu: 35.91 | epoch: 1 | total time: 97.12m | eta: 408.7m
kind=muon
kind=muon
kind=muon
kind=muon
P:  torch.Size([12, 32])
S torch.Size([12, 12, 32])
P:  torch.Size([1536, 1536])
S torch.Size([96, 1536, 1536])
P:  torch.Size([1536, 6144])
S torch.Size([24, 1536, 6144])
P:  torch.Size([6144, 1536])
S torch.Size([24, 6144, 1536])
step 00410/02088 (19.64%) | loss: 3.198045 | lrm: 1.00 | dt: 14595.55ms | tok/sec: 71,842 | bf16_mfu: 35.92 | epoch: 1 | total time: 97.37m | eta: 408.4m
kind=muon
kind=muon
kind=muon
kind=muon
P:  torch.Size([12, 32])
S torch.Size([12, 12, 32])
P:  torch.Size([1536, 1536])
S torch.Size([96, 1536, 1536])
P:  torch.Size([1536, 6144])
S torch.Size([24, 1536, 6144])
P:  torch.Size([6144, 1536])
S torch.Size([24, 6144, 1536])
step 00411/02088 (19.68%) | loss: 3.201998 | lrm: 1.00 | dt: 14593.98ms | tok/sec: 71,849 | bf16_mfu: 35.93 | epoch: 1 | total time: 97.61m | eta: 408.2m
kind=muon
kind=muon
kind=muon
kind=muon
P:  torch.Size([12, 32])
S torch.Size([12, 12, 32])
P:  torch.Size([1536, 1536])
S torch.Size([96, 1536, 1536])
P:  torch.Size([1536, 6144])
S torch.Size([24, 1536, 6144])
P:  torch.Size([6144, 1536])
S torch.Size([24, 6144, 1536])
step 00412/02088 (19.73%) | loss: 3.193185 | lrm: 1.00 | dt: 14592.16ms | tok/sec: 71,858 | bf16_mfu: 35.93 | epoch: 1 | total time: 97.85m | eta: 408.0m
kind=muon
kind=muon
kind=muon
kind=muon
P:  torch.Size([12, 32])
S torch.Size([12, 12, 32])
P:  torch.Size([1536, 1536])
S torch.Size([96, 1536, 1536])
P:  torch.Size([1536, 6144])
S torch.Size([24, 1536, 6144])
P:  torch.Size([6144, 1536])
S torch.Size([24, 6144, 1536])
step 00413/02088 (19.78%) | loss: 3.199403 | lrm: 1.00 | dt: 14597.87ms | tok/sec: 71,830 | bf16_mfu: 35.92 | epoch: 1 | total time: 98.10m | eta: 407.7m
kind=muon
kind=muon
kind=muon
kind=muon
P:  torch.Size([12, 32])
S torch.Size([12, 12, 32])
P:  torch.Size([1536, 1536])
S torch.Size([96, 1536, 1536])
P:  torch.Size([1536, 6144])
S torch.Size([24, 1536, 6144])
P:  torch.Size([6144, 1536])
S torch.Size([24, 6144, 1536])
step 00414/02088 (19.83%) | loss: 3.203388 | lrm: 1.00 | dt: 14592.75ms | tok/sec: 71,855 | bf16_mfu: 35.93 | epoch: 1 | total time: 98.34m | eta: 407.5m
kind=muon
kind=muon
kind=muon
kind=muon
P:  torch.Size([12, 32])
S torch.Size([12, 12, 32])
P:  torch.Size([1536, 1536])
S torch.Size([96, 1536, 1536])
P:  torch.Size([1536, 6144])
S torch.Size([24, 1536, 6144])
P:  torch.Size([6144, 1536])
S torch.Size([24, 6144, 1536])
step 00415/02088 (19.88%) | loss: 3.202778 | lrm: 1.00 | dt: 14597.70ms | tok/sec: 71,831 | bf16_mfu: 35.92 | epoch: 1 | total time: 98.58m | eta: 407.2m
kind=muon
kind=muon
kind=muon
kind=muon
P:  torch.Size([12, 32])
S torch.Size([12, 12, 32])
P:  torch.Size([1536, 1536])
S torch.Size([96, 1536, 1536])
P:  torch.Size([1536, 6144])
S torch.Size([24, 1536, 6144])
P:  torch.Size([6144, 1536])
S torch.Size([24, 6144, 1536])
step 00416/02088 (19.92%) | loss: 3.211728 | lrm: 1.00 | dt: 14596.48ms | tok/sec: 71,837 | bf16_mfu: 35.92 | epoch: 1 | total time: 98.83m | eta: 407.0m
kind=muon
kind=muon
kind=muon
kind=muon
P:  torch.Size([12, 32])
S torch.Size([12, 12, 32])
P:  torch.Size([1536, 1536])
S torch.Size([96, 1536, 1536])
P:  torch.Size([1536, 6144])
S torch.Size([24, 1536, 6144])
P:  torch.Size([6144, 1536])
S torch.Size([24, 6144, 1536])
step 00417/02088 (19.97%) | loss: 3.223141 | lrm: 1.00 | dt: 14597.00ms | tok/sec: 71,835 | bf16_mfu: 35.92 | epoch: 1 | total time: 99.07m | eta: 406.7m
kind=muon
kind=muon
kind=muon
kind=muon
P:  torch.Size([12, 32])
S torch.Size([12, 12, 32])
P:  torch.Size([1536, 1536])
S torch.Size([96, 1536, 1536])
P:  torch.Size([1536, 6144])
S torch.Size([24, 1536, 6144])
P:  torch.Size([6144, 1536])
S torch.Size([24, 6144, 1536])
step 00418/02088 (20.02%) | loss: 3.222015 | lrm: 1.00 | dt: 14597.21ms | tok/sec: 71,833 | bf16_mfu: 35.92 | epoch: 1 | total time: 99.31m | eta: 406.5m
kind=muon
kind=muon
kind=muon
kind=muon
P:  torch.Size([12, 32])
S torch.Size([12, 12, 32])
P:  torch.Size([1536, 1536])
S torch.Size([96, 1536, 1536])
P:  torch.Size([1536, 6144])
S torch.Size([24, 1536, 6144])
P:  torch.Size([6144, 1536])
S torch.Size([24, 6144, 1536])
step 00419/02088 (20.07%) | loss: 3.225173 | lrm: 1.00 | dt: 14594.59ms | tok/sec: 71,846 | bf16_mfu: 35.92 | epoch: 1 | total time: 99.55m | eta: 406.3m
kind=muon
kind=muon
kind=muon
kind=muon
P:  torch.Size([12, 32])
S torch.Size([12, 12, 32])
P:  torch.Size([1536, 1536])
S torch.Size([96, 1536, 1536])
P:  torch.Size([1536, 6144])
S torch.Size([24, 1536, 6144])
P:  torch.Size([6144, 1536])
S torch.Size([24, 6144, 1536])
step 00420/02088 (20.11%) | loss: 3.215545 | lrm: 1.00 | dt: 14594.71ms | tok/sec: 71,846 | bf16_mfu: 35.92 | epoch: 1 | total time: 99.80m | eta: 406.0m
kind=muon
kind=muon
kind=muon
kind=muon
P:  torch.Size([12, 32])
S torch.Size([12, 12, 32])
P:  torch.Size([1536, 1536])
S torch.Size([96, 1536, 1536])
P:  torch.Size([1536, 6144])
S torch.Size([24, 1536, 6144])
P:  torch.Size([6144, 1536])
S torch.Size([24, 6144, 1536])
step 00421/02088 (20.16%) | loss: 3.213484 | lrm: 1.00 | dt: 14592.93ms | tok/sec: 71,855 | bf16_mfu: 35.93 | epoch: 1 | total time: 100.04m | eta: 405.8m
kind=muon
kind=muon
kind=muon
kind=muon
P:  torch.Size([12, 32])
S torch.Size([12, 12, 32])
P:  torch.Size([1536, 1536])
S torch.Size([96, 1536, 1536])
P:  torch.Size([1536, 6144])
S torch.Size([24, 1536, 6144])
P:  torch.Size([6144, 1536])
S torch.Size([24, 6144, 1536])
step 00422/02088 (20.21%) | loss: 3.208112 | lrm: 1.00 | dt: 14591.59ms | tok/sec: 71,861 | bf16_mfu: 35.93 | epoch: 1 | total time: 100.28m | eta: 405.5m
kind=muon
kind=muon
kind=muon
kind=muon
P:  torch.Size([12, 32])
S torch.Size([12, 12, 32])
P:  torch.Size([1536, 1536])
S torch.Size([96, 1536, 1536])
P:  torch.Size([1536, 6144])
S torch.Size([24, 1536, 6144])
P:  torch.Size([6144, 1536])
S torch.Size([24, 6144, 1536])
step 00423/02088 (20.26%) | loss: 3.217686 | lrm: 1.00 | dt: 14594.87ms | tok/sec: 71,845 | bf16_mfu: 35.92 | epoch: 1 | total time: 100.53m | eta: 405.3m
kind=muon
kind=muon
kind=muon
kind=muon
P:  torch.Size([12, 32])
S torch.Size([12, 12, 32])
P:  torch.Size([1536, 1536])
S torch.Size([96, 1536, 1536])
P:  torch.Size([1536, 6144])
S torch.Size([24, 1536, 6144])
P:  torch.Size([6144, 1536])
S torch.Size([24, 6144, 1536])
step 00424/02088 (20.31%) | loss: 3.219261 | lrm: 1.00 | dt: 14593.60ms | tok/sec: 71,851 | bf16_mfu: 35.93 | epoch: 1 | total time: 100.77m | eta: 405.0m
kind=muon
kind=muon
kind=muon
kind=muon
P:  torch.Size([12, 32])
S torch.Size([12, 12, 32])
P:  torch.Size([1536, 1536])
S torch.Size([96, 1536, 1536])
P:  torch.Size([1536, 6144])
S torch.Size([24, 1536, 6144])
P:  torch.Size([6144, 1536])
S torch.Size([24, 6144, 1536])
step 00425/02088 (20.35%) | loss: 3.212339 | lrm: 1.00 | dt: 14590.52ms | tok/sec: 71,866 | bf16_mfu: 35.93 | epoch: 1 | total time: 101.01m | eta: 404.8m
kind=muon
kind=muon
kind=muon
kind=muon
P:  torch.Size([12, 32])
S torch.Size([12, 12, 32])
P:  torch.Size([1536, 1536])
S torch.Size([96, 1536, 1536])
P:  torch.Size([1536, 6144])
S torch.Size([24, 1536, 6144])
P:  torch.Size([6144, 1536])
S torch.Size([24, 6144, 1536])
step 00426/02088 (20.40%) | loss: 3.199838 | lrm: 1.00 | dt: 14597.54ms | tok/sec: 71,832 | bf16_mfu: 35.92 | epoch: 1 | total time: 101.26m | eta: 404.5m
kind=muon
kind=muon
kind=muon
kind=muon
P:  torch.Size([12, 32])
S torch.Size([12, 12, 32])
P:  torch.Size([1536, 1536])
S torch.Size([96, 1536, 1536])
P:  torch.Size([1536, 6144])
S torch.Size([24, 1536, 6144])
P:  torch.Size([6144, 1536])
S torch.Size([24, 6144, 1536])
step 00427/02088 (20.45%) | loss: 3.202917 | lrm: 1.00 | dt: 14596.41ms | tok/sec: 71,837 | bf16_mfu: 35.92 | epoch: 1 | total time: 101.50m | eta: 404.3m
kind=muon
kind=muon
kind=muon
kind=muon
P:  torch.Size([12, 32])
S torch.Size([12, 12, 32])
P:  torch.Size([1536, 1536])
S torch.Size([96, 1536, 1536])
P:  torch.Size([1536, 6144])
S torch.Size([24, 1536, 6144])
P:  torch.Size([6144, 1536])
S torch.Size([24, 6144, 1536])
step 00428/02088 (20.50%) | loss: 3.198067 | lrm: 1.00 | dt: 14592.48ms | tok/sec: 71,857 | bf16_mfu: 35.93 | epoch: 1 | total time: 101.74m | eta: 404.1m
kind=muon
kind=muon
kind=muon
kind=muon
P:  torch.Size([12, 32])
S torch.Size([12, 12, 32])
P:  torch.Size([1536, 1536])
S torch.Size([96, 1536, 1536])
P:  torch.Size([1536, 6144])
S torch.Size([24, 1536, 6144])
P:  torch.Size([6144, 1536])
S torch.Size([24, 6144, 1536])
step 00429/02088 (20.55%) | loss: 3.192223 | lrm: 1.00 | dt: 14598.35ms | tok/sec: 71,828 | bf16_mfu: 35.92 | epoch: 1 | total time: 101.99m | eta: 403.8m
kind=muon
kind=muon
kind=muon
kind=muon
P:  torch.Size([12, 32])
S torch.Size([12, 12, 32])
P:  torch.Size([1536, 1536])
S torch.Size([96, 1536, 1536])
P:  torch.Size([1536, 6144])
S torch.Size([24, 1536, 6144])
P:  torch.Size([6144, 1536])
S torch.Size([24, 6144, 1536])
step 00430/02088 (20.59%) | loss: 3.204523 | lrm: 1.00 | dt: 14595.47ms | tok/sec: 71,842 | bf16_mfu: 35.92 | epoch: 1 | total time: 102.23m | eta: 403.6m
kind=muon
kind=muon
kind=muon
kind=muon
P:  torch.Size([12, 32])
S torch.Size([12, 12, 32])
P:  torch.Size([1536, 1536])
S torch.Size([96, 1536, 1536])
P:  torch.Size([1536, 6144])
S torch.Size([24, 1536, 6144])
P:  torch.Size([6144, 1536])
S torch.Size([24, 6144, 1536])
step 00431/02088 (20.64%) | loss: 3.202700 | lrm: 1.00 | dt: 14598.75ms | tok/sec: 71,826 | bf16_mfu: 35.91 | epoch: 1 | total time: 102.47m | eta: 403.3m
kind=muon
kind=muon
kind=muon
kind=muon
P:  torch.Size([12, 32])
S torch.Size([12, 12, 32])
P:  torch.Size([1536, 1536])
S torch.Size([96, 1536, 1536])
P:  torch.Size([1536, 6144])
S torch.Size([24, 1536, 6144])
P:  torch.Size([6144, 1536])
S torch.Size([24, 6144, 1536])
step 00432/02088 (20.69%) | loss: 3.191555 | lrm: 1.00 | dt: 14597.08ms | tok/sec: 71,834 | bf16_mfu: 35.92 | epoch: 1 | total time: 102.72m | eta: 403.1m
kind=muon
kind=muon
kind=muon
kind=muon
P:  torch.Size([12, 32])
S torch.Size([12, 12, 32])
P:  torch.Size([1536, 1536])
S torch.Size([96, 1536, 1536])
P:  torch.Size([1536, 6144])
S torch.Size([24, 1536, 6144])
P:  torch.Size([6144, 1536])
S torch.Size([24, 6144, 1536])
step 00433/02088 (20.74%) | loss: 3.185810 | lrm: 1.00 | dt: 14596.60ms | tok/sec: 71,837 | bf16_mfu: 35.92 | epoch: 1 | total time: 102.96m | eta: 402.8m
kind=muon
kind=muon
kind=muon
kind=muon
P:  torch.Size([12, 32])
S torch.Size([12, 12, 32])
P:  torch.Size([1536, 1536])
S torch.Size([96, 1536, 1536])
P:  torch.Size([1536, 6144])
S torch.Size([24, 1536, 6144])
P:  torch.Size([6144, 1536])
S torch.Size([24, 6144, 1536])
step 00434/02088 (20.79%) | loss: 3.196860 | lrm: 1.00 | dt: 14593.61ms | tok/sec: 71,851 | bf16_mfu: 35.93 | epoch: 1 | total time: 103.20m | eta: 402.6m
kind=muon
kind=muon
kind=muon
kind=muon
P:  torch.Size([12, 32])
S torch.Size([12, 12, 32])
P:  torch.Size([1536, 1536])
S torch.Size([96, 1536, 1536])
P:  torch.Size([1536, 6144])
S torch.Size([24, 1536, 6144])
P:  torch.Size([6144, 1536])
S torch.Size([24, 6144, 1536])
step 00435/02088 (20.83%) | loss: 3.198540 | lrm: 1.00 | dt: 14600.03ms | tok/sec: 71,820 | bf16_mfu: 35.91 | epoch: 1 | total time: 103.45m | eta: 402.3m
kind=muon
kind=muon
kind=muon
kind=muon
P:  torch.Size([12, 32])
S torch.Size([12, 12, 32])
P:  torch.Size([1536, 1536])
S torch.Size([96, 1536, 1536])
P:  torch.Size([1536, 6144])
S torch.Size([24, 1536, 6144])
P:  torch.Size([6144, 1536])
S torch.Size([24, 6144, 1536])
step 00436/02088 (20.88%) | loss: 3.191786 | lrm: 1.00 | dt: 14593.96ms | tok/sec: 71,850 | bf16_mfu: 35.93 | epoch: 1 | total time: 103.69m | eta: 402.1m
kind=muon
kind=muon
kind=muon
kind=muon
P:  torch.Size([12, 32])
S torch.Size([12, 12, 32])
P:  torch.Size([1536, 1536])
S torch.Size([96, 1536, 1536])
P:  torch.Size([1536, 6144])
S torch.Size([24, 1536, 6144])
P:  torch.Size([6144, 1536])
S torch.Size([24, 6144, 1536])
step 00437/02088 (20.93%) | loss: 3.188962 | lrm: 1.00 | dt: 14593.82ms | tok/sec: 71,850 | bf16_mfu: 35.93 | epoch: 1 | total time: 103.93m | eta: 401.9m
kind=muon
kind=muon
kind=muon
kind=muon
P:  torch.Size([12, 32])
S torch.Size([12, 12, 32])
P:  torch.Size([1536, 1536])
S torch.Size([96, 1536, 1536])
P:  torch.Size([1536, 6144])
S torch.Size([24, 1536, 6144])
P:  torch.Size([6144, 1536])
S torch.Size([24, 6144, 1536])
step 00438/02088 (20.98%) | loss: 3.174279 | lrm: 1.00 | dt: 14589.01ms | tok/sec: 71,874 | bf16_mfu: 35.94 | epoch: 1 | total time: 104.18m | eta: 401.6m
kind=muon
kind=muon
kind=muon
kind=muon
P:  torch.Size([12, 32])
S torch.Size([12, 12, 32])
P:  torch.Size([1536, 1536])
S torch.Size([96, 1536, 1536])
P:  torch.Size([1536, 6144])
S torch.Size([24, 1536, 6144])
P:  torch.Size([6144, 1536])
S torch.Size([24, 6144, 1536])
step 00439/02088 (21.02%) | loss: 3.168801 | lrm: 1.00 | dt: 14599.18ms | tok/sec: 71,824 | bf16_mfu: 35.91 | epoch: 1 | total time: 104.42m | eta: 401.4m
kind=muon
kind=muon
kind=muon
kind=muon
P:  torch.Size([12, 32])
S torch.Size([12, 12, 32])
P:  torch.Size([1536, 1536])
S torch.Size([96, 1536, 1536])
P:  torch.Size([1536, 6144])
S torch.Size([24, 1536, 6144])
P:  torch.Size([6144, 1536])
S torch.Size([24, 6144, 1536])
step 00440/02088 (21.07%) | loss: 3.159423 | lrm: 1.00 | dt: 14593.01ms | tok/sec: 71,854 | bf16_mfu: 35.93 | epoch: 1 | total time: 104.66m | eta: 401.1m
kind=muon
kind=muon
kind=muon
kind=muon
P:  torch.Size([12, 32])
S torch.Size([12, 12, 32])
P:  torch.Size([1536, 1536])
S torch.Size([96, 1536, 1536])
P:  torch.Size([1536, 6144])
S torch.Size([24, 1536, 6144])
P:  torch.Size([6144, 1536])
S torch.Size([24, 6144, 1536])
step 00441/02088 (21.12%) | loss: 3.154573 | lrm: 1.00 | dt: 14597.38ms | tok/sec: 71,833 | bf16_mfu: 35.92 | epoch: 1 | total time: 104.91m | eta: 400.9m
kind=muon
kind=muon
kind=muon
kind=muon
P:  torch.Size([12, 32])
S torch.Size([12, 12, 32])
P:  torch.Size([1536, 1536])
S torch.Size([96, 1536, 1536])
P:  torch.Size([1536, 6144])
S torch.Size([24, 1536, 6144])
P:  torch.Size([6144, 1536])
S torch.Size([24, 6144, 1536])
step 00442/02088 (21.17%) | loss: 3.162248 | lrm: 1.00 | dt: 14593.08ms | tok/sec: 71,854 | bf16_mfu: 35.93 | epoch: 1 | total time: 105.15m | eta: 400.6m
kind=muon
kind=muon
kind=muon
kind=muon
P:  torch.Size([12, 32])
S torch.Size([12, 12, 32])
P:  torch.Size([1536, 1536])
S torch.Size([96, 1536, 1536])
P:  torch.Size([1536, 6144])
S torch.Size([24, 1536, 6144])
P:  torch.Size([6144, 1536])
S torch.Size([24, 6144, 1536])
step 00443/02088 (21.22%) | loss: 3.162187 | lrm: 1.00 | dt: 14598.15ms | tok/sec: 71,829 | bf16_mfu: 35.92 | epoch: 1 | total time: 105.39m | eta: 400.4m
kind=muon
kind=muon
kind=muon
kind=muon
P:  torch.Size([12, 32])
S torch.Size([12, 12, 32])
P:  torch.Size([1536, 1536])
S torch.Size([96, 1536, 1536])
P:  torch.Size([1536, 6144])
S torch.Size([24, 1536, 6144])
P:  torch.Size([6144, 1536])
S torch.Size([24, 6144, 1536])
step 00444/02088 (21.26%) | loss: 3.170903 | lrm: 1.00 | dt: 14591.42ms | tok/sec: 71,862 | bf16_mfu: 35.93 | epoch: 1 | total time: 105.64m | eta: 400.2m
kind=muon
kind=muon
kind=muon
kind=muon
P:  torch.Size([12, 32])
S torch.Size([12, 12, 32])
P:  torch.Size([1536, 1536])
S torch.Size([96, 1536, 1536])
P:  torch.Size([1536, 6144])
S torch.Size([24, 1536, 6144])
P:  torch.Size([6144, 1536])
S torch.Size([24, 6144, 1536])
step 00445/02088 (21.31%) | loss: 3.171518 | lrm: 1.00 | dt: 14599.21ms | tok/sec: 71,824 | bf16_mfu: 35.91 | epoch: 1 | total time: 105.88m | eta: 399.9m
kind=muon
kind=muon
kind=muon
kind=muon
P:  torch.Size([12, 32])
S torch.Size([12, 12, 32])
P:  torch.Size([1536, 1536])
S torch.Size([96, 1536, 1536])
P:  torch.Size([1536, 6144])
S torch.Size([24, 1536, 6144])
P:  torch.Size([6144, 1536])
S torch.Size([24, 6144, 1536])
step 00446/02088 (21.36%) | loss: 3.175115 | lrm: 1.00 | dt: 14593.39ms | tok/sec: 71,852 | bf16_mfu: 35.93 | epoch: 1 | total time: 106.12m | eta: 399.7m
kind=muon
kind=muon
kind=muon
kind=muon
P:  torch.Size([12, 32])
S torch.Size([12, 12, 32])
P:  torch.Size([1536, 1536])
S torch.Size([96, 1536, 1536])
P:  torch.Size([1536, 6144])
S torch.Size([24, 1536, 6144])
P:  torch.Size([6144, 1536])
S torch.Size([24, 6144, 1536])
step 00447/02088 (21.41%) | loss: 3.177621 | lrm: 1.00 | dt: 14595.62ms | tok/sec: 71,841 | bf16_mfu: 35.92 | epoch: 1 | total time: 106.37m | eta: 399.4m
kind=muon
kind=muon
kind=muon
kind=muon
P:  torch.Size([12, 32])
S torch.Size([12, 12, 32])
P:  torch.Size([1536, 1536])
S torch.Size([96, 1536, 1536])
P:  torch.Size([1536, 6144])
S torch.Size([24, 1536, 6144])
P:  torch.Size([6144, 1536])
S torch.Size([24, 6144, 1536])
step 00448/02088 (21.46%) | loss: 3.174515 | lrm: 1.00 | dt: 14596.15ms | tok/sec: 71,839 | bf16_mfu: 35.92 | epoch: 1 | total time: 106.61m | eta: 399.2m
kind=muon
kind=muon
kind=muon
kind=muon
P:  torch.Size([12, 32])
S torch.Size([12, 12, 32])
P:  torch.Size([1536, 1536])
S torch.Size([96, 1536, 1536])
P:  torch.Size([1536, 6144])
S torch.Size([24, 1536, 6144])
P:  torch.Size([6144, 1536])
S torch.Size([24, 6144, 1536])
step 00449/02088 (21.50%) | loss: 3.179246 | lrm: 1.00 | dt: 14597.69ms | tok/sec: 71,831 | bf16_mfu: 35.92 | epoch: 1 | total time: 106.85m | eta: 398.9m
kind=muon
kind=muon
kind=muon
kind=muon
P:  torch.Size([12, 32])
S torch.Size([12, 12, 32])
P:  torch.Size([1536, 1536])
S torch.Size([96, 1536, 1536])
P:  torch.Size([1536, 6144])
S torch.Size([24, 1536, 6144])
P:  torch.Size([6144, 1536])
S torch.Size([24, 6144, 1536])
step 00450/02088 (21.55%) | loss: 3.167630 | lrm: 1.00 | dt: 14591.73ms | tok/sec: 71,860 | bf16_mfu: 35.93 | epoch: 1 | total time: 107.10m | eta: 398.7m
kind=muon
kind=muon
kind=muon
kind=muon
P:  torch.Size([12, 32])
S torch.Size([12, 12, 32])
P:  torch.Size([1536, 1536])
S torch.Size([96, 1536, 1536])
P:  torch.Size([1536, 6144])
S torch.Size([24, 1536, 6144])
P:  torch.Size([6144, 1536])
S torch.Size([24, 6144, 1536])
step 00451/02088 (21.60%) | loss: 3.165885 | lrm: 1.00 | dt: 14597.30ms | tok/sec: 71,833 | bf16_mfu: 35.92 | epoch: 1 | total time: 107.34m | eta: 398.4m
kind=muon
kind=muon
kind=muon
kind=muon
P:  torch.Size([12, 32])
S torch.Size([12, 12, 32])
P:  torch.Size([1536, 1536])
S torch.Size([96, 1536, 1536])
P:  torch.Size([1536, 6144])
S torch.Size([24, 1536, 6144])
P:  torch.Size([6144, 1536])
S torch.Size([24, 6144, 1536])
step 00452/02088 (21.65%) | loss: 3.159661 | lrm: 1.00 | dt: 14592.99ms | tok/sec: 71,854 | bf16_mfu: 35.93 | epoch: 1 | total time: 107.58m | eta: 398.2m
kind=muon
kind=muon
kind=muon
kind=muon
P:  torch.Size([12, 32])
S torch.Size([12, 12, 32])
P:  torch.Size([1536, 1536])
S torch.Size([96, 1536, 1536])
P:  torch.Size([1536, 6144])
S torch.Size([24, 1536, 6144])
P:  torch.Size([6144, 1536])
S torch.Size([24, 6144, 1536])
step 00453/02088 (21.70%) | loss: 3.162414 | lrm: 1.00 | dt: 14595.18ms | tok/sec: 71,843 | bf16_mfu: 35.92 | epoch: 1 | total time: 107.83m | eta: 398.0m
kind=muon
kind=muon
kind=muon
kind=muon
P:  torch.Size([12, 32])
S torch.Size([12, 12, 32])
P:  torch.Size([1536, 1536])
S torch.Size([96, 1536, 1536])
P:  torch.Size([1536, 6144])
S torch.Size([24, 1536, 6144])
P:  torch.Size([6144, 1536])
S torch.Size([24, 6144, 1536])
step 00454/02088 (21.74%) | loss: 3.164484 | lrm: 1.00 | dt: 14592.60ms | tok/sec: 71,856 | bf16_mfu: 35.93 | epoch: 1 | total time: 108.07m | eta: 397.7m
kind=muon
kind=muon
kind=muon
kind=muon
P:  torch.Size([12, 32])
S torch.Size([12, 12, 32])
P:  torch.Size([1536, 1536])
S torch.Size([96, 1536, 1536])
P:  torch.Size([1536, 6144])
S torch.Size([24, 1536, 6144])
P:  torch.Size([6144, 1536])
S torch.Size([24, 6144, 1536])
step 00455/02088 (21.79%) | loss: 3.160689 | lrm: 1.00 | dt: 14598.65ms | tok/sec: 71,826 | bf16_mfu: 35.91 | epoch: 1 | total time: 108.31m | eta: 397.5m
kind=muon
kind=muon
kind=muon
kind=muon
P:  torch.Size([12, 32])
S torch.Size([12, 12, 32])
P:  torch.Size([1536, 1536])
S torch.Size([96, 1536, 1536])
P:  torch.Size([1536, 6144])
S torch.Size([24, 1536, 6144])
P:  torch.Size([6144, 1536])
S torch.Size([24, 6144, 1536])
step 00456/02088 (21.84%) | loss: 3.156413 | lrm: 1.00 | dt: 14588.69ms | tok/sec: 71,875 | bf16_mfu: 35.94 | epoch: 1 | total time: 108.56m | eta: 397.2m
kind=muon
kind=muon
kind=muon
kind=muon
P:  torch.Size([12, 32])
S torch.Size([12, 12, 32])
P:  torch.Size([1536, 1536])
S torch.Size([96, 1536, 1536])
P:  torch.Size([1536, 6144])
S torch.Size([24, 1536, 6144])
P:  torch.Size([6144, 1536])
S torch.Size([24, 6144, 1536])
step 00457/02088 (21.89%) | loss: 3.158636 | lrm: 1.00 | dt: 14596.38ms | tok/sec: 71,838 | bf16_mfu: 35.92 | epoch: 1 | total time: 108.80m | eta: 397.0m
kind=muon
kind=muon
kind=muon
kind=muon
P:  torch.Size([12, 32])
S torch.Size([12, 12, 32])
P:  torch.Size([1536, 1536])
S torch.Size([96, 1536, 1536])
P:  torch.Size([1536, 6144])
S torch.Size([24, 1536, 6144])
P:  torch.Size([6144, 1536])
S torch.Size([24, 6144, 1536])
step 00458/02088 (21.93%) | loss: 3.152461 | lrm: 1.00 | dt: 14592.27ms | tok/sec: 71,858 | bf16_mfu: 35.93 | epoch: 1 | total time: 109.04m | eta: 396.7m
kind=muon
kind=muon
kind=muon
kind=muon
P:  torch.Size([12, 32])
S torch.Size([12, 12, 32])
P:  torch.Size([1536, 1536])
S torch.Size([96, 1536, 1536])
P:  torch.Size([1536, 6144])
S torch.Size([24, 1536, 6144])
P:  torch.Size([6144, 1536])
S torch.Size([24, 6144, 1536])
step 00459/02088 (21.98%) | loss: 3.157279 | lrm: 1.00 | dt: 14593.47ms | tok/sec: 71,852 | bf16_mfu: 35.93 | epoch: 1 | total time: 109.28m | eta: 396.5m
kind=muon
kind=muon
kind=muon
kind=muon
P:  torch.Size([12, 32])
S torch.Size([12, 12, 32])
P:  torch.Size([1536, 1536])
S torch.Size([96, 1536, 1536])
P:  torch.Size([1536, 6144])
S torch.Size([24, 1536, 6144])
P:  torch.Size([6144, 1536])
S torch.Size([24, 6144, 1536])
step 00460/02088 (22.03%) | loss: 3.148938 | lrm: 1.00 | dt: 14593.07ms | tok/sec: 71,854 | bf16_mfu: 35.93 | epoch: 1 | total time: 109.53m | eta: 396.2m
kind=muon
kind=muon
kind=muon
kind=muon
P:  torch.Size([12, 32])
S torch.Size([12, 12, 32])
P:  torch.Size([1536, 1536])
S torch.Size([96, 1536, 1536])
P:  torch.Size([1536, 6144])
S torch.Size([24, 1536, 6144])
P:  torch.Size([6144, 1536])
S torch.Size([24, 6144, 1536])
step 00461/02088 (22.08%) | loss: 3.140865 | lrm: 1.00 | dt: 14595.98ms | tok/sec: 71,840 | bf16_mfu: 35.92 | epoch: 1 | total time: 109.77m | eta: 396.0m
kind=muon
kind=muon
kind=muon
kind=muon
P:  torch.Size([12, 32])
S torch.Size([12, 12, 32])
P:  torch.Size([1536, 1536])
S torch.Size([96, 1536, 1536])
P:  torch.Size([1536, 6144])
S torch.Size([24, 1536, 6144])
P:  torch.Size([6144, 1536])
S torch.Size([24, 6144, 1536])
step 00462/02088 (22.13%) | loss: 3.143788 | lrm: 1.00 | dt: 14593.33ms | tok/sec: 71,853 | bf16_mfu: 35.93 | epoch: 1 | total time: 110.01m | eta: 395.8m
kind=muon
kind=muon
kind=muon
kind=muon
P:  torch.Size([12, 32])
S torch.Size([12, 12, 32])
P:  torch.Size([1536, 1536])
S torch.Size([96, 1536, 1536])
P:  torch.Size([1536, 6144])
S torch.Size([24, 1536, 6144])
P:  torch.Size([6144, 1536])
S torch.Size([24, 6144, 1536])
step 00463/02088 (22.17%) | loss: 3.145134 | lrm: 1.00 | dt: 14590.71ms | tok/sec: 71,866 | bf16_mfu: 35.93 | epoch: 1 | total time: 110.26m | eta: 395.5m
kind=muon
kind=muon
kind=muon
kind=muon
P:  torch.Size([12, 32])
S torch.Size([12, 12, 32])
P:  torch.Size([1536, 1536])
S torch.Size([96, 1536, 1536])
P:  torch.Size([1536, 6144])
S torch.Size([24, 1536, 6144])
P:  torch.Size([6144, 1536])
S torch.Size([24, 6144, 1536])
step 00464/02088 (22.22%) | loss: 3.148750 | lrm: 1.00 | dt: 14588.25ms | tok/sec: 71,878 | bf16_mfu: 35.94 | epoch: 1 | total time: 110.50m | eta: 395.3m
kind=muon
kind=muon
kind=muon
kind=muon
P:  torch.Size([12, 32])
S torch.Size([12, 12, 32])
P:  torch.Size([1536, 1536])
S torch.Size([96, 1536, 1536])
P:  torch.Size([1536, 6144])
S torch.Size([24, 1536, 6144])
P:  torch.Size([6144, 1536])
S torch.Size([24, 6144, 1536])
step 00465/02088 (22.27%) | loss: 3.146390 | lrm: 1.00 | dt: 14590.36ms | tok/sec: 71,867 | bf16_mfu: 35.93 | epoch: 1 | total time: 110.74m | eta: 395.0m
kind=muon
kind=muon
kind=muon
kind=muon
P:  torch.Size([12, 32])
S torch.Size([12, 12, 32])
P:  torch.Size([1536, 1536])
S torch.Size([96, 1536, 1536])
P:  torch.Size([1536, 6144])
S torch.Size([24, 1536, 6144])
P:  torch.Size([6144, 1536])
S torch.Size([24, 6144, 1536])
step 00466/02088 (22.32%) | loss: 3.147586 | lrm: 1.00 | dt: 14592.02ms | tok/sec: 71,859 | bf16_mfu: 35.93 | epoch: 1 | total time: 110.99m | eta: 394.8m
kind=muon
kind=muon
kind=muon
kind=muon
P:  torch.Size([12, 32])
S torch.Size([12, 12, 32])
P:  torch.Size([1536, 1536])
S torch.Size([96, 1536, 1536])
P:  torch.Size([1536, 6144])
S torch.Size([24, 1536, 6144])
P:  torch.Size([6144, 1536])
S torch.Size([24, 6144, 1536])
step 00467/02088 (22.37%) | loss: 3.150789 | lrm: 1.00 | dt: 14600.36ms | tok/sec: 71,818 | bf16_mfu: 35.91 | epoch: 1 | total time: 111.23m | eta: 394.5m
kind=muon
kind=muon
kind=muon
kind=muon
P:  torch.Size([12, 32])
S torch.Size([12, 12, 32])
P:  torch.Size([1536, 1536])
S torch.Size([96, 1536, 1536])
P:  torch.Size([1536, 6144])
S torch.Size([24, 1536, 6144])
P:  torch.Size([6144, 1536])
S torch.Size([24, 6144, 1536])
step 00468/02088 (22.41%) | loss: 3.148441 | lrm: 1.00 | dt: 14596.01ms | tok/sec: 71,839 | bf16_mfu: 35.92 | epoch: 1 | total time: 111.47m | eta: 394.3m
kind=muon
kind=muon
kind=muon
kind=muon
P:  torch.Size([12, 32])
S torch.Size([12, 12, 32])
P:  torch.Size([1536, 1536])
S torch.Size([96, 1536, 1536])
P:  torch.Size([1536, 6144])
S torch.Size([24, 1536, 6144])
P:  torch.Size([6144, 1536])
S torch.Size([24, 6144, 1536])
step 00469/02088 (22.46%) | loss: 3.145752 | lrm: 1.00 | dt: 14594.33ms | tok/sec: 71,848 | bf16_mfu: 35.92 | epoch: 1 | total time: 111.72m | eta: 394.1m
kind=muon
kind=muon
kind=muon
kind=muon
P:  torch.Size([12, 32])
S torch.Size([12, 12, 32])
P:  torch.Size([1536, 1536])
S torch.Size([96, 1536, 1536])
P:  torch.Size([1536, 6144])
S torch.Size([24, 1536, 6144])
P:  torch.Size([6144, 1536])
S torch.Size([24, 6144, 1536])
step 00470/02088 (22.51%) | loss: 3.133237 | lrm: 1.00 | dt: 14595.06ms | tok/sec: 71,844 | bf16_mfu: 35.92 | epoch: 1 | total time: 111.96m | eta: 393.8m
kind=muon
kind=muon
kind=muon
kind=muon
P:  torch.Size([12, 32])
S torch.Size([12, 12, 32])
P:  torch.Size([1536, 1536])
S torch.Size([96, 1536, 1536])
P:  torch.Size([1536, 6144])
S torch.Size([24, 1536, 6144])
P:  torch.Size([6144, 1536])
S torch.Size([24, 6144, 1536])
step 00471/02088 (22.56%) | loss: 3.140416 | lrm: 1.00 | dt: 14590.60ms | tok/sec: 71,866 | bf16_mfu: 35.93 | epoch: 1 | total time: 112.20m | eta: 393.6m
kind=muon
kind=muon
kind=muon
kind=muon
P:  torch.Size([12, 32])
S torch.Size([12, 12, 32])
P:  torch.Size([1536, 1536])
S torch.Size([96, 1536, 1536])
P:  torch.Size([1536, 6144])
S torch.Size([24, 1536, 6144])
P:  torch.Size([6144, 1536])
S torch.Size([24, 6144, 1536])
step 00472/02088 (22.61%) | loss: 3.152247 | lrm: 1.00 | dt: 14596.17ms | tok/sec: 71,839 | bf16_mfu: 35.92 | epoch: 1 | total time: 112.45m | eta: 393.3m
kind=muon
kind=muon
kind=muon
kind=muon
P:  torch.Size([12, 32])
S torch.Size([12, 12, 32])
P:  torch.Size([1536, 1536])
S torch.Size([96, 1536, 1536])
P:  torch.Size([1536, 6144])
S torch.Size([24, 1536, 6144])
P:  torch.Size([6144, 1536])
S torch.Size([24, 6144, 1536])
step 00473/02088 (22.65%) | loss: 3.163265 | lrm: 1.00 | dt: 14584.18ms | tok/sec: 71,898 | bf16_mfu: 35.95 | epoch: 1 | total time: 112.69m | eta: 393.1m
kind=muon
kind=muon
kind=muon
kind=muon
P:  torch.Size([12, 32])
S torch.Size([12, 12, 32])
P:  torch.Size([1536, 1536])
S torch.Size([96, 1536, 1536])
P:  torch.Size([1536, 6144])
S torch.Size([24, 1536, 6144])
P:  torch.Size([6144, 1536])
S torch.Size([24, 6144, 1536])
step 00474/02088 (22.70%) | loss: 3.159019 | lrm: 1.00 | dt: 14588.77ms | tok/sec: 71,875 | bf16_mfu: 35.94 | epoch: 1 | total time: 112.93m | eta: 392.8m
kind=muon
kind=muon
kind=muon
kind=muon
P:  torch.Size([12, 32])
S torch.Size([12, 12, 32])
P:  torch.Size([1536, 1536])
S torch.Size([96, 1536, 1536])
P:  torch.Size([1536, 6144])
S torch.Size([24, 1536, 6144])
P:  torch.Size([6144, 1536])
S torch.Size([24, 6144, 1536])
step 00475/02088 (22.75%) | loss: 3.161723 | lrm: 1.00 | dt: 14597.40ms | tok/sec: 71,833 | bf16_mfu: 35.92 | epoch: 1 | total time: 113.18m | eta: 392.6m
kind=muon
kind=muon
kind=muon
kind=muon
P:  torch.Size([12, 32])
S torch.Size([12, 12, 32])
P:  torch.Size([1536, 1536])
S torch.Size([96, 1536, 1536])
P:  torch.Size([1536, 6144])
S torch.Size([24, 1536, 6144])
P:  torch.Size([6144, 1536])
S torch.Size([24, 6144, 1536])
step 00476/02088 (22.80%) | loss: 3.169933 | lrm: 1.00 | dt: 14597.69ms | tok/sec: 71,831 | bf16_mfu: 35.92 | epoch: 1 | total time: 113.42m | eta: 392.3m
kind=muon
kind=muon
kind=muon
kind=muon
P:  torch.Size([12, 32])
S torch.Size([12, 12, 32])
P:  torch.Size([1536, 1536])
S torch.Size([96, 1536, 1536])
P:  torch.Size([1536, 6144])
S torch.Size([24, 1536, 6144])
P:  torch.Size([6144, 1536])
S torch.Size([24, 6144, 1536])
step 00477/02088 (22.84%) | loss: 3.163413 | lrm: 1.00 | dt: 14591.92ms | tok/sec: 71,860 | bf16_mfu: 35.93 | epoch: 1 | total time: 113.66m | eta: 392.1m
kind=muon
kind=muon
kind=muon
kind=muon
P:  torch.Size([12, 32])
S torch.Size([12, 12, 32])
P:  torch.Size([1536, 1536])
S torch.Size([96, 1536, 1536])
P:  torch.Size([1536, 6144])
S torch.Size([24, 1536, 6144])
P:  torch.Size([6144, 1536])
S torch.Size([24, 6144, 1536])
step 00478/02088 (22.89%) | loss: 3.166865 | lrm: 1.00 | dt: 14590.00ms | tok/sec: 71,869 | bf16_mfu: 35.94 | epoch: 1 | total time: 113.91m | eta: 391.9m
kind=muon
kind=muon
kind=muon
kind=muon
P:  torch.Size([12, 32])
S torch.Size([12, 12, 32])
P:  torch.Size([1536, 1536])
S torch.Size([96, 1536, 1536])
P:  torch.Size([1536, 6144])
S torch.Size([24, 1536, 6144])
P:  torch.Size([6144, 1536])
S torch.Size([24, 6144, 1536])
step 00479/02088 (22.94%) | loss: 3.176564 | lrm: 1.00 | dt: 14601.07ms | tok/sec: 71,815 | bf16_mfu: 35.91 | epoch: 1 | total time: 114.15m | eta: 391.6m
kind=muon
kind=muon
kind=muon
kind=muon
P:  torch.Size([12, 32])
S torch.Size([12, 12, 32])
P:  torch.Size([1536, 1536])
S torch.Size([96, 1536, 1536])
P:  torch.Size([1536, 6144])
S torch.Size([24, 1536, 6144])
P:  torch.Size([6144, 1536])
S torch.Size([24, 6144, 1536])
step 00480/02088 (22.99%) | loss: 3.162074 | lrm: 1.00 | dt: 14592.38ms | tok/sec: 71,857 | bf16_mfu: 35.93 | epoch: 1 | total time: 114.39m | eta: 391.4m
kind=muon
kind=muon
kind=muon
kind=muon
P:  torch.Size([12, 32])
S torch.Size([12, 12, 32])
P:  torch.Size([1536, 1536])
S torch.Size([96, 1536, 1536])
P:  torch.Size([1536, 6144])
S torch.Size([24, 1536, 6144])
P:  torch.Size([6144, 1536])
S torch.Size([24, 6144, 1536])
step 00481/02088 (23.04%) | loss: 3.159803 | lrm: 1.00 | dt: 14590.89ms | tok/sec: 71,865 | bf16_mfu: 35.93 | epoch: 1 | total time: 114.64m | eta: 391.1m
kind=muon
kind=muon
kind=muon
kind=muon
P:  torch.Size([12, 32])
S torch.Size([12, 12, 32])
P:  torch.Size([1536, 1536])
S torch.Size([96, 1536, 1536])
P:  torch.Size([1536, 6144])
S torch.Size([24, 1536, 6144])
P:  torch.Size([6144, 1536])
S torch.Size([24, 6144, 1536])
step 00482/02088 (23.08%) | loss: 3.163690 | lrm: 1.00 | dt: 14595.89ms | tok/sec: 71,840 | bf16_mfu: 35.92 | epoch: 1 | total time: 114.88m | eta: 390.9m
kind=muon
kind=muon
kind=muon
kind=muon
P:  torch.Size([12, 32])
S torch.Size([12, 12, 32])
P:  torch.Size([1536, 1536])
S torch.Size([96, 1536, 1536])
P:  torch.Size([1536, 6144])
S torch.Size([24, 1536, 6144])
P:  torch.Size([6144, 1536])
S torch.Size([24, 6144, 1536])
step 00483/02088 (23.13%) | loss: 3.160977 | lrm: 1.00 | dt: 14593.15ms | tok/sec: 71,853 | bf16_mfu: 35.93 | epoch: 1 | total time: 115.12m | eta: 390.6m
kind=muon
kind=muon
kind=muon
kind=muon
P:  torch.Size([12, 32])
S torch.Size([12, 12, 32])
P:  torch.Size([1536, 1536])
S torch.Size([96, 1536, 1536])
P:  torch.Size([1536, 6144])
S torch.Size([24, 1536, 6144])
P:  torch.Size([6144, 1536])
S torch.Size([24, 6144, 1536])
step 00484/02088 (23.18%) | loss: 3.158530 | lrm: 1.00 | dt: 14596.77ms | tok/sec: 71,836 | bf16_mfu: 35.92 | epoch: 1 | total time: 115.37m | eta: 390.4m
kind=muon
kind=muon
kind=muon
kind=muon
P:  torch.Size([12, 32])
S torch.Size([12, 12, 32])
P:  torch.Size([1536, 1536])
S torch.Size([96, 1536, 1536])
P:  torch.Size([1536, 6144])
S torch.Size([24, 1536, 6144])
P:  torch.Size([6144, 1536])
S torch.Size([24, 6144, 1536])
step 00485/02088 (23.23%) | loss: 3.155853 | lrm: 1.00 | dt: 14591.14ms | tok/sec: 71,863 | bf16_mfu: 35.93 | epoch: 1 | total time: 115.61m | eta: 390.1m
kind=muon
kind=muon
kind=muon
kind=muon
P:  torch.Size([12, 32])
S torch.Size([12, 12, 32])
P:  torch.Size([1536, 1536])
S torch.Size([96, 1536, 1536])
P:  torch.Size([1536, 6144])
S torch.Size([24, 1536, 6144])
P:  torch.Size([6144, 1536])
S torch.Size([24, 6144, 1536])
step 00486/02088 (23.28%) | loss: 3.168018 | lrm: 1.00 | dt: 14601.86ms | tok/sec: 71,811 | bf16_mfu: 35.91 | epoch: 1 | total time: 115.85m | eta: 389.9m
kind=muon
kind=muon
kind=muon
kind=muon
P:  torch.Size([12, 32])
S torch.Size([12, 12, 32])
P:  torch.Size([1536, 1536])
S torch.Size([96, 1536, 1536])
P:  torch.Size([1536, 6144])
S torch.Size([24, 1536, 6144])
P:  torch.Size([6144, 1536])
S torch.Size([24, 6144, 1536])
step 00487/02088 (23.32%) | loss: 3.166517 | lrm: 1.00 | dt: 14594.53ms | tok/sec: 71,847 | bf16_mfu: 35.92 | epoch: 1 | total time: 116.10m | eta: 389.7m
kind=muon
kind=muon
kind=muon
kind=muon
P:  torch.Size([12, 32])
S torch.Size([12, 12, 32])
P:  torch.Size([1536, 1536])
S torch.Size([96, 1536, 1536])
P:  torch.Size([1536, 6144])
S torch.Size([24, 1536, 6144])
P:  torch.Size([6144, 1536])
S torch.Size([24, 6144, 1536])
step 00488/02088 (23.37%) | loss: 3.149154 | lrm: 1.00 | dt: 14588.98ms | tok/sec: 71,874 | bf16_mfu: 35.94 | epoch: 1 | total time: 116.34m | eta: 389.4m
kind=muon
kind=muon
kind=muon
kind=muon
P:  torch.Size([12, 32])
S torch.Size([12, 12, 32])
P:  torch.Size([1536, 1536])
S torch.Size([96, 1536, 1536])
P:  torch.Size([1536, 6144])
S torch.Size([24, 1536, 6144])
P:  torch.Size([6144, 1536])
S torch.Size([24, 6144, 1536])
step 00489/02088 (23.42%) | loss: 3.140881 | lrm: 1.00 | dt: 14594.77ms | tok/sec: 71,845 | bf16_mfu: 35.92 | epoch: 1 | total time: 116.58m | eta: 389.2m
kind=muon
kind=muon
kind=muon
kind=muon
P:  torch.Size([12, 32])
S torch.Size([12, 12, 32])
P:  torch.Size([1536, 1536])
S torch.Size([96, 1536, 1536])
P:  torch.Size([1536, 6144])
S torch.Size([24, 1536, 6144])
P:  torch.Size([6144, 1536])
S torch.Size([24, 6144, 1536])
step 00490/02088 (23.47%) | loss: 3.125154 | lrm: 1.00 | dt: 14593.21ms | tok/sec: 71,853 | bf16_mfu: 35.93 | epoch: 1 | total time: 116.82m | eta: 388.9m
kind=muon
kind=muon
kind=muon
kind=muon
P:  torch.Size([12, 32])
S torch.Size([12, 12, 32])
P:  torch.Size([1536, 1536])
S torch.Size([96, 1536, 1536])
P:  torch.Size([1536, 6144])
S torch.Size([24, 1536, 6144])
P:  torch.Size([6144, 1536])
S torch.Size([24, 6144, 1536])
step 00491/02088 (23.52%) | loss: 3.124465 | lrm: 1.00 | dt: 14593.16ms | tok/sec: 71,853 | bf16_mfu: 35.93 | epoch: 1 | total time: 117.07m | eta: 388.7m
kind=muon
kind=muon
kind=muon
kind=muon
P:  torch.Size([12, 32])
S torch.Size([12, 12, 32])
P:  torch.Size([1536, 1536])
S torch.Size([96, 1536, 1536])
P:  torch.Size([1536, 6144])
S torch.Size([24, 1536, 6144])
P:  torch.Size([6144, 1536])
S torch.Size([24, 6144, 1536])
step 00492/02088 (23.56%) | loss: 3.130534 | lrm: 1.00 | dt: 14594.13ms | tok/sec: 71,849 | bf16_mfu: 35.93 | epoch: 1 | total time: 117.31m | eta: 388.4m
kind=muon
kind=muon
kind=muon
kind=muon
P:  torch.Size([12, 32])
S torch.Size([12, 12, 32])
P:  torch.Size([1536, 1536])
S torch.Size([96, 1536, 1536])
P:  torch.Size([1536, 6144])
S torch.Size([24, 1536, 6144])
P:  torch.Size([6144, 1536])
S torch.Size([24, 6144, 1536])
step 00493/02088 (23.61%) | loss: 3.118882 | lrm: 1.00 | dt: 14591.89ms | tok/sec: 71,860 | bf16_mfu: 35.93 | epoch: 1 | total time: 117.55m | eta: 388.2m
kind=muon
kind=muon
kind=muon
kind=muon
P:  torch.Size([12, 32])
S torch.Size([12, 12, 32])
P:  torch.Size([1536, 1536])
S torch.Size([96, 1536, 1536])
P:  torch.Size([1536, 6144])
S torch.Size([24, 1536, 6144])
P:  torch.Size([6144, 1536])
S torch.Size([24, 6144, 1536])
step 00494/02088 (23.66%) | loss: 3.116677 | lrm: 1.00 | dt: 14590.09ms | tok/sec: 71,869 | bf16_mfu: 35.94 | epoch: 1 | total time: 117.80m | eta: 388.0m
kind=muon
kind=muon
kind=muon
kind=muon
P:  torch.Size([12, 32])
S torch.Size([12, 12, 32])
P:  torch.Size([1536, 1536])
S torch.Size([96, 1536, 1536])
P:  torch.Size([1536, 6144])
S torch.Size([24, 1536, 6144])
P:  torch.Size([6144, 1536])
S torch.Size([24, 6144, 1536])
step 00495/02088 (23.71%) | loss: 3.112180 | lrm: 1.00 | dt: 14591.63ms | tok/sec: 71,861 | bf16_mfu: 35.93 | epoch: 1 | total time: 118.04m | eta: 387.7m
kind=muon
kind=muon
kind=muon
kind=muon
P:  torch.Size([12, 32])
S torch.Size([12, 12, 32])
P:  torch.Size([1536, 1536])
S torch.Size([96, 1536, 1536])
P:  torch.Size([1536, 6144])
S torch.Size([24, 1536, 6144])
P:  torch.Size([6144, 1536])
S torch.Size([24, 6144, 1536])
step 00496/02088 (23.75%) | loss: 3.127912 | lrm: 1.00 | dt: 14590.22ms | tok/sec: 71,868 | bf16_mfu: 35.94 | epoch: 1 | total time: 118.28m | eta: 387.5m
kind=muon
kind=muon
kind=muon
kind=muon
P:  torch.Size([12, 32])
S torch.Size([12, 12, 32])
P:  torch.Size([1536, 1536])
S torch.Size([96, 1536, 1536])
P:  torch.Size([1536, 6144])
S torch.Size([24, 1536, 6144])
P:  torch.Size([6144, 1536])
S torch.Size([24, 6144, 1536])
step 00497/02088 (23.80%) | loss: 3.132254 | lrm: 1.00 | dt: 14587.64ms | tok/sec: 71,881 | bf16_mfu: 35.94 | epoch: 1 | total time: 118.53m | eta: 387.2m
kind=muon
kind=muon
kind=muon
kind=muon
P:  torch.Size([12, 32])
S torch.Size([12, 12, 32])
P:  torch.Size([1536, 1536])
S torch.Size([96, 1536, 1536])
P:  torch.Size([1536, 6144])
S torch.Size([24, 1536, 6144])
P:  torch.Size([6144, 1536])
S torch.Size([24, 6144, 1536])
step 00498/02088 (23.85%) | loss: 3.149516 | lrm: 1.00 | dt: 14594.40ms | tok/sec: 71,847 | bf16_mfu: 35.92 | epoch: 1 | total time: 118.77m | eta: 387.0m
kind=muon
kind=muon
kind=muon
kind=muon
P:  torch.Size([12, 32])
S torch.Size([12, 12, 32])
P:  torch.Size([1536, 1536])
S torch.Size([96, 1536, 1536])
P:  torch.Size([1536, 6144])
S torch.Size([24, 1536, 6144])
P:  torch.Size([6144, 1536])
S torch.Size([24, 6144, 1536])
step 00499/02088 (23.90%) | loss: 3.135089 | lrm: 1.00 | dt: 14596.21ms | tok/sec: 71,838 | bf16_mfu: 35.92 | epoch: 1 | total time: 119.01m | eta: 386.7m
Step 00500 | Validation bpb: 0.951951
kind=muon
kind=muon
kind=muon
kind=muon
P:  torch.Size([12, 32])
S torch.Size([12, 12, 32])
P:  torch.Size([1536, 1536])
S torch.Size([96, 1536, 1536])
P:  torch.Size([1536, 6144])
S torch.Size([24, 1536, 6144])
P:  torch.Size([6144, 1536])
S torch.Size([24, 6144, 1536])
step 00500/02088 (23.95%) | loss: 3.132086 | lrm: 1.00 | dt: 14580.91ms | tok/sec: 71,914 | bf16_mfu: 35.96 | epoch: 1 | total time: 119.26m | eta: 386.5m
kind=muon
kind=muon
kind=muon
kind=muon
P:  torch.Size([12, 32])
S torch.Size([12, 12, 32])
P:  torch.Size([1536, 1536])
S torch.Size([96, 1536, 1536])
P:  torch.Size([1536, 6144])
S torch.Size([24, 1536, 6144])
P:  torch.Size([6144, 1536])
S torch.Size([24, 6144, 1536])
step 00501/02088 (23.99%) | loss: 3.132250 | lrm: 1.00 | dt: 14584.50ms | tok/sec: 71,896 | bf16_mfu: 35.95 | epoch: 1 | total time: 119.50m | eta: 386.2m
kind=muon
kind=muon
kind=muon
kind=muon
P:  torch.Size([12, 32])
S torch.Size([12, 12, 32])
P:  torch.Size([1536, 1536])
S torch.Size([96, 1536, 1536])
P:  torch.Size([1536, 6144])
S torch.Size([24, 1536, 6144])
P:  torch.Size([6144, 1536])
S torch.Size([24, 6144, 1536])
step 00502/02088 (24.04%) | loss: 3.130981 | lrm: 1.00 | dt: 14587.53ms | tok/sec: 71,881 | bf16_mfu: 35.94 | epoch: 1 | total time: 119.74m | eta: 386.0m
kind=muon
kind=muon
kind=muon
kind=muon
P:  torch.Size([12, 32])
S torch.Size([12, 12, 32])
P:  torch.Size([1536, 1536])
S torch.Size([96, 1536, 1536])
P:  torch.Size([1536, 6144])
S torch.Size([24, 1536, 6144])
P:  torch.Size([6144, 1536])
S torch.Size([24, 6144, 1536])
step 00503/02088 (24.09%) | loss: 3.122637 | lrm: 1.00 | dt: 14588.88ms | tok/sec: 71,875 | bf16_mfu: 35.94 | epoch: 1 | total time: 119.99m | eta: 385.8m
kind=muon
kind=muon
kind=muon
kind=muon
P:  torch.Size([12, 32])
S torch.Size([12, 12, 32])
P:  torch.Size([1536, 1536])
S torch.Size([96, 1536, 1536])
P:  torch.Size([1536, 6144])
S torch.Size([24, 1536, 6144])
P:  torch.Size([6144, 1536])
S torch.Size([24, 6144, 1536])
step 00504/02088 (24.14%) | loss: 3.118976 | lrm: 1.00 | dt: 14582.10ms | tok/sec: 71,908 | bf16_mfu: 35.96 | epoch: 1 | total time: 120.23m | eta: 385.5m
kind=muon
kind=muon
kind=muon
kind=muon
P:  torch.Size([12, 32])
S torch.Size([12, 12, 32])
P:  torch.Size([1536, 1536])
S torch.Size([96, 1536, 1536])
P:  torch.Size([1536, 6144])
S torch.Size([24, 1536, 6144])
P:  torch.Size([6144, 1536])
S torch.Size([24, 6144, 1536])
step 00505/02088 (24.19%) | loss: 3.115492 | lrm: 1.00 | dt: 14587.93ms | tok/sec: 71,879 | bf16_mfu: 35.94 | epoch: 1 | total time: 120.47m | eta: 385.3m
kind=muon
kind=muon
kind=muon
kind=muon
P:  torch.Size([12, 32])
S torch.Size([12, 12, 32])
P:  torch.Size([1536, 1536])
S torch.Size([96, 1536, 1536])
P:  torch.Size([1536, 6144])
S torch.Size([24, 1536, 6144])
P:  torch.Size([6144, 1536])
S torch.Size([24, 6144, 1536])
step 00506/02088 (24.23%) | loss: 3.112422 | lrm: 1.00 | dt: 14584.89ms | tok/sec: 71,894 | bf16_mfu: 35.95 | epoch: 1 | total time: 120.72m | eta: 385.0m
kind=muon
kind=muon
kind=muon
kind=muon
P:  torch.Size([12, 32])
S torch.Size([12, 12, 32])
P:  torch.Size([1536, 1536])
S torch.Size([96, 1536, 1536])
P:  torch.Size([1536, 6144])
S torch.Size([24, 1536, 6144])
P:  torch.Size([6144, 1536])
S torch.Size([24, 6144, 1536])
step 00507/02088 (24.28%) | loss: 3.109567 | lrm: 1.00 | dt: 14583.03ms | tok/sec: 71,903 | bf16_mfu: 35.95 | epoch: 1 | total time: 120.96m | eta: 384.8m
kind=muon
kind=muon
kind=muon
kind=muon
P:  torch.Size([12, 32])
S torch.Size([12, 12, 32])
P:  torch.Size([1536, 1536])
S torch.Size([96, 1536, 1536])
P:  torch.Size([1536, 6144])
S torch.Size([24, 1536, 6144])
P:  torch.Size([6144, 1536])
S torch.Size([24, 6144, 1536])
step 00508/02088 (24.33%) | loss: 3.110905 | lrm: 1.00 | dt: 14584.56ms | tok/sec: 71,896 | bf16_mfu: 35.95 | epoch: 1 | total time: 121.20m | eta: 384.5m
kind=muon
kind=muon
kind=muon
kind=muon
P:  torch.Size([12, 32])
S torch.Size([12, 12, 32])
P:  torch.Size([1536, 1536])
S torch.Size([96, 1536, 1536])
P:  torch.Size([1536, 6144])
S torch.Size([24, 1536, 6144])
P:  torch.Size([6144, 1536])
S torch.Size([24, 6144, 1536])
step 00509/02088 (24.38%) | loss: 3.111781 | lrm: 1.00 | dt: 14582.85ms | tok/sec: 71,904 | bf16_mfu: 35.95 | epoch: 1 | total time: 121.44m | eta: 384.3m
kind=muon
kind=muon
kind=muon
kind=muon
P:  torch.Size([12, 32])
S torch.Size([12, 12, 32])
P:  torch.Size([1536, 1536])
S torch.Size([96, 1536, 1536])
P:  torch.Size([1536, 6144])
S torch.Size([24, 1536, 6144])
P:  torch.Size([6144, 1536])
S torch.Size([24, 6144, 1536])
step 00510/02088 (24.43%) | loss: 3.110748 | lrm: 1.00 | dt: 14586.75ms | tok/sec: 71,885 | bf16_mfu: 35.94 | epoch: 1 | total time: 121.69m | eta: 384.0m
kind=muon
kind=muon
kind=muon
kind=muon
P:  torch.Size([12, 32])
S torch.Size([12, 12, 32])
P:  torch.Size([1536, 1536])
S torch.Size([96, 1536, 1536])
P:  torch.Size([1536, 6144])
S torch.Size([24, 1536, 6144])
P:  torch.Size([6144, 1536])
S torch.Size([24, 6144, 1536])
step 00511/02088 (24.47%) | loss: 3.111679 | lrm: 1.00 | dt: 14585.48ms | tok/sec: 71,891 | bf16_mfu: 35.95 | epoch: 1 | total time: 121.93m | eta: 383.8m
kind=muon
kind=muon
kind=muon
kind=muon
P:  torch.Size([12, 32])
S torch.Size([12, 12, 32])
P:  torch.Size([1536, 1536])
S torch.Size([96, 1536, 1536])
P:  torch.Size([1536, 6144])
S torch.Size([24, 1536, 6144])
P:  torch.Size([6144, 1536])
S torch.Size([24, 6144, 1536])
step 00512/02088 (24.52%) | loss: 3.112325 | lrm: 1.00 | dt: 14580.20ms | tok/sec: 71,917 | bf16_mfu: 35.96 | epoch: 1 | total time: 122.17m | eta: 383.6m
kind=muon
kind=muon
kind=muon
kind=muon
P:  torch.Size([12, 32])
S torch.Size([12, 12, 32])
P:  torch.Size([1536, 1536])
S torch.Size([96, 1536, 1536])
P:  torch.Size([1536, 6144])
S torch.Size([24, 1536, 6144])
P:  torch.Size([6144, 1536])
S torch.Size([24, 6144, 1536])
step 00513/02088 (24.57%) | loss: 3.120692 | lrm: 1.00 | dt: 14594.84ms | tok/sec: 71,845 | bf16_mfu: 35.92 | epoch: 1 | total time: 122.42m | eta: 383.3m
kind=muon
kind=muon
kind=muon
kind=muon
P:  torch.Size([12, 32])
S torch.Size([12, 12, 32])
P:  torch.Size([1536, 1536])
S torch.Size([96, 1536, 1536])
P:  torch.Size([1536, 6144])
S torch.Size([24, 1536, 6144])
P:  torch.Size([6144, 1536])
S torch.Size([24, 6144, 1536])
step 00514/02088 (24.62%) | loss: 3.108375 | lrm: 1.00 | dt: 14596.66ms | tok/sec: 71,836 | bf16_mfu: 35.92 | epoch: 1 | total time: 122.66m | eta: 383.1m
kind=muon
kind=muon
kind=muon
kind=muon
P:  torch.Size([12, 32])
S torch.Size([12, 12, 32])
P:  torch.Size([1536, 1536])
S torch.Size([96, 1536, 1536])
P:  torch.Size([1536, 6144])
S torch.Size([24, 1536, 6144])
P:  torch.Size([6144, 1536])
S torch.Size([24, 6144, 1536])
step 00515/02088 (24.66%) | loss: 3.100681 | lrm: 1.00 | dt: 14603.72ms | tok/sec: 71,801 | bf16_mfu: 35.90 | epoch: 1 | total time: 122.90m | eta: 382.8m
kind=muon
kind=muon
kind=muon
kind=muon
P:  torch.Size([12, 32])
S torch.Size([12, 12, 32])
P:  torch.Size([1536, 1536])
S torch.Size([96, 1536, 1536])
P:  torch.Size([1536, 6144])
S torch.Size([24, 1536, 6144])
P:  torch.Size([6144, 1536])
S torch.Size([24, 6144, 1536])
step 00516/02088 (24.71%) | loss: 3.097370 | lrm: 1.00 | dt: 14598.05ms | tok/sec: 71,829 | bf16_mfu: 35.92 | epoch: 1 | total time: 123.15m | eta: 382.6m
kind=muon
kind=muon
kind=muon
kind=muon
P:  torch.Size([12, 32])
S torch.Size([12, 12, 32])
P:  torch.Size([1536, 1536])
S torch.Size([96, 1536, 1536])
P:  torch.Size([1536, 6144])
S torch.Size([24, 1536, 6144])
P:  torch.Size([6144, 1536])
S torch.Size([24, 6144, 1536])
step 00517/02088 (24.76%) | loss: 3.107461 | lrm: 1.00 | dt: 14595.37ms | tok/sec: 71,843 | bf16_mfu: 35.92 | epoch: 1 | total time: 123.39m | eta: 382.3m
kind=muon
kind=muon
kind=muon
kind=muon
P:  torch.Size([12, 32])
S torch.Size([12, 12, 32])
P:  torch.Size([1536, 1536])
S torch.Size([96, 1536, 1536])
P:  torch.Size([1536, 6144])
S torch.Size([24, 1536, 6144])
P:  torch.Size([6144, 1536])
S torch.Size([24, 6144, 1536])
step 00518/02088 (24.81%) | loss: 3.098092 | lrm: 1.00 | dt: 14599.02ms | tok/sec: 71,825 | bf16_mfu: 35.91 | epoch: 1 | total time: 123.63m | eta: 382.1m
kind=muon
kind=muon
kind=muon
kind=muon
P:  torch.Size([12, 32])
S torch.Size([12, 12, 32])
P:  torch.Size([1536, 1536])
S torch.Size([96, 1536, 1536])
P:  torch.Size([1536, 6144])
S torch.Size([24, 1536, 6144])
P:  torch.Size([6144, 1536])
S torch.Size([24, 6144, 1536])
step 00519/02088 (24.86%) | loss: 3.094533 | lrm: 1.00 | dt: 14594.62ms | tok/sec: 71,846 | bf16_mfu: 35.92 | epoch: 1 | total time: 123.88m | eta: 381.9m
kind=muon
kind=muon
kind=muon
kind=muon
P:  torch.Size([12, 32])
S torch.Size([12, 12, 32])
P:  torch.Size([1536, 1536])
S torch.Size([96, 1536, 1536])
P:  torch.Size([1536, 6144])
S torch.Size([24, 1536, 6144])
P:  torch.Size([6144, 1536])
S torch.Size([24, 6144, 1536])
step 00520/02088 (24.90%) | loss: 3.088626 | lrm: 1.00 | dt: 14591.72ms | tok/sec: 71,861 | bf16_mfu: 35.93 | epoch: 1 | total time: 124.12m | eta: 381.6m
kind=muon
kind=muon
kind=muon
kind=muon
P:  torch.Size([12, 32])
S torch.Size([12, 12, 32])
P:  torch.Size([1536, 1536])
S torch.Size([96, 1536, 1536])
P:  torch.Size([1536, 6144])
S torch.Size([24, 1536, 6144])
P:  torch.Size([6144, 1536])
S torch.Size([24, 6144, 1536])
step 00521/02088 (24.95%) | loss: 3.087952 | lrm: 1.00 | dt: 14589.16ms | tok/sec: 71,873 | bf16_mfu: 35.94 | epoch: 1 | total time: 124.36m | eta: 381.4m
kind=muon
kind=muon
kind=muon
kind=muon
P:  torch.Size([12, 32])
S torch.Size([12, 12, 32])
P:  torch.Size([1536, 1536])
S torch.Size([96, 1536, 1536])
P:  torch.Size([1536, 6144])
S torch.Size([24, 1536, 6144])
P:  torch.Size([6144, 1536])
S torch.Size([24, 6144, 1536])
step 00522/02088 (25.00%) | loss: 3.095772 | lrm: 1.00 | dt: 14596.88ms | tok/sec: 71,835 | bf16_mfu: 35.92 | epoch: 1 | total time: 124.61m | eta: 381.1m
kind=muon
kind=muon
kind=muon
kind=muon
P:  torch.Size([12, 32])
S torch.Size([12, 12, 32])
P:  torch.Size([1536, 1536])
S torch.Size([96, 1536, 1536])
P:  torch.Size([1536, 6144])
S torch.Size([24, 1536, 6144])
P:  torch.Size([6144, 1536])
S torch.Size([24, 6144, 1536])
step 00523/02088 (25.05%) | loss: 3.092156 | lrm: 1.00 | dt: 14589.98ms | tok/sec: 71,869 | bf16_mfu: 35.94 | epoch: 1 | total time: 124.85m | eta: 380.9m
kind=muon
kind=muon
kind=muon
kind=muon
P:  torch.Size([12, 32])
S torch.Size([12, 12, 32])
P:  torch.Size([1536, 1536])
S torch.Size([96, 1536, 1536])
P:  torch.Size([1536, 6144])
S torch.Size([24, 1536, 6144])
P:  torch.Size([6144, 1536])
S torch.Size([24, 6144, 1536])
step 00524/02088 (25.10%) | loss: 3.089206 | lrm: 1.00 | dt: 14583.24ms | tok/sec: 71,902 | bf16_mfu: 35.95 | epoch: 1 | total time: 125.09m | eta: 380.6m
kind=muon
kind=muon
kind=muon
kind=muon
P:  torch.Size([12, 32])
S torch.Size([12, 12, 32])
P:  torch.Size([1536, 1536])
S torch.Size([96, 1536, 1536])
P:  torch.Size([1536, 6144])
S torch.Size([24, 1536, 6144])
P:  torch.Size([6144, 1536])
S torch.Size([24, 6144, 1536])
step 00525/02088 (25.14%) | loss: 3.088888 | lrm: 1.00 | dt: 14585.78ms | tok/sec: 71,890 | bf16_mfu: 35.95 | epoch: 1 | total time: 125.34m | eta: 380.4m
kind=muon
kind=muon
kind=muon
kind=muon
P:  torch.Size([12, 32])
S torch.Size([12, 12, 32])
P:  torch.Size([1536, 1536])
S torch.Size([96, 1536, 1536])
P:  torch.Size([1536, 6144])
S torch.Size([24, 1536, 6144])
P:  torch.Size([6144, 1536])
S torch.Size([24, 6144, 1536])
step 00526/02088 (25.19%) | loss: 3.087768 | lrm: 1.00 | dt: 14581.05ms | tok/sec: 71,913 | bf16_mfu: 35.96 | epoch: 1 | total time: 125.58m | eta: 380.1m
kind=muon
kind=muon
kind=muon
kind=muon
P:  torch.Size([12, 32])
S torch.Size([12, 12, 32])
P:  torch.Size([1536, 1536])
S torch.Size([96, 1536, 1536])
P:  torch.Size([1536, 6144])
S torch.Size([24, 1536, 6144])
P:  torch.Size([6144, 1536])
S torch.Size([24, 6144, 1536])
step 00527/02088 (25.24%) | loss: 3.091724 | lrm: 1.00 | dt: 14579.06ms | tok/sec: 71,923 | bf16_mfu: 35.96 | epoch: 1 | total time: 125.82m | eta: 379.9m
kind=muon
kind=muon
kind=muon
kind=muon
P:  torch.Size([12, 32])
S torch.Size([12, 12, 32])
P:  torch.Size([1536, 1536])
S torch.Size([96, 1536, 1536])
P:  torch.Size([1536, 6144])
S torch.Size([24, 1536, 6144])
P:  torch.Size([6144, 1536])
S torch.Size([24, 6144, 1536])
step 00528/02088 (25.29%) | loss: 3.108158 | lrm: 1.00 | dt: 14586.38ms | tok/sec: 71,887 | bf16_mfu: 35.94 | epoch: 1 | total time: 126.06m | eta: 379.7m
kind=muon
kind=muon
kind=muon
kind=muon
P:  torch.Size([12, 32])
S torch.Size([12, 12, 32])
P:  torch.Size([1536, 1536])
S torch.Size([96, 1536, 1536])
P:  torch.Size([1536, 6144])
S torch.Size([24, 1536, 6144])
P:  torch.Size([6144, 1536])
S torch.Size([24, 6144, 1536])
step 00529/02088 (25.34%) | loss: 3.110413 | lrm: 1.00 | dt: 14586.52ms | tok/sec: 71,886 | bf16_mfu: 35.94 | epoch: 1 | total time: 126.31m | eta: 379.4m
kind=muon
kind=muon
kind=muon
kind=muon
P:  torch.Size([12, 32])
S torch.Size([12, 12, 32])
P:  torch.Size([1536, 1536])
S torch.Size([96, 1536, 1536])
P:  torch.Size([1536, 6144])
S torch.Size([24, 1536, 6144])
P:  torch.Size([6144, 1536])
S torch.Size([24, 6144, 1536])
step 00530/02088 (25.38%) | loss: 3.111658 | lrm: 1.00 | dt: 14582.83ms | tok/sec: 71,904 | bf16_mfu: 35.95 | epoch: 1 | total time: 126.55m | eta: 379.2m
kind=muon
kind=muon
kind=muon
kind=muon
P:  torch.Size([12, 32])
S torch.Size([12, 12, 32])
P:  torch.Size([1536, 1536])
S torch.Size([96, 1536, 1536])
P:  torch.Size([1536, 6144])
S torch.Size([24, 1536, 6144])
P:  torch.Size([6144, 1536])
S torch.Size([24, 6144, 1536])
step 00531/02088 (25.43%) | loss: 3.115729 | lrm: 1.00 | dt: 14586.95ms | tok/sec: 71,884 | bf16_mfu: 35.94 | epoch: 1 | total time: 126.79m | eta: 378.9m
kind=muon
kind=muon
kind=muon
kind=muon
P:  torch.Size([12, 32])
S torch.Size([12, 12, 32])
P:  torch.Size([1536, 1536])
S torch.Size([96, 1536, 1536])
P:  torch.Size([1536, 6144])
S torch.Size([24, 1536, 6144])
P:  torch.Size([6144, 1536])
S torch.Size([24, 6144, 1536])
step 00532/02088 (25.48%) | loss: 3.107534 | lrm: 1.00 | dt: 14588.89ms | tok/sec: 71,874 | bf16_mfu: 35.94 | epoch: 1 | total time: 127.04m | eta: 378.7m
kind=muon
kind=muon
kind=muon
kind=muon
P:  torch.Size([12, 32])
S torch.Size([12, 12, 32])
P:  torch.Size([1536, 1536])
S torch.Size([96, 1536, 1536])
P:  torch.Size([1536, 6144])
S torch.Size([24, 1536, 6144])
P:  torch.Size([6144, 1536])
S torch.Size([24, 6144, 1536])
step 00533/02088 (25.53%) | loss: 3.118932 | lrm: 1.00 | dt: 14589.52ms | tok/sec: 71,871 | bf16_mfu: 35.94 | epoch: 1 | total time: 127.28m | eta: 378.4m
kind=muon
kind=muon
kind=muon
kind=muon
P:  torch.Size([12, 32])
S torch.Size([12, 12, 32])
P:  torch.Size([1536, 1536])
S torch.Size([96, 1536, 1536])
P:  torch.Size([1536, 6144])
S torch.Size([24, 1536, 6144])
P:  torch.Size([6144, 1536])
S torch.Size([24, 6144, 1536])
step 00534/02088 (25.57%) | loss: 3.103460 | lrm: 1.00 | dt: 14580.92ms | tok/sec: 71,914 | bf16_mfu: 35.96 | epoch: 1 | total time: 127.52m | eta: 378.2m
kind=muon
kind=muon
kind=muon
kind=muon
P:  torch.Size([12, 32])
S torch.Size([12, 12, 32])
P:  torch.Size([1536, 1536])
S torch.Size([96, 1536, 1536])
P:  torch.Size([1536, 6144])
S torch.Size([24, 1536, 6144])
P:  torch.Size([6144, 1536])
S torch.Size([24, 6144, 1536])
step 00535/02088 (25.62%) | loss: 3.114010 | lrm: 1.00 | dt: 14580.98ms | tok/sec: 71,913 | bf16_mfu: 35.96 | epoch: 1 | total time: 127.77m | eta: 377.9m
kind=muon
kind=muon
kind=muon
kind=muon
P:  torch.Size([12, 32])
S torch.Size([12, 12, 32])
P:  torch.Size([1536, 1536])
S torch.Size([96, 1536, 1536])
P:  torch.Size([1536, 6144])
S torch.Size([24, 1536, 6144])
P:  torch.Size([6144, 1536])
S torch.Size([24, 6144, 1536])
step 00536/02088 (25.67%) | loss: 3.112199 | lrm: 1.00 | dt: 14582.14ms | tok/sec: 71,908 | bf16_mfu: 35.95 | epoch: 1 | total time: 128.01m | eta: 377.7m
kind=muon
kind=muon
kind=muon
kind=muon
P:  torch.Size([12, 32])
S torch.Size([12, 12, 32])
P:  torch.Size([1536, 1536])
S torch.Size([96, 1536, 1536])
P:  torch.Size([1536, 6144])
S torch.Size([24, 1536, 6144])
P:  torch.Size([6144, 1536])
S torch.Size([24, 6144, 1536])
step 00537/02088 (25.72%) | loss: 3.099825 | lrm: 1.00 | dt: 14583.94ms | tok/sec: 71,899 | bf16_mfu: 35.95 | epoch: 1 | total time: 128.25m | eta: 377.5m
kind=muon
kind=muon
kind=muon
kind=muon
P:  torch.Size([12, 32])
S torch.Size([12, 12, 32])
P:  torch.Size([1536, 1536])
S torch.Size([96, 1536, 1536])
P:  torch.Size([1536, 6144])
S torch.Size([24, 1536, 6144])
P:  torch.Size([6144, 1536])
S torch.Size([24, 6144, 1536])
step 00538/02088 (25.77%) | loss: 3.101031 | lrm: 1.00 | dt: 14584.19ms | tok/sec: 71,898 | bf16_mfu: 35.95 | epoch: 1 | total time: 128.50m | eta: 377.2m
kind=muon
kind=muon
kind=muon
kind=muon
P:  torch.Size([12, 32])
S torch.Size([12, 12, 32])
P:  torch.Size([1536, 1536])
S torch.Size([96, 1536, 1536])
P:  torch.Size([1536, 6144])
S torch.Size([24, 1536, 6144])
P:  torch.Size([6144, 1536])
S torch.Size([24, 6144, 1536])
step 00539/02088 (25.81%) | loss: 3.099331 | lrm: 1.00 | dt: 14585.34ms | tok/sec: 71,892 | bf16_mfu: 35.95 | epoch: 1 | total time: 128.74m | eta: 377.0m
kind=muon
kind=muon
kind=muon
kind=muon
P:  torch.Size([12, 32])
S torch.Size([12, 12, 32])
P:  torch.Size([1536, 1536])
S torch.Size([96, 1536, 1536])
P:  torch.Size([1536, 6144])
S torch.Size([24, 1536, 6144])
P:  torch.Size([6144, 1536])
S torch.Size([24, 6144, 1536])
step 00540/02088 (25.86%) | loss: 3.104738 | lrm: 1.00 | dt: 14581.46ms | tok/sec: 71,911 | bf16_mfu: 35.96 | epoch: 1 | total time: 128.98m | eta: 376.7m
kind=muon
kind=muon
kind=muon
kind=muon
P:  torch.Size([12, 32])
S torch.Size([12, 12, 32])
P:  torch.Size([1536, 1536])
S torch.Size([96, 1536, 1536])
P:  torch.Size([1536, 6144])
S torch.Size([24, 1536, 6144])
P:  torch.Size([6144, 1536])
S torch.Size([24, 6144, 1536])
step 00541/02088 (25.91%) | loss: 3.097975 | lrm: 1.00 | dt: 14583.81ms | tok/sec: 71,899 | bf16_mfu: 35.95 | epoch: 1 | total time: 129.22m | eta: 376.5m
kind=muon
kind=muon
kind=muon
kind=muon
P:  torch.Size([12, 32])
S torch.Size([12, 12, 32])
P:  torch.Size([1536, 1536])
S torch.Size([96, 1536, 1536])
P:  torch.Size([1536, 6144])
S torch.Size([24, 1536, 6144])
P:  torch.Size([6144, 1536])
S torch.Size([24, 6144, 1536])
step 00542/02088 (25.96%) | loss: 3.090738 | lrm: 1.00 | dt: 14585.65ms | tok/sec: 71,890 | bf16_mfu: 35.95 | epoch: 1 | total time: 129.47m | eta: 376.2m
kind=muon
kind=muon
kind=muon
kind=muon
P:  torch.Size([12, 32])
S torch.Size([12, 12, 32])
P:  torch.Size([1536, 1536])
S torch.Size([96, 1536, 1536])
P:  torch.Size([1536, 6144])
S torch.Size([24, 1536, 6144])
P:  torch.Size([6144, 1536])
S torch.Size([24, 6144, 1536])
step 00543/02088 (26.01%) | loss: 3.093403 | lrm: 1.00 | dt: 14580.60ms | tok/sec: 71,915 | bf16_mfu: 35.96 | epoch: 1 | total time: 129.71m | eta: 376.0m
kind=muon
kind=muon
kind=muon
kind=muon
P:  torch.Size([12, 32])
S torch.Size([12, 12, 32])
P:  torch.Size([1536, 1536])
S torch.Size([96, 1536, 1536])
P:  torch.Size([1536, 6144])
S torch.Size([24, 1536, 6144])
P:  torch.Size([6144, 1536])
S torch.Size([24, 6144, 1536])
step 00544/02088 (26.05%) | loss: 3.112332 | lrm: 1.00 | dt: 14583.85ms | tok/sec: 71,899 | bf16_mfu: 35.95 | epoch: 1 | total time: 129.95m | eta: 375.7m
kind=muon
kind=muon
kind=muon
kind=muon
P:  torch.Size([12, 32])
S torch.Size([12, 12, 32])
P:  torch.Size([1536, 1536])
S torch.Size([96, 1536, 1536])
P:  torch.Size([1536, 6144])
S torch.Size([24, 1536, 6144])
P:  torch.Size([6144, 1536])
S torch.Size([24, 6144, 1536])
step 00545/02088 (26.10%) | loss: 3.096187 | lrm: 1.00 | dt: 14578.62ms | tok/sec: 71,925 | bf16_mfu: 35.96 | epoch: 1 | total time: 130.20m | eta: 375.5m
kind=muon
kind=muon
kind=muon
kind=muon
P:  torch.Size([12, 32])
S torch.Size([12, 12, 32])
P:  torch.Size([1536, 1536])
S torch.Size([96, 1536, 1536])
P:  torch.Size([1536, 6144])
S torch.Size([24, 1536, 6144])
P:  torch.Size([6144, 1536])
S torch.Size([24, 6144, 1536])
step 00546/02088 (26.15%) | loss: 3.107603 | lrm: 1.00 | dt: 14584.04ms | tok/sec: 71,898 | bf16_mfu: 35.95 | epoch: 1 | total time: 130.44m | eta: 375.3m
kind=muon
kind=muon
kind=muon
kind=muon
P:  torch.Size([12, 32])
S torch.Size([12, 12, 32])
P:  torch.Size([1536, 1536])
S torch.Size([96, 1536, 1536])
P:  torch.Size([1536, 6144])
S torch.Size([24, 1536, 6144])
P:  torch.Size([6144, 1536])
S torch.Size([24, 6144, 1536])
step 00547/02088 (26.20%) | loss: 3.105237 | lrm: 1.00 | dt: 14586.74ms | tok/sec: 71,885 | bf16_mfu: 35.94 | epoch: 1 | total time: 130.68m | eta: 375.0m
kind=muon
kind=muon
kind=muon
kind=muon
P:  torch.Size([12, 32])
S torch.Size([12, 12, 32])
P:  torch.Size([1536, 1536])
S torch.Size([96, 1536, 1536])
P:  torch.Size([1536, 6144])
S torch.Size([24, 1536, 6144])
P:  torch.Size([6144, 1536])
S torch.Size([24, 6144, 1536])
step 00548/02088 (26.25%) | loss: 3.096439 | lrm: 1.00 | dt: 14584.27ms | tok/sec: 71,897 | bf16_mfu: 35.95 | epoch: 1 | total time: 130.93m | eta: 374.8m
kind=muon
kind=muon
kind=muon
kind=muon
P:  torch.Size([12, 32])
S torch.Size([12, 12, 32])
P:  torch.Size([1536, 1536])
S torch.Size([96, 1536, 1536])
P:  torch.Size([1536, 6144])
S torch.Size([24, 1536, 6144])
P:  torch.Size([6144, 1536])
S torch.Size([24, 6144, 1536])
step 00549/02088 (26.29%) | loss: 3.099152 | lrm: 1.00 | dt: 14581.93ms | tok/sec: 71,909 | bf16_mfu: 35.96 | epoch: 1 | total time: 131.17m | eta: 374.5m
kind=muon
kind=muon
kind=muon
kind=muon
P:  torch.Size([12, 32])
S torch.Size([12, 12, 32])
P:  torch.Size([1536, 1536])
S torch.Size([96, 1536, 1536])
P:  torch.Size([1536, 6144])
S torch.Size([24, 1536, 6144])
P:  torch.Size([6144, 1536])
S torch.Size([24, 6144, 1536])
step 00550/02088 (26.34%) | loss: 3.101573 | lrm: 1.00 | dt: 14582.72ms | tok/sec: 71,905 | bf16_mfu: 35.95 | epoch: 1 | total time: 131.41m | eta: 374.3m
kind=muon
kind=muon
kind=muon
kind=muon
P:  torch.Size([12, 32])
S torch.Size([12, 12, 32])
P:  torch.Size([1536, 1536])
S torch.Size([96, 1536, 1536])
P:  torch.Size([1536, 6144])
S torch.Size([24, 1536, 6144])
P:  torch.Size([6144, 1536])
S torch.Size([24, 6144, 1536])
step 00551/02088 (26.39%) | loss: 3.102769 | lrm: 1.00 | dt: 14586.00ms | tok/sec: 71,889 | bf16_mfu: 35.95 | epoch: 1 | total time: 131.66m | eta: 374.0m
kind=muon
kind=muon
kind=muon
kind=muon
P:  torch.Size([12, 32])
S torch.Size([12, 12, 32])
P:  torch.Size([1536, 1536])
S torch.Size([96, 1536, 1536])
P:  torch.Size([1536, 6144])
S torch.Size([24, 1536, 6144])
P:  torch.Size([6144, 1536])
S torch.Size([24, 6144, 1536])
step 00552/02088 (26.44%) | loss: 3.098414 | lrm: 1.00 | dt: 14582.77ms | tok/sec: 71,905 | bf16_mfu: 35.95 | epoch: 1 | total time: 131.90m | eta: 373.8m
kind=muon
kind=muon
kind=muon
kind=muon
P:  torch.Size([12, 32])
S torch.Size([12, 12, 32])
P:  torch.Size([1536, 1536])
S torch.Size([96, 1536, 1536])
P:  torch.Size([1536, 6144])
S torch.Size([24, 1536, 6144])
P:  torch.Size([6144, 1536])
S torch.Size([24, 6144, 1536])
step 00553/02088 (26.48%) | loss: 3.091873 | lrm: 1.00 | dt: 14582.23ms | tok/sec: 71,907 | bf16_mfu: 35.95 | epoch: 1 | total time: 132.14m | eta: 373.5m
kind=muon
kind=muon
kind=muon
kind=muon
P:  torch.Size([12, 32])
S torch.Size([12, 12, 32])
P:  torch.Size([1536, 1536])
S torch.Size([96, 1536, 1536])
P:  torch.Size([1536, 6144])
S torch.Size([24, 1536, 6144])
P:  torch.Size([6144, 1536])
S torch.Size([24, 6144, 1536])
step 00554/02088 (26.53%) | loss: 3.083418 | lrm: 1.00 | dt: 14583.74ms | tok/sec: 71,900 | bf16_mfu: 35.95 | epoch: 1 | total time: 132.38m | eta: 373.3m
kind=muon
kind=muon
kind=muon
kind=muon
P:  torch.Size([12, 32])
S torch.Size([12, 12, 32])
P:  torch.Size([1536, 1536])
S torch.Size([96, 1536, 1536])
P:  torch.Size([1536, 6144])
S torch.Size([24, 1536, 6144])
P:  torch.Size([6144, 1536])
S torch.Size([24, 6144, 1536])
step 00555/02088 (26.58%) | loss: 3.087489 | lrm: 1.00 | dt: 14584.05ms | tok/sec: 71,898 | bf16_mfu: 35.95 | epoch: 1 | total time: 132.63m | eta: 373.1m
kind=muon
kind=muon
kind=muon
kind=muon
P:  torch.Size([12, 32])
S torch.Size([12, 12, 32])
P:  torch.Size([1536, 1536])
S torch.Size([96, 1536, 1536])
P:  torch.Size([1536, 6144])
S torch.Size([24, 1536, 6144])
P:  torch.Size([6144, 1536])
S torch.Size([24, 6144, 1536])
step 00556/02088 (26.63%) | loss: 3.089062 | lrm: 1.00 | dt: 14583.88ms | tok/sec: 71,899 | bf16_mfu: 35.95 | epoch: 1 | total time: 132.87m | eta: 372.8m
kind=muon
kind=muon
kind=muon
kind=muon
P:  torch.Size([12, 32])
S torch.Size([12, 12, 32])
P:  torch.Size([1536, 1536])
S torch.Size([96, 1536, 1536])
P:  torch.Size([1536, 6144])
S torch.Size([24, 1536, 6144])
P:  torch.Size([6144, 1536])
S torch.Size([24, 6144, 1536])
step 00557/02088 (26.68%) | loss: 3.084662 | lrm: 1.00 | dt: 14584.43ms | tok/sec: 71,896 | bf16_mfu: 35.95 | epoch: 1 | total time: 133.11m | eta: 372.6m
kind=muon
kind=muon
kind=muon
kind=muon
P:  torch.Size([12, 32])
S torch.Size([12, 12, 32])
P:  torch.Size([1536, 1536])
S torch.Size([96, 1536, 1536])
P:  torch.Size([1536, 6144])
S torch.Size([24, 1536, 6144])
P:  torch.Size([6144, 1536])
S torch.Size([24, 6144, 1536])
step 00558/02088 (26.72%) | loss: 3.071196 | lrm: 1.00 | dt: 14584.00ms | tok/sec: 71,899 | bf16_mfu: 35.95 | epoch: 1 | total time: 133.36m | eta: 372.3m
kind=muon
kind=muon
kind=muon
kind=muon
P:  torch.Size([12, 32])
S torch.Size([12, 12, 32])
P:  torch.Size([1536, 1536])
S torch.Size([96, 1536, 1536])
P:  torch.Size([1536, 6144])
S torch.Size([24, 1536, 6144])
P:  torch.Size([6144, 1536])
S torch.Size([24, 6144, 1536])
step 00559/02088 (26.77%) | loss: 3.074023 | lrm: 1.00 | dt: 14585.07ms | tok/sec: 71,893 | bf16_mfu: 35.95 | epoch: 1 | total time: 133.60m | eta: 372.1m
kind=muon
kind=muon
kind=muon
kind=muon
P:  torch.Size([12, 32])
S torch.Size([12, 12, 32])
P:  torch.Size([1536, 1536])
S torch.Size([96, 1536, 1536])
P:  torch.Size([1536, 6144])
S torch.Size([24, 1536, 6144])
P:  torch.Size([6144, 1536])
S torch.Size([24, 6144, 1536])
step 00560/02088 (26.82%) | loss: 3.065148 | lrm: 1.00 | dt: 14588.86ms | tok/sec: 71,875 | bf16_mfu: 35.94 | epoch: 1 | total time: 133.84m | eta: 371.8m
kind=muon
kind=muon
kind=muon
kind=muon
P:  torch.Size([12, 32])
S torch.Size([12, 12, 32])
P:  torch.Size([1536, 1536])
S torch.Size([96, 1536, 1536])
P:  torch.Size([1536, 6144])
S torch.Size([24, 1536, 6144])
P:  torch.Size([6144, 1536])
S torch.Size([24, 6144, 1536])
step 00561/02088 (26.87%) | loss: 3.071249 | lrm: 1.00 | dt: 14588.00ms | tok/sec: 71,879 | bf16_mfu: 35.94 | epoch: 1 | total time: 134.09m | eta: 371.6m
kind=muon
kind=muon
kind=muon
kind=muon
P:  torch.Size([12, 32])
S torch.Size([12, 12, 32])
P:  torch.Size([1536, 1536])
S torch.Size([96, 1536, 1536])
P:  torch.Size([1536, 6144])
S torch.Size([24, 1536, 6144])
P:  torch.Size([6144, 1536])
S torch.Size([24, 6144, 1536])
step 00562/02088 (26.92%) | loss: 3.079758 | lrm: 1.00 | dt: 14585.58ms | tok/sec: 71,891 | bf16_mfu: 35.95 | epoch: 1 | total time: 134.33m | eta: 371.4m
kind=muon
kind=muon
kind=muon
kind=muon
P:  torch.Size([12, 32])
S torch.Size([12, 12, 32])
P:  torch.Size([1536, 1536])
S torch.Size([96, 1536, 1536])
P:  torch.Size([1536, 6144])
S torch.Size([24, 1536, 6144])
P:  torch.Size([6144, 1536])
S torch.Size([24, 6144, 1536])
step 00563/02088 (26.96%) | loss: 3.075528 | lrm: 1.00 | dt: 14579.68ms | tok/sec: 71,920 | bf16_mfu: 35.96 | epoch: 1 | total time: 134.57m | eta: 371.1m
kind=muon
kind=muon
kind=muon
kind=muon
P:  torch.Size([12, 32])
S torch.Size([12, 12, 32])
P:  torch.Size([1536, 1536])
S torch.Size([96, 1536, 1536])
P:  torch.Size([1536, 6144])
S torch.Size([24, 1536, 6144])
P:  torch.Size([6144, 1536])
S torch.Size([24, 6144, 1536])
step 00564/02088 (27.01%) | loss: 3.061621 | lrm: 1.00 | dt: 14588.33ms | tok/sec: 71,877 | bf16_mfu: 35.94 | epoch: 1 | total time: 134.82m | eta: 370.9m
kind=muon
kind=muon
kind=muon
kind=muon
P:  torch.Size([12, 32])
S torch.Size([12, 12, 32])
P:  torch.Size([1536, 1536])
S torch.Size([96, 1536, 1536])
P:  torch.Size([1536, 6144])
S torch.Size([24, 1536, 6144])
P:  torch.Size([6144, 1536])
S torch.Size([24, 6144, 1536])
step 00565/02088 (27.06%) | loss: 3.069777 | lrm: 1.00 | dt: 14581.54ms | tok/sec: 71,911 | bf16_mfu: 35.96 | epoch: 1 | total time: 135.06m | eta: 370.6m
kind=muon
kind=muon
kind=muon
kind=muon
P:  torch.Size([12, 32])
S torch.Size([12, 12, 32])
P:  torch.Size([1536, 1536])
S torch.Size([96, 1536, 1536])
P:  torch.Size([1536, 6144])
S torch.Size([24, 1536, 6144])
P:  torch.Size([6144, 1536])
S torch.Size([24, 6144, 1536])
step 00566/02088 (27.11%) | loss: 3.062855 | lrm: 1.00 | dt: 14589.63ms | tok/sec: 71,871 | bf16_mfu: 35.94 | epoch: 1 | total time: 135.30m | eta: 370.4m
kind=muon
kind=muon
kind=muon
kind=muon
P:  torch.Size([12, 32])
S torch.Size([12, 12, 32])
P:  torch.Size([1536, 1536])
S torch.Size([96, 1536, 1536])
P:  torch.Size([1536, 6144])
S torch.Size([24, 1536, 6144])
P:  torch.Size([6144, 1536])
S torch.Size([24, 6144, 1536])
step 00567/02088 (27.16%) | loss: 3.057264 | lrm: 1.00 | dt: 14579.55ms | tok/sec: 71,921 | bf16_mfu: 35.96 | epoch: 1 | total time: 135.54m | eta: 370.1m
kind=muon
kind=muon
kind=muon
kind=muon
P:  torch.Size([12, 32])
S torch.Size([12, 12, 32])
P:  torch.Size([1536, 1536])
S torch.Size([96, 1536, 1536])
P:  torch.Size([1536, 6144])
S torch.Size([24, 1536, 6144])
P:  torch.Size([6144, 1536])
S torch.Size([24, 6144, 1536])
step 00568/02088 (27.20%) | loss: 3.065263 | lrm: 1.00 | dt: 14584.94ms | tok/sec: 71,894 | bf16_mfu: 35.95 | epoch: 1 | total time: 135.79m | eta: 369.9m
kind=muon
kind=muon
kind=muon
kind=muon
P:  torch.Size([12, 32])
S torch.Size([12, 12, 32])
P:  torch.Size([1536, 1536])
S torch.Size([96, 1536, 1536])
P:  torch.Size([1536, 6144])
S torch.Size([24, 1536, 6144])
P:  torch.Size([6144, 1536])
S torch.Size([24, 6144, 1536])
step 00569/02088 (27.25%) | loss: 3.073915 | lrm: 1.00 | dt: 14583.41ms | tok/sec: 71,901 | bf16_mfu: 35.95 | epoch: 1 | total time: 136.03m | eta: 369.6m
kind=muon
kind=muon
kind=muon
kind=muon
P:  torch.Size([12, 32])
S torch.Size([12, 12, 32])
P:  torch.Size([1536, 1536])
S torch.Size([96, 1536, 1536])
P:  torch.Size([1536, 6144])
S torch.Size([24, 1536, 6144])
P:  torch.Size([6144, 1536])
S torch.Size([24, 6144, 1536])
step 00570/02088 (27.30%) | loss: 3.077238 | lrm: 1.00 | dt: 14584.04ms | tok/sec: 71,898 | bf16_mfu: 35.95 | epoch: 1 | total time: 136.27m | eta: 369.4m
kind=muon
kind=muon
kind=muon
kind=muon
P:  torch.Size([12, 32])
S torch.Size([12, 12, 32])
P:  torch.Size([1536, 1536])
S torch.Size([96, 1536, 1536])
P:  torch.Size([1536, 6144])
S torch.Size([24, 1536, 6144])
P:  torch.Size([6144, 1536])
S torch.Size([24, 6144, 1536])
step 00571/02088 (27.35%) | loss: 3.072862 | lrm: 1.00 | dt: 14585.64ms | tok/sec: 71,890 | bf16_mfu: 35.95 | epoch: 1 | total time: 136.52m | eta: 369.2m
kind=muon
kind=muon
kind=muon
kind=muon
P:  torch.Size([12, 32])
S torch.Size([12, 12, 32])
P:  torch.Size([1536, 1536])
S torch.Size([96, 1536, 1536])
P:  torch.Size([1536, 6144])
S torch.Size([24, 1536, 6144])
P:  torch.Size([6144, 1536])
S torch.Size([24, 6144, 1536])
step 00572/02088 (27.39%) | loss: 3.073351 | lrm: 1.00 | dt: 14581.13ms | tok/sec: 71,913 | bf16_mfu: 35.96 | epoch: 1 | total time: 136.76m | eta: 368.9m
kind=muon
kind=muon
kind=muon
kind=muon
P:  torch.Size([12, 32])
S torch.Size([12, 12, 32])
P:  torch.Size([1536, 1536])
S torch.Size([96, 1536, 1536])
P:  torch.Size([1536, 6144])
S torch.Size([24, 1536, 6144])
P:  torch.Size([6144, 1536])
S torch.Size([24, 6144, 1536])
step 00573/02088 (27.44%) | loss: 3.064267 | lrm: 1.00 | dt: 14586.13ms | tok/sec: 71,888 | bf16_mfu: 35.95 | epoch: 1 | total time: 137.00m | eta: 368.7m
kind=muon
kind=muon
kind=muon
kind=muon
P:  torch.Size([12, 32])
S torch.Size([12, 12, 32])
P:  torch.Size([1536, 1536])
S torch.Size([96, 1536, 1536])
P:  torch.Size([1536, 6144])
S torch.Size([24, 1536, 6144])
P:  torch.Size([6144, 1536])
S torch.Size([24, 6144, 1536])
step 00574/02088 (27.49%) | loss: 3.071465 | lrm: 1.00 | dt: 14590.51ms | tok/sec: 71,866 | bf16_mfu: 35.93 | epoch: 1 | total time: 137.25m | eta: 368.4m
kind=muon
kind=muon
kind=muon
kind=muon
P:  torch.Size([12, 32])
S torch.Size([12, 12, 32])
P:  torch.Size([1536, 1536])
S torch.Size([96, 1536, 1536])
P:  torch.Size([1536, 6144])
S torch.Size([24, 1536, 6144])
P:  torch.Size([6144, 1536])
S torch.Size([24, 6144, 1536])
step 00575/02088 (27.54%) | loss: 3.071987 | lrm: 1.00 | dt: 14588.83ms | tok/sec: 71,875 | bf16_mfu: 35.94 | epoch: 1 | total time: 137.49m | eta: 368.2m
kind=muon
kind=muon
kind=muon
kind=muon
P:  torch.Size([12, 32])
S torch.Size([12, 12, 32])
P:  torch.Size([1536, 1536])
S torch.Size([96, 1536, 1536])
P:  torch.Size([1536, 6144])
S torch.Size([24, 1536, 6144])
P:  torch.Size([6144, 1536])
S torch.Size([24, 6144, 1536])
step 00576/02088 (27.59%) | loss: 3.073731 | lrm: 1.00 | dt: 14588.01ms | tok/sec: 71,879 | bf16_mfu: 35.94 | epoch: 1 | total time: 137.73m | eta: 367.9m
kind=muon
kind=muon
kind=muon
kind=muon
P:  torch.Size([12, 32])
S torch.Size([12, 12, 32])
P:  torch.Size([1536, 1536])
S torch.Size([96, 1536, 1536])
P:  torch.Size([1536, 6144])
S torch.Size([24, 1536, 6144])
P:  torch.Size([6144, 1536])
S torch.Size([24, 6144, 1536])
step 00577/02088 (27.63%) | loss: 3.081348 | lrm: 1.00 | dt: 14578.18ms | tok/sec: 71,927 | bf16_mfu: 35.96 | epoch: 1 | total time: 137.98m | eta: 367.7m
kind=muon
kind=muon
kind=muon
kind=muon
P:  torch.Size([12, 32])
S torch.Size([12, 12, 32])
P:  torch.Size([1536, 1536])
S torch.Size([96, 1536, 1536])
P:  torch.Size([1536, 6144])
S torch.Size([24, 1536, 6144])
P:  torch.Size([6144, 1536])
S torch.Size([24, 6144, 1536])
step 00578/02088 (27.68%) | loss: 3.062244 | lrm: 1.00 | dt: 14580.85ms | tok/sec: 71,914 | bf16_mfu: 35.96 | epoch: 1 | total time: 138.22m | eta: 367.4m
kind=muon
kind=muon
kind=muon
kind=muon
P:  torch.Size([12, 32])
S torch.Size([12, 12, 32])
P:  torch.Size([1536, 1536])
S torch.Size([96, 1536, 1536])
P:  torch.Size([1536, 6144])
S torch.Size([24, 1536, 6144])
P:  torch.Size([6144, 1536])
S torch.Size([24, 6144, 1536])
step 00579/02088 (27.73%) | loss: 3.047364 | lrm: 1.00 | dt: 14585.37ms | tok/sec: 71,892 | bf16_mfu: 35.95 | epoch: 1 | total time: 138.46m | eta: 367.2m
kind=muon
kind=muon
kind=muon
kind=muon
P:  torch.Size([12, 32])
S torch.Size([12, 12, 32])
P:  torch.Size([1536, 1536])
S torch.Size([96, 1536, 1536])
P:  torch.Size([1536, 6144])
S torch.Size([24, 1536, 6144])
P:  torch.Size([6144, 1536])
S torch.Size([24, 6144, 1536])
step 00580/02088 (27.78%) | loss: 3.058386 | lrm: 1.00 | dt: 14585.78ms | tok/sec: 71,890 | bf16_mfu: 35.95 | epoch: 1 | total time: 138.70m | eta: 367.0m
kind=muon
kind=muon
kind=muon
kind=muon
P:  torch.Size([12, 32])
S torch.Size([12, 12, 32])
P:  torch.Size([1536, 1536])
S torch.Size([96, 1536, 1536])
P:  torch.Size([1536, 6144])
S torch.Size([24, 1536, 6144])
P:  torch.Size([6144, 1536])
S torch.Size([24, 6144, 1536])
step 00581/02088 (27.83%) | loss: 3.054804 | lrm: 1.00 | dt: 14583.36ms | tok/sec: 71,902 | bf16_mfu: 35.95 | epoch: 1 | total time: 138.95m | eta: 366.7m
kind=muon
kind=muon
kind=muon
kind=muon
P:  torch.Size([12, 32])
S torch.Size([12, 12, 32])
P:  torch.Size([1536, 1536])
S torch.Size([96, 1536, 1536])
P:  torch.Size([1536, 6144])
S torch.Size([24, 1536, 6144])
P:  torch.Size([6144, 1536])
S torch.Size([24, 6144, 1536])
step 00582/02088 (27.87%) | loss: 3.046261 | lrm: 1.00 | dt: 14583.83ms | tok/sec: 71,899 | bf16_mfu: 35.95 | epoch: 1 | total time: 139.19m | eta: 366.5m
kind=muon
kind=muon
kind=muon
kind=muon
P:  torch.Size([12, 32])
S torch.Size([12, 12, 32])
P:  torch.Size([1536, 1536])
S torch.Size([96, 1536, 1536])
P:  torch.Size([1536, 6144])
S torch.Size([24, 1536, 6144])
P:  torch.Size([6144, 1536])
S torch.Size([24, 6144, 1536])
step 00583/02088 (27.92%) | loss: 3.054054 | lrm: 1.00 | dt: 14583.36ms | tok/sec: 71,902 | bf16_mfu: 35.95 | epoch: 1 | total time: 139.43m | eta: 366.2m
kind=muon
kind=muon
kind=muon
kind=muon
P:  torch.Size([12, 32])
S torch.Size([12, 12, 32])
P:  torch.Size([1536, 1536])
S torch.Size([96, 1536, 1536])
P:  torch.Size([1536, 6144])
S torch.Size([24, 1536, 6144])
P:  torch.Size([6144, 1536])
S torch.Size([24, 6144, 1536])
step 00584/02088 (27.97%) | loss: 3.054556 | lrm: 1.00 | dt: 14580.58ms | tok/sec: 71,915 | bf16_mfu: 35.96 | epoch: 1 | total time: 139.68m | eta: 366.0m
kind=muon
kind=muon
kind=muon
kind=muon
P:  torch.Size([12, 32])
S torch.Size([12, 12, 32])
P:  torch.Size([1536, 1536])
S torch.Size([96, 1536, 1536])
P:  torch.Size([1536, 6144])
S torch.Size([24, 1536, 6144])
P:  torch.Size([6144, 1536])
S torch.Size([24, 6144, 1536])
step 00585/02088 (28.02%) | loss: 3.055563 | lrm: 1.00 | dt: 14591.40ms | tok/sec: 71,862 | bf16_mfu: 35.93 | epoch: 1 | total time: 139.92m | eta: 365.7m
kind=muon
kind=muon
kind=muon
kind=muon
P:  torch.Size([12, 32])
S torch.Size([12, 12, 32])
P:  torch.Size([1536, 1536])
S torch.Size([96, 1536, 1536])
P:  torch.Size([1536, 6144])
S torch.Size([24, 1536, 6144])
P:  torch.Size([6144, 1536])
S torch.Size([24, 6144, 1536])
step 00586/02088 (28.07%) | loss: 3.052647 | lrm: 1.00 | dt: 14584.77ms | tok/sec: 71,895 | bf16_mfu: 35.95 | epoch: 1 | total time: 140.16m | eta: 365.5m
kind=muon
kind=muon
kind=muon
kind=muon
P:  torch.Size([12, 32])
S torch.Size([12, 12, 32])
P:  torch.Size([1536, 1536])
S torch.Size([96, 1536, 1536])
P:  torch.Size([1536, 6144])
S torch.Size([24, 1536, 6144])
P:  torch.Size([6144, 1536])
S torch.Size([24, 6144, 1536])
step 00587/02088 (28.11%) | loss: 3.055018 | lrm: 1.00 | dt: 14584.72ms | tok/sec: 71,895 | bf16_mfu: 35.95 | epoch: 1 | total time: 140.41m | eta: 365.3m
kind=muon
kind=muon
kind=muon
kind=muon
P:  torch.Size([12, 32])
S torch.Size([12, 12, 32])
P:  torch.Size([1536, 1536])
S torch.Size([96, 1536, 1536])
P:  torch.Size([1536, 6144])
S torch.Size([24, 1536, 6144])
P:  torch.Size([6144, 1536])
S torch.Size([24, 6144, 1536])
step 00588/02088 (28.16%) | loss: 3.054379 | lrm: 1.00 | dt: 14585.69ms | tok/sec: 71,890 | bf16_mfu: 35.95 | epoch: 1 | total time: 140.65m | eta: 365.0m
kind=muon
kind=muon
kind=muon
kind=muon
P:  torch.Size([12, 32])
S torch.Size([12, 12, 32])
P:  torch.Size([1536, 1536])
S torch.Size([96, 1536, 1536])
P:  torch.Size([1536, 6144])
S torch.Size([24, 1536, 6144])
P:  torch.Size([6144, 1536])
S torch.Size([24, 6144, 1536])
step 00589/02088 (28.21%) | loss: 3.044332 | lrm: 1.00 | dt: 14582.28ms | tok/sec: 71,907 | bf16_mfu: 35.95 | epoch: 1 | total time: 140.89m | eta: 364.8m
kind=muon
kind=muon
kind=muon
kind=muon
P:  torch.Size([12, 32])
S torch.Size([12, 12, 32])
P:  torch.Size([1536, 1536])
S torch.Size([96, 1536, 1536])
P:  torch.Size([1536, 6144])
S torch.Size([24, 1536, 6144])
P:  torch.Size([6144, 1536])
S torch.Size([24, 6144, 1536])
step 00590/02088 (28.26%) | loss: 3.057547 | lrm: 1.00 | dt: 14575.67ms | tok/sec: 71,940 | bf16_mfu: 35.97 | epoch: 1 | total time: 141.14m | eta: 364.5m
kind=muon
kind=muon
kind=muon
kind=muon
P:  torch.Size([12, 32])
S torch.Size([12, 12, 32])
P:  torch.Size([1536, 1536])
S torch.Size([96, 1536, 1536])
P:  torch.Size([1536, 6144])
S torch.Size([24, 1536, 6144])
P:  torch.Size([6144, 1536])
S torch.Size([24, 6144, 1536])
step 00591/02088 (28.30%) | loss: 3.060043 | lrm: 1.00 | dt: 14582.14ms | tok/sec: 71,908 | bf16_mfu: 35.95 | epoch: 1 | total time: 141.38m | eta: 364.3m
kind=muon
kind=muon
kind=muon
kind=muon
P:  torch.Size([12, 32])
S torch.Size([12, 12, 32])
P:  torch.Size([1536, 1536])
S torch.Size([96, 1536, 1536])
P:  torch.Size([1536, 6144])
S torch.Size([24, 1536, 6144])
P:  torch.Size([6144, 1536])
S torch.Size([24, 6144, 1536])
step 00592/02088 (28.35%) | loss: 3.050454 | lrm: 1.00 | dt: 14584.17ms | tok/sec: 71,898 | bf16_mfu: 35.95 | epoch: 1 | total time: 141.62m | eta: 364.0m
kind=muon
kind=muon
kind=muon
kind=muon
P:  torch.Size([12, 32])
S torch.Size([12, 12, 32])
P:  torch.Size([1536, 1536])
S torch.Size([96, 1536, 1536])
P:  torch.Size([1536, 6144])
S torch.Size([24, 1536, 6144])
P:  torch.Size([6144, 1536])
S torch.Size([24, 6144, 1536])
step 00593/02088 (28.40%) | loss: 3.044714 | lrm: 1.00 | dt: 14582.58ms | tok/sec: 71,906 | bf16_mfu: 35.95 | epoch: 1 | total time: 141.86m | eta: 363.8m
kind=muon
kind=muon
kind=muon
kind=muon
P:  torch.Size([12, 32])
S torch.Size([12, 12, 32])
P:  torch.Size([1536, 1536])
S torch.Size([96, 1536, 1536])
P:  torch.Size([1536, 6144])
S torch.Size([24, 1536, 6144])
P:  torch.Size([6144, 1536])
S torch.Size([24, 6144, 1536])
step 00594/02088 (28.45%) | loss: 3.039289 | lrm: 1.00 | dt: 14576.84ms | tok/sec: 71,934 | bf16_mfu: 35.97 | epoch: 1 | total time: 142.11m | eta: 363.5m
kind=muon
kind=muon
kind=muon
kind=muon
P:  torch.Size([12, 32])
S torch.Size([12, 12, 32])
P:  torch.Size([1536, 1536])
S torch.Size([96, 1536, 1536])
P:  torch.Size([1536, 6144])
S torch.Size([24, 1536, 6144])
P:  torch.Size([6144, 1536])
S torch.Size([24, 6144, 1536])
step 00595/02088 (28.50%) | loss: 3.043621 | lrm: 1.00 | dt: 14583.95ms | tok/sec: 71,899 | bf16_mfu: 35.95 | epoch: 1 | total time: 142.35m | eta: 363.3m
kind=muon
kind=muon
kind=muon
kind=muon
P:  torch.Size([12, 32])
S torch.Size([12, 12, 32])
P:  torch.Size([1536, 1536])
S torch.Size([96, 1536, 1536])
P:  torch.Size([1536, 6144])
S torch.Size([24, 1536, 6144])
P:  torch.Size([6144, 1536])
S torch.Size([24, 6144, 1536])
step 00596/02088 (28.54%) | loss: 3.039993 | lrm: 1.00 | dt: 14583.13ms | tok/sec: 71,903 | bf16_mfu: 35.95 | epoch: 1 | total time: 142.59m | eta: 363.1m
kind=muon
kind=muon
kind=muon
kind=muon
P:  torch.Size([12, 32])
S torch.Size([12, 12, 32])
P:  torch.Size([1536, 1536])
S torch.Size([96, 1536, 1536])
P:  torch.Size([1536, 6144])
S torch.Size([24, 1536, 6144])
P:  torch.Size([6144, 1536])
S torch.Size([24, 6144, 1536])
step 00597/02088 (28.59%) | loss: 3.027522 | lrm: 1.00 | dt: 14585.34ms | tok/sec: 71,892 | bf16_mfu: 35.95 | epoch: 1 | total time: 142.84m | eta: 362.8m
kind=muon
kind=muon
kind=muon
kind=muon
P:  torch.Size([12, 32])
S torch.Size([12, 12, 32])
P:  torch.Size([1536, 1536])
S torch.Size([96, 1536, 1536])
P:  torch.Size([1536, 6144])
S torch.Size([24, 1536, 6144])
P:  torch.Size([6144, 1536])
S torch.Size([24, 6144, 1536])
step 00598/02088 (28.64%) | loss: 3.034719 | lrm: 1.00 | dt: 14585.27ms | tok/sec: 71,892 | bf16_mfu: 35.95 | epoch: 1 | total time: 143.08m | eta: 362.6m
kind=muon
kind=muon
kind=muon
kind=muon
P:  torch.Size([12, 32])
S torch.Size([12, 12, 32])
P:  torch.Size([1536, 1536])
S torch.Size([96, 1536, 1536])
P:  torch.Size([1536, 6144])
S torch.Size([24, 1536, 6144])
P:  torch.Size([6144, 1536])
S torch.Size([24, 6144, 1536])
step 00599/02088 (28.69%) | loss: 3.038015 | lrm: 1.00 | dt: 14582.78ms | tok/sec: 71,905 | bf16_mfu: 35.95 | epoch: 1 | total time: 143.32m | eta: 362.3m
kind=muon
kind=muon
kind=muon
kind=muon
P:  torch.Size([12, 32])
S torch.Size([12, 12, 32])
P:  torch.Size([1536, 1536])
S torch.Size([96, 1536, 1536])
P:  torch.Size([1536, 6144])
S torch.Size([24, 1536, 6144])
P:  torch.Size([6144, 1536])
S torch.Size([24, 6144, 1536])
step 00600/02088 (28.74%) | loss: 3.040875 | lrm: 1.00 | dt: 14584.65ms | tok/sec: 71,895 | bf16_mfu: 35.95 | epoch: 1 | total time: 143.57m | eta: 362.1m
kind=muon
kind=muon
kind=muon
kind=muon
P:  torch.Size([12, 32])
S torch.Size([12, 12, 32])
P:  torch.Size([1536, 1536])
S torch.Size([96, 1536, 1536])
P:  torch.Size([1536, 6144])
S torch.Size([24, 1536, 6144])
P:  torch.Size([6144, 1536])
S torch.Size([24, 6144, 1536])
step 00601/02088 (28.78%) | loss: 3.042404 | lrm: 1.00 | dt: 14581.10ms | tok/sec: 71,913 | bf16_mfu: 35.96 | epoch: 1 | total time: 143.81m | eta: 361.8m
kind=muon
kind=muon
kind=muon
kind=muon
P:  torch.Size([12, 32])
S torch.Size([12, 12, 32])
P:  torch.Size([1536, 1536])
S torch.Size([96, 1536, 1536])
P:  torch.Size([1536, 6144])
S torch.Size([24, 1536, 6144])
P:  torch.Size([6144, 1536])
S torch.Size([24, 6144, 1536])
step 00602/02088 (28.83%) | loss: 3.038292 | lrm: 1.00 | dt: 14582.41ms | tok/sec: 71,906 | bf16_mfu: 35.95 | epoch: 1 | total time: 144.05m | eta: 361.6m
kind=muon
kind=muon
kind=muon
kind=muon
P:  torch.Size([12, 32])
S torch.Size([12, 12, 32])
P:  torch.Size([1536, 1536])
S torch.Size([96, 1536, 1536])
P:  torch.Size([1536, 6144])
S torch.Size([24, 1536, 6144])
P:  torch.Size([6144, 1536])
S torch.Size([24, 6144, 1536])
step 00603/02088 (28.88%) | loss: 3.032699 | lrm: 1.00 | dt: 14587.25ms | tok/sec: 71,883 | bf16_mfu: 35.94 | epoch: 1 | total time: 144.29m | eta: 361.3m
kind=muon
kind=muon
kind=muon
kind=muon
P:  torch.Size([12, 32])
S torch.Size([12, 12, 32])
P:  torch.Size([1536, 1536])
S torch.Size([96, 1536, 1536])
P:  torch.Size([1536, 6144])
S torch.Size([24, 1536, 6144])
P:  torch.Size([6144, 1536])
S torch.Size([24, 6144, 1536])
step 00604/02088 (28.93%) | loss: 3.040448 | lrm: 1.00 | dt: 14584.84ms | tok/sec: 71,894 | bf16_mfu: 35.95 | epoch: 1 | total time: 144.54m | eta: 361.1m
kind=muon
kind=muon
kind=muon
kind=muon
P:  torch.Size([12, 32])
S torch.Size([12, 12, 32])
P:  torch.Size([1536, 1536])
S torch.Size([96, 1536, 1536])
P:  torch.Size([1536, 6144])
S torch.Size([24, 1536, 6144])
P:  torch.Size([6144, 1536])
S torch.Size([24, 6144, 1536])
step 00605/02088 (28.98%) | loss: 3.043540 | lrm: 1.00 | dt: 14581.23ms | tok/sec: 71,912 | bf16_mfu: 35.96 | epoch: 1 | total time: 144.78m | eta: 360.9m
kind=muon
kind=muon
kind=muon
kind=muon
P:  torch.Size([12, 32])
S torch.Size([12, 12, 32])
P:  torch.Size([1536, 1536])
S torch.Size([96, 1536, 1536])
P:  torch.Size([1536, 6144])
S torch.Size([24, 1536, 6144])
P:  torch.Size([6144, 1536])
S torch.Size([24, 6144, 1536])
step 00606/02088 (29.02%) | loss: 3.043644 | lrm: 1.00 | dt: 14579.60ms | tok/sec: 71,920 | bf16_mfu: 35.96 | epoch: 1 | total time: 145.02m | eta: 360.6m
kind=muon
kind=muon
kind=muon
kind=muon
P:  torch.Size([12, 32])
S torch.Size([12, 12, 32])
P:  torch.Size([1536, 1536])
S torch.Size([96, 1536, 1536])
P:  torch.Size([1536, 6144])
S torch.Size([24, 1536, 6144])
P:  torch.Size([6144, 1536])
S torch.Size([24, 6144, 1536])
step 00607/02088 (29.07%) | loss: 3.039115 | lrm: 1.00 | dt: 14584.55ms | tok/sec: 71,896 | bf16_mfu: 35.95 | epoch: 1 | total time: 145.27m | eta: 360.4m
kind=muon
kind=muon
kind=muon
kind=muon
P:  torch.Size([12, 32])
S torch.Size([12, 12, 32])
P:  torch.Size([1536, 1536])
S torch.Size([96, 1536, 1536])
P:  torch.Size([1536, 6144])
S torch.Size([24, 1536, 6144])
P:  torch.Size([6144, 1536])
S torch.Size([24, 6144, 1536])
step 00608/02088 (29.12%) | loss: 3.043790 | lrm: 1.00 | dt: 14585.45ms | tok/sec: 71,891 | bf16_mfu: 35.95 | epoch: 1 | total time: 145.51m | eta: 360.1m
kind=muon
kind=muon
kind=muon
kind=muon
P:  torch.Size([12, 32])
S torch.Size([12, 12, 32])
P:  torch.Size([1536, 1536])
S torch.Size([96, 1536, 1536])
P:  torch.Size([1536, 6144])
S torch.Size([24, 1536, 6144])
P:  torch.Size([6144, 1536])
S torch.Size([24, 6144, 1536])
step 00609/02088 (29.17%) | loss: 3.054843 | lrm: 1.00 | dt: 14581.13ms | tok/sec: 71,913 | bf16_mfu: 35.96 | epoch: 1 | total time: 145.75m | eta: 359.9m
kind=muon
kind=muon
kind=muon
kind=muon
P:  torch.Size([12, 32])
S torch.Size([12, 12, 32])
P:  torch.Size([1536, 1536])
S torch.Size([96, 1536, 1536])
P:  torch.Size([1536, 6144])
S torch.Size([24, 1536, 6144])
P:  torch.Size([6144, 1536])
S torch.Size([24, 6144, 1536])
step 00610/02088 (29.21%) | loss: 3.063764 | lrm: 1.00 | dt: 14583.31ms | tok/sec: 71,902 | bf16_mfu: 35.95 | epoch: 1 | total time: 146.00m | eta: 359.6m
kind=muon
kind=muon
kind=muon
kind=muon
P:  torch.Size([12, 32])
S torch.Size([12, 12, 32])
P:  torch.Size([1536, 1536])
S torch.Size([96, 1536, 1536])
P:  torch.Size([1536, 6144])
S torch.Size([24, 1536, 6144])
P:  torch.Size([6144, 1536])
S torch.Size([24, 6144, 1536])
step 00611/02088 (29.26%) | loss: 3.070962 | lrm: 1.00 | dt: 14580.60ms | tok/sec: 71,915 | bf16_mfu: 35.96 | epoch: 1 | total time: 146.24m | eta: 359.4m
kind=muon
kind=muon
kind=muon
kind=muon
P:  torch.Size([12, 32])
S torch.Size([12, 12, 32])
P:  torch.Size([1536, 1536])
S torch.Size([96, 1536, 1536])
P:  torch.Size([1536, 6144])
S torch.Size([24, 1536, 6144])
P:  torch.Size([6144, 1536])
S torch.Size([24, 6144, 1536])
step 00612/02088 (29.31%) | loss: 3.064887 | lrm: 1.00 | dt: 14584.65ms | tok/sec: 71,895 | bf16_mfu: 35.95 | epoch: 1 | total time: 146.48m | eta: 359.1m
kind=muon
kind=muon
kind=muon
kind=muon
P:  torch.Size([12, 32])
S torch.Size([12, 12, 32])
P:  torch.Size([1536, 1536])
S torch.Size([96, 1536, 1536])
P:  torch.Size([1536, 6144])
S torch.Size([24, 1536, 6144])
P:  torch.Size([6144, 1536])
S torch.Size([24, 6144, 1536])
step 00613/02088 (29.36%) | loss: 3.075501 | lrm: 1.00 | dt: 14582.14ms | tok/sec: 71,908 | bf16_mfu: 35.95 | epoch: 1 | total time: 146.73m | eta: 358.9m
kind=muon
kind=muon
kind=muon
kind=muon
P:  torch.Size([12, 32])
S torch.Size([12, 12, 32])
P:  torch.Size([1536, 1536])
S torch.Size([96, 1536, 1536])
P:  torch.Size([1536, 6144])
S torch.Size([24, 1536, 6144])
P:  torch.Size([6144, 1536])
S torch.Size([24, 6144, 1536])
step 00614/02088 (29.41%) | loss: 3.077434 | lrm: 1.00 | dt: 14578.69ms | tok/sec: 71,925 | bf16_mfu: 35.96 | epoch: 1 | total time: 146.97m | eta: 358.7m
kind=muon
kind=muon
kind=muon
kind=muon
P:  torch.Size([12, 32])
S torch.Size([12, 12, 32])
P:  torch.Size([1536, 1536])
S torch.Size([96, 1536, 1536])
P:  torch.Size([1536, 6144])
S torch.Size([24, 1536, 6144])
P:  torch.Size([6144, 1536])
S torch.Size([24, 6144, 1536])
step 00615/02088 (29.45%) | loss: 3.075469 | lrm: 1.00 | dt: 14581.19ms | tok/sec: 71,912 | bf16_mfu: 35.96 | epoch: 1 | total time: 147.21m | eta: 358.4m
kind=muon
kind=muon
kind=muon
kind=muon
P:  torch.Size([12, 32])
S torch.Size([12, 12, 32])
P:  torch.Size([1536, 1536])
S torch.Size([96, 1536, 1536])
P:  torch.Size([1536, 6144])
S torch.Size([24, 1536, 6144])
P:  torch.Size([6144, 1536])
S torch.Size([24, 6144, 1536])
step 00616/02088 (29.50%) | loss: 3.074197 | lrm: 1.00 | dt: 14588.52ms | tok/sec: 71,876 | bf16_mfu: 35.94 | epoch: 1 | total time: 147.45m | eta: 358.2m
kind=muon
kind=muon
kind=muon
kind=muon
P:  torch.Size([12, 32])
S torch.Size([12, 12, 32])
P:  torch.Size([1536, 1536])
S torch.Size([96, 1536, 1536])
P:  torch.Size([1536, 6144])
S torch.Size([24, 1536, 6144])
P:  torch.Size([6144, 1536])
S torch.Size([24, 6144, 1536])
step 00617/02088 (29.55%) | loss: 3.054485 | lrm: 1.00 | dt: 14584.41ms | tok/sec: 71,897 | bf16_mfu: 35.95 | epoch: 1 | total time: 147.70m | eta: 357.9m
kind=muon
kind=muon
kind=muon
kind=muon
P:  torch.Size([12, 32])
S torch.Size([12, 12, 32])
P:  torch.Size([1536, 1536])
S torch.Size([96, 1536, 1536])
P:  torch.Size([1536, 6144])
S torch.Size([24, 1536, 6144])
P:  torch.Size([6144, 1536])
S torch.Size([24, 6144, 1536])
step 00618/02088 (29.60%) | loss: 3.048547 | lrm: 1.00 | dt: 14581.81ms | tok/sec: 71,909 | bf16_mfu: 35.96 | epoch: 1 | total time: 147.94m | eta: 357.7m
kind=muon
kind=muon
kind=muon
kind=muon
P:  torch.Size([12, 32])
S torch.Size([12, 12, 32])
P:  torch.Size([1536, 1536])
S torch.Size([96, 1536, 1536])
P:  torch.Size([1536, 6144])
S torch.Size([24, 1536, 6144])
P:  torch.Size([6144, 1536])
S torch.Size([24, 6144, 1536])
step 00619/02088 (29.65%) | loss: 3.049851 | lrm: 1.00 | dt: 14579.26ms | tok/sec: 71,922 | bf16_mfu: 35.96 | epoch: 1 | total time: 148.18m | eta: 357.4m
kind=muon
kind=muon
kind=muon
kind=muon
P:  torch.Size([12, 32])
S torch.Size([12, 12, 32])
P:  torch.Size([1536, 1536])
S torch.Size([96, 1536, 1536])
P:  torch.Size([1536, 6144])
S torch.Size([24, 1536, 6144])
P:  torch.Size([6144, 1536])
S torch.Size([24, 6144, 1536])
step 00620/02088 (29.69%) | loss: 3.048144 | lrm: 1.00 | dt: 14580.16ms | tok/sec: 71,918 | bf16_mfu: 35.96 | epoch: 1 | total time: 148.43m | eta: 357.2m
kind=muon
kind=muon
kind=muon
kind=muon
P:  torch.Size([12, 32])
S torch.Size([12, 12, 32])
P:  torch.Size([1536, 1536])
S torch.Size([96, 1536, 1536])
P:  torch.Size([1536, 6144])
S torch.Size([24, 1536, 6144])
P:  torch.Size([6144, 1536])
S torch.Size([24, 6144, 1536])
step 00621/02088 (29.74%) | loss: 3.056100 | lrm: 1.00 | dt: 14585.47ms | tok/sec: 71,891 | bf16_mfu: 35.95 | epoch: 1 | total time: 148.67m | eta: 357.0m
kind=muon
kind=muon
kind=muon
kind=muon
P:  torch.Size([12, 32])
S torch.Size([12, 12, 32])
P:  torch.Size([1536, 1536])
S torch.Size([96, 1536, 1536])
P:  torch.Size([1536, 6144])
S torch.Size([24, 1536, 6144])
P:  torch.Size([6144, 1536])
S torch.Size([24, 6144, 1536])
step 00622/02088 (29.79%) | loss: 3.058702 | lrm: 1.00 | dt: 14586.47ms | tok/sec: 71,886 | bf16_mfu: 35.94 | epoch: 1 | total time: 148.91m | eta: 356.7m
kind=muon
kind=muon
kind=muon
kind=muon
P:  torch.Size([12, 32])
S torch.Size([12, 12, 32])
P:  torch.Size([1536, 1536])
S torch.Size([96, 1536, 1536])
P:  torch.Size([1536, 6144])
S torch.Size([24, 1536, 6144])
P:  torch.Size([6144, 1536])
S torch.Size([24, 6144, 1536])
step 00623/02088 (29.84%) | loss: 3.057561 | lrm: 1.00 | dt: 14588.82ms | tok/sec: 71,875 | bf16_mfu: 35.94 | epoch: 1 | total time: 149.16m | eta: 356.5m
kind=muon
kind=muon
kind=muon
kind=muon
P:  torch.Size([12, 32])
S torch.Size([12, 12, 32])
P:  torch.Size([1536, 1536])
S torch.Size([96, 1536, 1536])
P:  torch.Size([1536, 6144])
S torch.Size([24, 1536, 6144])
P:  torch.Size([6144, 1536])
S torch.Size([24, 6144, 1536])
step 00624/02088 (29.89%) | loss: 3.051985 | lrm: 1.00 | dt: 14582.45ms | tok/sec: 71,906 | bf16_mfu: 35.95 | epoch: 1 | total time: 149.40m | eta: 356.2m
kind=muon
kind=muon
kind=muon
kind=muon
P:  torch.Size([12, 32])
S torch.Size([12, 12, 32])
P:  torch.Size([1536, 1536])
S torch.Size([96, 1536, 1536])
P:  torch.Size([1536, 6144])
S torch.Size([24, 1536, 6144])
P:  torch.Size([6144, 1536])
S torch.Size([24, 6144, 1536])
step 00625/02088 (29.93%) | loss: 3.055557 | lrm: 1.00 | dt: 14583.17ms | tok/sec: 71,903 | bf16_mfu: 35.95 | epoch: 1 | total time: 149.64m | eta: 356.0m
kind=muon
kind=muon
kind=muon
kind=muon
P:  torch.Size([12, 32])
S torch.Size([12, 12, 32])
P:  torch.Size([1536, 1536])
S torch.Size([96, 1536, 1536])
P:  torch.Size([1536, 6144])
S torch.Size([24, 1536, 6144])
P:  torch.Size([6144, 1536])
S torch.Size([24, 6144, 1536])
step 00626/02088 (29.98%) | loss: 3.050109 | lrm: 1.00 | dt: 14579.23ms | tok/sec: 71,922 | bf16_mfu: 35.96 | epoch: 1 | total time: 149.88m | eta: 355.7m
kind=muon
kind=muon
kind=muon
kind=muon
P:  torch.Size([12, 32])
S torch.Size([12, 12, 32])
P:  torch.Size([1536, 1536])
S torch.Size([96, 1536, 1536])
P:  torch.Size([1536, 6144])
S torch.Size([24, 1536, 6144])
P:  torch.Size([6144, 1536])
S torch.Size([24, 6144, 1536])
step 00627/02088 (30.03%) | loss: 3.054059 | lrm: 1.00 | dt: 14585.61ms | tok/sec: 71,891 | bf16_mfu: 35.95 | epoch: 1 | total time: 150.13m | eta: 355.5m
kind=muon
kind=muon
kind=muon
kind=muon
P:  torch.Size([12, 32])
S torch.Size([12, 12, 32])
P:  torch.Size([1536, 1536])
S torch.Size([96, 1536, 1536])
P:  torch.Size([1536, 6144])
S torch.Size([24, 1536, 6144])
P:  torch.Size([6144, 1536])
S torch.Size([24, 6144, 1536])
step 00628/02088 (30.08%) | loss: 3.061373 | lrm: 1.00 | dt: 14588.29ms | tok/sec: 71,877 | bf16_mfu: 35.94 | epoch: 1 | total time: 150.37m | eta: 355.2m
kind=muon
kind=muon
kind=muon
kind=muon
P:  torch.Size([12, 32])
S torch.Size([12, 12, 32])
P:  torch.Size([1536, 1536])
S torch.Size([96, 1536, 1536])
P:  torch.Size([1536, 6144])
S torch.Size([24, 1536, 6144])
P:  torch.Size([6144, 1536])
S torch.Size([24, 6144, 1536])
step 00629/02088 (30.12%) | loss: 3.068620 | lrm: 1.00 | dt: 14581.25ms | tok/sec: 71,912 | bf16_mfu: 35.96 | epoch: 1 | total time: 150.61m | eta: 355.0m
kind=muon
kind=muon
kind=muon
kind=muon
P:  torch.Size([12, 32])
S torch.Size([12, 12, 32])
P:  torch.Size([1536, 1536])
S torch.Size([96, 1536, 1536])
P:  torch.Size([1536, 6144])
S torch.Size([24, 1536, 6144])
P:  torch.Size([6144, 1536])
S torch.Size([24, 6144, 1536])
step 00630/02088 (30.17%) | loss: 3.065441 | lrm: 1.00 | dt: 14583.44ms | tok/sec: 71,901 | bf16_mfu: 35.95 | epoch: 1 | total time: 150.86m | eta: 354.8m
kind=muon
kind=muon
kind=muon
kind=muon
P:  torch.Size([12, 32])
S torch.Size([12, 12, 32])
P:  torch.Size([1536, 1536])
S torch.Size([96, 1536, 1536])
P:  torch.Size([1536, 6144])
S torch.Size([24, 1536, 6144])
P:  torch.Size([6144, 1536])
S torch.Size([24, 6144, 1536])
step 00631/02088 (30.22%) | loss: 3.066314 | lrm: 1.00 | dt: 14587.94ms | tok/sec: 71,879 | bf16_mfu: 35.94 | epoch: 1 | total time: 151.10m | eta: 354.5m
kind=muon
kind=muon
kind=muon
kind=muon
P:  torch.Size([12, 32])
S torch.Size([12, 12, 32])
P:  torch.Size([1536, 1536])
S torch.Size([96, 1536, 1536])
P:  torch.Size([1536, 6144])
S torch.Size([24, 1536, 6144])
P:  torch.Size([6144, 1536])
S torch.Size([24, 6144, 1536])
step 00632/02088 (30.27%) | loss: 3.065787 | lrm: 1.00 | dt: 14587.03ms | tok/sec: 71,884 | bf16_mfu: 35.94 | epoch: 1 | total time: 151.34m | eta: 354.3m
kind=muon
kind=muon
kind=muon
kind=muon
P:  torch.Size([12, 32])
S torch.Size([12, 12, 32])
P:  torch.Size([1536, 1536])
S torch.Size([96, 1536, 1536])
P:  torch.Size([1536, 6144])
S torch.Size([24, 1536, 6144])
P:  torch.Size([6144, 1536])
S torch.Size([24, 6144, 1536])
step 00633/02088 (30.32%) | loss: 3.049467 | lrm: 1.00 | dt: 14582.62ms | tok/sec: 71,905 | bf16_mfu: 35.95 | epoch: 1 | total time: 151.59m | eta: 354.0m
kind=muon
kind=muon
kind=muon
kind=muon
P:  torch.Size([12, 32])
S torch.Size([12, 12, 32])
P:  torch.Size([1536, 1536])
S torch.Size([96, 1536, 1536])
P:  torch.Size([1536, 6144])
S torch.Size([24, 1536, 6144])
P:  torch.Size([6144, 1536])
S torch.Size([24, 6144, 1536])
step 00634/02088 (30.36%) | loss: 3.054270 | lrm: 1.00 | dt: 14582.75ms | tok/sec: 71,905 | bf16_mfu: 35.95 | epoch: 1 | total time: 151.83m | eta: 353.8m
kind=muon
kind=muon
kind=muon
kind=muon
P:  torch.Size([12, 32])
S torch.Size([12, 12, 32])
P:  torch.Size([1536, 1536])
S torch.Size([96, 1536, 1536])
P:  torch.Size([1536, 6144])
S torch.Size([24, 1536, 6144])
P:  torch.Size([6144, 1536])
S torch.Size([24, 6144, 1536])
step 00635/02088 (30.41%) | loss: 3.058721 | lrm: 1.00 | dt: 14585.92ms | tok/sec: 71,889 | bf16_mfu: 35.95 | epoch: 1 | total time: 152.07m | eta: 353.5m
kind=muon
kind=muon
kind=muon
kind=muon
P:  torch.Size([12, 32])
S torch.Size([12, 12, 32])
P:  torch.Size([1536, 1536])
S torch.Size([96, 1536, 1536])
P:  torch.Size([1536, 6144])
S torch.Size([24, 1536, 6144])
P:  torch.Size([6144, 1536])
S torch.Size([24, 6144, 1536])
step 00636/02088 (30.46%) | loss: 3.054985 | lrm: 1.00 | dt: 14578.68ms | tok/sec: 71,925 | bf16_mfu: 35.96 | epoch: 1 | total time: 152.32m | eta: 353.3m
kind=muon
kind=muon
kind=muon
kind=muon
P:  torch.Size([12, 32])
S torch.Size([12, 12, 32])
P:  torch.Size([1536, 1536])
S torch.Size([96, 1536, 1536])
P:  torch.Size([1536, 6144])
S torch.Size([24, 1536, 6144])
P:  torch.Size([6144, 1536])
S torch.Size([24, 6144, 1536])
step 00637/02088 (30.51%) | loss: 3.053868 | lrm: 1.00 | dt: 14585.83ms | tok/sec: 71,890 | bf16_mfu: 35.95 | epoch: 1 | total time: 152.56m | eta: 353.1m
kind=muon
kind=muon
kind=muon
kind=muon
P:  torch.Size([12, 32])
S torch.Size([12, 12, 32])
P:  torch.Size([1536, 1536])
S torch.Size([96, 1536, 1536])
P:  torch.Size([1536, 6144])
S torch.Size([24, 1536, 6144])
P:  torch.Size([6144, 1536])
S torch.Size([24, 6144, 1536])
step 00638/02088 (30.56%) | loss: 3.042869 | lrm: 1.00 | dt: 14582.15ms | tok/sec: 71,908 | bf16_mfu: 35.95 | epoch: 1 | total time: 152.80m | eta: 352.8m
kind=muon
kind=muon
kind=muon
kind=muon
P:  torch.Size([12, 32])
S torch.Size([12, 12, 32])
P:  torch.Size([1536, 1536])
S torch.Size([96, 1536, 1536])
P:  torch.Size([1536, 6144])
S torch.Size([24, 1536, 6144])
P:  torch.Size([6144, 1536])
S torch.Size([24, 6144, 1536])
step 00639/02088 (30.60%) | loss: 3.045241 | lrm: 1.00 | dt: 14579.63ms | tok/sec: 71,920 | bf16_mfu: 35.96 | epoch: 1 | total time: 153.04m | eta: 352.6m
kind=muon
kind=muon
kind=muon
kind=muon
P:  torch.Size([12, 32])
S torch.Size([12, 12, 32])
P:  torch.Size([1536, 1536])
S torch.Size([96, 1536, 1536])
P:  torch.Size([1536, 6144])
S torch.Size([24, 1536, 6144])
P:  torch.Size([6144, 1536])
S torch.Size([24, 6144, 1536])
step 00640/02088 (30.65%) | loss: 3.039069 | lrm: 1.00 | dt: 14584.15ms | tok/sec: 71,898 | bf16_mfu: 35.95 | epoch: 1 | total time: 153.29m | eta: 352.3m
kind=muon
kind=muon
kind=muon
kind=muon
P:  torch.Size([12, 32])
S torch.Size([12, 12, 32])
P:  torch.Size([1536, 1536])
S torch.Size([96, 1536, 1536])
P:  torch.Size([1536, 6144])
S torch.Size([24, 1536, 6144])
P:  torch.Size([6144, 1536])
S torch.Size([24, 6144, 1536])
step 00641/02088 (30.70%) | loss: 3.030967 | lrm: 1.00 | dt: 14584.66ms | tok/sec: 71,895 | bf16_mfu: 35.95 | epoch: 1 | total time: 153.53m | eta: 352.1m
kind=muon
kind=muon
kind=muon
kind=muon
P:  torch.Size([12, 32])
S torch.Size([12, 12, 32])
P:  torch.Size([1536, 1536])
S torch.Size([96, 1536, 1536])
P:  torch.Size([1536, 6144])
S torch.Size([24, 1536, 6144])
P:  torch.Size([6144, 1536])
S torch.Size([24, 6144, 1536])
step 00642/02088 (30.75%) | loss: 3.030993 | lrm: 1.00 | dt: 14580.48ms | tok/sec: 71,916 | bf16_mfu: 35.96 | epoch: 1 | total time: 153.77m | eta: 351.8m
kind=muon
kind=muon
kind=muon
kind=muon
P:  torch.Size([12, 32])
S torch.Size([12, 12, 32])
P:  torch.Size([1536, 1536])
S torch.Size([96, 1536, 1536])
P:  torch.Size([1536, 6144])
S torch.Size([24, 1536, 6144])
P:  torch.Size([6144, 1536])
S torch.Size([24, 6144, 1536])
step 00643/02088 (30.80%) | loss: 3.037933 | lrm: 1.00 | dt: 14579.48ms | tok/sec: 71,921 | bf16_mfu: 35.96 | epoch: 1 | total time: 154.02m | eta: 351.6m
kind=muon
kind=muon
kind=muon
kind=muon
P:  torch.Size([12, 32])
S torch.Size([12, 12, 32])
P:  torch.Size([1536, 1536])
S torch.Size([96, 1536, 1536])
P:  torch.Size([1536, 6144])
S torch.Size([24, 1536, 6144])
P:  torch.Size([6144, 1536])
S torch.Size([24, 6144, 1536])
step 00644/02088 (30.84%) | loss: 3.044448 | lrm: 1.00 | dt: 14579.02ms | tok/sec: 71,923 | bf16_mfu: 35.96 | epoch: 1 | total time: 154.26m | eta: 351.3m
kind=muon
kind=muon
kind=muon
kind=muon
P:  torch.Size([12, 32])
S torch.Size([12, 12, 32])
P:  torch.Size([1536, 1536])
S torch.Size([96, 1536, 1536])
P:  torch.Size([1536, 6144])
S torch.Size([24, 1536, 6144])
P:  torch.Size([6144, 1536])
S torch.Size([24, 6144, 1536])
step 00645/02088 (30.89%) | loss: 3.055041 | lrm: 1.00 | dt: 14580.94ms | tok/sec: 71,914 | bf16_mfu: 35.96 | epoch: 1 | total time: 154.50m | eta: 351.1m
kind=muon
kind=muon
kind=muon
kind=muon
P:  torch.Size([12, 32])
S torch.Size([12, 12, 32])
P:  torch.Size([1536, 1536])
S torch.Size([96, 1536, 1536])
P:  torch.Size([1536, 6144])
S torch.Size([24, 1536, 6144])
P:  torch.Size([6144, 1536])
S torch.Size([24, 6144, 1536])
step 00646/02088 (30.94%) | loss: 3.056228 | lrm: 1.00 | dt: 14590.27ms | tok/sec: 71,868 | bf16_mfu: 35.93 | epoch: 1 | total time: 154.75m | eta: 350.9m
kind=muon
kind=muon
kind=muon
kind=muon
P:  torch.Size([12, 32])
S torch.Size([12, 12, 32])
P:  torch.Size([1536, 1536])
S torch.Size([96, 1536, 1536])
P:  torch.Size([1536, 6144])
S torch.Size([24, 1536, 6144])
P:  torch.Size([6144, 1536])
S torch.Size([24, 6144, 1536])
step 00647/02088 (30.99%) | loss: 3.049048 | lrm: 1.00 | dt: 14580.73ms | tok/sec: 71,915 | bf16_mfu: 35.96 | epoch: 1 | total time: 154.99m | eta: 350.6m
kind=muon
kind=muon
kind=muon
kind=muon
P:  torch.Size([12, 32])
S torch.Size([12, 12, 32])
P:  torch.Size([1536, 1536])
S torch.Size([96, 1536, 1536])
P:  torch.Size([1536, 6144])
S torch.Size([24, 1536, 6144])
P:  torch.Size([6144, 1536])
S torch.Size([24, 6144, 1536])
step 00648/02088 (31.03%) | loss: 3.059239 | lrm: 1.00 | dt: 14583.14ms | tok/sec: 71,903 | bf16_mfu: 35.95 | epoch: 1 | total time: 155.23m | eta: 350.4m
kind=muon
kind=muon
kind=muon
kind=muon
P:  torch.Size([12, 32])
S torch.Size([12, 12, 32])
P:  torch.Size([1536, 1536])
S torch.Size([96, 1536, 1536])
P:  torch.Size([1536, 6144])
S torch.Size([24, 1536, 6144])
P:  torch.Size([6144, 1536])
S torch.Size([24, 6144, 1536])
step 00649/02088 (31.08%) | loss: 3.046429 | lrm: 1.00 | dt: 14582.71ms | tok/sec: 71,905 | bf16_mfu: 35.95 | epoch: 1 | total time: 155.48m | eta: 350.1m
kind=muon
kind=muon
kind=muon
kind=muon
P:  torch.Size([12, 32])
S torch.Size([12, 12, 32])
P:  torch.Size([1536, 1536])
S torch.Size([96, 1536, 1536])
P:  torch.Size([1536, 6144])
S torch.Size([24, 1536, 6144])
P:  torch.Size([6144, 1536])
S torch.Size([24, 6144, 1536])
step 00650/02088 (31.13%) | loss: 3.051890 | lrm: 1.00 | dt: 14577.55ms | tok/sec: 71,930 | bf16_mfu: 35.97 | epoch: 1 | total time: 155.72m | eta: 349.9m
kind=muon
kind=muon
kind=muon
kind=muon
P:  torch.Size([12, 32])
S torch.Size([12, 12, 32])
P:  torch.Size([1536, 1536])
S torch.Size([96, 1536, 1536])
P:  torch.Size([1536, 6144])
S torch.Size([24, 1536, 6144])
P:  torch.Size([6144, 1536])
S torch.Size([24, 6144, 1536])
step 00651/02088 (31.18%) | loss: 3.051504 | lrm: 1.00 | dt: 14582.60ms | tok/sec: 71,905 | bf16_mfu: 35.95 | epoch: 1 | total time: 155.96m | eta: 349.6m
kind=muon
kind=muon
kind=muon
kind=muon
P:  torch.Size([12, 32])
S torch.Size([12, 12, 32])
P:  torch.Size([1536, 1536])
S torch.Size([96, 1536, 1536])
P:  torch.Size([1536, 6144])
S torch.Size([24, 1536, 6144])
P:  torch.Size([6144, 1536])
S torch.Size([24, 6144, 1536])
step 00652/02088 (31.23%) | loss: 3.035334 | lrm: 1.00 | dt: 14584.34ms | tok/sec: 71,897 | bf16_mfu: 35.95 | epoch: 1 | total time: 156.20m | eta: 349.4m
kind=muon
kind=muon
kind=muon
kind=muon
P:  torch.Size([12, 32])
S torch.Size([12, 12, 32])
P:  torch.Size([1536, 1536])
S torch.Size([96, 1536, 1536])
P:  torch.Size([1536, 6144])
S torch.Size([24, 1536, 6144])
P:  torch.Size([6144, 1536])
S torch.Size([24, 6144, 1536])
step 00653/02088 (31.27%) | loss: 3.031182 | lrm: 1.00 | dt: 14587.75ms | tok/sec: 71,880 | bf16_mfu: 35.94 | epoch: 1 | total time: 156.45m | eta: 349.1m
kind=muon
kind=muon
kind=muon
kind=muon
P:  torch.Size([12, 32])
S torch.Size([12, 12, 32])
P:  torch.Size([1536, 1536])
S torch.Size([96, 1536, 1536])
P:  torch.Size([1536, 6144])
S torch.Size([24, 1536, 6144])
P:  torch.Size([6144, 1536])
S torch.Size([24, 6144, 1536])
step 00654/02088 (31.32%) | loss: 3.033081 | lrm: 1.00 | dt: 14576.39ms | tok/sec: 71,936 | bf16_mfu: 35.97 | epoch: 1 | total time: 156.69m | eta: 348.9m
kind=muon
kind=muon
kind=muon
kind=muon
P:  torch.Size([12, 32])
S torch.Size([12, 12, 32])
P:  torch.Size([1536, 1536])
S torch.Size([96, 1536, 1536])
P:  torch.Size([1536, 6144])
S torch.Size([24, 1536, 6144])
P:  torch.Size([6144, 1536])
S torch.Size([24, 6144, 1536])
step 00655/02088 (31.37%) | loss: 3.020335 | lrm: 1.00 | dt: 14581.56ms | tok/sec: 71,911 | bf16_mfu: 35.96 | epoch: 1 | total time: 156.93m | eta: 348.7m
kind=muon
kind=muon
kind=muon
kind=muon
P:  torch.Size([12, 32])
S torch.Size([12, 12, 32])
P:  torch.Size([1536, 1536])
S torch.Size([96, 1536, 1536])
P:  torch.Size([1536, 6144])
S torch.Size([24, 1536, 6144])
P:  torch.Size([6144, 1536])
S torch.Size([24, 6144, 1536])
step 00656/02088 (31.42%) | loss: 3.020018 | lrm: 1.00 | dt: 14585.57ms | tok/sec: 71,891 | bf16_mfu: 35.95 | epoch: 1 | total time: 157.18m | eta: 348.4m
kind=muon
kind=muon
kind=muon
kind=muon
P:  torch.Size([12, 32])
S torch.Size([12, 12, 32])
P:  torch.Size([1536, 1536])
S torch.Size([96, 1536, 1536])
P:  torch.Size([1536, 6144])
S torch.Size([24, 1536, 6144])
P:  torch.Size([6144, 1536])
S torch.Size([24, 6144, 1536])
step 00657/02088 (31.47%) | loss: 3.025562 | lrm: 1.00 | dt: 14580.06ms | tok/sec: 71,918 | bf16_mfu: 35.96 | epoch: 1 | total time: 157.42m | eta: 348.2m
kind=muon
kind=muon
kind=muon
kind=muon
P:  torch.Size([12, 32])
S torch.Size([12, 12, 32])
P:  torch.Size([1536, 1536])
S torch.Size([96, 1536, 1536])
P:  torch.Size([1536, 6144])
S torch.Size([24, 1536, 6144])
P:  torch.Size([6144, 1536])
S torch.Size([24, 6144, 1536])
step 00658/02088 (31.51%) | loss: 3.020738 | lrm: 1.00 | dt: 14580.63ms | tok/sec: 71,915 | bf16_mfu: 35.96 | epoch: 1 | total time: 157.66m | eta: 347.9m
kind=muon
kind=muon
kind=muon
kind=muon
P:  torch.Size([12, 32])
S torch.Size([12, 12, 32])
P:  torch.Size([1536, 1536])
S torch.Size([96, 1536, 1536])
P:  torch.Size([1536, 6144])
S torch.Size([24, 1536, 6144])
P:  torch.Size([6144, 1536])
S torch.Size([24, 6144, 1536])
step 00659/02088 (31.56%) | loss: 3.005517 | lrm: 1.00 | dt: 14579.50ms | tok/sec: 71,921 | bf16_mfu: 35.96 | epoch: 1 | total time: 157.91m | eta: 347.7m
kind=muon
kind=muon
kind=muon
kind=muon
P:  torch.Size([12, 32])
S torch.Size([12, 12, 32])
P:  torch.Size([1536, 1536])
S torch.Size([96, 1536, 1536])
P:  torch.Size([1536, 6144])
S torch.Size([24, 1536, 6144])
P:  torch.Size([6144, 1536])
S torch.Size([24, 6144, 1536])
step 00660/02088 (31.61%) | loss: 3.013324 | lrm: 1.00 | dt: 14586.59ms | tok/sec: 71,886 | bf16_mfu: 35.94 | epoch: 1 | total time: 158.15m | eta: 347.4m
kind=muon
kind=muon
kind=muon
kind=muon
P:  torch.Size([12, 32])
S torch.Size([12, 12, 32])
P:  torch.Size([1536, 1536])
S torch.Size([96, 1536, 1536])
P:  torch.Size([1536, 6144])
S torch.Size([24, 1536, 6144])
P:  torch.Size([6144, 1536])
S torch.Size([24, 6144, 1536])
step 00661/02088 (31.66%) | loss: 3.006442 | lrm: 1.00 | dt: 14583.90ms | tok/sec: 71,899 | bf16_mfu: 35.95 | epoch: 1 | total time: 158.39m | eta: 347.2m
kind=muon
kind=muon
kind=muon
kind=muon
P:  torch.Size([12, 32])
S torch.Size([12, 12, 32])
P:  torch.Size([1536, 1536])
S torch.Size([96, 1536, 1536])
P:  torch.Size([1536, 6144])
S torch.Size([24, 1536, 6144])
P:  torch.Size([6144, 1536])
S torch.Size([24, 6144, 1536])
step 00662/02088 (31.70%) | loss: 3.013960 | lrm: 1.00 | dt: 14583.32ms | tok/sec: 71,902 | bf16_mfu: 35.95 | epoch: 1 | total time: 158.63m | eta: 347.0m
kind=muon
kind=muon
kind=muon
kind=muon
P:  torch.Size([12, 32])
S torch.Size([12, 12, 32])
P:  torch.Size([1536, 1536])
S torch.Size([96, 1536, 1536])
P:  torch.Size([1536, 6144])
S torch.Size([24, 1536, 6144])
P:  torch.Size([6144, 1536])
S torch.Size([24, 6144, 1536])
step 00663/02088 (31.75%) | loss: 3.012457 | lrm: 1.00 | dt: 14585.91ms | tok/sec: 71,889 | bf16_mfu: 35.95 | epoch: 1 | total time: 158.88m | eta: 346.7m
kind=muon
kind=muon
kind=muon
kind=muon
P:  torch.Size([12, 32])
S torch.Size([12, 12, 32])
P:  torch.Size([1536, 1536])
S torch.Size([96, 1536, 1536])
P:  torch.Size([1536, 6144])
S torch.Size([24, 1536, 6144])
P:  torch.Size([6144, 1536])
S torch.Size([24, 6144, 1536])
step 00664/02088 (31.80%) | loss: 3.002219 | lrm: 1.00 | dt: 14585.13ms | tok/sec: 71,893 | bf16_mfu: 35.95 | epoch: 1 | total time: 159.12m | eta: 346.5m
kind=muon
kind=muon
kind=muon
kind=muon
P:  torch.Size([12, 32])
S torch.Size([12, 12, 32])
P:  torch.Size([1536, 1536])
S torch.Size([96, 1536, 1536])
P:  torch.Size([1536, 6144])
S torch.Size([24, 1536, 6144])
P:  torch.Size([6144, 1536])
S torch.Size([24, 6144, 1536])
step 00665/02088 (31.85%) | loss: 2.997038 | lrm: 1.00 | dt: 14583.16ms | tok/sec: 71,903 | bf16_mfu: 35.95 | epoch: 1 | total time: 159.36m | eta: 346.2m
kind=muon
kind=muon
kind=muon
kind=muon
P:  torch.Size([12, 32])
S torch.Size([12, 12, 32])
P:  torch.Size([1536, 1536])
S torch.Size([96, 1536, 1536])
P:  torch.Size([1536, 6144])
S torch.Size([24, 1536, 6144])
P:  torch.Size([6144, 1536])
S torch.Size([24, 6144, 1536])
step 00666/02088 (31.90%) | loss: 3.001604 | lrm: 1.00 | dt: 14591.26ms | tok/sec: 71,863 | bf16_mfu: 35.93 | epoch: 1 | total time: 159.61m | eta: 346.0m
kind=muon
kind=muon
kind=muon
kind=muon
P:  torch.Size([12, 32])
S torch.Size([12, 12, 32])
P:  torch.Size([1536, 1536])
S torch.Size([96, 1536, 1536])
P:  torch.Size([1536, 6144])
S torch.Size([24, 1536, 6144])
P:  torch.Size([6144, 1536])
S torch.Size([24, 6144, 1536])
step 00667/02088 (31.94%) | loss: 3.000613 | lrm: 1.00 | dt: 14581.05ms | tok/sec: 71,913 | bf16_mfu: 35.96 | epoch: 1 | total time: 159.85m | eta: 345.7m
kind=muon
kind=muon
kind=muon
kind=muon
P:  torch.Size([12, 32])
S torch.Size([12, 12, 32])
P:  torch.Size([1536, 1536])
S torch.Size([96, 1536, 1536])
P:  torch.Size([1536, 6144])
S torch.Size([24, 1536, 6144])
P:  torch.Size([6144, 1536])
S torch.Size([24, 6144, 1536])
step 00668/02088 (31.99%) | loss: 2.999386 | lrm: 1.00 | dt: 14582.64ms | tok/sec: 71,905 | bf16_mfu: 35.95 | epoch: 1 | total time: 160.09m | eta: 345.5m
kind=muon
kind=muon
kind=muon
kind=muon
P:  torch.Size([12, 32])
S torch.Size([12, 12, 32])
P:  torch.Size([1536, 1536])
S torch.Size([96, 1536, 1536])
P:  torch.Size([1536, 6144])
S torch.Size([24, 1536, 6144])
P:  torch.Size([6144, 1536])
S torch.Size([24, 6144, 1536])
step 00669/02088 (32.04%) | loss: 2.998316 | lrm: 1.00 | dt: 14582.66ms | tok/sec: 71,905 | bf16_mfu: 35.95 | epoch: 1 | total time: 160.34m | eta: 345.2m
kind=muon
kind=muon
kind=muon
kind=muon
P:  torch.Size([12, 32])
S torch.Size([12, 12, 32])
P:  torch.Size([1536, 1536])
S torch.Size([96, 1536, 1536])
P:  torch.Size([1536, 6144])
S torch.Size([24, 1536, 6144])
P:  torch.Size([6144, 1536])
S torch.Size([24, 6144, 1536])
step 00670/02088 (32.09%) | loss: 2.995088 | lrm: 1.00 | dt: 14579.52ms | tok/sec: 71,921 | bf16_mfu: 35.96 | epoch: 1 | total time: 160.58m | eta: 345.0m
kind=muon
kind=muon
kind=muon
kind=muon
P:  torch.Size([12, 32])
S torch.Size([12, 12, 32])
P:  torch.Size([1536, 1536])
S torch.Size([96, 1536, 1536])
P:  torch.Size([1536, 6144])
S torch.Size([24, 1536, 6144])
P:  torch.Size([6144, 1536])
S torch.Size([24, 6144, 1536])
step 00671/02088 (32.14%) | loss: 2.983673 | lrm: 1.00 | dt: 14577.56ms | tok/sec: 71,930 | bf16_mfu: 35.97 | epoch: 1 | total time: 160.82m | eta: 344.8m
kind=muon
kind=muon
kind=muon
kind=muon
P:  torch.Size([12, 32])
S torch.Size([12, 12, 32])
P:  torch.Size([1536, 1536])
S torch.Size([96, 1536, 1536])
P:  torch.Size([1536, 6144])
S torch.Size([24, 1536, 6144])
P:  torch.Size([6144, 1536])
S torch.Size([24, 6144, 1536])
step 00672/02088 (32.18%) | loss: 2.982162 | lrm: 1.00 | dt: 14586.27ms | tok/sec: 71,887 | bf16_mfu: 35.94 | epoch: 1 | total time: 161.07m | eta: 344.5m
kind=muon
kind=muon
kind=muon
kind=muon
P:  torch.Size([12, 32])
S torch.Size([12, 12, 32])
P:  torch.Size([1536, 1536])
S torch.Size([96, 1536, 1536])
P:  torch.Size([1536, 6144])
S torch.Size([24, 1536, 6144])
P:  torch.Size([6144, 1536])
S torch.Size([24, 6144, 1536])
step 00673/02088 (32.23%) | loss: 2.972330 | lrm: 1.00 | dt: 14585.37ms | tok/sec: 71,892 | bf16_mfu: 35.95 | epoch: 1 | total time: 161.31m | eta: 344.3m
kind=muon
kind=muon
kind=muon
kind=muon
P:  torch.Size([12, 32])
S torch.Size([12, 12, 32])
P:  torch.Size([1536, 1536])
S torch.Size([96, 1536, 1536])
P:  torch.Size([1536, 6144])
S torch.Size([24, 1536, 6144])
P:  torch.Size([6144, 1536])
S torch.Size([24, 6144, 1536])
step 00674/02088 (32.28%) | loss: 2.979215 | lrm: 1.00 | dt: 14584.31ms | tok/sec: 71,897 | bf16_mfu: 35.95 | epoch: 1 | total time: 161.55m | eta: 344.0m
kind=muon
kind=muon
kind=muon
kind=muon
P:  torch.Size([12, 32])
S torch.Size([12, 12, 32])
P:  torch.Size([1536, 1536])
S torch.Size([96, 1536, 1536])
P:  torch.Size([1536, 6144])
S torch.Size([24, 1536, 6144])
P:  torch.Size([6144, 1536])
S torch.Size([24, 6144, 1536])
step 00675/02088 (32.33%) | loss: 2.981720 | lrm: 1.00 | dt: 14581.37ms | tok/sec: 71,912 | bf16_mfu: 35.96 | epoch: 1 | total time: 161.79m | eta: 343.8m
kind=muon
kind=muon
kind=muon
kind=muon
P:  torch.Size([12, 32])
S torch.Size([12, 12, 32])
P:  torch.Size([1536, 1536])
S torch.Size([96, 1536, 1536])
P:  torch.Size([1536, 6144])
S torch.Size([24, 1536, 6144])
P:  torch.Size([6144, 1536])
S torch.Size([24, 6144, 1536])
step 00676/02088 (32.38%) | loss: 2.984018 | lrm: 1.00 | dt: 14584.73ms | tok/sec: 71,895 | bf16_mfu: 35.95 | epoch: 1 | total time: 162.04m | eta: 343.5m
kind=muon
kind=muon
kind=muon
kind=muon
P:  torch.Size([12, 32])
S torch.Size([12, 12, 32])
P:  torch.Size([1536, 1536])
S torch.Size([96, 1536, 1536])
P:  torch.Size([1536, 6144])
S torch.Size([24, 1536, 6144])
P:  torch.Size([6144, 1536])
S torch.Size([24, 6144, 1536])
step 00677/02088 (32.42%) | loss: 2.990796 | lrm: 1.00 | dt: 14587.15ms | tok/sec: 71,883 | bf16_mfu: 35.94 | epoch: 1 | total time: 162.28m | eta: 343.3m
kind=muon
kind=muon
kind=muon
kind=muon
P:  torch.Size([12, 32])
S torch.Size([12, 12, 32])
P:  torch.Size([1536, 1536])
S torch.Size([96, 1536, 1536])
P:  torch.Size([1536, 6144])
S torch.Size([24, 1536, 6144])
P:  torch.Size([6144, 1536])
S torch.Size([24, 6144, 1536])
step 00678/02088 (32.47%) | loss: 2.998517 | lrm: 1.00 | dt: 14586.75ms | tok/sec: 71,885 | bf16_mfu: 35.94 | epoch: 1 | total time: 162.52m | eta: 343.1m
kind=muon
kind=muon
kind=muon
kind=muon
P:  torch.Size([12, 32])
S torch.Size([12, 12, 32])
P:  torch.Size([1536, 1536])
S torch.Size([96, 1536, 1536])
P:  torch.Size([1536, 6144])
S torch.Size([24, 1536, 6144])
P:  torch.Size([6144, 1536])
S torch.Size([24, 6144, 1536])
step 00679/02088 (32.52%) | loss: 2.999876 | lrm: 1.00 | dt: 14582.77ms | tok/sec: 71,905 | bf16_mfu: 35.95 | epoch: 1 | total time: 162.77m | eta: 342.8m
kind=muon
kind=muon
kind=muon
kind=muon
P:  torch.Size([12, 32])
S torch.Size([12, 12, 32])
P:  torch.Size([1536, 1536])
S torch.Size([96, 1536, 1536])
P:  torch.Size([1536, 6144])
S torch.Size([24, 1536, 6144])
P:  torch.Size([6144, 1536])
S torch.Size([24, 6144, 1536])
step 00680/02088 (32.57%) | loss: 2.996103 | lrm: 1.00 | dt: 14583.52ms | tok/sec: 71,901 | bf16_mfu: 35.95 | epoch: 1 | total time: 163.01m | eta: 342.6m
kind=muon
kind=muon
kind=muon
kind=muon
P:  torch.Size([12, 32])
S torch.Size([12, 12, 32])
P:  torch.Size([1536, 1536])
S torch.Size([96, 1536, 1536])
P:  torch.Size([1536, 6144])
S torch.Size([24, 1536, 6144])
P:  torch.Size([6144, 1536])
S torch.Size([24, 6144, 1536])
step 00681/02088 (32.61%) | loss: 2.998478 | lrm: 1.00 | dt: 14592.09ms | tok/sec: 71,859 | bf16_mfu: 35.93 | epoch: 1 | total time: 163.25m | eta: 342.3m
kind=muon
kind=muon
kind=muon
kind=muon
P:  torch.Size([12, 32])
S torch.Size([12, 12, 32])
P:  torch.Size([1536, 1536])
S torch.Size([96, 1536, 1536])
P:  torch.Size([1536, 6144])
S torch.Size([24, 1536, 6144])
P:  torch.Size([6144, 1536])
S torch.Size([24, 6144, 1536])
step 00682/02088 (32.66%) | loss: 3.004873 | lrm: 1.00 | dt: 14582.75ms | tok/sec: 71,905 | bf16_mfu: 35.95 | epoch: 1 | total time: 163.50m | eta: 342.1m
kind=muon
kind=muon
kind=muon
kind=muon
P:  torch.Size([12, 32])
S torch.Size([12, 12, 32])
P:  torch.Size([1536, 1536])
S torch.Size([96, 1536, 1536])
P:  torch.Size([1536, 6144])
S torch.Size([24, 1536, 6144])
P:  torch.Size([6144, 1536])
S torch.Size([24, 6144, 1536])
step 00683/02088 (32.71%) | loss: 3.015651 | lrm: 1.00 | dt: 14582.20ms | tok/sec: 71,907 | bf16_mfu: 35.95 | epoch: 1 | total time: 163.74m | eta: 341.8m
kind=muon
kind=muon
kind=muon
kind=muon
P:  torch.Size([12, 32])
S torch.Size([12, 12, 32])
P:  torch.Size([1536, 1536])
S torch.Size([96, 1536, 1536])
P:  torch.Size([1536, 6144])
S torch.Size([24, 1536, 6144])
P:  torch.Size([6144, 1536])
S torch.Size([24, 6144, 1536])
step 00684/02088 (32.76%) | loss: 3.006703 | lrm: 1.00 | dt: 14575.92ms | tok/sec: 71,938 | bf16_mfu: 35.97 | epoch: 1 | total time: 163.98m | eta: 341.6m
kind=muon
kind=muon
kind=muon
kind=muon
P:  torch.Size([12, 32])
S torch.Size([12, 12, 32])
P:  torch.Size([1536, 1536])
S torch.Size([96, 1536, 1536])
P:  torch.Size([1536, 6144])
S torch.Size([24, 1536, 6144])
P:  torch.Size([6144, 1536])
S torch.Size([24, 6144, 1536])
step 00685/02088 (32.81%) | loss: 3.003837 | lrm: 1.00 | dt: 14584.97ms | tok/sec: 71,894 | bf16_mfu: 35.95 | epoch: 1 | total time: 164.23m | eta: 341.3m
kind=muon
kind=muon
kind=muon
kind=muon
P:  torch.Size([12, 32])
S torch.Size([12, 12, 32])
P:  torch.Size([1536, 1536])
S torch.Size([96, 1536, 1536])
P:  torch.Size([1536, 6144])
S torch.Size([24, 1536, 6144])
P:  torch.Size([6144, 1536])
S torch.Size([24, 6144, 1536])
step 00686/02088 (32.85%) | loss: 2.999680 | lrm: 1.00 | dt: 14584.95ms | tok/sec: 71,894 | bf16_mfu: 35.95 | epoch: 1 | total time: 164.47m | eta: 341.1m
kind=muon
kind=muon
kind=muon
kind=muon
P:  torch.Size([12, 32])
S torch.Size([12, 12, 32])
P:  torch.Size([1536, 1536])
S torch.Size([96, 1536, 1536])
P:  torch.Size([1536, 6144])
S torch.Size([24, 1536, 6144])
P:  torch.Size([6144, 1536])
S torch.Size([24, 6144, 1536])
step 00687/02088 (32.90%) | loss: 3.001246 | lrm: 1.00 | dt: 14582.11ms | tok/sec: 71,908 | bf16_mfu: 35.96 | epoch: 1 | total time: 164.71m | eta: 340.9m
kind=muon
kind=muon
kind=muon
kind=muon
P:  torch.Size([12, 32])
S torch.Size([12, 12, 32])
P:  torch.Size([1536, 1536])
S torch.Size([96, 1536, 1536])
P:  torch.Size([1536, 6144])
S torch.Size([24, 1536, 6144])
P:  torch.Size([6144, 1536])
S torch.Size([24, 6144, 1536])
step 00688/02088 (32.95%) | loss: 3.012969 | lrm: 1.00 | dt: 14584.09ms | tok/sec: 71,898 | bf16_mfu: 35.95 | epoch: 1 | total time: 164.95m | eta: 340.6m
kind=muon
kind=muon
kind=muon
kind=muon
P:  torch.Size([12, 32])
S torch.Size([12, 12, 32])
P:  torch.Size([1536, 1536])
S torch.Size([96, 1536, 1536])
P:  torch.Size([1536, 6144])
S torch.Size([24, 1536, 6144])
P:  torch.Size([6144, 1536])
S torch.Size([24, 6144, 1536])
step 00689/02088 (33.00%) | loss: 3.008170 | lrm: 1.00 | dt: 14578.74ms | tok/sec: 71,925 | bf16_mfu: 35.96 | epoch: 1 | total time: 165.20m | eta: 340.4m
kind=muon
kind=muon
kind=muon
kind=muon
P:  torch.Size([12, 32])
S torch.Size([12, 12, 32])
P:  torch.Size([1536, 1536])
S torch.Size([96, 1536, 1536])
P:  torch.Size([1536, 6144])
S torch.Size([24, 1536, 6144])
P:  torch.Size([6144, 1536])
S torch.Size([24, 6144, 1536])
step 00690/02088 (33.05%) | loss: 3.004697 | lrm: 1.00 | dt: 14583.31ms | tok/sec: 71,902 | bf16_mfu: 35.95 | epoch: 1 | total time: 165.44m | eta: 340.1m
kind=muon
kind=muon
kind=muon
kind=muon
P:  torch.Size([12, 32])
S torch.Size([12, 12, 32])
P:  torch.Size([1536, 1536])
S torch.Size([96, 1536, 1536])
P:  torch.Size([1536, 6144])
S torch.Size([24, 1536, 6144])
P:  torch.Size([6144, 1536])
S torch.Size([24, 6144, 1536])
step 00691/02088 (33.09%) | loss: 3.005967 | lrm: 1.00 | dt: 14581.39ms | tok/sec: 71,911 | bf16_mfu: 35.96 | epoch: 1 | total time: 165.68m | eta: 339.9m
kind=muon
kind=muon
kind=muon
kind=muon
P:  torch.Size([12, 32])
S torch.Size([12, 12, 32])
P:  torch.Size([1536, 1536])
S torch.Size([96, 1536, 1536])
P:  torch.Size([1536, 6144])
S torch.Size([24, 1536, 6144])
P:  torch.Size([6144, 1536])
S torch.Size([24, 6144, 1536])
step 00692/02088 (33.14%) | loss: 3.014641 | lrm: 1.00 | dt: 14581.79ms | tok/sec: 71,909 | bf16_mfu: 35.96 | epoch: 1 | total time: 165.93m | eta: 339.6m
kind=muon
kind=muon
kind=muon
kind=muon
P:  torch.Size([12, 32])
S torch.Size([12, 12, 32])
P:  torch.Size([1536, 1536])
S torch.Size([96, 1536, 1536])
P:  torch.Size([1536, 6144])
S torch.Size([24, 1536, 6144])
P:  torch.Size([6144, 1536])
S torch.Size([24, 6144, 1536])
step 00693/02088 (33.19%) | loss: 3.024809 | lrm: 1.00 | dt: 14578.33ms | tok/sec: 71,927 | bf16_mfu: 35.96 | epoch: 1 | total time: 166.17m | eta: 339.4m
kind=muon
kind=muon
kind=muon
kind=muon
P:  torch.Size([12, 32])
S torch.Size([12, 12, 32])
P:  torch.Size([1536, 1536])
S torch.Size([96, 1536, 1536])
P:  torch.Size([1536, 6144])
S torch.Size([24, 1536, 6144])
P:  torch.Size([6144, 1536])
S torch.Size([24, 6144, 1536])
step 00694/02088 (33.24%) | loss: 3.015950 | lrm: 1.00 | dt: 14584.19ms | tok/sec: 71,898 | bf16_mfu: 35.95 | epoch: 1 | total time: 166.41m | eta: 339.2m
kind=muon
kind=muon
kind=muon
kind=muon
P:  torch.Size([12, 32])
S torch.Size([12, 12, 32])
P:  torch.Size([1536, 1536])
S torch.Size([96, 1536, 1536])
P:  torch.Size([1536, 6144])
S torch.Size([24, 1536, 6144])
P:  torch.Size([6144, 1536])
S torch.Size([24, 6144, 1536])
step 00695/02088 (33.29%) | loss: 3.022647 | lrm: 1.00 | dt: 14577.72ms | tok/sec: 71,930 | bf16_mfu: 35.97 | epoch: 1 | total time: 166.66m | eta: 338.9m
kind=muon
kind=muon
kind=muon
kind=muon
P:  torch.Size([12, 32])
S torch.Size([12, 12, 32])
P:  torch.Size([1536, 1536])
S torch.Size([96, 1536, 1536])
P:  torch.Size([1536, 6144])
S torch.Size([24, 1536, 6144])
P:  torch.Size([6144, 1536])
S torch.Size([24, 6144, 1536])
step 00696/02088 (33.33%) | loss: 3.021882 | lrm: 1.00 | dt: 14576.26ms | tok/sec: 71,937 | bf16_mfu: 35.97 | epoch: 1 | total time: 166.90m | eta: 338.7m
kind=muon
kind=muon
kind=muon
kind=muon
P:  torch.Size([12, 32])
S torch.Size([12, 12, 32])
P:  torch.Size([1536, 1536])
S torch.Size([96, 1536, 1536])
P:  torch.Size([1536, 6144])
S torch.Size([24, 1536, 6144])
P:  torch.Size([6144, 1536])
S torch.Size([24, 6144, 1536])
step 00697/02088 (33.38%) | loss: 3.016406 | lrm: 1.00 | dt: 14581.05ms | tok/sec: 71,913 | bf16_mfu: 35.96 | epoch: 1 | total time: 167.14m | eta: 338.4m
kind=muon
kind=muon
kind=muon
kind=muon
P:  torch.Size([12, 32])
S torch.Size([12, 12, 32])
P:  torch.Size([1536, 1536])
S torch.Size([96, 1536, 1536])
P:  torch.Size([1536, 6144])
S torch.Size([24, 1536, 6144])
P:  torch.Size([6144, 1536])
S torch.Size([24, 6144, 1536])
step 00698/02088 (33.43%) | loss: 3.011669 | lrm: 1.00 | dt: 14588.22ms | tok/sec: 71,878 | bf16_mfu: 35.94 | epoch: 1 | total time: 167.38m | eta: 338.2m
kind=muon
kind=muon
kind=muon
kind=muon
P:  torch.Size([12, 32])
S torch.Size([12, 12, 32])
P:  torch.Size([1536, 1536])
S torch.Size([96, 1536, 1536])
P:  torch.Size([1536, 6144])
S torch.Size([24, 1536, 6144])
P:  torch.Size([6144, 1536])
S torch.Size([24, 6144, 1536])
step 00699/02088 (33.48%) | loss: 3.011557 | lrm: 1.00 | dt: 14586.99ms | tok/sec: 71,884 | bf16_mfu: 35.94 | epoch: 1 | total time: 167.63m | eta: 337.9m
kind=muon
kind=muon
kind=muon
kind=muon
P:  torch.Size([12, 32])
S torch.Size([12, 12, 32])
P:  torch.Size([1536, 1536])
S torch.Size([96, 1536, 1536])
P:  torch.Size([1536, 6144])
S torch.Size([24, 1536, 6144])
P:  torch.Size([6144, 1536])
S torch.Size([24, 6144, 1536])
step 00700/02088 (33.52%) | loss: 3.000239 | lrm: 1.00 | dt: 14584.15ms | tok/sec: 71,898 | bf16_mfu: 35.95 | epoch: 1 | total time: 167.87m | eta: 337.7m
kind=muon
kind=muon
kind=muon
kind=muon
P:  torch.Size([12, 32])
S torch.Size([12, 12, 32])
P:  torch.Size([1536, 1536])
S torch.Size([96, 1536, 1536])
P:  torch.Size([1536, 6144])
S torch.Size([24, 1536, 6144])
P:  torch.Size([6144, 1536])
S torch.Size([24, 6144, 1536])
step 00701/02088 (33.57%) | loss: 3.001036 | lrm: 1.00 | dt: 14576.43ms | tok/sec: 71,936 | bf16_mfu: 35.97 | epoch: 1 | total time: 168.11m | eta: 337.4m
kind=muon
kind=muon
kind=muon
kind=muon
P:  torch.Size([12, 32])
S torch.Size([12, 12, 32])
P:  torch.Size([1536, 1536])
S torch.Size([96, 1536, 1536])
P:  torch.Size([1536, 6144])
S torch.Size([24, 1536, 6144])
P:  torch.Size([6144, 1536])
S torch.Size([24, 6144, 1536])
step 00702/02088 (33.62%) | loss: 3.001307 | lrm: 1.00 | dt: 14585.14ms | tok/sec: 71,893 | bf16_mfu: 35.95 | epoch: 1 | total time: 168.36m | eta: 337.2m
kind=muon
kind=muon
kind=muon
kind=muon
P:  torch.Size([12, 32])
S torch.Size([12, 12, 32])
P:  torch.Size([1536, 1536])
S torch.Size([96, 1536, 1536])
P:  torch.Size([1536, 6144])
S torch.Size([24, 1536, 6144])
P:  torch.Size([6144, 1536])
S torch.Size([24, 6144, 1536])
step 00703/02088 (33.67%) | loss: 2.986856 | lrm: 1.00 | dt: 14579.52ms | tok/sec: 71,921 | bf16_mfu: 35.96 | epoch: 1 | total time: 168.60m | eta: 337.0m
kind=muon
kind=muon
kind=muon
kind=muon
P:  torch.Size([12, 32])
S torch.Size([12, 12, 32])
P:  torch.Size([1536, 1536])
S torch.Size([96, 1536, 1536])
P:  torch.Size([1536, 6144])
S torch.Size([24, 1536, 6144])
P:  torch.Size([6144, 1536])
S torch.Size([24, 6144, 1536])
step 00704/02088 (33.72%) | loss: 3.010020 | lrm: 1.00 | dt: 14578.52ms | tok/sec: 71,926 | bf16_mfu: 35.96 | epoch: 1 | total time: 168.84m | eta: 336.7m
kind=muon
kind=muon
kind=muon
kind=muon
P:  torch.Size([12, 32])
S torch.Size([12, 12, 32])
P:  torch.Size([1536, 1536])
S torch.Size([96, 1536, 1536])
P:  torch.Size([1536, 6144])
S torch.Size([24, 1536, 6144])
P:  torch.Size([6144, 1536])
S torch.Size([24, 6144, 1536])
step 00705/02088 (33.76%) | loss: 3.005197 | lrm: 1.00 | dt: 14580.12ms | tok/sec: 71,918 | bf16_mfu: 35.96 | epoch: 1 | total time: 169.09m | eta: 336.5m
kind=muon
kind=muon
kind=muon
kind=muon
P:  torch.Size([12, 32])
S torch.Size([12, 12, 32])
P:  torch.Size([1536, 1536])
S torch.Size([96, 1536, 1536])
P:  torch.Size([1536, 6144])
S torch.Size([24, 1536, 6144])
P:  torch.Size([6144, 1536])
S torch.Size([24, 6144, 1536])
step 00706/02088 (33.81%) | loss: 3.005670 | lrm: 1.00 | dt: 14582.70ms | tok/sec: 71,905 | bf16_mfu: 35.95 | epoch: 1 | total time: 169.33m | eta: 336.2m
kind=muon
kind=muon
kind=muon
kind=muon
P:  torch.Size([12, 32])
S torch.Size([12, 12, 32])
P:  torch.Size([1536, 1536])
S torch.Size([96, 1536, 1536])
P:  torch.Size([1536, 6144])
S torch.Size([24, 1536, 6144])
P:  torch.Size([6144, 1536])
S torch.Size([24, 6144, 1536])
step 00707/02088 (33.86%) | loss: 3.019281 | lrm: 1.00 | dt: 14584.96ms | tok/sec: 71,894 | bf16_mfu: 35.95 | epoch: 1 | total time: 169.57m | eta: 336.0m
kind=muon
kind=muon
kind=muon
kind=muon
P:  torch.Size([12, 32])
S torch.Size([12, 12, 32])
P:  torch.Size([1536, 1536])
S torch.Size([96, 1536, 1536])
P:  torch.Size([1536, 6144])
S torch.Size([24, 1536, 6144])
P:  torch.Size([6144, 1536])
S torch.Size([24, 6144, 1536])
step 00708/02088 (33.91%) | loss: 3.018928 | lrm: 1.00 | dt: 14579.67ms | tok/sec: 71,920 | bf16_mfu: 35.96 | epoch: 1 | total time: 169.81m | eta: 335.7m
kind=muon
kind=muon
kind=muon
kind=muon
P:  torch.Size([12, 32])
S torch.Size([12, 12, 32])
P:  torch.Size([1536, 1536])
S torch.Size([96, 1536, 1536])
P:  torch.Size([1536, 6144])
S torch.Size([24, 1536, 6144])
P:  torch.Size([6144, 1536])
S torch.Size([24, 6144, 1536])
step 00709/02088 (33.96%) | loss: 3.006466 | lrm: 1.00 | dt: 14580.58ms | tok/sec: 71,915 | bf16_mfu: 35.96 | epoch: 1 | total time: 170.06m | eta: 335.5m
kind=muon
kind=muon
kind=muon
kind=muon
P:  torch.Size([12, 32])
S torch.Size([12, 12, 32])
P:  torch.Size([1536, 1536])
S torch.Size([96, 1536, 1536])
P:  torch.Size([1536, 6144])
S torch.Size([24, 1536, 6144])
P:  torch.Size([6144, 1536])
S torch.Size([24, 6144, 1536])
step 00710/02088 (34.00%) | loss: 3.015448 | lrm: 1.00 | dt: 14581.74ms | tok/sec: 71,910 | bf16_mfu: 35.96 | epoch: 1 | total time: 170.30m | eta: 335.2m
kind=muon
kind=muon
kind=muon
kind=muon
P:  torch.Size([12, 32])
S torch.Size([12, 12, 32])
P:  torch.Size([1536, 1536])
S torch.Size([96, 1536, 1536])
P:  torch.Size([1536, 6144])
S torch.Size([24, 1536, 6144])
P:  torch.Size([6144, 1536])
S torch.Size([24, 6144, 1536])
step 00711/02088 (34.05%) | loss: 3.021398 | lrm: 1.00 | dt: 14585.50ms | tok/sec: 71,891 | bf16_mfu: 35.95 | epoch: 1 | total time: 170.54m | eta: 335.0m
kind=muon
kind=muon
kind=muon
kind=muon
P:  torch.Size([12, 32])
S torch.Size([12, 12, 32])
P:  torch.Size([1536, 1536])
S torch.Size([96, 1536, 1536])
P:  torch.Size([1536, 6144])
S torch.Size([24, 1536, 6144])
P:  torch.Size([6144, 1536])
S torch.Size([24, 6144, 1536])
step 00712/02088 (34.10%) | loss: 3.006430 | lrm: 1.00 | dt: 14580.79ms | tok/sec: 71,914 | bf16_mfu: 35.96 | epoch: 1 | total time: 170.79m | eta: 334.8m
kind=muon
kind=muon
kind=muon
kind=muon
P:  torch.Size([12, 32])
S torch.Size([12, 12, 32])
P:  torch.Size([1536, 1536])
S torch.Size([96, 1536, 1536])
P:  torch.Size([1536, 6144])
S torch.Size([24, 1536, 6144])
P:  torch.Size([6144, 1536])
S torch.Size([24, 6144, 1536])
step 00713/02088 (34.15%) | loss: 3.009498 | lrm: 1.00 | dt: 14584.31ms | tok/sec: 71,897 | bf16_mfu: 35.95 | epoch: 1 | total time: 171.03m | eta: 334.5m
kind=muon
kind=muon
kind=muon
kind=muon
P:  torch.Size([12, 32])
S torch.Size([12, 12, 32])
P:  torch.Size([1536, 1536])
S torch.Size([96, 1536, 1536])
P:  torch.Size([1536, 6144])
S torch.Size([24, 1536, 6144])
P:  torch.Size([6144, 1536])
S torch.Size([24, 6144, 1536])
step 00714/02088 (34.20%) | loss: 3.009487 | lrm: 1.00 | dt: 14578.61ms | tok/sec: 71,925 | bf16_mfu: 35.96 | epoch: 1 | total time: 171.27m | eta: 334.3m
kind=muon
kind=muon
kind=muon
kind=muon
P:  torch.Size([12, 32])
S torch.Size([12, 12, 32])
P:  torch.Size([1536, 1536])
S torch.Size([96, 1536, 1536])
P:  torch.Size([1536, 6144])
S torch.Size([24, 1536, 6144])
P:  torch.Size([6144, 1536])
S torch.Size([24, 6144, 1536])
step 00715/02088 (34.24%) | loss: 3.015837 | lrm: 1.00 | dt: 14580.10ms | tok/sec: 71,918 | bf16_mfu: 35.96 | epoch: 1 | total time: 171.52m | eta: 334.0m
kind=muon
kind=muon
kind=muon
kind=muon
P:  torch.Size([12, 32])
S torch.Size([12, 12, 32])
P:  torch.Size([1536, 1536])
S torch.Size([96, 1536, 1536])
P:  torch.Size([1536, 6144])
S torch.Size([24, 1536, 6144])
P:  torch.Size([6144, 1536])
S torch.Size([24, 6144, 1536])
step 00716/02088 (34.29%) | loss: 3.002484 | lrm: 1.00 | dt: 14580.97ms | tok/sec: 71,914 | bf16_mfu: 35.96 | epoch: 1 | total time: 171.76m | eta: 333.8m
kind=muon
kind=muon
kind=muon
kind=muon
P:  torch.Size([12, 32])
S torch.Size([12, 12, 32])
P:  torch.Size([1536, 1536])
S torch.Size([96, 1536, 1536])
P:  torch.Size([1536, 6144])
S torch.Size([24, 1536, 6144])
P:  torch.Size([6144, 1536])
S torch.Size([24, 6144, 1536])
step 00717/02088 (34.34%) | loss: 3.014616 | lrm: 1.00 | dt: 14583.84ms | tok/sec: 71,899 | bf16_mfu: 35.95 | epoch: 1 | total time: 172.00m | eta: 333.5m
kind=muon
kind=muon
kind=muon
kind=muon
P:  torch.Size([12, 32])
S torch.Size([12, 12, 32])
P:  torch.Size([1536, 1536])
S torch.Size([96, 1536, 1536])
P:  torch.Size([1536, 6144])
S torch.Size([24, 1536, 6144])
P:  torch.Size([6144, 1536])
S torch.Size([24, 6144, 1536])
step 00718/02088 (34.39%) | loss: 3.010346 | lrm: 1.00 | dt: 14580.06ms | tok/sec: 71,918 | bf16_mfu: 35.96 | epoch: 1 | total time: 172.25m | eta: 333.3m
kind=muon
kind=muon
kind=muon
kind=muon
P:  torch.Size([12, 32])
S torch.Size([12, 12, 32])
P:  torch.Size([1536, 1536])
S torch.Size([96, 1536, 1536])
P:  torch.Size([1536, 6144])
S torch.Size([24, 1536, 6144])
P:  torch.Size([6144, 1536])
S torch.Size([24, 6144, 1536])
step 00719/02088 (34.43%) | loss: 3.001767 | lrm: 1.00 | dt: 14583.51ms | tok/sec: 71,901 | bf16_mfu: 35.95 | epoch: 1 | total time: 172.49m | eta: 333.1m
kind=muon
kind=muon
kind=muon
kind=muon
P:  torch.Size([12, 32])
S torch.Size([12, 12, 32])
P:  torch.Size([1536, 1536])
S torch.Size([96, 1536, 1536])
P:  torch.Size([1536, 6144])
S torch.Size([24, 1536, 6144])
P:  torch.Size([6144, 1536])
S torch.Size([24, 6144, 1536])
step 00720/02088 (34.48%) | loss: 3.004832 | lrm: 1.00 | dt: 14579.28ms | tok/sec: 71,922 | bf16_mfu: 35.96 | epoch: 1 | total time: 172.73m | eta: 332.8m
kind=muon
kind=muon
kind=muon
kind=muon
P:  torch.Size([12, 32])
S torch.Size([12, 12, 32])
P:  torch.Size([1536, 1536])
S torch.Size([96, 1536, 1536])
P:  torch.Size([1536, 6144])
S torch.Size([24, 1536, 6144])
P:  torch.Size([6144, 1536])
S torch.Size([24, 6144, 1536])
step 00721/02088 (34.53%) | loss: 3.011647 | lrm: 1.00 | dt: 14584.71ms | tok/sec: 71,895 | bf16_mfu: 35.95 | epoch: 1 | total time: 172.97m | eta: 332.6m
kind=muon
kind=muon
kind=muon
kind=muon
P:  torch.Size([12, 32])
S torch.Size([12, 12, 32])
P:  torch.Size([1536, 1536])
S torch.Size([96, 1536, 1536])
P:  torch.Size([1536, 6144])
S torch.Size([24, 1536, 6144])
P:  torch.Size([6144, 1536])
S torch.Size([24, 6144, 1536])
step 00722/02088 (34.58%) | loss: 3.008576 | lrm: 1.00 | dt: 14578.92ms | tok/sec: 71,924 | bf16_mfu: 35.96 | epoch: 1 | total time: 173.22m | eta: 332.3m
kind=muon
kind=muon
kind=muon
kind=muon
P:  torch.Size([12, 32])
S torch.Size([12, 12, 32])
P:  torch.Size([1536, 1536])
S torch.Size([96, 1536, 1536])
P:  torch.Size([1536, 6144])
S torch.Size([24, 1536, 6144])
P:  torch.Size([6144, 1536])
S torch.Size([24, 6144, 1536])
step 00723/02088 (34.63%) | loss: 3.002582 | lrm: 1.00 | dt: 14584.18ms | tok/sec: 71,898 | bf16_mfu: 35.95 | epoch: 1 | total time: 173.46m | eta: 332.1m
kind=muon
kind=muon
kind=muon
kind=muon
P:  torch.Size([12, 32])
S torch.Size([12, 12, 32])
P:  torch.Size([1536, 1536])
S torch.Size([96, 1536, 1536])
P:  torch.Size([1536, 6144])
S torch.Size([24, 1536, 6144])
P:  torch.Size([6144, 1536])
S torch.Size([24, 6144, 1536])
step 00724/02088 (34.67%) | loss: 3.015286 | lrm: 1.00 | dt: 14581.50ms | tok/sec: 71,911 | bf16_mfu: 35.96 | epoch: 1 | total time: 173.70m | eta: 331.8m
kind=muon
kind=muon
kind=muon
kind=muon
P:  torch.Size([12, 32])
S torch.Size([12, 12, 32])
P:  torch.Size([1536, 1536])
S torch.Size([96, 1536, 1536])
P:  torch.Size([1536, 6144])
S torch.Size([24, 1536, 6144])
P:  torch.Size([6144, 1536])
S torch.Size([24, 6144, 1536])
step 00725/02088 (34.72%) | loss: 3.023849 | lrm: 1.00 | dt: 14576.26ms | tok/sec: 71,937 | bf16_mfu: 35.97 | epoch: 1 | total time: 173.95m | eta: 331.6m
kind=muon
kind=muon
kind=muon
kind=muon
P:  torch.Size([12, 32])
S torch.Size([12, 12, 32])
P:  torch.Size([1536, 1536])
S torch.Size([96, 1536, 1536])
P:  torch.Size([1536, 6144])
S torch.Size([24, 1536, 6144])
P:  torch.Size([6144, 1536])
S torch.Size([24, 6144, 1536])
step 00726/02088 (34.77%) | loss: 3.022197 | lrm: 1.00 | dt: 14581.22ms | tok/sec: 71,912 | bf16_mfu: 35.96 | epoch: 1 | total time: 174.19m | eta: 331.3m
kind=muon
kind=muon
kind=muon
kind=muon
P:  torch.Size([12, 32])
S torch.Size([12, 12, 32])
P:  torch.Size([1536, 1536])
S torch.Size([96, 1536, 1536])
P:  torch.Size([1536, 6144])
S torch.Size([24, 1536, 6144])
P:  torch.Size([6144, 1536])
S torch.Size([24, 6144, 1536])
step 00727/02088 (34.82%) | loss: 3.018065 | lrm: 1.00 | dt: 14584.31ms | tok/sec: 71,897 | bf16_mfu: 35.95 | epoch: 1 | total time: 174.43m | eta: 331.1m
kind=muon
kind=muon
kind=muon
kind=muon
P:  torch.Size([12, 32])
S torch.Size([12, 12, 32])
P:  torch.Size([1536, 1536])
S torch.Size([96, 1536, 1536])
P:  torch.Size([1536, 6144])
S torch.Size([24, 1536, 6144])
P:  torch.Size([6144, 1536])
S torch.Size([24, 6144, 1536])
step 00728/02088 (34.87%) | loss: 3.023083 | lrm: 1.00 | dt: 14578.90ms | tok/sec: 71,924 | bf16_mfu: 35.96 | epoch: 1 | total time: 174.68m | eta: 330.9m
kind=muon
kind=muon
kind=muon
kind=muon
P:  torch.Size([12, 32])
S torch.Size([12, 12, 32])
P:  torch.Size([1536, 1536])
S torch.Size([96, 1536, 1536])
P:  torch.Size([1536, 6144])
S torch.Size([24, 1536, 6144])
P:  torch.Size([6144, 1536])
S torch.Size([24, 6144, 1536])
step 00729/02088 (34.91%) | loss: 3.021736 | lrm: 1.00 | dt: 14573.58ms | tok/sec: 71,950 | bf16_mfu: 35.98 | epoch: 1 | total time: 174.92m | eta: 330.6m
kind=muon
kind=muon
kind=muon
kind=muon
P:  torch.Size([12, 32])
S torch.Size([12, 12, 32])
P:  torch.Size([1536, 1536])
S torch.Size([96, 1536, 1536])
P:  torch.Size([1536, 6144])
S torch.Size([24, 1536, 6144])
P:  torch.Size([6144, 1536])
S torch.Size([24, 6144, 1536])
step 00730/02088 (34.96%) | loss: 3.024588 | lrm: 1.00 | dt: 14580.58ms | tok/sec: 71,915 | bf16_mfu: 35.96 | epoch: 1 | total time: 175.16m | eta: 330.4m
kind=muon
kind=muon
kind=muon
kind=muon
P:  torch.Size([12, 32])
S torch.Size([12, 12, 32])
P:  torch.Size([1536, 1536])
S torch.Size([96, 1536, 1536])
P:  torch.Size([1536, 6144])
S torch.Size([24, 1536, 6144])
P:  torch.Size([6144, 1536])
S torch.Size([24, 6144, 1536])
step 00731/02088 (35.01%) | loss: 3.024688 | lrm: 1.00 | dt: 14586.15ms | tok/sec: 71,888 | bf16_mfu: 35.95 | epoch: 1 | total time: 175.40m | eta: 330.1m
kind=muon
kind=muon
kind=muon
kind=muon
P:  torch.Size([12, 32])
S torch.Size([12, 12, 32])
P:  torch.Size([1536, 1536])
S torch.Size([96, 1536, 1536])
P:  torch.Size([1536, 6144])
S torch.Size([24, 1536, 6144])
P:  torch.Size([6144, 1536])
S torch.Size([24, 6144, 1536])
step 00732/02088 (35.06%) | loss: 3.009409 | lrm: 1.00 | dt: 14580.37ms | tok/sec: 71,916 | bf16_mfu: 35.96 | epoch: 1 | total time: 175.65m | eta: 329.9m
kind=muon
kind=muon
kind=muon
kind=muon
P:  torch.Size([12, 32])
S torch.Size([12, 12, 32])
P:  torch.Size([1536, 1536])
S torch.Size([96, 1536, 1536])
P:  torch.Size([1536, 6144])
S torch.Size([24, 1536, 6144])
P:  torch.Size([6144, 1536])
S torch.Size([24, 6144, 1536])
step 00733/02088 (35.11%) | loss: 3.010707 | lrm: 1.00 | dt: 14584.16ms | tok/sec: 71,898 | bf16_mfu: 35.95 | epoch: 1 | total time: 175.89m | eta: 329.6m
kind=muon
kind=muon
kind=muon
kind=muon
P:  torch.Size([12, 32])
S torch.Size([12, 12, 32])
P:  torch.Size([1536, 1536])
S torch.Size([96, 1536, 1536])
P:  torch.Size([1536, 6144])
S torch.Size([24, 1536, 6144])
P:  torch.Size([6144, 1536])
S torch.Size([24, 6144, 1536])
step 00734/02088 (35.15%) | loss: 3.008031 | lrm: 1.00 | dt: 14578.94ms | tok/sec: 71,924 | bf16_mfu: 35.96 | epoch: 1 | total time: 176.13m | eta: 329.4m
kind=muon
kind=muon
kind=muon
kind=muon
P:  torch.Size([12, 32])
S torch.Size([12, 12, 32])
P:  torch.Size([1536, 1536])
S torch.Size([96, 1536, 1536])
P:  torch.Size([1536, 6144])
S torch.Size([24, 1536, 6144])
P:  torch.Size([6144, 1536])
S torch.Size([24, 6144, 1536])
step 00735/02088 (35.20%) | loss: 3.021890 | lrm: 1.00 | dt: 14582.80ms | tok/sec: 71,904 | bf16_mfu: 35.95 | epoch: 1 | total time: 176.38m | eta: 329.2m
kind=muon
kind=muon
kind=muon
kind=muon
P:  torch.Size([12, 32])
S torch.Size([12, 12, 32])
P:  torch.Size([1536, 1536])
S torch.Size([96, 1536, 1536])
P:  torch.Size([1536, 6144])
S torch.Size([24, 1536, 6144])
P:  torch.Size([6144, 1536])
S torch.Size([24, 6144, 1536])
step 00736/02088 (35.25%) | loss: 3.017613 | lrm: 1.00 | dt: 14578.51ms | tok/sec: 71,926 | bf16_mfu: 35.96 | epoch: 1 | total time: 176.62m | eta: 328.9m
kind=muon
kind=muon
kind=muon
kind=muon
P:  torch.Size([12, 32])
S torch.Size([12, 12, 32])
P:  torch.Size([1536, 1536])
S torch.Size([96, 1536, 1536])
P:  torch.Size([1536, 6144])
S torch.Size([24, 1536, 6144])
P:  torch.Size([6144, 1536])
S torch.Size([24, 6144, 1536])
step 00737/02088 (35.30%) | loss: 3.009640 | lrm: 1.00 | dt: 14578.84ms | tok/sec: 71,924 | bf16_mfu: 35.96 | epoch: 1 | total time: 176.86m | eta: 328.7m
kind=muon
kind=muon
kind=muon
kind=muon
P:  torch.Size([12, 32])
S torch.Size([12, 12, 32])
P:  torch.Size([1536, 1536])
S torch.Size([96, 1536, 1536])
P:  torch.Size([1536, 6144])
S torch.Size([24, 1536, 6144])
P:  torch.Size([6144, 1536])
S torch.Size([24, 6144, 1536])
step 00738/02088 (35.34%) | loss: 2.999134 | lrm: 1.00 | dt: 14583.32ms | tok/sec: 71,902 | bf16_mfu: 35.95 | epoch: 1 | total time: 177.11m | eta: 328.4m
kind=muon
kind=muon
kind=muon
kind=muon
P:  torch.Size([12, 32])
S torch.Size([12, 12, 32])
P:  torch.Size([1536, 1536])
S torch.Size([96, 1536, 1536])
P:  torch.Size([1536, 6144])
S torch.Size([24, 1536, 6144])
P:  torch.Size([6144, 1536])
S torch.Size([24, 6144, 1536])
step 00739/02088 (35.39%) | loss: 2.997720 | lrm: 1.00 | dt: 14578.24ms | tok/sec: 71,927 | bf16_mfu: 35.96 | epoch: 1 | total time: 177.35m | eta: 328.2m
kind=muon
kind=muon
kind=muon
kind=muon
P:  torch.Size([12, 32])
S torch.Size([12, 12, 32])
P:  torch.Size([1536, 1536])
S torch.Size([96, 1536, 1536])
P:  torch.Size([1536, 6144])
S torch.Size([24, 1536, 6144])
P:  torch.Size([6144, 1536])
S torch.Size([24, 6144, 1536])
step 00740/02088 (35.44%) | loss: 2.994746 | lrm: 1.00 | dt: 14578.66ms | tok/sec: 71,925 | bf16_mfu: 35.96 | epoch: 1 | total time: 177.59m | eta: 327.9m
kind=muon
kind=muon
kind=muon
kind=muon
P:  torch.Size([12, 32])
S torch.Size([12, 12, 32])
P:  torch.Size([1536, 1536])
S torch.Size([96, 1536, 1536])
P:  torch.Size([1536, 6144])
S torch.Size([24, 1536, 6144])
P:  torch.Size([6144, 1536])
S torch.Size([24, 6144, 1536])
step 00741/02088 (35.49%) | loss: 2.998411 | lrm: 1.00 | dt: 14584.52ms | tok/sec: 71,896 | bf16_mfu: 35.95 | epoch: 1 | total time: 177.83m | eta: 327.7m
kind=muon
kind=muon
kind=muon
kind=muon
P:  torch.Size([12, 32])
S torch.Size([12, 12, 32])
P:  torch.Size([1536, 1536])
S torch.Size([96, 1536, 1536])
P:  torch.Size([1536, 6144])
S torch.Size([24, 1536, 6144])
P:  torch.Size([6144, 1536])
S torch.Size([24, 6144, 1536])
step 00742/02088 (35.54%) | loss: 2.998215 | lrm: 1.00 | dt: 14579.73ms | tok/sec: 71,920 | bf16_mfu: 35.96 | epoch: 1 | total time: 178.08m | eta: 327.4m
kind=muon
kind=muon
kind=muon
kind=muon
P:  torch.Size([12, 32])
S torch.Size([12, 12, 32])
P:  torch.Size([1536, 1536])
S torch.Size([96, 1536, 1536])
P:  torch.Size([1536, 6144])
S torch.Size([24, 1536, 6144])
P:  torch.Size([6144, 1536])
S torch.Size([24, 6144, 1536])
step 00743/02088 (35.58%) | loss: 2.997202 | lrm: 1.00 | dt: 14583.15ms | tok/sec: 71,903 | bf16_mfu: 35.95 | epoch: 1 | total time: 178.32m | eta: 327.2m
kind=muon
kind=muon
kind=muon
kind=muon
P:  torch.Size([12, 32])
S torch.Size([12, 12, 32])
P:  torch.Size([1536, 1536])
S torch.Size([96, 1536, 1536])
P:  torch.Size([1536, 6144])
S torch.Size([24, 1536, 6144])
P:  torch.Size([6144, 1536])
S torch.Size([24, 6144, 1536])
step 00744/02088 (35.63%) | loss: 3.007603 | lrm: 1.00 | dt: 14578.17ms | tok/sec: 71,927 | bf16_mfu: 35.96 | epoch: 1 | total time: 178.56m | eta: 327.0m
kind=muon
kind=muon
kind=muon
kind=muon
P:  torch.Size([12, 32])
S torch.Size([12, 12, 32])
P:  torch.Size([1536, 1536])
S torch.Size([96, 1536, 1536])
P:  torch.Size([1536, 6144])
S torch.Size([24, 1536, 6144])
P:  torch.Size([6144, 1536])
S torch.Size([24, 6144, 1536])
step 00745/02088 (35.68%) | loss: 2.985832 | lrm: 1.00 | dt: 14585.95ms | tok/sec: 71,889 | bf16_mfu: 35.95 | epoch: 1 | total time: 178.81m | eta: 326.7m
kind=muon
kind=muon
kind=muon
kind=muon
P:  torch.Size([12, 32])
S torch.Size([12, 12, 32])
P:  torch.Size([1536, 1536])
S torch.Size([96, 1536, 1536])
P:  torch.Size([1536, 6144])
S torch.Size([24, 1536, 6144])
P:  torch.Size([6144, 1536])
S torch.Size([24, 6144, 1536])
step 00746/02088 (35.73%) | loss: 2.984527 | lrm: 1.00 | dt: 14579.85ms | tok/sec: 71,919 | bf16_mfu: 35.96 | epoch: 1 | total time: 179.05m | eta: 326.5m
kind=muon
kind=muon
kind=muon
kind=muon
P:  torch.Size([12, 32])
S torch.Size([12, 12, 32])
P:  torch.Size([1536, 1536])
S torch.Size([96, 1536, 1536])
P:  torch.Size([1536, 6144])
S torch.Size([24, 1536, 6144])
P:  torch.Size([6144, 1536])
S torch.Size([24, 6144, 1536])
step 00747/02088 (35.78%) | loss: 2.980265 | lrm: 1.00 | dt: 14584.89ms | tok/sec: 71,894 | bf16_mfu: 35.95 | epoch: 1 | total time: 179.29m | eta: 326.2m
kind=muon
kind=muon
kind=muon
kind=muon
P:  torch.Size([12, 32])
S torch.Size([12, 12, 32])
P:  torch.Size([1536, 1536])
S torch.Size([96, 1536, 1536])
P:  torch.Size([1536, 6144])
S torch.Size([24, 1536, 6144])
P:  torch.Size([6144, 1536])
S torch.Size([24, 6144, 1536])
step 00748/02088 (35.82%) | loss: 2.968581 | lrm: 1.00 | dt: 14582.25ms | tok/sec: 71,907 | bf16_mfu: 35.95 | epoch: 1 | total time: 179.54m | eta: 326.0m
kind=muon
kind=muon
kind=muon
kind=muon
P:  torch.Size([12, 32])
S torch.Size([12, 12, 32])
P:  torch.Size([1536, 1536])
S torch.Size([96, 1536, 1536])
P:  torch.Size([1536, 6144])
S torch.Size([24, 1536, 6144])
P:  torch.Size([6144, 1536])
S torch.Size([24, 6144, 1536])
step 00749/02088 (35.87%) | loss: 2.961230 | lrm: 1.00 | dt: 14579.22ms | tok/sec: 71,922 | bf16_mfu: 35.96 | epoch: 1 | total time: 179.78m | eta: 325.7m
Step 00750 | Validation bpb: 0.913321
kind=muon
kind=muon
kind=muon
kind=muon
P:  torch.Size([12, 32])
S torch.Size([12, 12, 32])
P:  torch.Size([1536, 1536])
S torch.Size([96, 1536, 1536])
P:  torch.Size([1536, 6144])
S torch.Size([24, 1536, 6144])
P:  torch.Size([6144, 1536])
S torch.Size([24, 6144, 1536])
step 00750/02088 (35.92%) | loss: 2.972577 | lrm: 1.00 | dt: 14576.14ms | tok/sec: 71,937 | bf16_mfu: 35.97 | epoch: 1 | total time: 180.02m | eta: 325.5m
kind=muon
kind=muon
kind=muon
kind=muon
P:  torch.Size([12, 32])
S torch.Size([12, 12, 32])
P:  torch.Size([1536, 1536])
S torch.Size([96, 1536, 1536])
P:  torch.Size([1536, 6144])
S torch.Size([24, 1536, 6144])
P:  torch.Size([6144, 1536])
S torch.Size([24, 6144, 1536])
step 00751/02088 (35.97%) | loss: 2.965295 | lrm: 1.00 | dt: 14573.91ms | tok/sec: 71,948 | bf16_mfu: 35.98 | epoch: 1 | total time: 180.26m | eta: 325.3m
kind=muon
kind=muon
kind=muon
kind=muon
P:  torch.Size([12, 32])
S torch.Size([12, 12, 32])
P:  torch.Size([1536, 1536])
S torch.Size([96, 1536, 1536])
P:  torch.Size([1536, 6144])
S torch.Size([24, 1536, 6144])
P:  torch.Size([6144, 1536])
S torch.Size([24, 6144, 1536])
step 00752/02088 (36.02%) | loss: 2.979567 | lrm: 1.00 | dt: 14572.59ms | tok/sec: 71,955 | bf16_mfu: 35.98 | epoch: 1 | total time: 180.51m | eta: 325.0m
kind=muon
kind=muon
kind=muon
kind=muon
P:  torch.Size([12, 32])
S torch.Size([12, 12, 32])
P:  torch.Size([1536, 1536])
S torch.Size([96, 1536, 1536])
P:  torch.Size([1536, 6144])
S torch.Size([24, 1536, 6144])
P:  torch.Size([6144, 1536])
S torch.Size([24, 6144, 1536])
step 00753/02088 (36.06%) | loss: 2.977796 | lrm: 1.00 | dt: 14579.39ms | tok/sec: 71,921 | bf16_mfu: 35.96 | epoch: 1 | total time: 180.75m | eta: 324.8m
kind=muon
kind=muon
kind=muon
kind=muon
P:  torch.Size([12, 32])
S torch.Size([12, 12, 32])
P:  torch.Size([1536, 1536])
S torch.Size([96, 1536, 1536])
P:  torch.Size([1536, 6144])
S torch.Size([24, 1536, 6144])
P:  torch.Size([6144, 1536])
S torch.Size([24, 6144, 1536])
step 00754/02088 (36.11%) | loss: 2.978274 | lrm: 1.00 | dt: 14588.70ms | tok/sec: 71,875 | bf16_mfu: 35.94 | epoch: 1 | total time: 180.99m | eta: 324.5m
kind=muon
kind=muon
kind=muon
kind=muon
P:  torch.Size([12, 32])
S torch.Size([12, 12, 32])
P:  torch.Size([1536, 1536])
S torch.Size([96, 1536, 1536])
P:  torch.Size([1536, 6144])
S torch.Size([24, 1536, 6144])
P:  torch.Size([6144, 1536])
S torch.Size([24, 6144, 1536])
step 00755/02088 (36.16%) | loss: 2.992317 | lrm: 1.00 | dt: 14578.50ms | tok/sec: 71,926 | bf16_mfu: 35.96 | epoch: 1 | total time: 181.24m | eta: 324.3m
kind=muon
kind=muon
kind=muon
kind=muon
P:  torch.Size([12, 32])
S torch.Size([12, 12, 32])
P:  torch.Size([1536, 1536])
S torch.Size([96, 1536, 1536])
P:  torch.Size([1536, 6144])
S torch.Size([24, 1536, 6144])
P:  torch.Size([6144, 1536])
S torch.Size([24, 6144, 1536])
step 00756/02088 (36.21%) | loss: 2.994583 | lrm: 1.00 | dt: 14580.56ms | tok/sec: 71,916 | bf16_mfu: 35.96 | epoch: 1 | total time: 181.48m | eta: 324.0m
kind=muon
kind=muon
kind=muon
kind=muon
P:  torch.Size([12, 32])
S torch.Size([12, 12, 32])
P:  torch.Size([1536, 1536])
S torch.Size([96, 1536, 1536])
P:  torch.Size([1536, 6144])
S torch.Size([24, 1536, 6144])
P:  torch.Size([6144, 1536])
S torch.Size([24, 6144, 1536])
step 00757/02088 (36.25%) | loss: 3.004508 | lrm: 1.00 | dt: 14585.44ms | tok/sec: 71,891 | bf16_mfu: 35.95 | epoch: 1 | total time: 181.72m | eta: 323.8m
kind=muon
kind=muon
kind=muon
kind=muon
P:  torch.Size([12, 32])
S torch.Size([12, 12, 32])
P:  torch.Size([1536, 1536])
S torch.Size([96, 1536, 1536])
P:  torch.Size([1536, 6144])
S torch.Size([24, 1536, 6144])
P:  torch.Size([6144, 1536])
S torch.Size([24, 6144, 1536])
step 00758/02088 (36.30%) | loss: 3.001922 | lrm: 1.00 | dt: 14578.35ms | tok/sec: 71,926 | bf16_mfu: 35.96 | epoch: 1 | total time: 181.97m | eta: 323.5m
kind=muon
kind=muon
kind=muon
kind=muon
P:  torch.Size([12, 32])
S torch.Size([12, 12, 32])
P:  torch.Size([1536, 1536])
S torch.Size([96, 1536, 1536])
P:  torch.Size([1536, 6144])
S torch.Size([24, 1536, 6144])
P:  torch.Size([6144, 1536])
S torch.Size([24, 6144, 1536])
step 00759/02088 (36.35%) | loss: 3.002238 | lrm: 1.00 | dt: 14575.89ms | tok/sec: 71,939 | bf16_mfu: 35.97 | epoch: 1 | total time: 182.21m | eta: 323.3m
kind=muon
kind=muon
kind=muon
kind=muon
P:  torch.Size([12, 32])
S torch.Size([12, 12, 32])
P:  torch.Size([1536, 1536])
S torch.Size([96, 1536, 1536])
P:  torch.Size([1536, 6144])
S torch.Size([24, 1536, 6144])
P:  torch.Size([6144, 1536])
S torch.Size([24, 6144, 1536])
step 00760/02088 (36.40%) | loss: 2.998902 | lrm: 1.00 | dt: 14578.07ms | tok/sec: 71,928 | bf16_mfu: 35.96 | epoch: 1 | total time: 182.45m | eta: 323.1m
kind=muon
kind=muon
kind=muon
kind=muon
P:  torch.Size([12, 32])
S torch.Size([12, 12, 32])
P:  torch.Size([1536, 1536])
S torch.Size([96, 1536, 1536])
P:  torch.Size([1536, 6144])
S torch.Size([24, 1536, 6144])
P:  torch.Size([6144, 1536])
S torch.Size([24, 6144, 1536])
step 00761/02088 (36.45%) | loss: 3.007242 | lrm: 1.00 | dt: 14578.82ms | tok/sec: 71,924 | bf16_mfu: 35.96 | epoch: 1 | total time: 182.69m | eta: 322.8m
kind=muon
kind=muon
kind=muon
kind=muon
P:  torch.Size([12, 32])
S torch.Size([12, 12, 32])
P:  torch.Size([1536, 1536])
S torch.Size([96, 1536, 1536])
P:  torch.Size([1536, 6144])
S torch.Size([24, 1536, 6144])
P:  torch.Size([6144, 1536])
S torch.Size([24, 6144, 1536])
step 00762/02088 (36.49%) | loss: 3.019357 | lrm: 1.00 | dt: 14576.65ms | tok/sec: 71,935 | bf16_mfu: 35.97 | epoch: 1 | total time: 182.94m | eta: 322.6m
kind=muon
kind=muon
kind=muon
kind=muon
P:  torch.Size([12, 32])
S torch.Size([12, 12, 32])
P:  torch.Size([1536, 1536])
S torch.Size([96, 1536, 1536])
P:  torch.Size([1536, 6144])
S torch.Size([24, 1536, 6144])
P:  torch.Size([6144, 1536])
S torch.Size([24, 6144, 1536])
step 00763/02088 (36.54%) | loss: 3.016926 | lrm: 1.00 | dt: 14581.90ms | tok/sec: 71,909 | bf16_mfu: 35.96 | epoch: 1 | total time: 183.18m | eta: 322.3m
kind=muon
kind=muon
kind=muon
kind=muon
P:  torch.Size([12, 32])
S torch.Size([12, 12, 32])
P:  torch.Size([1536, 1536])
S torch.Size([96, 1536, 1536])
P:  torch.Size([1536, 6144])
S torch.Size([24, 1536, 6144])
P:  torch.Size([6144, 1536])
S torch.Size([24, 6144, 1536])
step 00764/02088 (36.59%) | loss: 3.024372 | lrm: 1.00 | dt: 14582.19ms | tok/sec: 71,908 | bf16_mfu: 35.95 | epoch: 1 | total time: 183.42m | eta: 322.1m
kind=muon
kind=muon
kind=muon
kind=muon
P:  torch.Size([12, 32])
S torch.Size([12, 12, 32])
P:  torch.Size([1536, 1536])
S torch.Size([96, 1536, 1536])
P:  torch.Size([1536, 6144])
S torch.Size([24, 1536, 6144])
P:  torch.Size([6144, 1536])
S torch.Size([24, 6144, 1536])
step 00765/02088 (36.64%) | loss: 3.015913 | lrm: 1.00 | dt: 14583.18ms | tok/sec: 71,903 | bf16_mfu: 35.95 | epoch: 1 | total time: 183.67m | eta: 321.8m
kind=muon
kind=muon
kind=muon
kind=muon
P:  torch.Size([12, 32])
S torch.Size([12, 12, 32])
P:  torch.Size([1536, 1536])
S torch.Size([96, 1536, 1536])
P:  torch.Size([1536, 6144])
S torch.Size([24, 1536, 6144])
P:  torch.Size([6144, 1536])
S torch.Size([24, 6144, 1536])
step 00766/02088 (36.69%) | loss: 3.014078 | lrm: 1.00 | dt: 14582.53ms | tok/sec: 71,906 | bf16_mfu: 35.95 | epoch: 1 | total time: 183.91m | eta: 321.6m
kind=muon
kind=muon
kind=muon
kind=muon
P:  torch.Size([12, 32])
S torch.Size([12, 12, 32])
P:  torch.Size([1536, 1536])
S torch.Size([96, 1536, 1536])
P:  torch.Size([1536, 6144])
S torch.Size([24, 1536, 6144])
P:  torch.Size([6144, 1536])
S torch.Size([24, 6144, 1536])
step 00767/02088 (36.73%) | loss: 3.029373 | lrm: 1.00 | dt: 14584.63ms | tok/sec: 71,895 | bf16_mfu: 35.95 | epoch: 1 | total time: 184.15m | eta: 321.4m
kind=muon
kind=muon
kind=muon
kind=muon
P:  torch.Size([12, 32])
S torch.Size([12, 12, 32])
P:  torch.Size([1536, 1536])
S torch.Size([96, 1536, 1536])
P:  torch.Size([1536, 6144])
S torch.Size([24, 1536, 6144])
P:  torch.Size([6144, 1536])
S torch.Size([24, 6144, 1536])
step 00768/02088 (36.78%) | loss: 3.033015 | lrm: 1.00 | dt: 14577.55ms | tok/sec: 71,930 | bf16_mfu: 35.97 | epoch: 1 | total time: 184.40m | eta: 321.1m
kind=muon
kind=muon
kind=muon
kind=muon
P:  torch.Size([12, 32])
S torch.Size([12, 12, 32])
P:  torch.Size([1536, 1536])
S torch.Size([96, 1536, 1536])
P:  torch.Size([1536, 6144])
S torch.Size([24, 1536, 6144])
P:  torch.Size([6144, 1536])
S torch.Size([24, 6144, 1536])
step 00769/02088 (36.83%) | loss: 3.015031 | lrm: 1.00 | dt: 14579.23ms | tok/sec: 71,922 | bf16_mfu: 35.96 | epoch: 1 | total time: 184.64m | eta: 320.9m
kind=muon
kind=muon
kind=muon
kind=muon
P:  torch.Size([12, 32])
S torch.Size([12, 12, 32])
P:  torch.Size([1536, 1536])
S torch.Size([96, 1536, 1536])
P:  torch.Size([1536, 6144])
S torch.Size([24, 1536, 6144])
P:  torch.Size([6144, 1536])
S torch.Size([24, 6144, 1536])
step 00770/02088 (36.88%) | loss: 2.998240 | lrm: 1.00 | dt: 14574.51ms | tok/sec: 71,945 | bf16_mfu: 35.97 | epoch: 1 | total time: 184.88m | eta: 320.6m
kind=muon
kind=muon
kind=muon
kind=muon
P:  torch.Size([12, 32])
S torch.Size([12, 12, 32])
P:  torch.Size([1536, 1536])
S torch.Size([96, 1536, 1536])
P:  torch.Size([1536, 6144])
S torch.Size([24, 1536, 6144])
P:  torch.Size([6144, 1536])
S torch.Size([24, 6144, 1536])
step 00771/02088 (36.93%) | loss: 2.996435 | lrm: 1.00 | dt: 14578.94ms | tok/sec: 71,923 | bf16_mfu: 35.96 | epoch: 1 | total time: 185.12m | eta: 320.4m
kind=muon
kind=muon
kind=muon
kind=muon
P:  torch.Size([12, 32])
S torch.Size([12, 12, 32])
P:  torch.Size([1536, 1536])
S torch.Size([96, 1536, 1536])
P:  torch.Size([1536, 6144])
S torch.Size([24, 1536, 6144])
P:  torch.Size([6144, 1536])
S torch.Size([24, 6144, 1536])
step 00772/02088 (36.97%) | loss: 2.980030 | lrm: 1.00 | dt: 14581.70ms | tok/sec: 71,910 | bf16_mfu: 35.96 | epoch: 1 | total time: 185.37m | eta: 320.1m
kind=muon
kind=muon
kind=muon
kind=muon
P:  torch.Size([12, 32])
S torch.Size([12, 12, 32])
P:  torch.Size([1536, 1536])
S torch.Size([96, 1536, 1536])
P:  torch.Size([1536, 6144])
S torch.Size([24, 1536, 6144])
P:  torch.Size([6144, 1536])
S torch.Size([24, 6144, 1536])
step 00773/02088 (37.02%) | loss: 2.977415 | lrm: 1.00 | dt: 14576.23ms | tok/sec: 71,937 | bf16_mfu: 35.97 | epoch: 1 | total time: 185.61m | eta: 319.9m
kind=muon
kind=muon
kind=muon
kind=muon
P:  torch.Size([12, 32])
S torch.Size([12, 12, 32])
P:  torch.Size([1536, 1536])
S torch.Size([96, 1536, 1536])
P:  torch.Size([1536, 6144])
S torch.Size([24, 1536, 6144])
P:  torch.Size([6144, 1536])
S torch.Size([24, 6144, 1536])
step 00774/02088 (37.07%) | loss: 2.969159 | lrm: 1.00 | dt: 14585.21ms | tok/sec: 71,893 | bf16_mfu: 35.95 | epoch: 1 | total time: 185.85m | eta: 319.6m
kind=muon
kind=muon
kind=muon
kind=muon
P:  torch.Size([12, 32])
S torch.Size([12, 12, 32])
P:  torch.Size([1536, 1536])
S torch.Size([96, 1536, 1536])
P:  torch.Size([1536, 6144])
S torch.Size([24, 1536, 6144])
P:  torch.Size([6144, 1536])
S torch.Size([24, 6144, 1536])
step 00775/02088 (37.12%) | loss: 2.966556 | lrm: 1.00 | dt: 14581.59ms | tok/sec: 71,910 | bf16_mfu: 35.96 | epoch: 1 | total time: 186.10m | eta: 319.4m
kind=muon
kind=muon
kind=muon
kind=muon
P:  torch.Size([12, 32])
S torch.Size([12, 12, 32])
P:  torch.Size([1536, 1536])
S torch.Size([96, 1536, 1536])
P:  torch.Size([1536, 6144])
S torch.Size([24, 1536, 6144])
P:  torch.Size([6144, 1536])
S torch.Size([24, 6144, 1536])
step 00776/02088 (37.16%) | loss: 2.966128 | lrm: 1.00 | dt: 14575.85ms | tok/sec: 71,939 | bf16_mfu: 35.97 | epoch: 1 | total time: 186.34m | eta: 319.2m
kind=muon
kind=muon
kind=muon
kind=muon
P:  torch.Size([12, 32])
S torch.Size([12, 12, 32])
P:  torch.Size([1536, 1536])
S torch.Size([96, 1536, 1536])
P:  torch.Size([1536, 6144])
S torch.Size([24, 1536, 6144])
P:  torch.Size([6144, 1536])
S torch.Size([24, 6144, 1536])
step 00777/02088 (37.21%) | loss: 2.971185 | lrm: 1.00 | dt: 14583.62ms | tok/sec: 71,900 | bf16_mfu: 35.95 | epoch: 1 | total time: 186.58m | eta: 318.9m
kind=muon
kind=muon
kind=muon
kind=muon
P:  torch.Size([12, 32])
S torch.Size([12, 12, 32])
P:  torch.Size([1536, 1536])
S torch.Size([96, 1536, 1536])
P:  torch.Size([1536, 6144])
S torch.Size([24, 1536, 6144])
P:  torch.Size([6144, 1536])
S torch.Size([24, 6144, 1536])
step 00778/02088 (37.26%) | loss: 2.969316 | lrm: 1.00 | dt: 14581.44ms | tok/sec: 71,911 | bf16_mfu: 35.96 | epoch: 1 | total time: 186.83m | eta: 318.7m
kind=muon
kind=muon
kind=muon
kind=muon
P:  torch.Size([12, 32])
S torch.Size([12, 12, 32])
P:  torch.Size([1536, 1536])
S torch.Size([96, 1536, 1536])
P:  torch.Size([1536, 6144])
S torch.Size([24, 1536, 6144])
P:  torch.Size([6144, 1536])
S torch.Size([24, 6144, 1536])
step 00779/02088 (37.31%) | loss: 2.967286 | lrm: 1.00 | dt: 14572.38ms | tok/sec: 71,956 | bf16_mfu: 35.98 | epoch: 1 | total time: 187.07m | eta: 318.4m
kind=muon
kind=muon
kind=muon
kind=muon
P:  torch.Size([12, 32])
S torch.Size([12, 12, 32])
P:  torch.Size([1536, 1536])
S torch.Size([96, 1536, 1536])
P:  torch.Size([1536, 6144])
S torch.Size([24, 1536, 6144])
P:  torch.Size([6144, 1536])
S torch.Size([24, 6144, 1536])
step 00780/02088 (37.36%) | loss: 2.959050 | lrm: 1.00 | dt: 14576.38ms | tok/sec: 71,936 | bf16_mfu: 35.97 | epoch: 1 | total time: 187.31m | eta: 318.2m
kind=muon
kind=muon
kind=muon
kind=muon
P:  torch.Size([12, 32])
S torch.Size([12, 12, 32])
P:  torch.Size([1536, 1536])
S torch.Size([96, 1536, 1536])
P:  torch.Size([1536, 6144])
S torch.Size([24, 1536, 6144])
P:  torch.Size([6144, 1536])
S torch.Size([24, 6144, 1536])
step 00781/02088 (37.40%) | loss: 2.959832 | lrm: 1.00 | dt: 14580.47ms | tok/sec: 71,916 | bf16_mfu: 35.96 | epoch: 1 | total time: 187.55m | eta: 317.9m
kind=muon
kind=muon
kind=muon
kind=muon
P:  torch.Size([12, 32])
S torch.Size([12, 12, 32])
P:  torch.Size([1536, 1536])
S torch.Size([96, 1536, 1536])
P:  torch.Size([1536, 6144])
S torch.Size([24, 1536, 6144])
P:  torch.Size([6144, 1536])
S torch.Size([24, 6144, 1536])
step 00782/02088 (37.45%) | loss: 2.973483 | lrm: 1.00 | dt: 14580.11ms | tok/sec: 71,918 | bf16_mfu: 35.96 | epoch: 1 | total time: 187.80m | eta: 317.7m
kind=muon
kind=muon
kind=muon
kind=muon
P:  torch.Size([12, 32])
S torch.Size([12, 12, 32])
P:  torch.Size([1536, 1536])
S torch.Size([96, 1536, 1536])
P:  torch.Size([1536, 6144])
S torch.Size([24, 1536, 6144])
P:  torch.Size([6144, 1536])
S torch.Size([24, 6144, 1536])
step 00783/02088 (37.50%) | loss: 2.985985 | lrm: 1.00 | dt: 14576.30ms | tok/sec: 71,937 | bf16_mfu: 35.97 | epoch: 1 | total time: 188.04m | eta: 317.5m
kind=muon
kind=muon
kind=muon
kind=muon
P:  torch.Size([12, 32])
S torch.Size([12, 12, 32])
P:  torch.Size([1536, 1536])
S torch.Size([96, 1536, 1536])
P:  torch.Size([1536, 6144])
S torch.Size([24, 1536, 6144])
P:  torch.Size([6144, 1536])
S torch.Size([24, 6144, 1536])
step 00784/02088 (37.55%) | loss: 2.974596 | lrm: 1.00 | dt: 14579.67ms | tok/sec: 71,920 | bf16_mfu: 35.96 | epoch: 1 | total time: 188.28m | eta: 317.2m
kind=muon
kind=muon
kind=muon
kind=muon
P:  torch.Size([12, 32])
S torch.Size([12, 12, 32])
P:  torch.Size([1536, 1536])
S torch.Size([96, 1536, 1536])
P:  torch.Size([1536, 6144])
S torch.Size([24, 1536, 6144])
P:  torch.Size([6144, 1536])
S torch.Size([24, 6144, 1536])
step 00785/02088 (37.60%) | loss: 2.979299 | lrm: 1.00 | dt: 14575.44ms | tok/sec: 71,941 | bf16_mfu: 35.97 | epoch: 1 | total time: 188.53m | eta: 317.0m
kind=muon
kind=muon
kind=muon
kind=muon
P:  torch.Size([12, 32])
S torch.Size([12, 12, 32])
P:  torch.Size([1536, 1536])
S torch.Size([96, 1536, 1536])
P:  torch.Size([1536, 6144])
S torch.Size([24, 1536, 6144])
P:  torch.Size([6144, 1536])
S torch.Size([24, 6144, 1536])
step 00786/02088 (37.64%) | loss: 2.980969 | lrm: 1.00 | dt: 14577.74ms | tok/sec: 71,929 | bf16_mfu: 35.97 | epoch: 1 | total time: 188.77m | eta: 316.7m
kind=muon
kind=muon
kind=muon
kind=muon
P:  torch.Size([12, 32])
S torch.Size([12, 12, 32])
P:  torch.Size([1536, 1536])
S torch.Size([96, 1536, 1536])
P:  torch.Size([1536, 6144])
S torch.Size([24, 1536, 6144])
P:  torch.Size([6144, 1536])
S torch.Size([24, 6144, 1536])
step 00787/02088 (37.69%) | loss: 2.985610 | lrm: 1.00 | dt: 14577.57ms | tok/sec: 71,930 | bf16_mfu: 35.97 | epoch: 1 | total time: 189.01m | eta: 316.5m
kind=muon
kind=muon
kind=muon
kind=muon
P:  torch.Size([12, 32])
S torch.Size([12, 12, 32])
P:  torch.Size([1536, 1536])
S torch.Size([96, 1536, 1536])
P:  torch.Size([1536, 6144])
S torch.Size([24, 1536, 6144])
P:  torch.Size([6144, 1536])
S torch.Size([24, 6144, 1536])
step 00788/02088 (37.74%) | loss: 2.984189 | lrm: 1.00 | dt: 14576.55ms | tok/sec: 71,935 | bf16_mfu: 35.97 | epoch: 1 | total time: 189.26m | eta: 316.2m
kind=muon
kind=muon
kind=muon
kind=muon
P:  torch.Size([12, 32])
S torch.Size([12, 12, 32])
P:  torch.Size([1536, 1536])
S torch.Size([96, 1536, 1536])
P:  torch.Size([1536, 6144])
S torch.Size([24, 1536, 6144])
P:  torch.Size([6144, 1536])
S torch.Size([24, 6144, 1536])
step 00789/02088 (37.79%) | loss: 2.987857 | lrm: 1.00 | dt: 14579.50ms | tok/sec: 71,921 | bf16_mfu: 35.96 | epoch: 1 | total time: 189.50m | eta: 316.0m
kind=muon
kind=muon
kind=muon
kind=muon
P:  torch.Size([12, 32])
S torch.Size([12, 12, 32])
P:  torch.Size([1536, 1536])
S torch.Size([96, 1536, 1536])
P:  torch.Size([1536, 6144])
S torch.Size([24, 1536, 6144])
P:  torch.Size([6144, 1536])
S torch.Size([24, 6144, 1536])
step 00790/02088 (37.84%) | loss: 2.982119 | lrm: 1.00 | dt: 14581.62ms | tok/sec: 71,910 | bf16_mfu: 35.96 | epoch: 1 | total time: 189.74m | eta: 315.7m
kind=muon
kind=muon
kind=muon
kind=muon
P:  torch.Size([12, 32])
S torch.Size([12, 12, 32])
P:  torch.Size([1536, 1536])
S torch.Size([96, 1536, 1536])
P:  torch.Size([1536, 6144])
S torch.Size([24, 1536, 6144])
P:  torch.Size([6144, 1536])
S torch.Size([24, 6144, 1536])
step 00791/02088 (37.88%) | loss: 2.975258 | lrm: 1.00 | dt: 14579.97ms | tok/sec: 71,918 | bf16_mfu: 35.96 | epoch: 1 | total time: 189.98m | eta: 315.5m
kind=muon
kind=muon
kind=muon
kind=muon
P:  torch.Size([12, 32])
S torch.Size([12, 12, 32])
P:  torch.Size([1536, 1536])
S torch.Size([96, 1536, 1536])
P:  torch.Size([1536, 6144])
S torch.Size([24, 1536, 6144])
P:  torch.Size([6144, 1536])
S torch.Size([24, 6144, 1536])
step 00792/02088 (37.93%) | loss: 2.975098 | lrm: 1.00 | dt: 14582.57ms | tok/sec: 71,906 | bf16_mfu: 35.95 | epoch: 1 | total time: 190.23m | eta: 315.3m
kind=muon
kind=muon
kind=muon
kind=muon
P:  torch.Size([12, 32])
S torch.Size([12, 12, 32])
P:  torch.Size([1536, 1536])
S torch.Size([96, 1536, 1536])
P:  torch.Size([1536, 6144])
S torch.Size([24, 1536, 6144])
P:  torch.Size([6144, 1536])
S torch.Size([24, 6144, 1536])
step 00793/02088 (37.98%) | loss: 2.979219 | lrm: 1.00 | dt: 14577.71ms | tok/sec: 71,930 | bf16_mfu: 35.97 | epoch: 1 | total time: 190.47m | eta: 315.0m
kind=muon
kind=muon
kind=muon
kind=muon
P:  torch.Size([12, 32])
S torch.Size([12, 12, 32])
P:  torch.Size([1536, 1536])
S torch.Size([96, 1536, 1536])
P:  torch.Size([1536, 6144])
S torch.Size([24, 1536, 6144])
P:  torch.Size([6144, 1536])
S torch.Size([24, 6144, 1536])
step 00794/02088 (38.03%) | loss: 2.993199 | lrm: 1.00 | dt: 14581.46ms | tok/sec: 71,911 | bf16_mfu: 35.96 | epoch: 1 | total time: 190.71m | eta: 314.8m
kind=muon
kind=muon
kind=muon
kind=muon
P:  torch.Size([12, 32])
S torch.Size([12, 12, 32])
P:  torch.Size([1536, 1536])
S torch.Size([96, 1536, 1536])
P:  torch.Size([1536, 6144])
S torch.Size([24, 1536, 6144])
P:  torch.Size([6144, 1536])
S torch.Size([24, 6144, 1536])
step 00795/02088 (38.07%) | loss: 2.997279 | lrm: 1.00 | dt: 14576.95ms | tok/sec: 71,933 | bf16_mfu: 35.97 | epoch: 1 | total time: 190.96m | eta: 314.5m
kind=muon
kind=muon
kind=muon
kind=muon
P:  torch.Size([12, 32])
S torch.Size([12, 12, 32])
P:  torch.Size([1536, 1536])
S torch.Size([96, 1536, 1536])
P:  torch.Size([1536, 6144])
S torch.Size([24, 1536, 6144])
P:  torch.Size([6144, 1536])
S torch.Size([24, 6144, 1536])
step 00796/02088 (38.12%) | loss: 2.992359 | lrm: 1.00 | dt: 14575.91ms | tok/sec: 71,938 | bf16_mfu: 35.97 | epoch: 1 | total time: 191.20m | eta: 314.3m
kind=muon
kind=muon
kind=muon
kind=muon
P:  torch.Size([12, 32])
S torch.Size([12, 12, 32])
P:  torch.Size([1536, 1536])
S torch.Size([96, 1536, 1536])
P:  torch.Size([1536, 6144])
S torch.Size([24, 1536, 6144])
P:  torch.Size([6144, 1536])
S torch.Size([24, 6144, 1536])
step 00797/02088 (38.17%) | loss: 2.983107 | lrm: 1.00 | dt: 14581.61ms | tok/sec: 71,910 | bf16_mfu: 35.96 | epoch: 1 | total time: 191.44m | eta: 314.0m
kind=muon
kind=muon
kind=muon
kind=muon
P:  torch.Size([12, 32])
S torch.Size([12, 12, 32])
P:  torch.Size([1536, 1536])
S torch.Size([96, 1536, 1536])
P:  torch.Size([1536, 6144])
S torch.Size([24, 1536, 6144])
P:  torch.Size([6144, 1536])
S torch.Size([24, 6144, 1536])
step 00798/02088 (38.22%) | loss: 2.992410 | lrm: 1.00 | dt: 14579.07ms | tok/sec: 71,923 | bf16_mfu: 35.96 | epoch: 1 | total time: 191.69m | eta: 313.8m
kind=muon
kind=muon
kind=muon
kind=muon
P:  torch.Size([12, 32])
S torch.Size([12, 12, 32])
P:  torch.Size([1536, 1536])
S torch.Size([96, 1536, 1536])
P:  torch.Size([1536, 6144])
S torch.Size([24, 1536, 6144])
P:  torch.Size([6144, 1536])
S torch.Size([24, 6144, 1536])
step 00799/02088 (38.27%) | loss: 3.001920 | lrm: 1.00 | dt: 14577.16ms | tok/sec: 71,932 | bf16_mfu: 35.97 | epoch: 1 | total time: 191.93m | eta: 313.6m
kind=muon
kind=muon
kind=muon
kind=muon
P:  torch.Size([12, 32])
S torch.Size([12, 12, 32])
P:  torch.Size([1536, 1536])
S torch.Size([96, 1536, 1536])
P:  torch.Size([1536, 6144])
S torch.Size([24, 1536, 6144])
P:  torch.Size([6144, 1536])
S torch.Size([24, 6144, 1536])
step 00800/02088 (38.31%) | loss: 2.993382 | lrm: 1.00 | dt: 14576.91ms | tok/sec: 71,934 | bf16_mfu: 35.97 | epoch: 1 | total time: 192.17m | eta: 313.3m
kind=muon
kind=muon
kind=muon
kind=muon
P:  torch.Size([12, 32])
S torch.Size([12, 12, 32])
P:  torch.Size([1536, 1536])
S torch.Size([96, 1536, 1536])
P:  torch.Size([1536, 6144])
S torch.Size([24, 1536, 6144])
P:  torch.Size([6144, 1536])
S torch.Size([24, 6144, 1536])
step 00801/02088 (38.36%) | loss: 2.983759 | lrm: 1.00 | dt: 14575.89ms | tok/sec: 71,939 | bf16_mfu: 35.97 | epoch: 1 | total time: 192.41m | eta: 313.1m
kind=muon
kind=muon
kind=muon
kind=muon
P:  torch.Size([12, 32])
S torch.Size([12, 12, 32])
P:  torch.Size([1536, 1536])
S torch.Size([96, 1536, 1536])
P:  torch.Size([1536, 6144])
S torch.Size([24, 1536, 6144])
P:  torch.Size([6144, 1536])
S torch.Size([24, 6144, 1536])
step 00802/02088 (38.41%) | loss: 2.978001 | lrm: 1.00 | dt: 14577.29ms | tok/sec: 71,932 | bf16_mfu: 35.97 | epoch: 1 | total time: 192.66m | eta: 312.8m
kind=muon
kind=muon
kind=muon
kind=muon
P:  torch.Size([12, 32])
S torch.Size([12, 12, 32])
P:  torch.Size([1536, 1536])
S torch.Size([96, 1536, 1536])
P:  torch.Size([1536, 6144])
S torch.Size([24, 1536, 6144])
P:  torch.Size([6144, 1536])
S torch.Size([24, 6144, 1536])
step 00803/02088 (38.46%) | loss: 2.982055 | lrm: 1.00 | dt: 14581.40ms | tok/sec: 71,911 | bf16_mfu: 35.96 | epoch: 1 | total time: 192.90m | eta: 312.6m
kind=muon
kind=muon
kind=muon
kind=muon
P:  torch.Size([12, 32])
S torch.Size([12, 12, 32])
P:  torch.Size([1536, 1536])
S torch.Size([96, 1536, 1536])
P:  torch.Size([1536, 6144])
S torch.Size([24, 1536, 6144])
P:  torch.Size([6144, 1536])
S torch.Size([24, 6144, 1536])
step 00804/02088 (38.51%) | loss: 2.998563 | lrm: 1.00 | dt: 14577.52ms | tok/sec: 71,931 | bf16_mfu: 35.97 | epoch: 1 | total time: 193.14m | eta: 312.3m
kind=muon
kind=muon
kind=muon
kind=muon
P:  torch.Size([12, 32])
S torch.Size([12, 12, 32])
P:  torch.Size([1536, 1536])
S torch.Size([96, 1536, 1536])
P:  torch.Size([1536, 6144])
S torch.Size([24, 1536, 6144])
P:  torch.Size([6144, 1536])
S torch.Size([24, 6144, 1536])
step 00805/02088 (38.55%) | loss: 3.002286 | lrm: 1.00 | dt: 14581.06ms | tok/sec: 71,913 | bf16_mfu: 35.96 | epoch: 1 | total time: 193.39m | eta: 312.1m
kind=muon
kind=muon
kind=muon
kind=muon
P:  torch.Size([12, 32])
S torch.Size([12, 12, 32])
P:  torch.Size([1536, 1536])
S torch.Size([96, 1536, 1536])
P:  torch.Size([1536, 6144])
S torch.Size([24, 1536, 6144])
P:  torch.Size([6144, 1536])
S torch.Size([24, 6144, 1536])
step 00806/02088 (38.60%) | loss: 3.002769 | lrm: 1.00 | dt: 14578.27ms | tok/sec: 71,927 | bf16_mfu: 35.96 | epoch: 1 | total time: 193.63m | eta: 311.8m
kind=muon
kind=muon
kind=muon
kind=muon
P:  torch.Size([12, 32])
S torch.Size([12, 12, 32])
P:  torch.Size([1536, 1536])
S torch.Size([96, 1536, 1536])
P:  torch.Size([1536, 6144])
S torch.Size([24, 1536, 6144])
P:  torch.Size([6144, 1536])
S torch.Size([24, 6144, 1536])
step 00807/02088 (38.65%) | loss: 2.996332 | lrm: 1.00 | dt: 14579.45ms | tok/sec: 71,921 | bf16_mfu: 35.96 | epoch: 1 | total time: 193.87m | eta: 311.6m
kind=muon
kind=muon
kind=muon
kind=muon
P:  torch.Size([12, 32])
S torch.Size([12, 12, 32])
P:  torch.Size([1536, 1536])
S torch.Size([96, 1536, 1536])
P:  torch.Size([1536, 6144])
S torch.Size([24, 1536, 6144])
P:  torch.Size([6144, 1536])
S torch.Size([24, 6144, 1536])
step 00808/02088 (38.70%) | loss: 2.992627 | lrm: 1.00 | dt: 14581.24ms | tok/sec: 71,912 | bf16_mfu: 35.96 | epoch: 1 | total time: 194.11m | eta: 311.4m
kind=muon
kind=muon
kind=muon
kind=muon
P:  torch.Size([12, 32])
S torch.Size([12, 12, 32])
P:  torch.Size([1536, 1536])
S torch.Size([96, 1536, 1536])
P:  torch.Size([1536, 6144])
S torch.Size([24, 1536, 6144])
P:  torch.Size([6144, 1536])
S torch.Size([24, 6144, 1536])
step 00809/02088 (38.75%) | loss: 2.976245 | lrm: 1.00 | dt: 14577.00ms | tok/sec: 71,933 | bf16_mfu: 35.97 | epoch: 1 | total time: 194.36m | eta: 311.1m
kind=muon
kind=muon
kind=muon
kind=muon
P:  torch.Size([12, 32])
S torch.Size([12, 12, 32])
P:  torch.Size([1536, 1536])
S torch.Size([96, 1536, 1536])
P:  torch.Size([1536, 6144])
S torch.Size([24, 1536, 6144])
P:  torch.Size([6144, 1536])
S torch.Size([24, 6144, 1536])
step 00810/02088 (38.79%) | loss: 2.983105 | lrm: 1.00 | dt: 14577.57ms | tok/sec: 71,930 | bf16_mfu: 35.97 | epoch: 1 | total time: 194.60m | eta: 310.9m
kind=muon
kind=muon
kind=muon
kind=muon
P:  torch.Size([12, 32])
S torch.Size([12, 12, 32])
P:  torch.Size([1536, 1536])
S torch.Size([96, 1536, 1536])
P:  torch.Size([1536, 6144])
S torch.Size([24, 1536, 6144])
P:  torch.Size([6144, 1536])
S torch.Size([24, 6144, 1536])
step 00811/02088 (38.84%) | loss: 2.986012 | lrm: 1.00 | dt: 14581.97ms | tok/sec: 71,909 | bf16_mfu: 35.96 | epoch: 1 | total time: 194.84m | eta: 310.6m
kind=muon
kind=muon
kind=muon
kind=muon
P:  torch.Size([12, 32])
S torch.Size([12, 12, 32])
P:  torch.Size([1536, 1536])
S torch.Size([96, 1536, 1536])
P:  torch.Size([1536, 6144])
S torch.Size([24, 1536, 6144])
P:  torch.Size([6144, 1536])
S torch.Size([24, 6144, 1536])
step 00812/02088 (38.89%) | loss: 2.981995 | lrm: 1.00 | dt: 14578.34ms | tok/sec: 71,927 | bf16_mfu: 35.96 | epoch: 1 | total time: 195.09m | eta: 310.4m
kind=muon
kind=muon
kind=muon
kind=muon
P:  torch.Size([12, 32])
S torch.Size([12, 12, 32])
P:  torch.Size([1536, 1536])
S torch.Size([96, 1536, 1536])
P:  torch.Size([1536, 6144])
S torch.Size([24, 1536, 6144])
P:  torch.Size([6144, 1536])
S torch.Size([24, 6144, 1536])
step 00813/02088 (38.94%) | loss: 2.967840 | lrm: 1.00 | dt: 14576.34ms | tok/sec: 71,936 | bf16_mfu: 35.97 | epoch: 1 | total time: 195.33m | eta: 310.1m
kind=muon
kind=muon
kind=muon
kind=muon
P:  torch.Size([12, 32])
S torch.Size([12, 12, 32])
P:  torch.Size([1536, 1536])
S torch.Size([96, 1536, 1536])
P:  torch.Size([1536, 6144])
S torch.Size([24, 1536, 6144])
P:  torch.Size([6144, 1536])
S torch.Size([24, 6144, 1536])
step 00814/02088 (38.98%) | loss: 2.947177 | lrm: 1.00 | dt: 14579.83ms | tok/sec: 71,919 | bf16_mfu: 35.96 | epoch: 1 | total time: 195.57m | eta: 309.9m
kind=muon
kind=muon
kind=muon
kind=muon
P:  torch.Size([12, 32])
S torch.Size([12, 12, 32])
P:  torch.Size([1536, 1536])
S torch.Size([96, 1536, 1536])
P:  torch.Size([1536, 6144])
S torch.Size([24, 1536, 6144])
P:  torch.Size([6144, 1536])
S torch.Size([24, 6144, 1536])
step 00815/02088 (39.03%) | loss: 2.948645 | lrm: 1.00 | dt: 14579.11ms | tok/sec: 71,923 | bf16_mfu: 35.96 | epoch: 1 | total time: 195.82m | eta: 309.7m
kind=muon
kind=muon
kind=muon
kind=muon
P:  torch.Size([12, 32])
S torch.Size([12, 12, 32])
P:  torch.Size([1536, 1536])
S torch.Size([96, 1536, 1536])
P:  torch.Size([1536, 6144])
S torch.Size([24, 1536, 6144])
P:  torch.Size([6144, 1536])
S torch.Size([24, 6144, 1536])
step 00816/02088 (39.08%) | loss: 2.952782 | lrm: 1.00 | dt: 14583.11ms | tok/sec: 71,903 | bf16_mfu: 35.95 | epoch: 1 | total time: 196.06m | eta: 309.4m
kind=muon
kind=muon
kind=muon
kind=muon
P:  torch.Size([12, 32])
S torch.Size([12, 12, 32])
P:  torch.Size([1536, 1536])
S torch.Size([96, 1536, 1536])
P:  torch.Size([1536, 6144])
S torch.Size([24, 1536, 6144])
P:  torch.Size([6144, 1536])
S torch.Size([24, 6144, 1536])
step 00817/02088 (39.13%) | loss: 2.958310 | lrm: 1.00 | dt: 14584.72ms | tok/sec: 71,895 | bf16_mfu: 35.95 | epoch: 1 | total time: 196.30m | eta: 309.2m
kind=muon
kind=muon
kind=muon
kind=muon
P:  torch.Size([12, 32])
S torch.Size([12, 12, 32])
P:  torch.Size([1536, 1536])
S torch.Size([96, 1536, 1536])
P:  torch.Size([1536, 6144])
S torch.Size([24, 1536, 6144])
P:  torch.Size([6144, 1536])
S torch.Size([24, 6144, 1536])
step 00818/02088 (39.18%) | loss: 2.975913 | lrm: 1.00 | dt: 14572.75ms | tok/sec: 71,954 | bf16_mfu: 35.98 | epoch: 1 | total time: 196.54m | eta: 308.9m
kind=muon
kind=muon
kind=muon
kind=muon
P:  torch.Size([12, 32])
S torch.Size([12, 12, 32])
P:  torch.Size([1536, 1536])
S torch.Size([96, 1536, 1536])
P:  torch.Size([1536, 6144])
S torch.Size([24, 1536, 6144])
P:  torch.Size([6144, 1536])
S torch.Size([24, 6144, 1536])
step 00819/02088 (39.22%) | loss: 2.980691 | lrm: 1.00 | dt: 14585.32ms | tok/sec: 71,892 | bf16_mfu: 35.95 | epoch: 1 | total time: 196.79m | eta: 308.7m
kind=muon
kind=muon
kind=muon
kind=muon
P:  torch.Size([12, 32])
S torch.Size([12, 12, 32])
P:  torch.Size([1536, 1536])
S torch.Size([96, 1536, 1536])
P:  torch.Size([1536, 6144])
S torch.Size([24, 1536, 6144])
P:  torch.Size([6144, 1536])
S torch.Size([24, 6144, 1536])
step 00820/02088 (39.27%) | loss: 2.998437 | lrm: 1.00 | dt: 14581.97ms | tok/sec: 71,909 | bf16_mfu: 35.96 | epoch: 1 | total time: 197.03m | eta: 308.4m
kind=muon
kind=muon
kind=muon
kind=muon
P:  torch.Size([12, 32])
S torch.Size([12, 12, 32])
P:  torch.Size([1536, 1536])
S torch.Size([96, 1536, 1536])
P:  torch.Size([1536, 6144])
S torch.Size([24, 1536, 6144])
P:  torch.Size([6144, 1536])
S torch.Size([24, 6144, 1536])
step 00821/02088 (39.32%) | loss: 2.989253 | lrm: 1.00 | dt: 14577.91ms | tok/sec: 71,929 | bf16_mfu: 35.97 | epoch: 1 | total time: 197.27m | eta: 308.2m
kind=muon
kind=muon
kind=muon
kind=muon
P:  torch.Size([12, 32])
S torch.Size([12, 12, 32])
P:  torch.Size([1536, 1536])
S torch.Size([96, 1536, 1536])
P:  torch.Size([1536, 6144])
S torch.Size([24, 1536, 6144])
P:  torch.Size([6144, 1536])
S torch.Size([24, 6144, 1536])
step 00822/02088 (39.37%) | loss: 2.996979 | lrm: 1.00 | dt: 14577.05ms | tok/sec: 71,933 | bf16_mfu: 35.97 | epoch: 1 | total time: 197.52m | eta: 308.0m
kind=muon
kind=muon
kind=muon
kind=muon
P:  torch.Size([12, 32])
S torch.Size([12, 12, 32])
P:  torch.Size([1536, 1536])
S torch.Size([96, 1536, 1536])
P:  torch.Size([1536, 6144])
S torch.Size([24, 1536, 6144])
P:  torch.Size([6144, 1536])
S torch.Size([24, 6144, 1536])
step 00823/02088 (39.42%) | loss: 2.987388 | lrm: 1.00 | dt: 14583.09ms | tok/sec: 71,903 | bf16_mfu: 35.95 | epoch: 1 | total time: 197.76m | eta: 307.7m
kind=muon
kind=muon
kind=muon
kind=muon
P:  torch.Size([12, 32])
S torch.Size([12, 12, 32])
P:  torch.Size([1536, 1536])
S torch.Size([96, 1536, 1536])
P:  torch.Size([1536, 6144])
S torch.Size([24, 1536, 6144])
P:  torch.Size([6144, 1536])
S torch.Size([24, 6144, 1536])
step 00824/02088 (39.46%) | loss: 2.990812 | lrm: 1.00 | dt: 14574.39ms | tok/sec: 71,946 | bf16_mfu: 35.97 | epoch: 1 | total time: 198.00m | eta: 307.5m
kind=muon
kind=muon
kind=muon
kind=muon
P:  torch.Size([12, 32])
S torch.Size([12, 12, 32])
P:  torch.Size([1536, 1536])
S torch.Size([96, 1536, 1536])
P:  torch.Size([1536, 6144])
S torch.Size([24, 1536, 6144])
P:  torch.Size([6144, 1536])
S torch.Size([24, 6144, 1536])
step 00825/02088 (39.51%) | loss: 2.986698 | lrm: 1.00 | dt: 14585.29ms | tok/sec: 71,892 | bf16_mfu: 35.95 | epoch: 1 | total time: 198.25m | eta: 307.2m
kind=muon
kind=muon
kind=muon
kind=muon
P:  torch.Size([12, 32])
S torch.Size([12, 12, 32])
P:  torch.Size([1536, 1536])
S torch.Size([96, 1536, 1536])
P:  torch.Size([1536, 6144])
S torch.Size([24, 1536, 6144])
P:  torch.Size([6144, 1536])
S torch.Size([24, 6144, 1536])
step 00826/02088 (39.56%) | loss: 2.982189 | lrm: 1.00 | dt: 14580.43ms | tok/sec: 71,916 | bf16_mfu: 35.96 | epoch: 1 | total time: 198.49m | eta: 307.0m
kind=muon
kind=muon
kind=muon
kind=muon
P:  torch.Size([12, 32])
S torch.Size([12, 12, 32])
P:  torch.Size([1536, 1536])
S torch.Size([96, 1536, 1536])
P:  torch.Size([1536, 6144])
S torch.Size([24, 1536, 6144])
P:  torch.Size([6144, 1536])
S torch.Size([24, 6144, 1536])
step 00827/02088 (39.61%) | loss: 2.982198 | lrm: 1.00 | dt: 14575.28ms | tok/sec: 71,942 | bf16_mfu: 35.97 | epoch: 1 | total time: 198.73m | eta: 306.7m
kind=muon
kind=muon
kind=muon
kind=muon
P:  torch.Size([12, 32])
S torch.Size([12, 12, 32])
P:  torch.Size([1536, 1536])
S torch.Size([96, 1536, 1536])
P:  torch.Size([1536, 6144])
S torch.Size([24, 1536, 6144])
P:  torch.Size([6144, 1536])
S torch.Size([24, 6144, 1536])
step 00828/02088 (39.66%) | loss: 2.971094 | lrm: 1.00 | dt: 14575.70ms | tok/sec: 71,940 | bf16_mfu: 35.97 | epoch: 1 | total time: 198.97m | eta: 306.5m
kind=muon
kind=muon
kind=muon
kind=muon
P:  torch.Size([12, 32])
S torch.Size([12, 12, 32])
P:  torch.Size([1536, 1536])
S torch.Size([96, 1536, 1536])
P:  torch.Size([1536, 6144])
S torch.Size([24, 1536, 6144])
P:  torch.Size([6144, 1536])
S torch.Size([24, 6144, 1536])
step 00829/02088 (39.70%) | loss: 2.960777 | lrm: 1.00 | dt: 14580.80ms | tok/sec: 71,914 | bf16_mfu: 35.96 | epoch: 1 | total time: 199.22m | eta: 306.2m
kind=muon
kind=muon
kind=muon
kind=muon
P:  torch.Size([12, 32])
S torch.Size([12, 12, 32])
P:  torch.Size([1536, 1536])
S torch.Size([96, 1536, 1536])
P:  torch.Size([1536, 6144])
S torch.Size([24, 1536, 6144])
P:  torch.Size([6144, 1536])
S torch.Size([24, 6144, 1536])
step 00830/02088 (39.75%) | loss: 2.953225 | lrm: 1.00 | dt: 14577.32ms | tok/sec: 71,931 | bf16_mfu: 35.97 | epoch: 1 | total time: 199.46m | eta: 306.0m
kind=muon
kind=muon
kind=muon
kind=muon
P:  torch.Size([12, 32])
S torch.Size([12, 12, 32])
P:  torch.Size([1536, 1536])
S torch.Size([96, 1536, 1536])
P:  torch.Size([1536, 6144])
S torch.Size([24, 1536, 6144])
P:  torch.Size([6144, 1536])
S torch.Size([24, 6144, 1536])
step 00831/02088 (39.80%) | loss: 2.948947 | lrm: 1.00 | dt: 14579.22ms | tok/sec: 71,922 | bf16_mfu: 35.96 | epoch: 1 | total time: 199.70m | eta: 305.8m
kind=muon
kind=muon
kind=muon
kind=muon
P:  torch.Size([12, 32])
S torch.Size([12, 12, 32])
P:  torch.Size([1536, 1536])
S torch.Size([96, 1536, 1536])
P:  torch.Size([1536, 6144])
S torch.Size([24, 1536, 6144])
P:  torch.Size([6144, 1536])
S torch.Size([24, 6144, 1536])
step 00832/02088 (39.85%) | loss: 2.951553 | lrm: 1.00 | dt: 14594.18ms | tok/sec: 71,848 | bf16_mfu: 35.93 | epoch: 1 | total time: 199.95m | eta: 305.5m
kind=muon
kind=muon
kind=muon
kind=muon
P:  torch.Size([12, 32])
S torch.Size([12, 12, 32])
P:  torch.Size([1536, 1536])
S torch.Size([96, 1536, 1536])
P:  torch.Size([1536, 6144])
S torch.Size([24, 1536, 6144])
P:  torch.Size([6144, 1536])
S torch.Size([24, 6144, 1536])
step 00833/02088 (39.89%) | loss: 2.946944 | lrm: 1.00 | dt: 14591.94ms | tok/sec: 71,859 | bf16_mfu: 35.93 | epoch: 1 | total time: 200.19m | eta: 305.3m
kind=muon
kind=muon
kind=muon
kind=muon
P:  torch.Size([12, 32])
S torch.Size([12, 12, 32])
P:  torch.Size([1536, 1536])
S torch.Size([96, 1536, 1536])
P:  torch.Size([1536, 6144])
S torch.Size([24, 1536, 6144])
P:  torch.Size([6144, 1536])
S torch.Size([24, 6144, 1536])
step 00834/02088 (39.94%) | loss: 2.947544 | lrm: 1.00 | dt: 14587.81ms | tok/sec: 71,880 | bf16_mfu: 35.94 | epoch: 1 | total time: 200.43m | eta: 305.0m
kind=muon
kind=muon
kind=muon
kind=muon
P:  torch.Size([12, 32])
S torch.Size([12, 12, 32])
P:  torch.Size([1536, 1536])
S torch.Size([96, 1536, 1536])
P:  torch.Size([1536, 6144])
S torch.Size([24, 1536, 6144])
P:  torch.Size([6144, 1536])
S torch.Size([24, 6144, 1536])
step 00835/02088 (39.99%) | loss: 2.946795 | lrm: 1.00 | dt: 14587.76ms | tok/sec: 71,880 | bf16_mfu: 35.94 | epoch: 1 | total time: 200.68m | eta: 304.8m
kind=muon
kind=muon
kind=muon
kind=muon
P:  torch.Size([12, 32])
S torch.Size([12, 12, 32])
P:  torch.Size([1536, 1536])
S torch.Size([96, 1536, 1536])
P:  torch.Size([1536, 6144])
S torch.Size([24, 1536, 6144])
P:  torch.Size([6144, 1536])
S torch.Size([24, 6144, 1536])
step 00836/02088 (40.04%) | loss: 2.946073 | lrm: 1.00 | dt: 14590.99ms | tok/sec: 71,864 | bf16_mfu: 35.93 | epoch: 1 | total time: 200.92m | eta: 304.5m
kind=muon
kind=muon
kind=muon
kind=muon
P:  torch.Size([12, 32])
S torch.Size([12, 12, 32])
P:  torch.Size([1536, 1536])
S torch.Size([96, 1536, 1536])
P:  torch.Size([1536, 6144])
S torch.Size([24, 1536, 6144])
P:  torch.Size([6144, 1536])
S torch.Size([24, 6144, 1536])
step 00837/02088 (40.09%) | loss: 2.951372 | lrm: 1.00 | dt: 14597.59ms | tok/sec: 71,832 | bf16_mfu: 35.92 | epoch: 1 | total time: 201.16m | eta: 304.3m
kind=muon
kind=muon
kind=muon
kind=muon
P:  torch.Size([12, 32])
S torch.Size([12, 12, 32])
P:  torch.Size([1536, 1536])
S torch.Size([96, 1536, 1536])
P:  torch.Size([1536, 6144])
S torch.Size([24, 1536, 6144])
P:  torch.Size([6144, 1536])
S torch.Size([24, 6144, 1536])
step 00838/02088 (40.13%) | loss: 2.959515 | lrm: 1.00 | dt: 14589.67ms | tok/sec: 71,871 | bf16_mfu: 35.94 | epoch: 1 | total time: 201.41m | eta: 304.1m
kind=muon
kind=muon
kind=muon
kind=muon
P:  torch.Size([12, 32])
S torch.Size([12, 12, 32])
P:  torch.Size([1536, 1536])
S torch.Size([96, 1536, 1536])
P:  torch.Size([1536, 6144])
S torch.Size([24, 1536, 6144])
P:  torch.Size([6144, 1536])
S torch.Size([24, 6144, 1536])
step 00839/02088 (40.18%) | loss: 2.977683 | lrm: 1.00 | dt: 14594.41ms | tok/sec: 71,847 | bf16_mfu: 35.92 | epoch: 1 | total time: 201.65m | eta: 303.8m
kind=muon
kind=muon
kind=muon
kind=muon
P:  torch.Size([12, 32])
S torch.Size([12, 12, 32])
P:  torch.Size([1536, 1536])
S torch.Size([96, 1536, 1536])
P:  torch.Size([1536, 6144])
S torch.Size([24, 1536, 6144])
P:  torch.Size([6144, 1536])
S torch.Size([24, 6144, 1536])
step 00840/02088 (40.23%) | loss: 2.979302 | lrm: 1.00 | dt: 14589.24ms | tok/sec: 71,873 | bf16_mfu: 35.94 | epoch: 1 | total time: 201.89m | eta: 303.6m
kind=muon
kind=muon
kind=muon
kind=muon
P:  torch.Size([12, 32])
S torch.Size([12, 12, 32])
P:  torch.Size([1536, 1536])
S torch.Size([96, 1536, 1536])
P:  torch.Size([1536, 6144])
S torch.Size([24, 1536, 6144])
P:  torch.Size([6144, 1536])
S torch.Size([24, 6144, 1536])
step 00841/02088 (40.28%) | loss: 2.987314 | lrm: 1.00 | dt: 14589.59ms | tok/sec: 71,871 | bf16_mfu: 35.94 | epoch: 1 | total time: 202.14m | eta: 303.3m
kind=muon
kind=muon
kind=muon
kind=muon
P:  torch.Size([12, 32])
S torch.Size([12, 12, 32])
P:  torch.Size([1536, 1536])
S torch.Size([96, 1536, 1536])
P:  torch.Size([1536, 6144])
S torch.Size([24, 1536, 6144])
P:  torch.Size([6144, 1536])
S torch.Size([24, 6144, 1536])
step 00842/02088 (40.33%) | loss: 2.997889 | lrm: 1.00 | dt: 14590.01ms | tok/sec: 71,869 | bf16_mfu: 35.94 | epoch: 1 | total time: 202.38m | eta: 303.1m
kind=muon
kind=muon
kind=muon
kind=muon
P:  torch.Size([12, 32])
S torch.Size([12, 12, 32])
P:  torch.Size([1536, 1536])
S torch.Size([96, 1536, 1536])
P:  torch.Size([1536, 6144])
S torch.Size([24, 1536, 6144])
P:  torch.Size([6144, 1536])
S torch.Size([24, 6144, 1536])
step 00843/02088 (40.37%) | loss: 3.001598 | lrm: 1.00 | dt: 14590.57ms | tok/sec: 71,866 | bf16_mfu: 35.93 | epoch: 1 | total time: 202.62m | eta: 302.8m
kind=muon
kind=muon
kind=muon
kind=muon
P:  torch.Size([12, 32])
S torch.Size([12, 12, 32])
P:  torch.Size([1536, 1536])
S torch.Size([96, 1536, 1536])
P:  torch.Size([1536, 6144])
S torch.Size([24, 1536, 6144])
P:  torch.Size([6144, 1536])
S torch.Size([24, 6144, 1536])
step 00844/02088 (40.42%) | loss: 3.001022 | lrm: 1.00 | dt: 14593.73ms | tok/sec: 71,851 | bf16_mfu: 35.93 | epoch: 1 | total time: 202.87m | eta: 302.6m
kind=muon
kind=muon
kind=muon
kind=muon
P:  torch.Size([12, 32])
S torch.Size([12, 12, 32])
P:  torch.Size([1536, 1536])
S torch.Size([96, 1536, 1536])
P:  torch.Size([1536, 6144])
S torch.Size([24, 1536, 6144])
P:  torch.Size([6144, 1536])
S torch.Size([24, 6144, 1536])
step 00845/02088 (40.47%) | loss: 2.991740 | lrm: 1.00 | dt: 14594.13ms | tok/sec: 71,849 | bf16_mfu: 35.93 | epoch: 1 | total time: 203.11m | eta: 302.4m
kind=muon
kind=muon
kind=muon
kind=muon
P:  torch.Size([12, 32])
S torch.Size([12, 12, 32])
P:  torch.Size([1536, 1536])
S torch.Size([96, 1536, 1536])
P:  torch.Size([1536, 6144])
S torch.Size([24, 1536, 6144])
P:  torch.Size([6144, 1536])
S torch.Size([24, 6144, 1536])
step 00846/02088 (40.52%) | loss: 2.986727 | lrm: 1.00 | dt: 14587.69ms | tok/sec: 71,880 | bf16_mfu: 35.94 | epoch: 1 | total time: 203.35m | eta: 302.1m
kind=muon
kind=muon
kind=muon
kind=muon
P:  torch.Size([12, 32])
S torch.Size([12, 12, 32])
P:  torch.Size([1536, 1536])
S torch.Size([96, 1536, 1536])
P:  torch.Size([1536, 6144])
S torch.Size([24, 1536, 6144])
P:  torch.Size([6144, 1536])
S torch.Size([24, 6144, 1536])
step 00847/02088 (40.57%) | loss: 2.958819 | lrm: 1.00 | dt: 14591.08ms | tok/sec: 71,864 | bf16_mfu: 35.93 | epoch: 1 | total time: 203.59m | eta: 301.9m
kind=muon
kind=muon
kind=muon
kind=muon
P:  torch.Size([12, 32])
S torch.Size([12, 12, 32])
P:  torch.Size([1536, 1536])
S torch.Size([96, 1536, 1536])
P:  torch.Size([1536, 6144])
S torch.Size([24, 1536, 6144])
P:  torch.Size([6144, 1536])
S torch.Size([24, 6144, 1536])
step 00848/02088 (40.61%) | loss: 2.937338 | lrm: 1.00 | dt: 14588.48ms | tok/sec: 71,877 | bf16_mfu: 35.94 | epoch: 1 | total time: 203.84m | eta: 301.6m
kind=muon
kind=muon
kind=muon
kind=muon
P:  torch.Size([12, 32])
S torch.Size([12, 12, 32])
P:  torch.Size([1536, 1536])
S torch.Size([96, 1536, 1536])
P:  torch.Size([1536, 6144])
S torch.Size([24, 1536, 6144])
P:  torch.Size([6144, 1536])
S torch.Size([24, 6144, 1536])
step 00849/02088 (40.66%) | loss: 2.937646 | lrm: 1.00 | dt: 14589.58ms | tok/sec: 71,871 | bf16_mfu: 35.94 | epoch: 1 | total time: 204.08m | eta: 301.4m
kind=muon
kind=muon
kind=muon
kind=muon
P:  torch.Size([12, 32])
S torch.Size([12, 12, 32])
P:  torch.Size([1536, 1536])
S torch.Size([96, 1536, 1536])
P:  torch.Size([1536, 6144])
S torch.Size([24, 1536, 6144])
P:  torch.Size([6144, 1536])
S torch.Size([24, 6144, 1536])
step 00850/02088 (40.71%) | loss: 2.943466 | lrm: 1.00 | dt: 14594.33ms | tok/sec: 71,848 | bf16_mfu: 35.92 | epoch: 1 | total time: 204.32m | eta: 301.1m
kind=muon
kind=muon
kind=muon
kind=muon
P:  torch.Size([12, 32])
S torch.Size([12, 12, 32])
P:  torch.Size([1536, 1536])
S torch.Size([96, 1536, 1536])
P:  torch.Size([1536, 6144])
S torch.Size([24, 1536, 6144])
P:  torch.Size([6144, 1536])
S torch.Size([24, 6144, 1536])
step 00851/02088 (40.76%) | loss: 2.961884 | lrm: 1.00 | dt: 14589.25ms | tok/sec: 71,873 | bf16_mfu: 35.94 | epoch: 1 | total time: 204.57m | eta: 300.9m
kind=muon
kind=muon
kind=muon
kind=muon
P:  torch.Size([12, 32])
S torch.Size([12, 12, 32])
P:  torch.Size([1536, 1536])
S torch.Size([96, 1536, 1536])
P:  torch.Size([1536, 6144])
S torch.Size([24, 1536, 6144])
P:  torch.Size([6144, 1536])
S torch.Size([24, 6144, 1536])
step 00852/02088 (40.80%) | loss: 2.957087 | lrm: 1.00 | dt: 14589.82ms | tok/sec: 71,870 | bf16_mfu: 35.94 | epoch: 1 | total time: 204.81m | eta: 300.6m
kind=muon
kind=muon
kind=muon
kind=muon
P:  torch.Size([12, 32])
S torch.Size([12, 12, 32])
P:  torch.Size([1536, 1536])
S torch.Size([96, 1536, 1536])
P:  torch.Size([1536, 6144])
S torch.Size([24, 1536, 6144])
P:  torch.Size([6144, 1536])
S torch.Size([24, 6144, 1536])
step 00853/02088 (40.85%) | loss: 2.954402 | lrm: 1.00 | dt: 14589.75ms | tok/sec: 71,870 | bf16_mfu: 35.94 | epoch: 1 | total time: 205.05m | eta: 300.4m
kind=muon
kind=muon
kind=muon
kind=muon
P:  torch.Size([12, 32])
S torch.Size([12, 12, 32])
P:  torch.Size([1536, 1536])
S torch.Size([96, 1536, 1536])
P:  torch.Size([1536, 6144])
S torch.Size([24, 1536, 6144])
P:  torch.Size([6144, 1536])
S torch.Size([24, 6144, 1536])
step 00854/02088 (40.90%) | loss: 2.939813 | lrm: 1.00 | dt: 14591.04ms | tok/sec: 71,864 | bf16_mfu: 35.93 | epoch: 1 | total time: 205.30m | eta: 300.2m
kind=muon
kind=muon
kind=muon
kind=muon
P:  torch.Size([12, 32])
S torch.Size([12, 12, 32])
P:  torch.Size([1536, 1536])
S torch.Size([96, 1536, 1536])
P:  torch.Size([1536, 6144])
S torch.Size([24, 1536, 6144])
P:  torch.Size([6144, 1536])
S torch.Size([24, 6144, 1536])
step 00855/02088 (40.95%) | loss: 2.943403 | lrm: 1.00 | dt: 14589.81ms | tok/sec: 71,870 | bf16_mfu: 35.94 | epoch: 1 | total time: 205.54m | eta: 299.9m
kind=muon
kind=muon
kind=muon
kind=muon
P:  torch.Size([12, 32])
S torch.Size([12, 12, 32])
P:  torch.Size([1536, 1536])
S torch.Size([96, 1536, 1536])
P:  torch.Size([1536, 6144])
S torch.Size([24, 1536, 6144])
P:  torch.Size([6144, 1536])
S torch.Size([24, 6144, 1536])
step 00856/02088 (41.00%) | loss: 2.947728 | lrm: 1.00 | dt: 14588.00ms | tok/sec: 71,879 | bf16_mfu: 35.94 | epoch: 1 | total time: 205.78m | eta: 299.7m
kind=muon
kind=muon
kind=muon
kind=muon
P:  torch.Size([12, 32])
S torch.Size([12, 12, 32])
P:  torch.Size([1536, 1536])
S torch.Size([96, 1536, 1536])
P:  torch.Size([1536, 6144])
S torch.Size([24, 1536, 6144])
P:  torch.Size([6144, 1536])
S torch.Size([24, 6144, 1536])
step 00857/02088 (41.04%) | loss: 2.941675 | lrm: 1.00 | dt: 14588.08ms | tok/sec: 71,878 | bf16_mfu: 35.94 | epoch: 1 | total time: 206.03m | eta: 299.4m
kind=muon
kind=muon
kind=muon
kind=muon
P:  torch.Size([12, 32])
S torch.Size([12, 12, 32])
P:  torch.Size([1536, 1536])
S torch.Size([96, 1536, 1536])
P:  torch.Size([1536, 6144])
S torch.Size([24, 1536, 6144])
P:  torch.Size([6144, 1536])
S torch.Size([24, 6144, 1536])
step 00858/02088 (41.09%) | loss: 2.944195 | lrm: 1.00 | dt: 14593.99ms | tok/sec: 71,849 | bf16_mfu: 35.93 | epoch: 1 | total time: 206.27m | eta: 299.2m
kind=muon
kind=muon
kind=muon
kind=muon
P:  torch.Size([12, 32])
S torch.Size([12, 12, 32])
P:  torch.Size([1536, 1536])
S torch.Size([96, 1536, 1536])
P:  torch.Size([1536, 6144])
S torch.Size([24, 1536, 6144])
P:  torch.Size([6144, 1536])
S torch.Size([24, 6144, 1536])
step 00859/02088 (41.14%) | loss: 2.937534 | lrm: 1.00 | dt: 14586.33ms | tok/sec: 71,887 | bf16_mfu: 35.94 | epoch: 1 | total time: 206.51m | eta: 298.9m
kind=muon
kind=muon
kind=muon
kind=muon
P:  torch.Size([12, 32])
S torch.Size([12, 12, 32])
P:  torch.Size([1536, 1536])
S torch.Size([96, 1536, 1536])
P:  torch.Size([1536, 6144])
S torch.Size([24, 1536, 6144])
P:  torch.Size([6144, 1536])
S torch.Size([24, 6144, 1536])
step 00860/02088 (41.19%) | loss: 2.941414 | lrm: 1.00 | dt: 14589.64ms | tok/sec: 71,871 | bf16_mfu: 35.94 | epoch: 1 | total time: 206.76m | eta: 298.7m
kind=muon
kind=muon
kind=muon
kind=muon
P:  torch.Size([12, 32])
S torch.Size([12, 12, 32])
P:  torch.Size([1536, 1536])
S torch.Size([96, 1536, 1536])
P:  torch.Size([1536, 6144])
S torch.Size([24, 1536, 6144])
P:  torch.Size([6144, 1536])
S torch.Size([24, 6144, 1536])
step 00861/02088 (41.24%) | loss: 2.949609 | lrm: 1.00 | dt: 14592.06ms | tok/sec: 71,859 | bf16_mfu: 35.93 | epoch: 1 | total time: 207.00m | eta: 298.5m
kind=muon
kind=muon
kind=muon
kind=muon
P:  torch.Size([12, 32])
S torch.Size([12, 12, 32])
P:  torch.Size([1536, 1536])
S torch.Size([96, 1536, 1536])
P:  torch.Size([1536, 6144])
S torch.Size([24, 1536, 6144])
P:  torch.Size([6144, 1536])
S torch.Size([24, 6144, 1536])
step 00862/02088 (41.28%) | loss: 2.943674 | lrm: 1.00 | dt: 14589.10ms | tok/sec: 71,873 | bf16_mfu: 35.94 | epoch: 1 | total time: 207.24m | eta: 298.2m
kind=muon
kind=muon
kind=muon
kind=muon
P:  torch.Size([12, 32])
S torch.Size([12, 12, 32])
P:  torch.Size([1536, 1536])
S torch.Size([96, 1536, 1536])
P:  torch.Size([1536, 6144])
S torch.Size([24, 1536, 6144])
P:  torch.Size([6144, 1536])
S torch.Size([24, 6144, 1536])
step 00863/02088 (41.33%) | loss: 2.948194 | lrm: 1.00 | dt: 14590.36ms | tok/sec: 71,867 | bf16_mfu: 35.93 | epoch: 1 | total time: 207.49m | eta: 298.0m
kind=muon
kind=muon
kind=muon
kind=muon
P:  torch.Size([12, 32])
S torch.Size([12, 12, 32])
P:  torch.Size([1536, 1536])
S torch.Size([96, 1536, 1536])
P:  torch.Size([1536, 6144])
S torch.Size([24, 1536, 6144])
P:  torch.Size([6144, 1536])
S torch.Size([24, 6144, 1536])
step 00864/02088 (41.38%) | loss: 2.952750 | lrm: 1.00 | dt: 14581.13ms | tok/sec: 71,913 | bf16_mfu: 35.96 | epoch: 1 | total time: 207.73m | eta: 297.7m
kind=muon
kind=muon
kind=muon
kind=muon
P:  torch.Size([12, 32])
S torch.Size([12, 12, 32])
P:  torch.Size([1536, 1536])
S torch.Size([96, 1536, 1536])
P:  torch.Size([1536, 6144])
S torch.Size([24, 1536, 6144])
P:  torch.Size([6144, 1536])
S torch.Size([24, 6144, 1536])
step 00865/02088 (41.43%) | loss: 2.965366 | lrm: 1.00 | dt: 14590.30ms | tok/sec: 71,868 | bf16_mfu: 35.93 | epoch: 1 | total time: 207.97m | eta: 297.5m
kind=muon
kind=muon
kind=muon
kind=muon
P:  torch.Size([12, 32])
S torch.Size([12, 12, 32])
P:  torch.Size([1536, 1536])
S torch.Size([96, 1536, 1536])
P:  torch.Size([1536, 6144])
S torch.Size([24, 1536, 6144])
P:  torch.Size([6144, 1536])
S torch.Size([24, 6144, 1536])
step 00866/02088 (41.48%) | loss: 2.962709 | lrm: 1.00 | dt: 14586.67ms | tok/sec: 71,885 | bf16_mfu: 35.94 | epoch: 1 | total time: 208.21m | eta: 297.2m
kind=muon
kind=muon
kind=muon
kind=muon
P:  torch.Size([12, 32])
S torch.Size([12, 12, 32])
P:  torch.Size([1536, 1536])
S torch.Size([96, 1536, 1536])
P:  torch.Size([1536, 6144])
S torch.Size([24, 1536, 6144])
P:  torch.Size([6144, 1536])
S torch.Size([24, 6144, 1536])
step 00867/02088 (41.52%) | loss: 2.959943 | lrm: 1.00 | dt: 14583.28ms | tok/sec: 71,902 | bf16_mfu: 35.95 | epoch: 1 | total time: 208.46m | eta: 297.0m
kind=muon
kind=muon
kind=muon
kind=muon
P:  torch.Size([12, 32])
S torch.Size([12, 12, 32])
P:  torch.Size([1536, 1536])
S torch.Size([96, 1536, 1536])
P:  torch.Size([1536, 6144])
S torch.Size([24, 1536, 6144])
P:  torch.Size([6144, 1536])
S torch.Size([24, 6144, 1536])
step 00868/02088 (41.57%) | loss: 2.957879 | lrm: 1.00 | dt: 14591.68ms | tok/sec: 71,861 | bf16_mfu: 35.93 | epoch: 1 | total time: 208.70m | eta: 296.8m
kind=muon
kind=muon
kind=muon
kind=muon
P:  torch.Size([12, 32])
S torch.Size([12, 12, 32])
P:  torch.Size([1536, 1536])
S torch.Size([96, 1536, 1536])
P:  torch.Size([1536, 6144])
S torch.Size([24, 1536, 6144])
P:  torch.Size([6144, 1536])
S torch.Size([24, 6144, 1536])
step 00869/02088 (41.62%) | loss: 2.969417 | lrm: 1.00 | dt: 14586.49ms | tok/sec: 71,886 | bf16_mfu: 35.94 | epoch: 1 | total time: 208.94m | eta: 296.5m
kind=muon
kind=muon
kind=muon
kind=muon
P:  torch.Size([12, 32])
S torch.Size([12, 12, 32])
P:  torch.Size([1536, 1536])
S torch.Size([96, 1536, 1536])
P:  torch.Size([1536, 6144])
S torch.Size([24, 1536, 6144])
P:  torch.Size([6144, 1536])
S torch.Size([24, 6144, 1536])
step 00870/02088 (41.67%) | loss: 2.958603 | lrm: 1.00 | dt: 14584.58ms | tok/sec: 71,896 | bf16_mfu: 35.95 | epoch: 1 | total time: 209.19m | eta: 296.3m
kind=muon
kind=muon
kind=muon
kind=muon
P:  torch.Size([12, 32])
S torch.Size([12, 12, 32])
P:  torch.Size([1536, 1536])
S torch.Size([96, 1536, 1536])
P:  torch.Size([1536, 6144])
S torch.Size([24, 1536, 6144])
P:  torch.Size([6144, 1536])
S torch.Size([24, 6144, 1536])
step 00871/02088 (41.71%) | loss: 2.948946 | lrm: 1.00 | dt: 14591.17ms | tok/sec: 71,863 | bf16_mfu: 35.93 | epoch: 1 | total time: 209.43m | eta: 296.0m
kind=muon
kind=muon
kind=muon
kind=muon
P:  torch.Size([12, 32])
S torch.Size([12, 12, 32])
P:  torch.Size([1536, 1536])
S torch.Size([96, 1536, 1536])
P:  torch.Size([1536, 6144])
S torch.Size([24, 1536, 6144])
P:  torch.Size([6144, 1536])
S torch.Size([24, 6144, 1536])
step 00872/02088 (41.76%) | loss: 2.948324 | lrm: 1.00 | dt: 14587.23ms | tok/sec: 71,883 | bf16_mfu: 35.94 | epoch: 1 | total time: 209.67m | eta: 295.8m
kind=muon
kind=muon
kind=muon
kind=muon
P:  torch.Size([12, 32])
S torch.Size([12, 12, 32])
P:  torch.Size([1536, 1536])
S torch.Size([96, 1536, 1536])
P:  torch.Size([1536, 6144])
S torch.Size([24, 1536, 6144])
P:  torch.Size([6144, 1536])
S torch.Size([24, 6144, 1536])
step 00873/02088 (41.81%) | loss: 2.954522 | lrm: 1.00 | dt: 14592.05ms | tok/sec: 71,859 | bf16_mfu: 35.93 | epoch: 1 | total time: 209.92m | eta: 295.5m
kind=muon
kind=muon
kind=muon
kind=muon
P:  torch.Size([12, 32])
S torch.Size([12, 12, 32])
P:  torch.Size([1536, 1536])
S torch.Size([96, 1536, 1536])
P:  torch.Size([1536, 6144])
S torch.Size([24, 1536, 6144])
P:  torch.Size([6144, 1536])
S torch.Size([24, 6144, 1536])
step 00874/02088 (41.86%) | loss: 2.949057 | lrm: 1.00 | dt: 14586.17ms | tok/sec: 71,888 | bf16_mfu: 35.94 | epoch: 1 | total time: 210.16m | eta: 295.3m
kind=muon
kind=muon
kind=muon
kind=muon
P:  torch.Size([12, 32])
S torch.Size([12, 12, 32])
P:  torch.Size([1536, 1536])
S torch.Size([96, 1536, 1536])
P:  torch.Size([1536, 6144])
S torch.Size([24, 1536, 6144])
P:  torch.Size([6144, 1536])
S torch.Size([24, 6144, 1536])
step 00875/02088 (41.91%) | loss: 2.958664 | lrm: 1.00 | dt: 14587.70ms | tok/sec: 71,880 | bf16_mfu: 35.94 | epoch: 1 | total time: 210.40m | eta: 295.1m
kind=muon
kind=muon
kind=muon
kind=muon
P:  torch.Size([12, 32])
S torch.Size([12, 12, 32])
P:  torch.Size([1536, 1536])
S torch.Size([96, 1536, 1536])
P:  torch.Size([1536, 6144])
S torch.Size([24, 1536, 6144])
P:  torch.Size([6144, 1536])
S torch.Size([24, 6144, 1536])
step 00876/02088 (41.95%) | loss: 2.952649 | lrm: 1.00 | dt: 14587.62ms | tok/sec: 71,881 | bf16_mfu: 35.94 | epoch: 1 | total time: 210.65m | eta: 294.8m
kind=muon
kind=muon
kind=muon
kind=muon
P:  torch.Size([12, 32])
S torch.Size([12, 12, 32])
P:  torch.Size([1536, 1536])
S torch.Size([96, 1536, 1536])
P:  torch.Size([1536, 6144])
S torch.Size([24, 1536, 6144])
P:  torch.Size([6144, 1536])
S torch.Size([24, 6144, 1536])
step 00877/02088 (42.00%) | loss: 2.954479 | lrm: 1.00 | dt: 14587.89ms | tok/sec: 71,879 | bf16_mfu: 35.94 | epoch: 1 | total time: 210.89m | eta: 294.6m
kind=muon
kind=muon
kind=muon
kind=muon
P:  torch.Size([12, 32])
S torch.Size([12, 12, 32])
P:  torch.Size([1536, 1536])
S torch.Size([96, 1536, 1536])
P:  torch.Size([1536, 6144])
S torch.Size([24, 1536, 6144])
P:  torch.Size([6144, 1536])
S torch.Size([24, 6144, 1536])
step 00878/02088 (42.05%) | loss: 2.956075 | lrm: 1.00 | dt: 14585.34ms | tok/sec: 71,892 | bf16_mfu: 35.95 | epoch: 1 | total time: 211.13m | eta: 294.3m
kind=muon
kind=muon
kind=muon
kind=muon
P:  torch.Size([12, 32])
S torch.Size([12, 12, 32])
P:  torch.Size([1536, 1536])
S torch.Size([96, 1536, 1536])
P:  torch.Size([1536, 6144])
S torch.Size([24, 1536, 6144])
P:  torch.Size([6144, 1536])
S torch.Size([24, 6144, 1536])
step 00879/02088 (42.10%) | loss: 2.964773 | lrm: 1.00 | dt: 14579.62ms | tok/sec: 71,920 | bf16_mfu: 35.96 | epoch: 1 | total time: 211.38m | eta: 294.1m
kind=muon
kind=muon
kind=muon
kind=muon
P:  torch.Size([12, 32])
S torch.Size([12, 12, 32])
P:  torch.Size([1536, 1536])
S torch.Size([96, 1536, 1536])
P:  torch.Size([1536, 6144])
S torch.Size([24, 1536, 6144])
P:  torch.Size([6144, 1536])
S torch.Size([24, 6144, 1536])
step 00880/02088 (42.15%) | loss: 2.962337 | lrm: 1.00 | dt: 14586.61ms | tok/sec: 71,886 | bf16_mfu: 35.94 | epoch: 1 | total time: 211.62m | eta: 293.8m
kind=muon
kind=muon
kind=muon
kind=muon
P:  torch.Size([12, 32])
S torch.Size([12, 12, 32])
P:  torch.Size([1536, 1536])
S torch.Size([96, 1536, 1536])
P:  torch.Size([1536, 6144])
S torch.Size([24, 1536, 6144])
P:  torch.Size([6144, 1536])
S torch.Size([24, 6144, 1536])
step 00881/02088 (42.19%) | loss: 2.958969 | lrm: 1.00 | dt: 14586.94ms | tok/sec: 71,884 | bf16_mfu: 35.94 | epoch: 1 | total time: 211.86m | eta: 293.6m
kind=muon
kind=muon
kind=muon
kind=muon
P:  torch.Size([12, 32])
S torch.Size([12, 12, 32])
P:  torch.Size([1536, 1536])
S torch.Size([96, 1536, 1536])
P:  torch.Size([1536, 6144])
S torch.Size([24, 1536, 6144])
P:  torch.Size([6144, 1536])
S torch.Size([24, 6144, 1536])
step 00882/02088 (42.24%) | loss: 2.961230 | lrm: 1.00 | dt: 14594.22ms | tok/sec: 71,848 | bf16_mfu: 35.93 | epoch: 1 | total time: 212.10m | eta: 293.3m
kind=muon
kind=muon
kind=muon
kind=muon
P:  torch.Size([12, 32])
S torch.Size([12, 12, 32])
P:  torch.Size([1536, 1536])
S torch.Size([96, 1536, 1536])
P:  torch.Size([1536, 6144])
S torch.Size([24, 1536, 6144])
P:  torch.Size([6144, 1536])
S torch.Size([24, 6144, 1536])
step 00883/02088 (42.29%) | loss: 2.951071 | lrm: 1.00 | dt: 14591.51ms | tok/sec: 71,862 | bf16_mfu: 35.93 | epoch: 1 | total time: 212.35m | eta: 293.1m
kind=muon
kind=muon
kind=muon
kind=muon
P:  torch.Size([12, 32])
S torch.Size([12, 12, 32])
P:  torch.Size([1536, 1536])
S torch.Size([96, 1536, 1536])
P:  torch.Size([1536, 6144])
S torch.Size([24, 1536, 6144])
P:  torch.Size([6144, 1536])
S torch.Size([24, 6144, 1536])
step 00884/02088 (42.34%) | loss: 2.949621 | lrm: 1.00 | dt: 14587.77ms | tok/sec: 71,880 | bf16_mfu: 35.94 | epoch: 1 | total time: 212.59m | eta: 292.9m
kind=muon
kind=muon
kind=muon
kind=muon
P:  torch.Size([12, 32])
S torch.Size([12, 12, 32])
P:  torch.Size([1536, 1536])
S torch.Size([96, 1536, 1536])
P:  torch.Size([1536, 6144])
S torch.Size([24, 1536, 6144])
P:  torch.Size([6144, 1536])
S torch.Size([24, 6144, 1536])
step 00885/02088 (42.39%) | loss: 2.949221 | lrm: 1.00 | dt: 14589.67ms | tok/sec: 71,871 | bf16_mfu: 35.94 | epoch: 1 | total time: 212.83m | eta: 292.6m
kind=muon
kind=muon
kind=muon
kind=muon
P:  torch.Size([12, 32])
S torch.Size([12, 12, 32])
P:  torch.Size([1536, 1536])
S torch.Size([96, 1536, 1536])
P:  torch.Size([1536, 6144])
S torch.Size([24, 1536, 6144])
P:  torch.Size([6144, 1536])
S torch.Size([24, 6144, 1536])
step 00886/02088 (42.43%) | loss: 2.953396 | lrm: 1.00 | dt: 14584.33ms | tok/sec: 71,897 | bf16_mfu: 35.95 | epoch: 1 | total time: 213.08m | eta: 292.4m
kind=muon
kind=muon
kind=muon
kind=muon
P:  torch.Size([12, 32])
S torch.Size([12, 12, 32])
P:  torch.Size([1536, 1536])
S torch.Size([96, 1536, 1536])
P:  torch.Size([1536, 6144])
S torch.Size([24, 1536, 6144])
P:  torch.Size([6144, 1536])
S torch.Size([24, 6144, 1536])
step 00887/02088 (42.48%) | loss: 2.961893 | lrm: 1.00 | dt: 14585.62ms | tok/sec: 71,891 | bf16_mfu: 35.95 | epoch: 1 | total time: 213.32m | eta: 292.1m
kind=muon
kind=muon
kind=muon
kind=muon
P:  torch.Size([12, 32])
S torch.Size([12, 12, 32])
P:  torch.Size([1536, 1536])
S torch.Size([96, 1536, 1536])
P:  torch.Size([1536, 6144])
S torch.Size([24, 1536, 6144])
P:  torch.Size([6144, 1536])
S torch.Size([24, 6144, 1536])
step 00888/02088 (42.53%) | loss: 2.955365 | lrm: 1.00 | dt: 14590.36ms | tok/sec: 71,867 | bf16_mfu: 35.93 | epoch: 1 | total time: 213.56m | eta: 291.9m
kind=muon
kind=muon
kind=muon
kind=muon
P:  torch.Size([12, 32])
S torch.Size([12, 12, 32])
P:  torch.Size([1536, 1536])
S torch.Size([96, 1536, 1536])
P:  torch.Size([1536, 6144])
S torch.Size([24, 1536, 6144])
P:  torch.Size([6144, 1536])
S torch.Size([24, 6144, 1536])
step 00889/02088 (42.58%) | loss: 2.955777 | lrm: 1.00 | dt: 14593.39ms | tok/sec: 71,852 | bf16_mfu: 35.93 | epoch: 1 | total time: 213.81m | eta: 291.6m
kind=muon
kind=muon
kind=muon
kind=muon
P:  torch.Size([12, 32])
S torch.Size([12, 12, 32])
P:  torch.Size([1536, 1536])
S torch.Size([96, 1536, 1536])
P:  torch.Size([1536, 6144])
S torch.Size([24, 1536, 6144])
P:  torch.Size([6144, 1536])
S torch.Size([24, 6144, 1536])
step 00890/02088 (42.62%) | loss: 2.953473 | lrm: 1.00 | dt: 14590.77ms | tok/sec: 71,865 | bf16_mfu: 35.93 | epoch: 1 | total time: 214.05m | eta: 291.4m
kind=muon
kind=muon
kind=muon
kind=muon
P:  torch.Size([12, 32])
S torch.Size([12, 12, 32])
P:  torch.Size([1536, 1536])
S torch.Size([96, 1536, 1536])
P:  torch.Size([1536, 6144])
S torch.Size([24, 1536, 6144])
P:  torch.Size([6144, 1536])
S torch.Size([24, 6144, 1536])
step 00891/02088 (42.67%) | loss: 2.948675 | lrm: 1.00 | dt: 14585.76ms | tok/sec: 71,890 | bf16_mfu: 35.95 | epoch: 1 | total time: 214.29m | eta: 291.2m
kind=muon
kind=muon
kind=muon
kind=muon
P:  torch.Size([12, 32])
S torch.Size([12, 12, 32])
P:  torch.Size([1536, 1536])
S torch.Size([96, 1536, 1536])
P:  torch.Size([1536, 6144])
S torch.Size([24, 1536, 6144])
P:  torch.Size([6144, 1536])
S torch.Size([24, 6144, 1536])
step 00892/02088 (42.72%) | loss: 2.960309 | lrm: 1.00 | dt: 14583.02ms | tok/sec: 71,903 | bf16_mfu: 35.95 | epoch: 1 | total time: 214.54m | eta: 290.9m
kind=muon
kind=muon
kind=muon
kind=muon
P:  torch.Size([12, 32])
S torch.Size([12, 12, 32])
P:  torch.Size([1536, 1536])
S torch.Size([96, 1536, 1536])
P:  torch.Size([1536, 6144])
S torch.Size([24, 1536, 6144])
P:  torch.Size([6144, 1536])
S torch.Size([24, 6144, 1536])
step 00893/02088 (42.77%) | loss: 2.961795 | lrm: 1.00 | dt: 14581.67ms | tok/sec: 71,910 | bf16_mfu: 35.96 | epoch: 1 | total time: 214.78m | eta: 290.7m
kind=muon
kind=muon
kind=muon
kind=muon
P:  torch.Size([12, 32])
S torch.Size([12, 12, 32])
P:  torch.Size([1536, 1536])
S torch.Size([96, 1536, 1536])
P:  torch.Size([1536, 6144])
S torch.Size([24, 1536, 6144])
P:  torch.Size([6144, 1536])
S torch.Size([24, 6144, 1536])
step 00894/02088 (42.82%) | loss: 2.968614 | lrm: 1.00 | dt: 14590.42ms | tok/sec: 71,867 | bf16_mfu: 35.93 | epoch: 1 | total time: 215.02m | eta: 290.4m
kind=muon
kind=muon
kind=muon
kind=muon
P:  torch.Size([12, 32])
S torch.Size([12, 12, 32])
P:  torch.Size([1536, 1536])
S torch.Size([96, 1536, 1536])
P:  torch.Size([1536, 6144])
S torch.Size([24, 1536, 6144])
P:  torch.Size([6144, 1536])
S torch.Size([24, 6144, 1536])
step 00895/02088 (42.86%) | loss: 2.965906 | lrm: 1.00 | dt: 14591.29ms | tok/sec: 71,863 | bf16_mfu: 35.93 | epoch: 1 | total time: 215.27m | eta: 290.2m
kind=muon
kind=muon
kind=muon
kind=muon
P:  torch.Size([12, 32])
S torch.Size([12, 12, 32])
P:  torch.Size([1536, 1536])
S torch.Size([96, 1536, 1536])
P:  torch.Size([1536, 6144])
S torch.Size([24, 1536, 6144])
P:  torch.Size([6144, 1536])
S torch.Size([24, 6144, 1536])
step 00896/02088 (42.91%) | loss: 2.954475 | lrm: 1.00 | dt: 14587.31ms | tok/sec: 71,882 | bf16_mfu: 35.94 | epoch: 1 | total time: 215.51m | eta: 289.9m
kind=muon
kind=muon
kind=muon
kind=muon
P:  torch.Size([12, 32])
S torch.Size([12, 12, 32])
P:  torch.Size([1536, 1536])
S torch.Size([96, 1536, 1536])
P:  torch.Size([1536, 6144])
S torch.Size([24, 1536, 6144])
P:  torch.Size([6144, 1536])
S torch.Size([24, 6144, 1536])
step 00897/02088 (42.96%) | loss: 2.957287 | lrm: 1.00 | dt: 14583.05ms | tok/sec: 71,903 | bf16_mfu: 35.95 | epoch: 1 | total time: 215.75m | eta: 289.7m
kind=muon
kind=muon
kind=muon
kind=muon
P:  torch.Size([12, 32])
S torch.Size([12, 12, 32])
P:  torch.Size([1536, 1536])
S torch.Size([96, 1536, 1536])
P:  torch.Size([1536, 6144])
S torch.Size([24, 1536, 6144])
P:  torch.Size([6144, 1536])
S torch.Size([24, 6144, 1536])
step 00898/02088 (43.01%) | loss: 2.951236 | lrm: 1.00 | dt: 14586.49ms | tok/sec: 71,886 | bf16_mfu: 35.94 | epoch: 1 | total time: 215.99m | eta: 289.5m
kind=muon
kind=muon
kind=muon
kind=muon
P:  torch.Size([12, 32])
S torch.Size([12, 12, 32])
P:  torch.Size([1536, 1536])
S torch.Size([96, 1536, 1536])
P:  torch.Size([1536, 6144])
S torch.Size([24, 1536, 6144])
P:  torch.Size([6144, 1536])
S torch.Size([24, 6144, 1536])
step 00899/02088 (43.06%) | loss: 2.937904 | lrm: 1.00 | dt: 14590.28ms | tok/sec: 71,868 | bf16_mfu: 35.93 | epoch: 1 | total time: 216.24m | eta: 289.2m
kind=muon
kind=muon
kind=muon
kind=muon
P:  torch.Size([12, 32])
S torch.Size([12, 12, 32])
P:  torch.Size([1536, 1536])
S torch.Size([96, 1536, 1536])
P:  torch.Size([1536, 6144])
S torch.Size([24, 1536, 6144])
P:  torch.Size([6144, 1536])
S torch.Size([24, 6144, 1536])
step 00900/02088 (43.10%) | loss: 2.944740 | lrm: 1.00 | dt: 14580.83ms | tok/sec: 71,914 | bf16_mfu: 35.96 | epoch: 1 | total time: 216.48m | eta: 289.0m
kind=muon
kind=muon
kind=muon
kind=muon
P:  torch.Size([12, 32])
S torch.Size([12, 12, 32])
P:  torch.Size([1536, 1536])
S torch.Size([96, 1536, 1536])
P:  torch.Size([1536, 6144])
S torch.Size([24, 1536, 6144])
P:  torch.Size([6144, 1536])
S torch.Size([24, 6144, 1536])
step 00901/02088 (43.15%) | loss: 2.944842 | lrm: 1.00 | dt: 14587.31ms | tok/sec: 71,882 | bf16_mfu: 35.94 | epoch: 1 | total time: 216.72m | eta: 288.7m
kind=muon
kind=muon
kind=muon
kind=muon
P:  torch.Size([12, 32])
S torch.Size([12, 12, 32])
P:  torch.Size([1536, 1536])
S torch.Size([96, 1536, 1536])
P:  torch.Size([1536, 6144])
S torch.Size([24, 1536, 6144])
P:  torch.Size([6144, 1536])
S torch.Size([24, 6144, 1536])
step 00902/02088 (43.20%) | loss: 2.934082 | lrm: 1.00 | dt: 14581.59ms | tok/sec: 71,910 | bf16_mfu: 35.96 | epoch: 1 | total time: 216.97m | eta: 288.5m
kind=muon
kind=muon
kind=muon
kind=muon
P:  torch.Size([12, 32])
S torch.Size([12, 12, 32])
P:  torch.Size([1536, 1536])
S torch.Size([96, 1536, 1536])
P:  torch.Size([1536, 6144])
S torch.Size([24, 1536, 6144])
P:  torch.Size([6144, 1536])
S torch.Size([24, 6144, 1536])
step 00903/02088 (43.25%) | loss: 2.945325 | lrm: 1.00 | dt: 14589.87ms | tok/sec: 71,870 | bf16_mfu: 35.94 | epoch: 1 | total time: 217.21m | eta: 288.2m
kind=muon
kind=muon
kind=muon
kind=muon
P:  torch.Size([12, 32])
S torch.Size([12, 12, 32])
P:  torch.Size([1536, 1536])
S torch.Size([96, 1536, 1536])
P:  torch.Size([1536, 6144])
S torch.Size([24, 1536, 6144])
P:  torch.Size([6144, 1536])
S torch.Size([24, 6144, 1536])
step 00904/02088 (43.30%) | loss: 2.934934 | lrm: 1.00 | dt: 14586.28ms | tok/sec: 71,887 | bf16_mfu: 35.94 | epoch: 1 | total time: 217.45m | eta: 288.0m
kind=muon
kind=muon
kind=muon
kind=muon
P:  torch.Size([12, 32])
S torch.Size([12, 12, 32])
P:  torch.Size([1536, 1536])
S torch.Size([96, 1536, 1536])
P:  torch.Size([1536, 6144])
S torch.Size([24, 1536, 6144])
P:  torch.Size([6144, 1536])
S torch.Size([24, 6144, 1536])
step 00905/02088 (43.34%) | loss: 2.944947 | lrm: 1.00 | dt: 14584.53ms | tok/sec: 71,896 | bf16_mfu: 35.95 | epoch: 1 | total time: 217.70m | eta: 287.7m
kind=muon
kind=muon
kind=muon
kind=muon
P:  torch.Size([12, 32])
S torch.Size([12, 12, 32])
P:  torch.Size([1536, 1536])
S torch.Size([96, 1536, 1536])
P:  torch.Size([1536, 6144])
S torch.Size([24, 1536, 6144])
P:  torch.Size([6144, 1536])
S torch.Size([24, 6144, 1536])
step 00906/02088 (43.39%) | loss: 2.941171 | lrm: 1.00 | dt: 14591.13ms | tok/sec: 71,863 | bf16_mfu: 35.93 | epoch: 1 | total time: 217.94m | eta: 287.5m
kind=muon
kind=muon
kind=muon
kind=muon
P:  torch.Size([12, 32])
S torch.Size([12, 12, 32])
P:  torch.Size([1536, 1536])
S torch.Size([96, 1536, 1536])
P:  torch.Size([1536, 6144])
S torch.Size([24, 1536, 6144])
P:  torch.Size([6144, 1536])
S torch.Size([24, 6144, 1536])
step 00907/02088 (43.44%) | loss: 2.933886 | lrm: 1.00 | dt: 14587.87ms | tok/sec: 71,880 | bf16_mfu: 35.94 | epoch: 1 | total time: 218.18m | eta: 287.3m
kind=muon
kind=muon
kind=muon
kind=muon
P:  torch.Size([12, 32])
S torch.Size([12, 12, 32])
P:  torch.Size([1536, 1536])
S torch.Size([96, 1536, 1536])
P:  torch.Size([1536, 6144])
S torch.Size([24, 1536, 6144])
P:  torch.Size([6144, 1536])
S torch.Size([24, 6144, 1536])
step 00908/02088 (43.49%) | loss: 2.937124 | lrm: 1.00 | dt: 14580.34ms | tok/sec: 71,917 | bf16_mfu: 35.96 | epoch: 1 | total time: 218.43m | eta: 287.0m
kind=muon
kind=muon
kind=muon
kind=muon
P:  torch.Size([12, 32])
S torch.Size([12, 12, 32])
P:  torch.Size([1536, 1536])
S torch.Size([96, 1536, 1536])
P:  torch.Size([1536, 6144])
S torch.Size([24, 1536, 6144])
P:  torch.Size([6144, 1536])
S torch.Size([24, 6144, 1536])
step 00909/02088 (43.53%) | loss: 2.941599 | lrm: 1.00 | dt: 14582.90ms | tok/sec: 71,904 | bf16_mfu: 35.95 | epoch: 1 | total time: 218.67m | eta: 286.8m
kind=muon
kind=muon
kind=muon
kind=muon
P:  torch.Size([12, 32])
S torch.Size([12, 12, 32])
P:  torch.Size([1536, 1536])
S torch.Size([96, 1536, 1536])
P:  torch.Size([1536, 6144])
S torch.Size([24, 1536, 6144])
P:  torch.Size([6144, 1536])
S torch.Size([24, 6144, 1536])
step 00910/02088 (43.58%) | loss: 2.939804 | lrm: 1.00 | dt: 14585.11ms | tok/sec: 71,893 | bf16_mfu: 35.95 | epoch: 1 | total time: 218.91m | eta: 286.5m
kind=muon
kind=muon
kind=muon
kind=muon
P:  torch.Size([12, 32])
S torch.Size([12, 12, 32])
P:  torch.Size([1536, 1536])
S torch.Size([96, 1536, 1536])
P:  torch.Size([1536, 6144])
S torch.Size([24, 1536, 6144])
P:  torch.Size([6144, 1536])
S torch.Size([24, 6144, 1536])
step 00911/02088 (43.63%) | loss: 2.941794 | lrm: 1.00 | dt: 14594.76ms | tok/sec: 71,846 | bf16_mfu: 35.92 | epoch: 1 | total time: 219.15m | eta: 286.3m
kind=muon
kind=muon
kind=muon
kind=muon
P:  torch.Size([12, 32])
S torch.Size([12, 12, 32])
P:  torch.Size([1536, 1536])
S torch.Size([96, 1536, 1536])
P:  torch.Size([1536, 6144])
S torch.Size([24, 1536, 6144])
P:  torch.Size([6144, 1536])
S torch.Size([24, 6144, 1536])
step 00912/02088 (43.68%) | loss: 2.941172 | lrm: 1.00 | dt: 14583.14ms | tok/sec: 71,903 | bf16_mfu: 35.95 | epoch: 1 | total time: 219.40m | eta: 286.0m
kind=muon
kind=muon
kind=muon
kind=muon
P:  torch.Size([12, 32])
S torch.Size([12, 12, 32])
P:  torch.Size([1536, 1536])
S torch.Size([96, 1536, 1536])
P:  torch.Size([1536, 6144])
S torch.Size([24, 1536, 6144])
P:  torch.Size([6144, 1536])
S torch.Size([24, 6144, 1536])
step 00913/02088 (43.73%) | loss: 2.950275 | lrm: 1.00 | dt: 14585.23ms | tok/sec: 71,893 | bf16_mfu: 35.95 | epoch: 1 | total time: 219.64m | eta: 285.8m
kind=muon
kind=muon
kind=muon
kind=muon
P:  torch.Size([12, 32])
S torch.Size([12, 12, 32])
P:  torch.Size([1536, 1536])
S torch.Size([96, 1536, 1536])
P:  torch.Size([1536, 6144])
S torch.Size([24, 1536, 6144])
P:  torch.Size([6144, 1536])
S torch.Size([24, 6144, 1536])
step 00914/02088 (43.77%) | loss: 2.951059 | lrm: 1.00 | dt: 14579.93ms | tok/sec: 71,919 | bf16_mfu: 35.96 | epoch: 1 | total time: 219.88m | eta: 285.6m
kind=muon
kind=muon
kind=muon
kind=muon
P:  torch.Size([12, 32])
S torch.Size([12, 12, 32])
P:  torch.Size([1536, 1536])
S torch.Size([96, 1536, 1536])
P:  torch.Size([1536, 6144])
S torch.Size([24, 1536, 6144])
P:  torch.Size([6144, 1536])
S torch.Size([24, 6144, 1536])
step 00915/02088 (43.82%) | loss: 2.950556 | lrm: 1.00 | dt: 14580.73ms | tok/sec: 71,915 | bf16_mfu: 35.96 | epoch: 1 | total time: 220.13m | eta: 285.3m
kind=muon
kind=muon
kind=muon
kind=muon
P:  torch.Size([12, 32])
S torch.Size([12, 12, 32])
P:  torch.Size([1536, 1536])
S torch.Size([96, 1536, 1536])
P:  torch.Size([1536, 6144])
S torch.Size([24, 1536, 6144])
P:  torch.Size([6144, 1536])
S torch.Size([24, 6144, 1536])
step 00916/02088 (43.87%) | loss: 2.940242 | lrm: 1.00 | dt: 14589.57ms | tok/sec: 71,871 | bf16_mfu: 35.94 | epoch: 1 | total time: 220.37m | eta: 285.1m
kind=muon
kind=muon
kind=muon
kind=muon
P:  torch.Size([12, 32])
S torch.Size([12, 12, 32])
P:  torch.Size([1536, 1536])
S torch.Size([96, 1536, 1536])
P:  torch.Size([1536, 6144])
S torch.Size([24, 1536, 6144])
P:  torch.Size([6144, 1536])
S torch.Size([24, 6144, 1536])
step 00917/02088 (43.92%) | loss: 2.942334 | lrm: 1.00 | dt: 14589.02ms | tok/sec: 71,874 | bf16_mfu: 35.94 | epoch: 1 | total time: 220.61m | eta: 284.8m
kind=muon
kind=muon
kind=muon
kind=muon
P:  torch.Size([12, 32])
S torch.Size([12, 12, 32])
P:  torch.Size([1536, 1536])
S torch.Size([96, 1536, 1536])
P:  torch.Size([1536, 6144])
S torch.Size([24, 1536, 6144])
P:  torch.Size([6144, 1536])
S torch.Size([24, 6144, 1536])
step 00918/02088 (43.97%) | loss: 2.946260 | lrm: 1.00 | dt: 14582.74ms | tok/sec: 71,905 | bf16_mfu: 35.95 | epoch: 1 | total time: 220.86m | eta: 284.6m
kind=muon
kind=muon
kind=muon
kind=muon
P:  torch.Size([12, 32])
S torch.Size([12, 12, 32])
P:  torch.Size([1536, 1536])
S torch.Size([96, 1536, 1536])
P:  torch.Size([1536, 6144])
S torch.Size([24, 1536, 6144])
P:  torch.Size([6144, 1536])
S torch.Size([24, 6144, 1536])
step 00919/02088 (44.01%) | loss: 2.953109 | lrm: 1.00 | dt: 14581.35ms | tok/sec: 71,912 | bf16_mfu: 35.96 | epoch: 1 | total time: 221.10m | eta: 284.3m
kind=muon
kind=muon
kind=muon
kind=muon
P:  torch.Size([12, 32])
S torch.Size([12, 12, 32])
P:  torch.Size([1536, 1536])
S torch.Size([96, 1536, 1536])
P:  torch.Size([1536, 6144])
S torch.Size([24, 1536, 6144])
P:  torch.Size([6144, 1536])
S torch.Size([24, 6144, 1536])
step 00920/02088 (44.06%) | loss: 2.965473 | lrm: 1.00 | dt: 14585.31ms | tok/sec: 71,892 | bf16_mfu: 35.95 | epoch: 1 | total time: 221.34m | eta: 284.1m
kind=muon
kind=muon
kind=muon
kind=muon
P:  torch.Size([12, 32])
S torch.Size([12, 12, 32])
P:  torch.Size([1536, 1536])
S torch.Size([96, 1536, 1536])
P:  torch.Size([1536, 6144])
S torch.Size([24, 1536, 6144])
P:  torch.Size([6144, 1536])
S torch.Size([24, 6144, 1536])
step 00921/02088 (44.11%) | loss: 2.965826 | lrm: 1.00 | dt: 14590.48ms | tok/sec: 71,867 | bf16_mfu: 35.93 | epoch: 1 | total time: 221.59m | eta: 283.9m
kind=muon
kind=muon
kind=muon
kind=muon
P:  torch.Size([12, 32])
S torch.Size([12, 12, 32])
P:  torch.Size([1536, 1536])
S torch.Size([96, 1536, 1536])
P:  torch.Size([1536, 6144])
S torch.Size([24, 1536, 6144])
P:  torch.Size([6144, 1536])
S torch.Size([24, 6144, 1536])
step 00922/02088 (44.16%) | loss: 2.945497 | lrm: 1.00 | dt: 14584.97ms | tok/sec: 71,894 | bf16_mfu: 35.95 | epoch: 1 | total time: 221.83m | eta: 283.6m
kind=muon
kind=muon
kind=muon
kind=muon
P:  torch.Size([12, 32])
S torch.Size([12, 12, 32])
P:  torch.Size([1536, 1536])
S torch.Size([96, 1536, 1536])
P:  torch.Size([1536, 6144])
S torch.Size([24, 1536, 6144])
P:  torch.Size([6144, 1536])
S torch.Size([24, 6144, 1536])
step 00923/02088 (44.20%) | loss: 2.941960 | lrm: 1.00 | dt: 14577.97ms | tok/sec: 71,928 | bf16_mfu: 35.97 | epoch: 1 | total time: 222.07m | eta: 283.4m
kind=muon
kind=muon
kind=muon
kind=muon
P:  torch.Size([12, 32])
S torch.Size([12, 12, 32])
P:  torch.Size([1536, 1536])
S torch.Size([96, 1536, 1536])
P:  torch.Size([1536, 6144])
S torch.Size([24, 1536, 6144])
P:  torch.Size([6144, 1536])
S torch.Size([24, 6144, 1536])
step 00924/02088 (44.25%) | loss: 2.927625 | lrm: 1.00 | dt: 14580.84ms | tok/sec: 71,914 | bf16_mfu: 35.96 | epoch: 1 | total time: 222.31m | eta: 283.1m
kind=muon
kind=muon
kind=muon
kind=muon
P:  torch.Size([12, 32])
S torch.Size([12, 12, 32])
P:  torch.Size([1536, 1536])
S torch.Size([96, 1536, 1536])
P:  torch.Size([1536, 6144])
S torch.Size([24, 1536, 6144])
P:  torch.Size([6144, 1536])
S torch.Size([24, 6144, 1536])
step 00925/02088 (44.30%) | loss: 2.931631 | lrm: 1.00 | dt: 14580.58ms | tok/sec: 71,915 | bf16_mfu: 35.96 | epoch: 1 | total time: 222.56m | eta: 282.9m
kind=muon
kind=muon
kind=muon
kind=muon
P:  torch.Size([12, 32])
S torch.Size([12, 12, 32])
P:  torch.Size([1536, 1536])
S torch.Size([96, 1536, 1536])
P:  torch.Size([1536, 6144])
S torch.Size([24, 1536, 6144])
P:  torch.Size([6144, 1536])
S torch.Size([24, 6144, 1536])
step 00926/02088 (44.35%) | loss: 2.933576 | lrm: 1.00 | dt: 14585.14ms | tok/sec: 71,893 | bf16_mfu: 35.95 | epoch: 1 | total time: 222.80m | eta: 282.6m
kind=muon
kind=muon
kind=muon
kind=muon
P:  torch.Size([12, 32])
S torch.Size([12, 12, 32])
P:  torch.Size([1536, 1536])
S torch.Size([96, 1536, 1536])
P:  torch.Size([1536, 6144])
S torch.Size([24, 1536, 6144])
P:  torch.Size([6144, 1536])
S torch.Size([24, 6144, 1536])
step 00927/02088 (44.40%) | loss: 2.947230 | lrm: 1.00 | dt: 14590.42ms | tok/sec: 71,867 | bf16_mfu: 35.93 | epoch: 1 | total time: 223.04m | eta: 282.4m
kind=muon
kind=muon
kind=muon
kind=muon
P:  torch.Size([12, 32])
S torch.Size([12, 12, 32])
P:  torch.Size([1536, 1536])
S torch.Size([96, 1536, 1536])
P:  torch.Size([1536, 6144])
S torch.Size([24, 1536, 6144])
P:  torch.Size([6144, 1536])
S torch.Size([24, 6144, 1536])
step 00928/02088 (44.44%) | loss: 2.952988 | lrm: 1.00 | dt: 14581.23ms | tok/sec: 71,912 | bf16_mfu: 35.96 | epoch: 1 | total time: 223.29m | eta: 282.1m
kind=muon
kind=muon
kind=muon
kind=muon
P:  torch.Size([12, 32])
S torch.Size([12, 12, 32])
P:  torch.Size([1536, 1536])
S torch.Size([96, 1536, 1536])
P:  torch.Size([1536, 6144])
S torch.Size([24, 1536, 6144])
P:  torch.Size([6144, 1536])
S torch.Size([24, 6144, 1536])
step 00929/02088 (44.49%) | loss: 2.944388 | lrm: 1.00 | dt: 14584.89ms | tok/sec: 71,894 | bf16_mfu: 35.95 | epoch: 1 | total time: 223.53m | eta: 281.9m
kind=muon
kind=muon
kind=muon
kind=muon
P:  torch.Size([12, 32])
S torch.Size([12, 12, 32])
P:  torch.Size([1536, 1536])
S torch.Size([96, 1536, 1536])
P:  torch.Size([1536, 6144])
S torch.Size([24, 1536, 6144])
P:  torch.Size([6144, 1536])
S torch.Size([24, 6144, 1536])
step 00930/02088 (44.54%) | loss: 2.945626 | lrm: 1.00 | dt: 14587.03ms | tok/sec: 71,884 | bf16_mfu: 35.94 | epoch: 1 | total time: 223.77m | eta: 281.7m
kind=muon
kind=muon
kind=muon
kind=muon
P:  torch.Size([12, 32])
S torch.Size([12, 12, 32])
P:  torch.Size([1536, 1536])
S torch.Size([96, 1536, 1536])
P:  torch.Size([1536, 6144])
S torch.Size([24, 1536, 6144])
P:  torch.Size([6144, 1536])
S torch.Size([24, 6144, 1536])
step 00931/02088 (44.59%) | loss: 2.949995 | lrm: 1.00 | dt: 14583.59ms | tok/sec: 71,901 | bf16_mfu: 35.95 | epoch: 1 | total time: 224.02m | eta: 281.4m
kind=muon
kind=muon
kind=muon
kind=muon
P:  torch.Size([12, 32])
S torch.Size([12, 12, 32])
P:  torch.Size([1536, 1536])
S torch.Size([96, 1536, 1536])
P:  torch.Size([1536, 6144])
S torch.Size([24, 1536, 6144])
P:  torch.Size([6144, 1536])
S torch.Size([24, 6144, 1536])
step 00932/02088 (44.64%) | loss: 2.960306 | lrm: 1.00 | dt: 14580.46ms | tok/sec: 71,916 | bf16_mfu: 35.96 | epoch: 1 | total time: 224.26m | eta: 281.2m
kind=muon
kind=muon
kind=muon
kind=muon
P:  torch.Size([12, 32])
S torch.Size([12, 12, 32])
P:  torch.Size([1536, 1536])
S torch.Size([96, 1536, 1536])
P:  torch.Size([1536, 6144])
S torch.Size([24, 1536, 6144])
P:  torch.Size([6144, 1536])
S torch.Size([24, 6144, 1536])
step 00933/02088 (44.68%) | loss: 2.947373 | lrm: 1.00 | dt: 14594.26ms | tok/sec: 71,848 | bf16_mfu: 35.93 | epoch: 1 | total time: 224.50m | eta: 280.9m
kind=muon
kind=muon
kind=muon
kind=muon
P:  torch.Size([12, 32])
S torch.Size([12, 12, 32])
P:  torch.Size([1536, 1536])
S torch.Size([96, 1536, 1536])
P:  torch.Size([1536, 6144])
S torch.Size([24, 1536, 6144])
P:  torch.Size([6144, 1536])
S torch.Size([24, 6144, 1536])
step 00934/02088 (44.73%) | loss: 2.936065 | lrm: 1.00 | dt: 14584.61ms | tok/sec: 71,896 | bf16_mfu: 35.95 | epoch: 1 | total time: 224.75m | eta: 280.7m
kind=muon
kind=muon
kind=muon
kind=muon
P:  torch.Size([12, 32])
S torch.Size([12, 12, 32])
P:  torch.Size([1536, 1536])
S torch.Size([96, 1536, 1536])
P:  torch.Size([1536, 6144])
S torch.Size([24, 1536, 6144])
P:  torch.Size([6144, 1536])
S torch.Size([24, 6144, 1536])
step 00935/02088 (44.78%) | loss: 2.936405 | lrm: 1.00 | dt: 14582.13ms | tok/sec: 71,908 | bf16_mfu: 35.95 | epoch: 1 | total time: 224.99m | eta: 280.4m
kind=muon
kind=muon
kind=muon
kind=muon
P:  torch.Size([12, 32])
S torch.Size([12, 12, 32])
P:  torch.Size([1536, 1536])
S torch.Size([96, 1536, 1536])
P:  torch.Size([1536, 6144])
S torch.Size([24, 1536, 6144])
P:  torch.Size([6144, 1536])
S torch.Size([24, 6144, 1536])
step 00936/02088 (44.83%) | loss: 2.929406 | lrm: 1.00 | dt: 14588.69ms | tok/sec: 71,875 | bf16_mfu: 35.94 | epoch: 1 | total time: 225.23m | eta: 280.2m
kind=muon
kind=muon
kind=muon
kind=muon
P:  torch.Size([12, 32])
S torch.Size([12, 12, 32])
P:  torch.Size([1536, 1536])
S torch.Size([96, 1536, 1536])
P:  torch.Size([1536, 6144])
S torch.Size([24, 1536, 6144])
P:  torch.Size([6144, 1536])
S torch.Size([24, 6144, 1536])
step 00937/02088 (44.88%) | loss: 2.933743 | lrm: 1.00 | dt: 14585.43ms | tok/sec: 71,892 | bf16_mfu: 35.95 | epoch: 1 | total time: 225.47m | eta: 280.0m
kind=muon
kind=muon
kind=muon
kind=muon
P:  torch.Size([12, 32])
S torch.Size([12, 12, 32])
P:  torch.Size([1536, 1536])
S torch.Size([96, 1536, 1536])
P:  torch.Size([1536, 6144])
S torch.Size([24, 1536, 6144])
P:  torch.Size([6144, 1536])
S torch.Size([24, 6144, 1536])
step 00938/02088 (44.92%) | loss: 2.938620 | lrm: 1.00 | dt: 14585.92ms | tok/sec: 71,889 | bf16_mfu: 35.95 | epoch: 1 | total time: 225.72m | eta: 279.7m
kind=muon
kind=muon
kind=muon
kind=muon
P:  torch.Size([12, 32])
S torch.Size([12, 12, 32])
P:  torch.Size([1536, 1536])
S torch.Size([96, 1536, 1536])
P:  torch.Size([1536, 6144])
S torch.Size([24, 1536, 6144])
P:  torch.Size([6144, 1536])
S torch.Size([24, 6144, 1536])
step 00939/02088 (44.97%) | loss: 2.928077 | lrm: 1.00 | dt: 14585.98ms | tok/sec: 71,889 | bf16_mfu: 35.95 | epoch: 1 | total time: 225.96m | eta: 279.5m
kind=muon
kind=muon
kind=muon
kind=muon
P:  torch.Size([12, 32])
S torch.Size([12, 12, 32])
P:  torch.Size([1536, 1536])
S torch.Size([96, 1536, 1536])
P:  torch.Size([1536, 6144])
S torch.Size([24, 1536, 6144])
P:  torch.Size([6144, 1536])
S torch.Size([24, 6144, 1536])
step 00940/02088 (45.02%) | loss: 2.936321 | lrm: 1.00 | dt: 14588.19ms | tok/sec: 71,878 | bf16_mfu: 35.94 | epoch: 1 | total time: 226.20m | eta: 279.2m
kind=muon
kind=muon
kind=muon
kind=muon
P:  torch.Size([12, 32])
S torch.Size([12, 12, 32])
P:  torch.Size([1536, 1536])
S torch.Size([96, 1536, 1536])
P:  torch.Size([1536, 6144])
S torch.Size([24, 1536, 6144])
P:  torch.Size([6144, 1536])
S torch.Size([24, 6144, 1536])
step 00941/02088 (45.07%) | loss: 2.929682 | lrm: 1.00 | dt: 14585.48ms | tok/sec: 71,891 | bf16_mfu: 35.95 | epoch: 1 | total time: 226.45m | eta: 279.0m
kind=muon
kind=muon
kind=muon
kind=muon
P:  torch.Size([12, 32])
S torch.Size([12, 12, 32])
P:  torch.Size([1536, 1536])
S torch.Size([96, 1536, 1536])
P:  torch.Size([1536, 6144])
S torch.Size([24, 1536, 6144])
P:  torch.Size([6144, 1536])
S torch.Size([24, 6144, 1536])
step 00942/02088 (45.11%) | loss: 2.917588 | lrm: 1.00 | dt: 14587.74ms | tok/sec: 71,880 | bf16_mfu: 35.94 | epoch: 1 | total time: 226.69m | eta: 278.7m
kind=muon
kind=muon
kind=muon
kind=muon
P:  torch.Size([12, 32])
S torch.Size([12, 12, 32])
P:  torch.Size([1536, 1536])
S torch.Size([96, 1536, 1536])
P:  torch.Size([1536, 6144])
S torch.Size([24, 1536, 6144])
P:  torch.Size([6144, 1536])
S torch.Size([24, 6144, 1536])
step 00943/02088 (45.16%) | loss: 2.918837 | lrm: 1.00 | dt: 14588.46ms | tok/sec: 71,877 | bf16_mfu: 35.94 | epoch: 1 | total time: 226.93m | eta: 278.5m
kind=muon
kind=muon
kind=muon
kind=muon
P:  torch.Size([12, 32])
S torch.Size([12, 12, 32])
P:  torch.Size([1536, 1536])
S torch.Size([96, 1536, 1536])
P:  torch.Size([1536, 6144])
S torch.Size([24, 1536, 6144])
P:  torch.Size([6144, 1536])
S torch.Size([24, 6144, 1536])
step 00944/02088 (45.21%) | loss: 2.918235 | lrm: 1.00 | dt: 14587.67ms | tok/sec: 71,880 | bf16_mfu: 35.94 | epoch: 1 | total time: 227.18m | eta: 278.3m
kind=muon
kind=muon
kind=muon
kind=muon
P:  torch.Size([12, 32])
S torch.Size([12, 12, 32])
P:  torch.Size([1536, 1536])
S torch.Size([96, 1536, 1536])
P:  torch.Size([1536, 6144])
S torch.Size([24, 1536, 6144])
P:  torch.Size([6144, 1536])
S torch.Size([24, 6144, 1536])
step 00945/02088 (45.26%) | loss: 2.910465 | lrm: 1.00 | dt: 14585.94ms | tok/sec: 71,889 | bf16_mfu: 35.95 | epoch: 1 | total time: 227.42m | eta: 278.0m
kind=muon
kind=muon
kind=muon
kind=muon
P:  torch.Size([12, 32])
S torch.Size([12, 12, 32])
P:  torch.Size([1536, 1536])
S torch.Size([96, 1536, 1536])
P:  torch.Size([1536, 6144])
S torch.Size([24, 1536, 6144])
P:  torch.Size([6144, 1536])
S torch.Size([24, 6144, 1536])
step 00946/02088 (45.31%) | loss: 2.911741 | lrm: 1.00 | dt: 14587.82ms | tok/sec: 71,880 | bf16_mfu: 35.94 | epoch: 1 | total time: 227.66m | eta: 277.8m
kind=muon
kind=muon
kind=muon
kind=muon
P:  torch.Size([12, 32])
S torch.Size([12, 12, 32])
P:  torch.Size([1536, 1536])
S torch.Size([96, 1536, 1536])
P:  torch.Size([1536, 6144])
S torch.Size([24, 1536, 6144])
P:  torch.Size([6144, 1536])
S torch.Size([24, 6144, 1536])
step 00947/02088 (45.35%) | loss: 2.903476 | lrm: 1.00 | dt: 14584.07ms | tok/sec: 71,898 | bf16_mfu: 35.95 | epoch: 1 | total time: 227.91m | eta: 277.5m
kind=muon
kind=muon
kind=muon
kind=muon
P:  torch.Size([12, 32])
S torch.Size([12, 12, 32])
P:  torch.Size([1536, 1536])
S torch.Size([96, 1536, 1536])
P:  torch.Size([1536, 6144])
S torch.Size([24, 1536, 6144])
P:  torch.Size([6144, 1536])
S torch.Size([24, 6144, 1536])
step 00948/02088 (45.40%) | loss: 2.915443 | lrm: 1.00 | dt: 14580.86ms | tok/sec: 71,914 | bf16_mfu: 35.96 | epoch: 1 | total time: 228.15m | eta: 277.3m
kind=muon
kind=muon
kind=muon
kind=muon
P:  torch.Size([12, 32])
S torch.Size([12, 12, 32])
P:  torch.Size([1536, 1536])
S torch.Size([96, 1536, 1536])
P:  torch.Size([1536, 6144])
S torch.Size([24, 1536, 6144])
P:  torch.Size([6144, 1536])
S torch.Size([24, 6144, 1536])
step 00949/02088 (45.45%) | loss: 2.895950 | lrm: 1.00 | dt: 14582.48ms | tok/sec: 71,906 | bf16_mfu: 35.95 | epoch: 1 | total time: 228.39m | eta: 277.0m
kind=muon
kind=muon
kind=muon
kind=muon
P:  torch.Size([12, 32])
S torch.Size([12, 12, 32])
P:  torch.Size([1536, 1536])
S torch.Size([96, 1536, 1536])
P:  torch.Size([1536, 6144])
S torch.Size([24, 1536, 6144])
P:  torch.Size([6144, 1536])
S torch.Size([24, 6144, 1536])
step 00950/02088 (45.50%) | loss: 2.908454 | lrm: 1.00 | dt: 14587.57ms | tok/sec: 71,881 | bf16_mfu: 35.94 | epoch: 1 | total time: 228.64m | eta: 276.8m
kind=muon
kind=muon
kind=muon
kind=muon
P:  torch.Size([12, 32])
S torch.Size([12, 12, 32])
P:  torch.Size([1536, 1536])
S torch.Size([96, 1536, 1536])
P:  torch.Size([1536, 6144])
S torch.Size([24, 1536, 6144])
P:  torch.Size([6144, 1536])
S torch.Size([24, 6144, 1536])
step 00951/02088 (45.55%) | loss: 2.919109 | lrm: 1.00 | dt: 14586.86ms | tok/sec: 71,884 | bf16_mfu: 35.94 | epoch: 1 | total time: 228.88m | eta: 276.6m
kind=muon
kind=muon
kind=muon
kind=muon
P:  torch.Size([12, 32])
S torch.Size([12, 12, 32])
P:  torch.Size([1536, 1536])
S torch.Size([96, 1536, 1536])
P:  torch.Size([1536, 6144])
S torch.Size([24, 1536, 6144])
P:  torch.Size([6144, 1536])
S torch.Size([24, 6144, 1536])
step 00952/02088 (45.59%) | loss: 2.927279 | lrm: 1.00 | dt: 14586.54ms | tok/sec: 71,886 | bf16_mfu: 35.94 | epoch: 1 | total time: 229.12m | eta: 276.3m
kind=muon
kind=muon
kind=muon
kind=muon
P:  torch.Size([12, 32])
S torch.Size([12, 12, 32])
P:  torch.Size([1536, 1536])
S torch.Size([96, 1536, 1536])
P:  torch.Size([1536, 6144])
S torch.Size([24, 1536, 6144])
P:  torch.Size([6144, 1536])
S torch.Size([24, 6144, 1536])
step 00953/02088 (45.64%) | loss: 2.927938 | lrm: 1.00 | dt: 14579.39ms | tok/sec: 71,921 | bf16_mfu: 35.96 | epoch: 1 | total time: 229.36m | eta: 276.1m
kind=muon
kind=muon
kind=muon
kind=muon
P:  torch.Size([12, 32])
S torch.Size([12, 12, 32])
P:  torch.Size([1536, 1536])
S torch.Size([96, 1536, 1536])
P:  torch.Size([1536, 6144])
S torch.Size([24, 1536, 6144])
P:  torch.Size([6144, 1536])
S torch.Size([24, 6144, 1536])
step 00954/02088 (45.69%) | loss: 2.934263 | lrm: 1.00 | dt: 14585.38ms | tok/sec: 71,892 | bf16_mfu: 35.95 | epoch: 1 | total time: 229.61m | eta: 275.8m
kind=muon
kind=muon
kind=muon
kind=muon
P:  torch.Size([12, 32])
S torch.Size([12, 12, 32])
P:  torch.Size([1536, 1536])
S torch.Size([96, 1536, 1536])
P:  torch.Size([1536, 6144])
S torch.Size([24, 1536, 6144])
P:  torch.Size([6144, 1536])
S torch.Size([24, 6144, 1536])
step 00955/02088 (45.74%) | loss: 2.939992 | lrm: 1.00 | dt: 14591.26ms | tok/sec: 71,863 | bf16_mfu: 35.93 | epoch: 1 | total time: 229.85m | eta: 275.6m
kind=muon
kind=muon
kind=muon
kind=muon
P:  torch.Size([12, 32])
S torch.Size([12, 12, 32])
P:  torch.Size([1536, 1536])
S torch.Size([96, 1536, 1536])
P:  torch.Size([1536, 6144])
S torch.Size([24, 1536, 6144])
P:  torch.Size([6144, 1536])
S torch.Size([24, 6144, 1536])
step 00956/02088 (45.79%) | loss: 2.936374 | lrm: 1.00 | dt: 14583.95ms | tok/sec: 71,899 | bf16_mfu: 35.95 | epoch: 1 | total time: 230.09m | eta: 275.3m
kind=muon
kind=muon
kind=muon
kind=muon
P:  torch.Size([12, 32])
S torch.Size([12, 12, 32])
P:  torch.Size([1536, 1536])
S torch.Size([96, 1536, 1536])
P:  torch.Size([1536, 6144])
S torch.Size([24, 1536, 6144])
P:  torch.Size([6144, 1536])
S torch.Size([24, 6144, 1536])
step 00957/02088 (45.83%) | loss: 2.950012 | lrm: 1.00 | dt: 14581.24ms | tok/sec: 71,912 | bf16_mfu: 35.96 | epoch: 1 | total time: 230.34m | eta: 275.1m
kind=muon
kind=muon
kind=muon
kind=muon
P:  torch.Size([12, 32])
S torch.Size([12, 12, 32])
P:  torch.Size([1536, 1536])
S torch.Size([96, 1536, 1536])
P:  torch.Size([1536, 6144])
S torch.Size([24, 1536, 6144])
P:  torch.Size([6144, 1536])
S torch.Size([24, 6144, 1536])
step 00958/02088 (45.88%) | loss: 2.947686 | lrm: 1.00 | dt: 14584.73ms | tok/sec: 71,895 | bf16_mfu: 35.95 | epoch: 1 | total time: 230.58m | eta: 274.8m
kind=muon
kind=muon
kind=muon
kind=muon
P:  torch.Size([12, 32])
S torch.Size([12, 12, 32])
P:  torch.Size([1536, 1536])
S torch.Size([96, 1536, 1536])
P:  torch.Size([1536, 6144])
S torch.Size([24, 1536, 6144])
P:  torch.Size([6144, 1536])
S torch.Size([24, 6144, 1536])
step 00959/02088 (45.93%) | loss: 2.948663 | lrm: 1.00 | dt: 14591.16ms | tok/sec: 71,863 | bf16_mfu: 35.93 | epoch: 1 | total time: 230.82m | eta: 274.6m
kind=muon
kind=muon
kind=muon
kind=muon
P:  torch.Size([12, 32])
S torch.Size([12, 12, 32])
P:  torch.Size([1536, 1536])
S torch.Size([96, 1536, 1536])
P:  torch.Size([1536, 6144])
S torch.Size([24, 1536, 6144])
P:  torch.Size([6144, 1536])
S torch.Size([24, 6144, 1536])
step 00960/02088 (45.98%) | loss: 2.936944 | lrm: 1.00 | dt: 14581.72ms | tok/sec: 71,910 | bf16_mfu: 35.96 | epoch: 1 | total time: 231.07m | eta: 274.4m
kind=muon
kind=muon
kind=muon
kind=muon
P:  torch.Size([12, 32])
S torch.Size([12, 12, 32])
P:  torch.Size([1536, 1536])
S torch.Size([96, 1536, 1536])
P:  torch.Size([1536, 6144])
S torch.Size([24, 1536, 6144])
P:  torch.Size([6144, 1536])
S torch.Size([24, 6144, 1536])
step 00961/02088 (46.02%) | loss: 2.935989 | lrm: 1.00 | dt: 14586.33ms | tok/sec: 71,887 | bf16_mfu: 35.94 | epoch: 1 | total time: 231.31m | eta: 274.1m
kind=muon
kind=muon
kind=muon
kind=muon
P:  torch.Size([12, 32])
S torch.Size([12, 12, 32])
P:  torch.Size([1536, 1536])
S torch.Size([96, 1536, 1536])
P:  torch.Size([1536, 6144])
S torch.Size([24, 1536, 6144])
P:  torch.Size([6144, 1536])
S torch.Size([24, 6144, 1536])
step 00962/02088 (46.07%) | loss: 2.930579 | lrm: 1.00 | dt: 14583.80ms | tok/sec: 71,900 | bf16_mfu: 35.95 | epoch: 1 | total time: 231.55m | eta: 273.9m
kind=muon
kind=muon
kind=muon
kind=muon
P:  torch.Size([12, 32])
S torch.Size([12, 12, 32])
P:  torch.Size([1536, 1536])
S torch.Size([96, 1536, 1536])
P:  torch.Size([1536, 6144])
S torch.Size([24, 1536, 6144])
P:  torch.Size([6144, 1536])
S torch.Size([24, 6144, 1536])
step 00963/02088 (46.12%) | loss: 2.934561 | lrm: 1.00 | dt: 14585.94ms | tok/sec: 71,889 | bf16_mfu: 35.95 | epoch: 1 | total time: 231.80m | eta: 273.6m
kind=muon
kind=muon
kind=muon
kind=muon
P:  torch.Size([12, 32])
S torch.Size([12, 12, 32])
P:  torch.Size([1536, 1536])
S torch.Size([96, 1536, 1536])
P:  torch.Size([1536, 6144])
S torch.Size([24, 1536, 6144])
P:  torch.Size([6144, 1536])
S torch.Size([24, 6144, 1536])
step 00964/02088 (46.17%) | loss: 2.930880 | lrm: 1.00 | dt: 14586.45ms | tok/sec: 71,886 | bf16_mfu: 35.94 | epoch: 1 | total time: 232.04m | eta: 273.4m
kind=muon
kind=muon
kind=muon
kind=muon
P:  torch.Size([12, 32])
S torch.Size([12, 12, 32])
P:  torch.Size([1536, 1536])
S torch.Size([96, 1536, 1536])
P:  torch.Size([1536, 6144])
S torch.Size([24, 1536, 6144])
P:  torch.Size([6144, 1536])
S torch.Size([24, 6144, 1536])
step 00965/02088 (46.22%) | loss: 2.921369 | lrm: 1.00 | dt: 14588.21ms | tok/sec: 71,878 | bf16_mfu: 35.94 | epoch: 1 | total time: 232.28m | eta: 273.1m
kind=muon
kind=muon
kind=muon
kind=muon
P:  torch.Size([12, 32])
S torch.Size([12, 12, 32])
P:  torch.Size([1536, 1536])
S torch.Size([96, 1536, 1536])
P:  torch.Size([1536, 6144])
S torch.Size([24, 1536, 6144])
P:  torch.Size([6144, 1536])
S torch.Size([24, 6144, 1536])
step 00966/02088 (46.26%) | loss: 2.927263 | lrm: 1.00 | dt: 14584.41ms | tok/sec: 71,897 | bf16_mfu: 35.95 | epoch: 1 | total time: 232.52m | eta: 272.9m
kind=muon
kind=muon
kind=muon
kind=muon
P:  torch.Size([12, 32])
S torch.Size([12, 12, 32])
P:  torch.Size([1536, 1536])
S torch.Size([96, 1536, 1536])
P:  torch.Size([1536, 6144])
S torch.Size([24, 1536, 6144])
P:  torch.Size([6144, 1536])
S torch.Size([24, 6144, 1536])
step 00967/02088 (46.31%) | loss: 2.913658 | lrm: 1.00 | dt: 14577.86ms | tok/sec: 71,929 | bf16_mfu: 35.97 | epoch: 1 | total time: 232.77m | eta: 272.7m
kind=muon
kind=muon
kind=muon
kind=muon
P:  torch.Size([12, 32])
S torch.Size([12, 12, 32])
P:  torch.Size([1536, 1536])
S torch.Size([96, 1536, 1536])
P:  torch.Size([1536, 6144])
S torch.Size([24, 1536, 6144])
P:  torch.Size([6144, 1536])
S torch.Size([24, 6144, 1536])
step 00968/02088 (46.36%) | loss: 2.924306 | lrm: 1.00 | dt: 14584.41ms | tok/sec: 71,897 | bf16_mfu: 35.95 | epoch: 1 | total time: 233.01m | eta: 272.4m
kind=muon
kind=muon
kind=muon
kind=muon
P:  torch.Size([12, 32])
S torch.Size([12, 12, 32])
P:  torch.Size([1536, 1536])
S torch.Size([96, 1536, 1536])
P:  torch.Size([1536, 6144])
S torch.Size([24, 1536, 6144])
P:  torch.Size([6144, 1536])
S torch.Size([24, 6144, 1536])
step 00969/02088 (46.41%) | loss: 2.933364 | lrm: 1.00 | dt: 14580.95ms | tok/sec: 71,914 | bf16_mfu: 35.96 | epoch: 1 | total time: 233.25m | eta: 272.2m
kind=muon
kind=muon
kind=muon
kind=muon
P:  torch.Size([12, 32])
S torch.Size([12, 12, 32])
P:  torch.Size([1536, 1536])
S torch.Size([96, 1536, 1536])
P:  torch.Size([1536, 6144])
S torch.Size([24, 1536, 6144])
P:  torch.Size([6144, 1536])
S torch.Size([24, 6144, 1536])
step 00970/02088 (46.46%) | loss: 2.926297 | lrm: 1.00 | dt: 14580.12ms | tok/sec: 71,918 | bf16_mfu: 35.96 | epoch: 1 | total time: 233.50m | eta: 271.9m
kind=muon
kind=muon
kind=muon
kind=muon
P:  torch.Size([12, 32])
S torch.Size([12, 12, 32])
P:  torch.Size([1536, 1536])
S torch.Size([96, 1536, 1536])
P:  torch.Size([1536, 6144])
S torch.Size([24, 1536, 6144])
P:  torch.Size([6144, 1536])
S torch.Size([24, 6144, 1536])
step 00971/02088 (46.50%) | loss: 2.933268 | lrm: 1.00 | dt: 14580.48ms | tok/sec: 71,916 | bf16_mfu: 35.96 | epoch: 1 | total time: 233.74m | eta: 271.7m
kind=muon
kind=muon
kind=muon
kind=muon
P:  torch.Size([12, 32])
S torch.Size([12, 12, 32])
P:  torch.Size([1536, 1536])
S torch.Size([96, 1536, 1536])
P:  torch.Size([1536, 6144])
S torch.Size([24, 1536, 6144])
P:  torch.Size([6144, 1536])
S torch.Size([24, 6144, 1536])
step 00972/02088 (46.55%) | loss: 2.937210 | lrm: 1.00 | dt: 14583.32ms | tok/sec: 71,902 | bf16_mfu: 35.95 | epoch: 1 | total time: 233.98m | eta: 271.4m
kind=muon
kind=muon
kind=muon
kind=muon
P:  torch.Size([12, 32])
S torch.Size([12, 12, 32])
P:  torch.Size([1536, 1536])
S torch.Size([96, 1536, 1536])
P:  torch.Size([1536, 6144])
S torch.Size([24, 1536, 6144])
P:  torch.Size([6144, 1536])
S torch.Size([24, 6144, 1536])
step 00973/02088 (46.60%) | loss: 2.929200 | lrm: 1.00 | dt: 14587.19ms | tok/sec: 71,883 | bf16_mfu: 35.94 | epoch: 1 | total time: 234.23m | eta: 271.2m
kind=muon
kind=muon
kind=muon
kind=muon
P:  torch.Size([12, 32])
S torch.Size([12, 12, 32])
P:  torch.Size([1536, 1536])
S torch.Size([96, 1536, 1536])
P:  torch.Size([1536, 6144])
S torch.Size([24, 1536, 6144])
P:  torch.Size([6144, 1536])
S torch.Size([24, 6144, 1536])
step 00974/02088 (46.65%) | loss: 2.924868 | lrm: 1.00 | dt: 14579.93ms | tok/sec: 71,919 | bf16_mfu: 35.96 | epoch: 1 | total time: 234.47m | eta: 271.0m
kind=muon
kind=muon
kind=muon
kind=muon
P:  torch.Size([12, 32])
S torch.Size([12, 12, 32])
P:  torch.Size([1536, 1536])
S torch.Size([96, 1536, 1536])
P:  torch.Size([1536, 6144])
S torch.Size([24, 1536, 6144])
P:  torch.Size([6144, 1536])
S torch.Size([24, 6144, 1536])
step 00975/02088 (46.70%) | loss: 2.930440 | lrm: 1.00 | dt: 14590.83ms | tok/sec: 71,865 | bf16_mfu: 35.93 | epoch: 1 | total time: 234.71m | eta: 270.7m
kind=muon
kind=muon
kind=muon
kind=muon
P:  torch.Size([12, 32])
S torch.Size([12, 12, 32])
P:  torch.Size([1536, 1536])
S torch.Size([96, 1536, 1536])
P:  torch.Size([1536, 6144])
S torch.Size([24, 1536, 6144])
P:  torch.Size([6144, 1536])
S torch.Size([24, 6144, 1536])
step 00976/02088 (46.74%) | loss: 2.918572 | lrm: 1.00 | dt: 14589.26ms | tok/sec: 71,873 | bf16_mfu: 35.94 | epoch: 1 | total time: 234.96m | eta: 270.5m
kind=muon
kind=muon
kind=muon
kind=muon
P:  torch.Size([12, 32])
S torch.Size([12, 12, 32])
P:  torch.Size([1536, 1536])
S torch.Size([96, 1536, 1536])
P:  torch.Size([1536, 6144])
S torch.Size([24, 1536, 6144])
P:  torch.Size([6144, 1536])
S torch.Size([24, 6144, 1536])
step 00977/02088 (46.79%) | loss: 2.926792 | lrm: 1.00 | dt: 14581.28ms | tok/sec: 71,912 | bf16_mfu: 35.96 | epoch: 1 | total time: 235.20m | eta: 270.2m
kind=muon
kind=muon
kind=muon
kind=muon
P:  torch.Size([12, 32])
S torch.Size([12, 12, 32])
P:  torch.Size([1536, 1536])
S torch.Size([96, 1536, 1536])
P:  torch.Size([1536, 6144])
S torch.Size([24, 1536, 6144])
P:  torch.Size([6144, 1536])
S torch.Size([24, 6144, 1536])
step 00978/02088 (46.84%) | loss: 2.924047 | lrm: 1.00 | dt: 14582.70ms | tok/sec: 71,905 | bf16_mfu: 35.95 | epoch: 1 | total time: 235.44m | eta: 270.0m
kind=muon
kind=muon
kind=muon
kind=muon
P:  torch.Size([12, 32])
S torch.Size([12, 12, 32])
P:  torch.Size([1536, 1536])
S torch.Size([96, 1536, 1536])
P:  torch.Size([1536, 6144])
S torch.Size([24, 1536, 6144])
P:  torch.Size([6144, 1536])
S torch.Size([24, 6144, 1536])
step 00979/02088 (46.89%) | loss: 2.928151 | lrm: 1.00 | dt: 14581.34ms | tok/sec: 71,912 | bf16_mfu: 35.96 | epoch: 1 | total time: 235.68m | eta: 269.7m
kind=muon
kind=muon
kind=muon
kind=muon
P:  torch.Size([12, 32])
S torch.Size([12, 12, 32])
P:  torch.Size([1536, 1536])
S torch.Size([96, 1536, 1536])
P:  torch.Size([1536, 6144])
S torch.Size([24, 1536, 6144])
P:  torch.Size([6144, 1536])
S torch.Size([24, 6144, 1536])
step 00980/02088 (46.93%) | loss: 2.930354 | lrm: 1.00 | dt: 14581.67ms | tok/sec: 71,910 | bf16_mfu: 35.96 | epoch: 1 | total time: 235.93m | eta: 269.5m
kind=muon
kind=muon
kind=muon
kind=muon
P:  torch.Size([12, 32])
S torch.Size([12, 12, 32])
P:  torch.Size([1536, 1536])
S torch.Size([96, 1536, 1536])
P:  torch.Size([1536, 6144])
S torch.Size([24, 1536, 6144])
P:  torch.Size([6144, 1536])
S torch.Size([24, 6144, 1536])
step 00981/02088 (46.98%) | loss: 2.929185 | lrm: 1.00 | dt: 14583.42ms | tok/sec: 71,901 | bf16_mfu: 35.95 | epoch: 1 | total time: 236.17m | eta: 269.2m
kind=muon
kind=muon
kind=muon
kind=muon
P:  torch.Size([12, 32])
S torch.Size([12, 12, 32])
P:  torch.Size([1536, 1536])
S torch.Size([96, 1536, 1536])
P:  torch.Size([1536, 6144])
S torch.Size([24, 1536, 6144])
P:  torch.Size([6144, 1536])
S torch.Size([24, 6144, 1536])
step 00982/02088 (47.03%) | loss: 2.929016 | lrm: 1.00 | dt: 14586.19ms | tok/sec: 71,888 | bf16_mfu: 35.94 | epoch: 1 | total time: 236.41m | eta: 269.0m
kind=muon
kind=muon
kind=muon
kind=muon
P:  torch.Size([12, 32])
S torch.Size([12, 12, 32])
P:  torch.Size([1536, 1536])
S torch.Size([96, 1536, 1536])
P:  torch.Size([1536, 6144])
S torch.Size([24, 1536, 6144])
P:  torch.Size([6144, 1536])
S torch.Size([24, 6144, 1536])
step 00983/02088 (47.08%) | loss: 2.938943 | lrm: 1.00 | dt: 14584.29ms | tok/sec: 71,897 | bf16_mfu: 35.95 | epoch: 1 | total time: 236.66m | eta: 268.8m
kind=muon
kind=muon
kind=muon
kind=muon
P:  torch.Size([12, 32])
S torch.Size([12, 12, 32])
P:  torch.Size([1536, 1536])
S torch.Size([96, 1536, 1536])
P:  torch.Size([1536, 6144])
S torch.Size([24, 1536, 6144])
P:  torch.Size([6144, 1536])
S torch.Size([24, 6144, 1536])
step 00984/02088 (47.13%) | loss: 2.927201 | lrm: 1.00 | dt: 14584.33ms | tok/sec: 71,897 | bf16_mfu: 35.95 | epoch: 1 | total time: 236.90m | eta: 268.5m
kind=muon
kind=muon
kind=muon
kind=muon
P:  torch.Size([12, 32])
S torch.Size([12, 12, 32])
P:  torch.Size([1536, 1536])
S torch.Size([96, 1536, 1536])
P:  torch.Size([1536, 6144])
S torch.Size([24, 1536, 6144])
P:  torch.Size([6144, 1536])
S torch.Size([24, 6144, 1536])
step 00985/02088 (47.17%) | loss: 2.918966 | lrm: 1.00 | dt: 14585.82ms | tok/sec: 71,890 | bf16_mfu: 35.95 | epoch: 1 | total time: 237.14m | eta: 268.3m
kind=muon
kind=muon
kind=muon
kind=muon
P:  torch.Size([12, 32])
S torch.Size([12, 12, 32])
P:  torch.Size([1536, 1536])
S torch.Size([96, 1536, 1536])
P:  torch.Size([1536, 6144])
S torch.Size([24, 1536, 6144])
P:  torch.Size([6144, 1536])
S torch.Size([24, 6144, 1536])
step 00986/02088 (47.22%) | loss: 2.917338 | lrm: 1.00 | dt: 14584.35ms | tok/sec: 71,897 | bf16_mfu: 35.95 | epoch: 1 | total time: 237.39m | eta: 268.0m
kind=muon
kind=muon
kind=muon
kind=muon
P:  torch.Size([12, 32])
S torch.Size([12, 12, 32])
P:  torch.Size([1536, 1536])
S torch.Size([96, 1536, 1536])
P:  torch.Size([1536, 6144])
S torch.Size([24, 1536, 6144])
P:  torch.Size([6144, 1536])
S torch.Size([24, 6144, 1536])
step 00987/02088 (47.27%) | loss: 2.917146 | lrm: 1.00 | dt: 14584.12ms | tok/sec: 71,898 | bf16_mfu: 35.95 | epoch: 1 | total time: 237.63m | eta: 267.8m
kind=muon
kind=muon
kind=muon
kind=muon
P:  torch.Size([12, 32])
S torch.Size([12, 12, 32])
P:  torch.Size([1536, 1536])
S torch.Size([96, 1536, 1536])
P:  torch.Size([1536, 6144])
S torch.Size([24, 1536, 6144])
P:  torch.Size([6144, 1536])
S torch.Size([24, 6144, 1536])
step 00988/02088 (47.32%) | loss: 2.908636 | lrm: 1.00 | dt: 14582.47ms | tok/sec: 71,906 | bf16_mfu: 35.95 | epoch: 1 | total time: 237.87m | eta: 267.5m
kind=muon
kind=muon
kind=muon
kind=muon
P:  torch.Size([12, 32])
S torch.Size([12, 12, 32])
P:  torch.Size([1536, 1536])
S torch.Size([96, 1536, 1536])
P:  torch.Size([1536, 6144])
S torch.Size([24, 1536, 6144])
P:  torch.Size([6144, 1536])
S torch.Size([24, 6144, 1536])
step 00989/02088 (47.37%) | loss: 2.929628 | lrm: 1.00 | dt: 14585.57ms | tok/sec: 71,891 | bf16_mfu: 35.95 | epoch: 1 | total time: 238.12m | eta: 267.3m
kind=muon
kind=muon
kind=muon
kind=muon
P:  torch.Size([12, 32])
S torch.Size([12, 12, 32])
P:  torch.Size([1536, 1536])
S torch.Size([96, 1536, 1536])
P:  torch.Size([1536, 6144])
S torch.Size([24, 1536, 6144])
P:  torch.Size([6144, 1536])
S torch.Size([24, 6144, 1536])
step 00990/02088 (47.41%) | loss: 2.918439 | lrm: 1.00 | dt: 14584.15ms | tok/sec: 71,898 | bf16_mfu: 35.95 | epoch: 1 | total time: 238.36m | eta: 267.1m
kind=muon
kind=muon
kind=muon
kind=muon
P:  torch.Size([12, 32])
S torch.Size([12, 12, 32])
P:  torch.Size([1536, 1536])
S torch.Size([96, 1536, 1536])
P:  torch.Size([1536, 6144])
S torch.Size([24, 1536, 6144])
P:  torch.Size([6144, 1536])
S torch.Size([24, 6144, 1536])
step 00991/02088 (47.46%) | loss: 2.923300 | lrm: 1.00 | dt: 14583.50ms | tok/sec: 71,901 | bf16_mfu: 35.95 | epoch: 1 | total time: 238.60m | eta: 266.8m
kind=muon
kind=muon
kind=muon
kind=muon
P:  torch.Size([12, 32])
S torch.Size([12, 12, 32])
P:  torch.Size([1536, 1536])
S torch.Size([96, 1536, 1536])
P:  torch.Size([1536, 6144])
S torch.Size([24, 1536, 6144])
P:  torch.Size([6144, 1536])
S torch.Size([24, 6144, 1536])
step 00992/02088 (47.51%) | loss: 2.913149 | lrm: 1.00 | dt: 14584.94ms | tok/sec: 71,894 | bf16_mfu: 35.95 | epoch: 1 | total time: 238.84m | eta: 266.6m
kind=muon
kind=muon
kind=muon
kind=muon
P:  torch.Size([12, 32])
S torch.Size([12, 12, 32])
P:  torch.Size([1536, 1536])
S torch.Size([96, 1536, 1536])
P:  torch.Size([1536, 6144])
S torch.Size([24, 1536, 6144])
P:  torch.Size([6144, 1536])
S torch.Size([24, 6144, 1536])
step 00993/02088 (47.56%) | loss: 2.910783 | lrm: 1.00 | dt: 14582.57ms | tok/sec: 71,906 | bf16_mfu: 35.95 | epoch: 1 | total time: 239.09m | eta: 266.3m
kind=muon
kind=muon
kind=muon
kind=muon
P:  torch.Size([12, 32])
S torch.Size([12, 12, 32])
P:  torch.Size([1536, 1536])
S torch.Size([96, 1536, 1536])
P:  torch.Size([1536, 6144])
S torch.Size([24, 1536, 6144])
P:  torch.Size([6144, 1536])
S torch.Size([24, 6144, 1536])
step 00994/02088 (47.61%) | loss: 2.910564 | lrm: 1.00 | dt: 14582.74ms | tok/sec: 71,905 | bf16_mfu: 35.95 | epoch: 1 | total time: 239.33m | eta: 266.1m
kind=muon
kind=muon
kind=muon
kind=muon
P:  torch.Size([12, 32])
S torch.Size([12, 12, 32])
P:  torch.Size([1536, 1536])
S torch.Size([96, 1536, 1536])
P:  torch.Size([1536, 6144])
S torch.Size([24, 1536, 6144])
P:  torch.Size([6144, 1536])
S torch.Size([24, 6144, 1536])
step 00995/02088 (47.65%) | loss: 2.916273 | lrm: 1.00 | dt: 14585.49ms | tok/sec: 71,891 | bf16_mfu: 35.95 | epoch: 1 | total time: 239.57m | eta: 265.8m
kind=muon
kind=muon
kind=muon
kind=muon
P:  torch.Size([12, 32])
S torch.Size([12, 12, 32])
P:  torch.Size([1536, 1536])
S torch.Size([96, 1536, 1536])
P:  torch.Size([1536, 6144])
S torch.Size([24, 1536, 6144])
P:  torch.Size([6144, 1536])
S torch.Size([24, 6144, 1536])
step 00996/02088 (47.70%) | loss: 2.917890 | lrm: 1.00 | dt: 14585.58ms | tok/sec: 71,891 | bf16_mfu: 35.95 | epoch: 1 | total time: 239.82m | eta: 265.6m
kind=muon
kind=muon
kind=muon
kind=muon
P:  torch.Size([12, 32])
S torch.Size([12, 12, 32])
P:  torch.Size([1536, 1536])
S torch.Size([96, 1536, 1536])
P:  torch.Size([1536, 6144])
S torch.Size([24, 1536, 6144])
P:  torch.Size([6144, 1536])
S torch.Size([24, 6144, 1536])
step 00997/02088 (47.75%) | loss: 2.899979 | lrm: 1.00 | dt: 14589.76ms | tok/sec: 71,870 | bf16_mfu: 35.94 | epoch: 1 | total time: 240.06m | eta: 265.4m
kind=muon
kind=muon
kind=muon
kind=muon
P:  torch.Size([12, 32])
S torch.Size([12, 12, 32])
P:  torch.Size([1536, 1536])
S torch.Size([96, 1536, 1536])
P:  torch.Size([1536, 6144])
S torch.Size([24, 1536, 6144])
P:  torch.Size([6144, 1536])
S torch.Size([24, 6144, 1536])
step 00998/02088 (47.80%) | loss: 2.898841 | lrm: 1.00 | dt: 14581.60ms | tok/sec: 71,910 | bf16_mfu: 35.96 | epoch: 1 | total time: 240.30m | eta: 265.1m
kind=muon
kind=muon
kind=muon
kind=muon
P:  torch.Size([12, 32])
S torch.Size([12, 12, 32])
P:  torch.Size([1536, 1536])
S torch.Size([96, 1536, 1536])
P:  torch.Size([1536, 6144])
S torch.Size([24, 1536, 6144])
P:  torch.Size([6144, 1536])
S torch.Size([24, 6144, 1536])
step 00999/02088 (47.84%) | loss: 2.922661 | lrm: 1.00 | dt: 14580.48ms | tok/sec: 71,916 | bf16_mfu: 35.96 | epoch: 1 | total time: 240.55m | eta: 264.9m
Step 01000 | Validation bpb: 0.890690
kind=muon
kind=muon
kind=muon
kind=muon
P:  torch.Size([12, 32])
S torch.Size([12, 12, 32])
P:  torch.Size([1536, 1536])
S torch.Size([96, 1536, 1536])
P:  torch.Size([1536, 6144])
S torch.Size([24, 1536, 6144])
P:  torch.Size([6144, 1536])
S torch.Size([24, 6144, 1536])
step 01000/02088 (47.89%) | loss: 2.919590 | lrm: 1.00 | dt: 14583.17ms | tok/sec: 71,903 | bf16_mfu: 35.95 | epoch: 1 | total time: 240.79m | eta: 264.6m
kind=muon
kind=muon
kind=muon
kind=muon
P:  torch.Size([12, 32])
S torch.Size([12, 12, 32])
P:  torch.Size([1536, 1536])
S torch.Size([96, 1536, 1536])
P:  torch.Size([1536, 6144])
S torch.Size([24, 1536, 6144])
P:  torch.Size([6144, 1536])
S torch.Size([24, 6144, 1536])
step 01001/02088 (47.94%) | loss: 2.916888 | lrm: 1.00 | dt: 14579.06ms | tok/sec: 71,923 | bf16_mfu: 35.96 | epoch: 1 | total time: 241.03m | eta: 264.4m
kind=muon
kind=muon
kind=muon
kind=muon
P:  torch.Size([12, 32])
S torch.Size([12, 12, 32])
P:  torch.Size([1536, 1536])
S torch.Size([96, 1536, 1536])
P:  torch.Size([1536, 6144])
S torch.Size([24, 1536, 6144])
P:  torch.Size([6144, 1536])
S torch.Size([24, 6144, 1536])
step 01002/02088 (47.99%) | loss: 2.922086 | lrm: 1.00 | dt: 14581.28ms | tok/sec: 71,912 | bf16_mfu: 35.96 | epoch: 1 | total time: 241.27m | eta: 264.1m
kind=muon
kind=muon
kind=muon
kind=muon
P:  torch.Size([12, 32])
S torch.Size([12, 12, 32])
P:  torch.Size([1536, 1536])
S torch.Size([96, 1536, 1536])
P:  torch.Size([1536, 6144])
S torch.Size([24, 1536, 6144])
P:  torch.Size([6144, 1536])
S torch.Size([24, 6144, 1536])
step 01003/02088 (48.04%) | loss: 2.923175 | lrm: 1.00 | dt: 14585.15ms | tok/sec: 71,893 | bf16_mfu: 35.95 | epoch: 1 | total time: 241.52m | eta: 263.9m
kind=muon
kind=muon
kind=muon
kind=muon
P:  torch.Size([12, 32])
S torch.Size([12, 12, 32])
P:  torch.Size([1536, 1536])
S torch.Size([96, 1536, 1536])
P:  torch.Size([1536, 6144])
S torch.Size([24, 1536, 6144])
P:  torch.Size([6144, 1536])
S torch.Size([24, 6144, 1536])
step 01004/02088 (48.08%) | loss: 2.930158 | lrm: 1.00 | dt: 14581.45ms | tok/sec: 71,911 | bf16_mfu: 35.96 | epoch: 1 | total time: 241.76m | eta: 263.7m
kind=muon
kind=muon
kind=muon
kind=muon
P:  torch.Size([12, 32])
S torch.Size([12, 12, 32])
P:  torch.Size([1536, 1536])
S torch.Size([96, 1536, 1536])
P:  torch.Size([1536, 6144])
S torch.Size([24, 1536, 6144])
P:  torch.Size([6144, 1536])
S torch.Size([24, 6144, 1536])
step 01005/02088 (48.13%) | loss: 2.933301 | lrm: 1.00 | dt: 14581.71ms | tok/sec: 71,910 | bf16_mfu: 35.96 | epoch: 1 | total time: 242.00m | eta: 263.4m
kind=muon
kind=muon
kind=muon
kind=muon
P:  torch.Size([12, 32])
S torch.Size([12, 12, 32])
P:  torch.Size([1536, 1536])
S torch.Size([96, 1536, 1536])
P:  torch.Size([1536, 6144])
S torch.Size([24, 1536, 6144])
P:  torch.Size([6144, 1536])
S torch.Size([24, 6144, 1536])
step 01006/02088 (48.18%) | loss: 2.924663 | lrm: 1.00 | dt: 14578.82ms | tok/sec: 71,924 | bf16_mfu: 35.96 | epoch: 1 | total time: 242.25m | eta: 263.2m
kind=muon
kind=muon
kind=muon
kind=muon
P:  torch.Size([12, 32])
S torch.Size([12, 12, 32])
P:  torch.Size([1536, 1536])
S torch.Size([96, 1536, 1536])
P:  torch.Size([1536, 6144])
S torch.Size([24, 1536, 6144])
P:  torch.Size([6144, 1536])
S torch.Size([24, 6144, 1536])
step 01007/02088 (48.23%) | loss: 2.926805 | lrm: 1.00 | dt: 14577.49ms | tok/sec: 71,931 | bf16_mfu: 35.97 | epoch: 1 | total time: 242.49m | eta: 262.9m
kind=muon
kind=muon
kind=muon
kind=muon
P:  torch.Size([12, 32])
S torch.Size([12, 12, 32])
P:  torch.Size([1536, 1536])
S torch.Size([96, 1536, 1536])
P:  torch.Size([1536, 6144])
S torch.Size([24, 1536, 6144])
P:  torch.Size([6144, 1536])
S torch.Size([24, 6144, 1536])
step 01008/02088 (48.28%) | loss: 2.921802 | lrm: 1.00 | dt: 14577.85ms | tok/sec: 71,929 | bf16_mfu: 35.97 | epoch: 1 | total time: 242.73m | eta: 262.7m
kind=muon
kind=muon
kind=muon
kind=muon
P:  torch.Size([12, 32])
S torch.Size([12, 12, 32])
P:  torch.Size([1536, 1536])
S torch.Size([96, 1536, 1536])
P:  torch.Size([1536, 6144])
S torch.Size([24, 1536, 6144])
P:  torch.Size([6144, 1536])
S torch.Size([24, 6144, 1536])
step 01009/02088 (48.32%) | loss: 2.934631 | lrm: 1.00 | dt: 14581.15ms | tok/sec: 71,913 | bf16_mfu: 35.96 | epoch: 1 | total time: 242.98m | eta: 262.4m
kind=muon
kind=muon
kind=muon
kind=muon
P:  torch.Size([12, 32])
S torch.Size([12, 12, 32])
P:  torch.Size([1536, 1536])
S torch.Size([96, 1536, 1536])
P:  torch.Size([1536, 6144])
S torch.Size([24, 1536, 6144])
P:  torch.Size([6144, 1536])
S torch.Size([24, 6144, 1536])
step 01010/02088 (48.37%) | loss: 2.924629 | lrm: 1.00 | dt: 14586.54ms | tok/sec: 71,886 | bf16_mfu: 35.94 | epoch: 1 | total time: 243.22m | eta: 262.2m
kind=muon
kind=muon
kind=muon
kind=muon
P:  torch.Size([12, 32])
S torch.Size([12, 12, 32])
P:  torch.Size([1536, 1536])
S torch.Size([96, 1536, 1536])
P:  torch.Size([1536, 6144])
S torch.Size([24, 1536, 6144])
P:  torch.Size([6144, 1536])
S torch.Size([24, 6144, 1536])
step 01011/02088 (48.42%) | loss: 2.925162 | lrm: 1.00 | dt: 14587.17ms | tok/sec: 71,883 | bf16_mfu: 35.94 | epoch: 1 | total time: 243.46m | eta: 261.9m
kind=muon
kind=muon
kind=muon
kind=muon
P:  torch.Size([12, 32])
S torch.Size([12, 12, 32])
P:  torch.Size([1536, 1536])
S torch.Size([96, 1536, 1536])
P:  torch.Size([1536, 6144])
S torch.Size([24, 1536, 6144])
P:  torch.Size([6144, 1536])
S torch.Size([24, 6144, 1536])
step 01012/02088 (48.47%) | loss: 2.925729 | lrm: 1.00 | dt: 14579.83ms | tok/sec: 71,919 | bf16_mfu: 35.96 | epoch: 1 | total time: 243.71m | eta: 261.7m
kind=muon
kind=muon
kind=muon
kind=muon
P:  torch.Size([12, 32])
S torch.Size([12, 12, 32])
P:  torch.Size([1536, 1536])
S torch.Size([96, 1536, 1536])
P:  torch.Size([1536, 6144])
S torch.Size([24, 1536, 6144])
P:  torch.Size([6144, 1536])
S torch.Size([24, 6144, 1536])
step 01013/02088 (48.52%) | loss: 2.932129 | lrm: 1.00 | dt: 14582.61ms | tok/sec: 71,905 | bf16_mfu: 35.95 | epoch: 1 | total time: 243.95m | eta: 261.5m
kind=muon
kind=muon
kind=muon
kind=muon
P:  torch.Size([12, 32])
S torch.Size([12, 12, 32])
P:  torch.Size([1536, 1536])
S torch.Size([96, 1536, 1536])
P:  torch.Size([1536, 6144])
S torch.Size([24, 1536, 6144])
P:  torch.Size([6144, 1536])
S torch.Size([24, 6144, 1536])
step 01014/02088 (48.56%) | loss: 2.932222 | lrm: 1.00 | dt: 14586.10ms | tok/sec: 71,888 | bf16_mfu: 35.95 | epoch: 1 | total time: 244.19m | eta: 261.2m
kind=muon
kind=muon
kind=muon
kind=muon
P:  torch.Size([12, 32])
S torch.Size([12, 12, 32])
P:  torch.Size([1536, 1536])
S torch.Size([96, 1536, 1536])
P:  torch.Size([1536, 6144])
S torch.Size([24, 1536, 6144])
P:  torch.Size([6144, 1536])
S torch.Size([24, 6144, 1536])
step 01015/02088 (48.61%) | loss: 2.934744 | lrm: 1.00 | dt: 14584.36ms | tok/sec: 71,897 | bf16_mfu: 35.95 | epoch: 1 | total time: 244.43m | eta: 261.0m
kind=muon
kind=muon
kind=muon
kind=muon
P:  torch.Size([12, 32])
S torch.Size([12, 12, 32])
P:  torch.Size([1536, 1536])
S torch.Size([96, 1536, 1536])
P:  torch.Size([1536, 6144])
S torch.Size([24, 1536, 6144])
P:  torch.Size([6144, 1536])
S torch.Size([24, 6144, 1536])
step 01016/02088 (48.66%) | loss: 2.931074 | lrm: 1.00 | dt: 14583.80ms | tok/sec: 71,900 | bf16_mfu: 35.95 | epoch: 1 | total time: 244.68m | eta: 260.7m
kind=muon
kind=muon
kind=muon
kind=muon
P:  torch.Size([12, 32])
S torch.Size([12, 12, 32])
P:  torch.Size([1536, 1536])
S torch.Size([96, 1536, 1536])
P:  torch.Size([1536, 6144])
S torch.Size([24, 1536, 6144])
P:  torch.Size([6144, 1536])
S torch.Size([24, 6144, 1536])
step 01017/02088 (48.71%) | loss: 2.932797 | lrm: 1.00 | dt: 14578.09ms | tok/sec: 71,928 | bf16_mfu: 35.96 | epoch: 1 | total time: 244.92m | eta: 260.5m
kind=muon
kind=muon
kind=muon
kind=muon
P:  torch.Size([12, 32])
S torch.Size([12, 12, 32])
P:  torch.Size([1536, 1536])
S torch.Size([96, 1536, 1536])
P:  torch.Size([1536, 6144])
S torch.Size([24, 1536, 6144])
P:  torch.Size([6144, 1536])
S torch.Size([24, 6144, 1536])
step 01018/02088 (48.75%) | loss: 2.914066 | lrm: 1.00 | dt: 14584.96ms | tok/sec: 71,894 | bf16_mfu: 35.95 | epoch: 1 | total time: 245.16m | eta: 260.2m
kind=muon
kind=muon
kind=muon
kind=muon
P:  torch.Size([12, 32])
S torch.Size([12, 12, 32])
P:  torch.Size([1536, 1536])
S torch.Size([96, 1536, 1536])
P:  torch.Size([1536, 6144])
S torch.Size([24, 1536, 6144])
P:  torch.Size([6144, 1536])
S torch.Size([24, 6144, 1536])
step 01019/02088 (48.80%) | loss: 2.923048 | lrm: 1.00 | dt: 14580.84ms | tok/sec: 71,914 | bf16_mfu: 35.96 | epoch: 1 | total time: 245.41m | eta: 260.0m
kind=muon
kind=muon
kind=muon
kind=muon
P:  torch.Size([12, 32])
S torch.Size([12, 12, 32])
P:  torch.Size([1536, 1536])
S torch.Size([96, 1536, 1536])
P:  torch.Size([1536, 6144])
S torch.Size([24, 1536, 6144])
P:  torch.Size([6144, 1536])
S torch.Size([24, 6144, 1536])
step 01020/02088 (48.85%) | loss: 2.928753 | lrm: 1.00 | dt: 14582.49ms | tok/sec: 71,906 | bf16_mfu: 35.95 | epoch: 1 | total time: 245.65m | eta: 259.8m
kind=muon
kind=muon
kind=muon
kind=muon
P:  torch.Size([12, 32])
S torch.Size([12, 12, 32])
P:  torch.Size([1536, 1536])
S torch.Size([96, 1536, 1536])
P:  torch.Size([1536, 6144])
S torch.Size([24, 1536, 6144])
P:  torch.Size([6144, 1536])
S torch.Size([24, 6144, 1536])
step 01021/02088 (48.90%) | loss: 2.919376 | lrm: 1.00 | dt: 14579.00ms | tok/sec: 71,923 | bf16_mfu: 35.96 | epoch: 1 | total time: 245.89m | eta: 259.5m
kind=muon
kind=muon
kind=muon
kind=muon
P:  torch.Size([12, 32])
S torch.Size([12, 12, 32])
P:  torch.Size([1536, 1536])
S torch.Size([96, 1536, 1536])
P:  torch.Size([1536, 6144])
S torch.Size([24, 1536, 6144])
P:  torch.Size([6144, 1536])
S torch.Size([24, 6144, 1536])
step 01022/02088 (48.95%) | loss: 2.919096 | lrm: 1.00 | dt: 14587.70ms | tok/sec: 71,880 | bf16_mfu: 35.94 | epoch: 1 | total time: 246.14m | eta: 259.3m
kind=muon
kind=muon
kind=muon
kind=muon
P:  torch.Size([12, 32])
S torch.Size([12, 12, 32])
P:  torch.Size([1536, 1536])
S torch.Size([96, 1536, 1536])
P:  torch.Size([1536, 6144])
S torch.Size([24, 1536, 6144])
P:  torch.Size([6144, 1536])
S torch.Size([24, 6144, 1536])
step 01023/02088 (48.99%) | loss: 2.925039 | lrm: 1.00 | dt: 14586.78ms | tok/sec: 71,885 | bf16_mfu: 35.94 | epoch: 1 | total time: 246.38m | eta: 259.0m
kind=muon
kind=muon
kind=muon
kind=muon
P:  torch.Size([12, 32])
S torch.Size([12, 12, 32])
P:  torch.Size([1536, 1536])
S torch.Size([96, 1536, 1536])
P:  torch.Size([1536, 6144])
S torch.Size([24, 1536, 6144])
P:  torch.Size([6144, 1536])
S torch.Size([24, 6144, 1536])
step 01024/02088 (49.04%) | loss: 2.934879 | lrm: 1.00 | dt: 14586.92ms | tok/sec: 71,884 | bf16_mfu: 35.94 | epoch: 1 | total time: 246.62m | eta: 258.8m
kind=muon
kind=muon
kind=muon
kind=muon
P:  torch.Size([12, 32])
S torch.Size([12, 12, 32])
P:  torch.Size([1536, 1536])
S torch.Size([96, 1536, 1536])
P:  torch.Size([1536, 6144])
S torch.Size([24, 1536, 6144])
P:  torch.Size([6144, 1536])
S torch.Size([24, 6144, 1536])
step 01025/02088 (49.09%) | loss: 2.920760 | lrm: 1.00 | dt: 14584.58ms | tok/sec: 71,896 | bf16_mfu: 35.95 | epoch: 1 | total time: 246.86m | eta: 258.5m
kind=muon
kind=muon
kind=muon
kind=muon
P:  torch.Size([12, 32])
S torch.Size([12, 12, 32])
P:  torch.Size([1536, 1536])
S torch.Size([96, 1536, 1536])
P:  torch.Size([1536, 6144])
S torch.Size([24, 1536, 6144])
P:  torch.Size([6144, 1536])
S torch.Size([24, 6144, 1536])
step 01026/02088 (49.14%) | loss: 2.922688 | lrm: 1.00 | dt: 14579.67ms | tok/sec: 71,920 | bf16_mfu: 35.96 | epoch: 1 | total time: 247.11m | eta: 258.3m
kind=muon
kind=muon
kind=muon
kind=muon
P:  torch.Size([12, 32])
S torch.Size([12, 12, 32])
P:  torch.Size([1536, 1536])
S torch.Size([96, 1536, 1536])
P:  torch.Size([1536, 6144])
S torch.Size([24, 1536, 6144])
P:  torch.Size([6144, 1536])
S torch.Size([24, 6144, 1536])
step 01027/02088 (49.19%) | loss: 2.924998 | lrm: 1.00 | dt: 14573.41ms | tok/sec: 71,951 | bf16_mfu: 35.98 | epoch: 1 | total time: 247.35m | eta: 258.1m
kind=muon
kind=muon
kind=muon
kind=muon
P:  torch.Size([12, 32])
S torch.Size([12, 12, 32])
P:  torch.Size([1536, 1536])
S torch.Size([96, 1536, 1536])
P:  torch.Size([1536, 6144])
S torch.Size([24, 1536, 6144])
P:  torch.Size([6144, 1536])
S torch.Size([24, 6144, 1536])
step 01028/02088 (49.23%) | loss: 2.924904 | lrm: 1.00 | dt: 14577.47ms | tok/sec: 71,931 | bf16_mfu: 35.97 | epoch: 1 | total time: 247.59m | eta: 257.8m
kind=muon
kind=muon
kind=muon
kind=muon
P:  torch.Size([12, 32])
S torch.Size([12, 12, 32])
P:  torch.Size([1536, 1536])
S torch.Size([96, 1536, 1536])
P:  torch.Size([1536, 6144])
S torch.Size([24, 1536, 6144])
P:  torch.Size([6144, 1536])
S torch.Size([24, 6144, 1536])
step 01029/02088 (49.28%) | loss: 2.925319 | lrm: 1.00 | dt: 14581.50ms | tok/sec: 71,911 | bf16_mfu: 35.96 | epoch: 1 | total time: 247.84m | eta: 257.6m
kind=muon
kind=muon
kind=muon
kind=muon
P:  torch.Size([12, 32])
S torch.Size([12, 12, 32])
P:  torch.Size([1536, 1536])
S torch.Size([96, 1536, 1536])
P:  torch.Size([1536, 6144])
S torch.Size([24, 1536, 6144])
P:  torch.Size([6144, 1536])
S torch.Size([24, 6144, 1536])
step 01030/02088 (49.33%) | loss: 2.913036 | lrm: 1.00 | dt: 14582.33ms | tok/sec: 71,907 | bf16_mfu: 35.95 | epoch: 1 | total time: 248.08m | eta: 257.3m
kind=muon
kind=muon
kind=muon
kind=muon
P:  torch.Size([12, 32])
S torch.Size([12, 12, 32])
P:  torch.Size([1536, 1536])
S torch.Size([96, 1536, 1536])
P:  torch.Size([1536, 6144])
S torch.Size([24, 1536, 6144])
P:  torch.Size([6144, 1536])
S torch.Size([24, 6144, 1536])
step 01031/02088 (49.38%) | loss: 2.918786 | lrm: 1.00 | dt: 14580.96ms | tok/sec: 71,914 | bf16_mfu: 35.96 | epoch: 1 | total time: 248.32m | eta: 257.1m
kind=muon
kind=muon
kind=muon
kind=muon
P:  torch.Size([12, 32])
S torch.Size([12, 12, 32])
P:  torch.Size([1536, 1536])
S torch.Size([96, 1536, 1536])
P:  torch.Size([1536, 6144])
S torch.Size([24, 1536, 6144])
P:  torch.Size([6144, 1536])
S torch.Size([24, 6144, 1536])
step 01032/02088 (49.43%) | loss: 2.914595 | lrm: 1.00 | dt: 14583.03ms | tok/sec: 71,903 | bf16_mfu: 35.95 | epoch: 1 | total time: 248.57m | eta: 256.8m
kind=muon
kind=muon
kind=muon
kind=muon
P:  torch.Size([12, 32])
S torch.Size([12, 12, 32])
P:  torch.Size([1536, 1536])
S torch.Size([96, 1536, 1536])
P:  torch.Size([1536, 6144])
S torch.Size([24, 1536, 6144])
P:  torch.Size([6144, 1536])
S torch.Size([24, 6144, 1536])
step 01033/02088 (49.47%) | loss: 2.905698 | lrm: 1.00 | dt: 14582.37ms | tok/sec: 71,907 | bf16_mfu: 35.95 | epoch: 1 | total time: 248.81m | eta: 256.6m
kind=muon
kind=muon
kind=muon
kind=muon
P:  torch.Size([12, 32])
S torch.Size([12, 12, 32])
P:  torch.Size([1536, 1536])
S torch.Size([96, 1536, 1536])
P:  torch.Size([1536, 6144])
S torch.Size([24, 1536, 6144])
P:  torch.Size([6144, 1536])
S torch.Size([24, 6144, 1536])
step 01034/02088 (49.52%) | loss: 2.902829 | lrm: 1.00 | dt: 14579.87ms | tok/sec: 71,919 | bf16_mfu: 35.96 | epoch: 1 | total time: 249.05m | eta: 256.3m
kind=muon
kind=muon
kind=muon
kind=muon
P:  torch.Size([12, 32])
S torch.Size([12, 12, 32])
P:  torch.Size([1536, 1536])
S torch.Size([96, 1536, 1536])
P:  torch.Size([1536, 6144])
S torch.Size([24, 1536, 6144])
P:  torch.Size([6144, 1536])
S torch.Size([24, 6144, 1536])
step 01035/02088 (49.57%) | loss: 2.917521 | lrm: 1.00 | dt: 14583.31ms | tok/sec: 71,902 | bf16_mfu: 35.95 | epoch: 1 | total time: 249.29m | eta: 256.1m
kind=muon
kind=muon
kind=muon
kind=muon
P:  torch.Size([12, 32])
S torch.Size([12, 12, 32])
P:  torch.Size([1536, 1536])
S torch.Size([96, 1536, 1536])
P:  torch.Size([1536, 6144])
S torch.Size([24, 1536, 6144])
P:  torch.Size([6144, 1536])
S torch.Size([24, 6144, 1536])
step 01036/02088 (49.62%) | loss: 2.913479 | lrm: 1.00 | dt: 14580.67ms | tok/sec: 71,915 | bf16_mfu: 35.96 | epoch: 1 | total time: 249.54m | eta: 255.9m
kind=muon
kind=muon
kind=muon
kind=muon
P:  torch.Size([12, 32])
S torch.Size([12, 12, 32])
P:  torch.Size([1536, 1536])
S torch.Size([96, 1536, 1536])
P:  torch.Size([1536, 6144])
S torch.Size([24, 1536, 6144])
P:  torch.Size([6144, 1536])
S torch.Size([24, 6144, 1536])
step 01037/02088 (49.66%) | loss: 2.905790 | lrm: 1.00 | dt: 14582.06ms | tok/sec: 71,908 | bf16_mfu: 35.96 | epoch: 1 | total time: 249.78m | eta: 255.6m
kind=muon
kind=muon
kind=muon
kind=muon
P:  torch.Size([12, 32])
S torch.Size([12, 12, 32])
P:  torch.Size([1536, 1536])
S torch.Size([96, 1536, 1536])
P:  torch.Size([1536, 6144])
S torch.Size([24, 1536, 6144])
P:  torch.Size([6144, 1536])
S torch.Size([24, 6144, 1536])
step 01038/02088 (49.71%) | loss: 2.895276 | lrm: 1.00 | dt: 14584.41ms | tok/sec: 71,897 | bf16_mfu: 35.95 | epoch: 1 | total time: 250.02m | eta: 255.4m
kind=muon
kind=muon
kind=muon
kind=muon
P:  torch.Size([12, 32])
S torch.Size([12, 12, 32])
P:  torch.Size([1536, 1536])
S torch.Size([96, 1536, 1536])
P:  torch.Size([1536, 6144])
S torch.Size([24, 1536, 6144])
P:  torch.Size([6144, 1536])
S torch.Size([24, 6144, 1536])
step 01039/02088 (49.76%) | loss: 2.888527 | lrm: 1.00 | dt: 14585.48ms | tok/sec: 71,891 | bf16_mfu: 35.95 | epoch: 1 | total time: 250.27m | eta: 255.1m
kind=muon
kind=muon
kind=muon
kind=muon
P:  torch.Size([12, 32])
S torch.Size([12, 12, 32])
P:  torch.Size([1536, 1536])
S torch.Size([96, 1536, 1536])
P:  torch.Size([1536, 6144])
S torch.Size([24, 1536, 6144])
P:  torch.Size([6144, 1536])
S torch.Size([24, 6144, 1536])
step 01040/02088 (49.81%) | loss: 2.887537 | lrm: 1.00 | dt: 14579.18ms | tok/sec: 71,922 | bf16_mfu: 35.96 | epoch: 1 | total time: 250.51m | eta: 254.9m
kind=muon
kind=muon
kind=muon
kind=muon
P:  torch.Size([12, 32])
S torch.Size([12, 12, 32])
P:  torch.Size([1536, 1536])
S torch.Size([96, 1536, 1536])
P:  torch.Size([1536, 6144])
S torch.Size([24, 1536, 6144])
P:  torch.Size([6144, 1536])
S torch.Size([24, 6144, 1536])
step 01041/02088 (49.86%) | loss: 2.889319 | lrm: 1.00 | dt: 14578.59ms | tok/sec: 71,925 | bf16_mfu: 35.96 | epoch: 1 | total time: 250.75m | eta: 254.6m
kind=muon
kind=muon
kind=muon
kind=muon
P:  torch.Size([12, 32])
S torch.Size([12, 12, 32])
P:  torch.Size([1536, 1536])
S torch.Size([96, 1536, 1536])
P:  torch.Size([1536, 6144])
S torch.Size([24, 1536, 6144])
P:  torch.Size([6144, 1536])
S torch.Size([24, 6144, 1536])
step 01042/02088 (49.90%) | loss: 2.884391 | lrm: 1.00 | dt: 14582.13ms | tok/sec: 71,908 | bf16_mfu: 35.95 | epoch: 1 | total time: 251.00m | eta: 254.4m
kind=muon
kind=muon
kind=muon
kind=muon
P:  torch.Size([12, 32])
S torch.Size([12, 12, 32])
P:  torch.Size([1536, 1536])
S torch.Size([96, 1536, 1536])
P:  torch.Size([1536, 6144])
S torch.Size([24, 1536, 6144])
P:  torch.Size([6144, 1536])
S torch.Size([24, 6144, 1536])
step 01043/02088 (49.95%) | loss: 2.885215 | lrm: 1.00 | dt: 14580.83ms | tok/sec: 71,914 | bf16_mfu: 35.96 | epoch: 1 | total time: 251.24m | eta: 254.2m
kind=muon
kind=muon
kind=muon
kind=muon
P:  torch.Size([12, 32])
S torch.Size([12, 12, 32])
P:  torch.Size([1536, 1536])
S torch.Size([96, 1536, 1536])
P:  torch.Size([1536, 6144])
S torch.Size([24, 1536, 6144])
P:  torch.Size([6144, 1536])
S torch.Size([24, 6144, 1536])
step 01044/02088 (50.00%) | loss: 2.874195 | lrm: 1.00 | dt: 14581.01ms | tok/sec: 71,913 | bf16_mfu: 35.96 | epoch: 1 | total time: 251.48m | eta: 253.9m
kind=muon
kind=muon
kind=muon
kind=muon
P:  torch.Size([12, 32])
S torch.Size([12, 12, 32])
P:  torch.Size([1536, 1536])
S torch.Size([96, 1536, 1536])
P:  torch.Size([1536, 6144])
S torch.Size([24, 1536, 6144])
P:  torch.Size([6144, 1536])
S torch.Size([24, 6144, 1536])
step 01045/02088 (50.05%) | loss: 2.873464 | lrm: 1.00 | dt: 14578.74ms | tok/sec: 71,924 | bf16_mfu: 35.96 | epoch: 1 | total time: 251.73m | eta: 253.7m
kind=muon
kind=muon
kind=muon
kind=muon
P:  torch.Size([12, 32])
S torch.Size([12, 12, 32])
P:  torch.Size([1536, 1536])
S torch.Size([96, 1536, 1536])
P:  torch.Size([1536, 6144])
S torch.Size([24, 1536, 6144])
P:  torch.Size([6144, 1536])
S torch.Size([24, 6144, 1536])
step 01046/02088 (50.10%) | loss: 2.881947 | lrm: 1.00 | dt: 14574.41ms | tok/sec: 71,946 | bf16_mfu: 35.97 | epoch: 1 | total time: 251.97m | eta: 253.4m
kind=muon
kind=muon
kind=muon
kind=muon
P:  torch.Size([12, 32])
S torch.Size([12, 12, 32])
P:  torch.Size([1536, 1536])
S torch.Size([96, 1536, 1536])
P:  torch.Size([1536, 6144])
S torch.Size([24, 1536, 6144])
P:  torch.Size([6144, 1536])
S torch.Size([24, 6144, 1536])
step 01047/02088 (50.14%) | loss: 2.893862 | lrm: 1.00 | dt: 14584.17ms | tok/sec: 71,898 | bf16_mfu: 35.95 | epoch: 1 | total time: 252.21m | eta: 253.2m
kind=muon
kind=muon
kind=muon
kind=muon
P:  torch.Size([12, 32])
S torch.Size([12, 12, 32])
P:  torch.Size([1536, 1536])
S torch.Size([96, 1536, 1536])
P:  torch.Size([1536, 6144])
S torch.Size([24, 1536, 6144])
P:  torch.Size([6144, 1536])
S torch.Size([24, 6144, 1536])
step 01048/02088 (50.19%) | loss: 2.893419 | lrm: 1.00 | dt: 14584.85ms | tok/sec: 71,894 | bf16_mfu: 35.95 | epoch: 1 | total time: 252.45m | eta: 252.9m
kind=muon
kind=muon
kind=muon
kind=muon
P:  torch.Size([12, 32])
S torch.Size([12, 12, 32])
P:  torch.Size([1536, 1536])
S torch.Size([96, 1536, 1536])
P:  torch.Size([1536, 6144])
S torch.Size([24, 1536, 6144])
P:  torch.Size([6144, 1536])
S torch.Size([24, 6144, 1536])
step 01049/02088 (50.24%) | loss: 2.895065 | lrm: 1.00 | dt: 14586.64ms | tok/sec: 71,886 | bf16_mfu: 35.94 | epoch: 1 | total time: 252.70m | eta: 252.7m
kind=muon
kind=muon
kind=muon
kind=muon
P:  torch.Size([12, 32])
S torch.Size([12, 12, 32])
P:  torch.Size([1536, 1536])
S torch.Size([96, 1536, 1536])
P:  torch.Size([1536, 6144])
S torch.Size([24, 1536, 6144])
P:  torch.Size([6144, 1536])
S torch.Size([24, 6144, 1536])
step 01050/02088 (50.29%) | loss: 2.894914 | lrm: 0.99 | dt: 14582.87ms | tok/sec: 71,904 | bf16_mfu: 35.95 | epoch: 1 | total time: 252.94m | eta: 252.5m
kind=muon
kind=muon
kind=muon
kind=muon
P:  torch.Size([12, 32])
S torch.Size([12, 12, 32])
P:  torch.Size([1536, 1536])
S torch.Size([96, 1536, 1536])
P:  torch.Size([1536, 6144])
S torch.Size([24, 1536, 6144])
P:  torch.Size([6144, 1536])
S torch.Size([24, 6144, 1536])
step 01051/02088 (50.34%) | loss: 2.898998 | lrm: 0.99 | dt: 14586.21ms | tok/sec: 71,888 | bf16_mfu: 35.94 | epoch: 1 | total time: 253.18m | eta: 252.2m
kind=muon
kind=muon
kind=muon
kind=muon
P:  torch.Size([12, 32])
S torch.Size([12, 12, 32])
P:  torch.Size([1536, 1536])
S torch.Size([96, 1536, 1536])
P:  torch.Size([1536, 6144])
S torch.Size([24, 1536, 6144])
P:  torch.Size([6144, 1536])
S torch.Size([24, 6144, 1536])
step 01052/02088 (50.38%) | loss: 2.906784 | lrm: 0.99 | dt: 14580.61ms | tok/sec: 71,915 | bf16_mfu: 35.96 | epoch: 1 | total time: 253.43m | eta: 252.0m
kind=muon
kind=muon
kind=muon
kind=muon
P:  torch.Size([12, 32])
S torch.Size([12, 12, 32])
P:  torch.Size([1536, 1536])
S torch.Size([96, 1536, 1536])
P:  torch.Size([1536, 6144])
S torch.Size([24, 1536, 6144])
P:  torch.Size([6144, 1536])
S torch.Size([24, 6144, 1536])
step 01053/02088 (50.43%) | loss: 2.909171 | lrm: 0.99 | dt: 14580.35ms | tok/sec: 71,917 | bf16_mfu: 35.96 | epoch: 1 | total time: 253.67m | eta: 251.7m
kind=muon
kind=muon
kind=muon
kind=muon
P:  torch.Size([12, 32])
S torch.Size([12, 12, 32])
P:  torch.Size([1536, 1536])
S torch.Size([96, 1536, 1536])
P:  torch.Size([1536, 6144])
S torch.Size([24, 1536, 6144])
P:  torch.Size([6144, 1536])
S torch.Size([24, 6144, 1536])
step 01054/02088 (50.48%) | loss: 2.908733 | lrm: 0.99 | dt: 14579.76ms | tok/sec: 71,919 | bf16_mfu: 35.96 | epoch: 1 | total time: 253.91m | eta: 251.5m
kind=muon
kind=muon
kind=muon
kind=muon
P:  torch.Size([12, 32])
S torch.Size([12, 12, 32])
P:  torch.Size([1536, 1536])
S torch.Size([96, 1536, 1536])
P:  torch.Size([1536, 6144])
S torch.Size([24, 1536, 6144])
P:  torch.Size([6144, 1536])
S torch.Size([24, 6144, 1536])
step 01055/02088 (50.53%) | loss: 2.911643 | lrm: 0.99 | dt: 14583.00ms | tok/sec: 71,903 | bf16_mfu: 35.95 | epoch: 1 | total time: 254.16m | eta: 251.2m
kind=muon
kind=muon
kind=muon
kind=muon
P:  torch.Size([12, 32])
S torch.Size([12, 12, 32])
P:  torch.Size([1536, 1536])
S torch.Size([96, 1536, 1536])
P:  torch.Size([1536, 6144])
S torch.Size([24, 1536, 6144])
P:  torch.Size([6144, 1536])
S torch.Size([24, 6144, 1536])
step 01056/02088 (50.57%) | loss: 2.913075 | lrm: 0.99 | dt: 14583.23ms | tok/sec: 71,902 | bf16_mfu: 35.95 | epoch: 1 | total time: 254.40m | eta: 251.0m
kind=muon
kind=muon
kind=muon
kind=muon
P:  torch.Size([12, 32])
S torch.Size([12, 12, 32])
P:  torch.Size([1536, 1536])
S torch.Size([96, 1536, 1536])
P:  torch.Size([1536, 6144])
S torch.Size([24, 1536, 6144])
P:  torch.Size([6144, 1536])
S torch.Size([24, 6144, 1536])
step 01057/02088 (50.62%) | loss: 2.919613 | lrm: 0.99 | dt: 14582.24ms | tok/sec: 71,907 | bf16_mfu: 35.95 | epoch: 1 | total time: 254.64m | eta: 250.8m
kind=muon
kind=muon
kind=muon
kind=muon
P:  torch.Size([12, 32])
S torch.Size([12, 12, 32])
P:  torch.Size([1536, 1536])
S torch.Size([96, 1536, 1536])
P:  torch.Size([1536, 6144])
S torch.Size([24, 1536, 6144])
P:  torch.Size([6144, 1536])
S torch.Size([24, 6144, 1536])
step 01058/02088 (50.67%) | loss: 2.916772 | lrm: 0.99 | dt: 14582.32ms | tok/sec: 71,907 | bf16_mfu: 35.95 | epoch: 1 | total time: 254.88m | eta: 250.5m
kind=muon
kind=muon
kind=muon
kind=muon
P:  torch.Size([12, 32])
S torch.Size([12, 12, 32])
P:  torch.Size([1536, 1536])
S torch.Size([96, 1536, 1536])
P:  torch.Size([1536, 6144])
S torch.Size([24, 1536, 6144])
P:  torch.Size([6144, 1536])
S torch.Size([24, 6144, 1536])
step 01059/02088 (50.72%) | loss: 2.901385 | lrm: 0.99 | dt: 14583.10ms | tok/sec: 71,903 | bf16_mfu: 35.95 | epoch: 1 | total time: 255.13m | eta: 250.3m
kind=muon
kind=muon
kind=muon
kind=muon
P:  torch.Size([12, 32])
S torch.Size([12, 12, 32])
P:  torch.Size([1536, 1536])
S torch.Size([96, 1536, 1536])
P:  torch.Size([1536, 6144])
S torch.Size([24, 1536, 6144])
P:  torch.Size([6144, 1536])
S torch.Size([24, 6144, 1536])
step 01060/02088 (50.77%) | loss: 2.909779 | lrm: 0.98 | dt: 14579.50ms | tok/sec: 71,921 | bf16_mfu: 35.96 | epoch: 1 | total time: 255.37m | eta: 250.0m
kind=muon
kind=muon
kind=muon
kind=muon
P:  torch.Size([12, 32])
S torch.Size([12, 12, 32])
P:  torch.Size([1536, 1536])
S torch.Size([96, 1536, 1536])
P:  torch.Size([1536, 6144])
S torch.Size([24, 1536, 6144])
P:  torch.Size([6144, 1536])
S torch.Size([24, 6144, 1536])
step 01061/02088 (50.81%) | loss: 2.908855 | lrm: 0.98 | dt: 14584.66ms | tok/sec: 71,895 | bf16_mfu: 35.95 | epoch: 1 | total time: 255.61m | eta: 249.8m
kind=muon
kind=muon
kind=muon
kind=muon
P:  torch.Size([12, 32])
S torch.Size([12, 12, 32])
P:  torch.Size([1536, 1536])
S torch.Size([96, 1536, 1536])
P:  torch.Size([1536, 6144])
S torch.Size([24, 1536, 6144])
P:  torch.Size([6144, 1536])
S torch.Size([24, 6144, 1536])
step 01062/02088 (50.86%) | loss: 2.907379 | lrm: 0.98 | dt: 14586.34ms | tok/sec: 71,887 | bf16_mfu: 35.94 | epoch: 1 | total time: 255.86m | eta: 249.5m
kind=muon
kind=muon
kind=muon
kind=muon
P:  torch.Size([12, 32])
S torch.Size([12, 12, 32])
P:  torch.Size([1536, 1536])
S torch.Size([96, 1536, 1536])
P:  torch.Size([1536, 6144])
S torch.Size([24, 1536, 6144])
P:  torch.Size([6144, 1536])
S torch.Size([24, 6144, 1536])
step 01063/02088 (50.91%) | loss: 2.905065 | lrm: 0.98 | dt: 14583.41ms | tok/sec: 71,901 | bf16_mfu: 35.95 | epoch: 1 | total time: 256.10m | eta: 249.3m
kind=muon
kind=muon
kind=muon
kind=muon
P:  torch.Size([12, 32])
S torch.Size([12, 12, 32])
P:  torch.Size([1536, 1536])
S torch.Size([96, 1536, 1536])
P:  torch.Size([1536, 6144])
S torch.Size([24, 1536, 6144])
P:  torch.Size([6144, 1536])
S torch.Size([24, 6144, 1536])
step 01064/02088 (50.96%) | loss: 2.891181 | lrm: 0.98 | dt: 14585.49ms | tok/sec: 71,891 | bf16_mfu: 35.95 | epoch: 1 | total time: 256.34m | eta: 249.0m
kind=muon
kind=muon
kind=muon
kind=muon
P:  torch.Size([12, 32])
S torch.Size([12, 12, 32])
P:  torch.Size([1536, 1536])
S torch.Size([96, 1536, 1536])
P:  torch.Size([1536, 6144])
S torch.Size([24, 1536, 6144])
P:  torch.Size([6144, 1536])
S torch.Size([24, 6144, 1536])
step 01065/02088 (51.01%) | loss: 2.892416 | lrm: 0.98 | dt: 14576.60ms | tok/sec: 71,935 | bf16_mfu: 35.97 | epoch: 1 | total time: 256.59m | eta: 248.8m
kind=muon
kind=muon
kind=muon
kind=muon
P:  torch.Size([12, 32])
S torch.Size([12, 12, 32])
P:  torch.Size([1536, 1536])
S torch.Size([96, 1536, 1536])
P:  torch.Size([1536, 6144])
S torch.Size([24, 1536, 6144])
P:  torch.Size([6144, 1536])
S torch.Size([24, 6144, 1536])
step 01066/02088 (51.05%) | loss: 2.889617 | lrm: 0.98 | dt: 14582.02ms | tok/sec: 71,908 | bf16_mfu: 35.96 | epoch: 1 | total time: 256.83m | eta: 248.6m
kind=muon
kind=muon
kind=muon
kind=muon
P:  torch.Size([12, 32])
S torch.Size([12, 12, 32])
P:  torch.Size([1536, 1536])
S torch.Size([96, 1536, 1536])
P:  torch.Size([1536, 6144])
S torch.Size([24, 1536, 6144])
P:  torch.Size([6144, 1536])
S torch.Size([24, 6144, 1536])
step 01067/02088 (51.10%) | loss: 2.897376 | lrm: 0.98 | dt: 14581.04ms | tok/sec: 71,913 | bf16_mfu: 35.96 | epoch: 1 | total time: 257.07m | eta: 248.3m
kind=muon
kind=muon
kind=muon
kind=muon
P:  torch.Size([12, 32])
S torch.Size([12, 12, 32])
P:  torch.Size([1536, 1536])
S torch.Size([96, 1536, 1536])
P:  torch.Size([1536, 6144])
S torch.Size([24, 1536, 6144])
P:  torch.Size([6144, 1536])
S torch.Size([24, 6144, 1536])
step 01068/02088 (51.15%) | loss: 2.910895 | lrm: 0.98 | dt: 14581.63ms | tok/sec: 71,910 | bf16_mfu: 35.96 | epoch: 1 | total time: 257.32m | eta: 248.1m
kind=muon
kind=muon
kind=muon
kind=muon
P:  torch.Size([12, 32])
S torch.Size([12, 12, 32])
P:  torch.Size([1536, 1536])
S torch.Size([96, 1536, 1536])
P:  torch.Size([1536, 6144])
S torch.Size([24, 1536, 6144])
P:  torch.Size([6144, 1536])
S torch.Size([24, 6144, 1536])
step 01069/02088 (51.20%) | loss: 2.893459 | lrm: 0.98 | dt: 14578.81ms | tok/sec: 71,924 | bf16_mfu: 35.96 | epoch: 1 | total time: 257.56m | eta: 247.8m
kind=muon
kind=muon
kind=muon
kind=muon
P:  torch.Size([12, 32])
S torch.Size([12, 12, 32])
P:  torch.Size([1536, 1536])
S torch.Size([96, 1536, 1536])
P:  torch.Size([1536, 6144])
S torch.Size([24, 1536, 6144])
P:  torch.Size([6144, 1536])
S torch.Size([24, 6144, 1536])
step 01070/02088 (51.25%) | loss: 2.894877 | lrm: 0.98 | dt: 14579.99ms | tok/sec: 71,918 | bf16_mfu: 35.96 | epoch: 1 | total time: 257.80m | eta: 247.6m
kind=muon
kind=muon
kind=muon
kind=muon
P:  torch.Size([12, 32])
S torch.Size([12, 12, 32])
P:  torch.Size([1536, 1536])
S torch.Size([96, 1536, 1536])
P:  torch.Size([1536, 6144])
S torch.Size([24, 1536, 6144])
P:  torch.Size([6144, 1536])
S torch.Size([24, 6144, 1536])
step 01071/02088 (51.29%) | loss: 2.897728 | lrm: 0.97 | dt: 14579.67ms | tok/sec: 71,920 | bf16_mfu: 35.96 | epoch: 1 | total time: 258.04m | eta: 247.3m
kind=muon
kind=muon
kind=muon
kind=muon
P:  torch.Size([12, 32])
S torch.Size([12, 12, 32])
P:  torch.Size([1536, 1536])
S torch.Size([96, 1536, 1536])
P:  torch.Size([1536, 6144])
S torch.Size([24, 1536, 6144])
P:  torch.Size([6144, 1536])
S torch.Size([24, 6144, 1536])
step 01072/02088 (51.34%) | loss: 2.890134 | lrm: 0.97 | dt: 14579.78ms | tok/sec: 71,919 | bf16_mfu: 35.96 | epoch: 1 | total time: 258.29m | eta: 247.1m
kind=muon
kind=muon
kind=muon
kind=muon
P:  torch.Size([12, 32])
S torch.Size([12, 12, 32])
P:  torch.Size([1536, 1536])
S torch.Size([96, 1536, 1536])
P:  torch.Size([1536, 6144])
S torch.Size([24, 1536, 6144])
P:  torch.Size([6144, 1536])
S torch.Size([24, 6144, 1536])
step 01073/02088 (51.39%) | loss: 2.888018 | lrm: 0.97 | dt: 14585.84ms | tok/sec: 71,890 | bf16_mfu: 35.95 | epoch: 1 | total time: 258.53m | eta: 246.9m
kind=muon
kind=muon
kind=muon
kind=muon
P:  torch.Size([12, 32])
S torch.Size([12, 12, 32])
P:  torch.Size([1536, 1536])
S torch.Size([96, 1536, 1536])
P:  torch.Size([1536, 6144])
S torch.Size([24, 1536, 6144])
P:  torch.Size([6144, 1536])
S torch.Size([24, 6144, 1536])
step 01074/02088 (51.44%) | loss: 2.887869 | lrm: 0.97 | dt: 14579.33ms | tok/sec: 71,922 | bf16_mfu: 35.96 | epoch: 1 | total time: 258.77m | eta: 246.6m
kind=muon
kind=muon
kind=muon
kind=muon
P:  torch.Size([12, 32])
S torch.Size([12, 12, 32])
P:  torch.Size([1536, 1536])
S torch.Size([96, 1536, 1536])
P:  torch.Size([1536, 6144])
S torch.Size([24, 1536, 6144])
P:  torch.Size([6144, 1536])
S torch.Size([24, 6144, 1536])
step 01075/02088 (51.48%) | loss: 2.888211 | lrm: 0.97 | dt: 14579.23ms | tok/sec: 71,922 | bf16_mfu: 35.96 | epoch: 1 | total time: 259.02m | eta: 246.4m
kind=muon
kind=muon
kind=muon
kind=muon
P:  torch.Size([12, 32])
S torch.Size([12, 12, 32])
P:  torch.Size([1536, 1536])
S torch.Size([96, 1536, 1536])
P:  torch.Size([1536, 6144])
S torch.Size([24, 1536, 6144])
P:  torch.Size([6144, 1536])
S torch.Size([24, 6144, 1536])
step 01076/02088 (51.53%) | loss: 2.905516 | lrm: 0.97 | dt: 14577.94ms | tok/sec: 71,928 | bf16_mfu: 35.97 | epoch: 1 | total time: 259.26m | eta: 246.1m
kind=muon
kind=muon
kind=muon
kind=muon
P:  torch.Size([12, 32])
S torch.Size([12, 12, 32])
P:  torch.Size([1536, 1536])
S torch.Size([96, 1536, 1536])
P:  torch.Size([1536, 6144])
S torch.Size([24, 1536, 6144])
P:  torch.Size([6144, 1536])
S torch.Size([24, 6144, 1536])
step 01077/02088 (51.58%) | loss: 2.904914 | lrm: 0.97 | dt: 14581.59ms | tok/sec: 71,910 | bf16_mfu: 35.96 | epoch: 1 | total time: 259.50m | eta: 245.9m
kind=muon
kind=muon
kind=muon
kind=muon
P:  torch.Size([12, 32])
S torch.Size([12, 12, 32])
P:  torch.Size([1536, 1536])
S torch.Size([96, 1536, 1536])
P:  torch.Size([1536, 6144])
S torch.Size([24, 1536, 6144])
P:  torch.Size([6144, 1536])
S torch.Size([24, 6144, 1536])
step 01078/02088 (51.63%) | loss: 2.906847 | lrm: 0.97 | dt: 14580.63ms | tok/sec: 71,915 | bf16_mfu: 35.96 | epoch: 1 | total time: 259.75m | eta: 245.6m
kind=muon
kind=muon
kind=muon
kind=muon
P:  torch.Size([12, 32])
S torch.Size([12, 12, 32])
P:  torch.Size([1536, 1536])
S torch.Size([96, 1536, 1536])
P:  torch.Size([1536, 6144])
S torch.Size([24, 1536, 6144])
P:  torch.Size([6144, 1536])
S torch.Size([24, 6144, 1536])
step 01079/02088 (51.68%) | loss: 2.910368 | lrm: 0.97 | dt: 14576.77ms | tok/sec: 71,934 | bf16_mfu: 35.97 | epoch: 1 | total time: 259.99m | eta: 245.4m
kind=muon
kind=muon
kind=muon
kind=muon
P:  torch.Size([12, 32])
S torch.Size([12, 12, 32])
P:  torch.Size([1536, 1536])
S torch.Size([96, 1536, 1536])
P:  torch.Size([1536, 6144])
S torch.Size([24, 1536, 6144])
P:  torch.Size([6144, 1536])
S torch.Size([24, 6144, 1536])
step 01080/02088 (51.72%) | loss: 2.908478 | lrm: 0.97 | dt: 14580.35ms | tok/sec: 71,917 | bf16_mfu: 35.96 | epoch: 1 | total time: 260.23m | eta: 245.2m
kind=muon
kind=muon
kind=muon
kind=muon
P:  torch.Size([12, 32])
S torch.Size([12, 12, 32])
P:  torch.Size([1536, 1536])
S torch.Size([96, 1536, 1536])
P:  torch.Size([1536, 6144])
S torch.Size([24, 1536, 6144])
P:  torch.Size([6144, 1536])
S torch.Size([24, 6144, 1536])
step 01081/02088 (51.77%) | loss: 2.911641 | lrm: 0.96 | dt: 14578.33ms | tok/sec: 71,927 | bf16_mfu: 35.96 | epoch: 1 | total time: 260.47m | eta: 244.9m
kind=muon
kind=muon
kind=muon
kind=muon
P:  torch.Size([12, 32])
S torch.Size([12, 12, 32])
P:  torch.Size([1536, 1536])
S torch.Size([96, 1536, 1536])
P:  torch.Size([1536, 6144])
S torch.Size([24, 1536, 6144])
P:  torch.Size([6144, 1536])
S torch.Size([24, 6144, 1536])
step 01082/02088 (51.82%) | loss: 2.899808 | lrm: 0.96 | dt: 14585.85ms | tok/sec: 71,889 | bf16_mfu: 35.95 | epoch: 1 | total time: 260.72m | eta: 244.7m
kind=muon
kind=muon
kind=muon
kind=muon
P:  torch.Size([12, 32])
S torch.Size([12, 12, 32])
P:  torch.Size([1536, 1536])
S torch.Size([96, 1536, 1536])
P:  torch.Size([1536, 6144])
S torch.Size([24, 1536, 6144])
P:  torch.Size([6144, 1536])
S torch.Size([24, 6144, 1536])
step 01083/02088 (51.87%) | loss: 2.894380 | lrm: 0.96 | dt: 14576.09ms | tok/sec: 71,938 | bf16_mfu: 35.97 | epoch: 1 | total time: 260.96m | eta: 244.4m
kind=muon
kind=muon
kind=muon
kind=muon
P:  torch.Size([12, 32])
S torch.Size([12, 12, 32])
P:  torch.Size([1536, 1536])
S torch.Size([96, 1536, 1536])
P:  torch.Size([1536, 6144])
S torch.Size([24, 1536, 6144])
P:  torch.Size([6144, 1536])
S torch.Size([24, 6144, 1536])
step 01084/02088 (51.92%) | loss: 2.879591 | lrm: 0.96 | dt: 14583.49ms | tok/sec: 71,901 | bf16_mfu: 35.95 | epoch: 1 | total time: 261.20m | eta: 244.2m
kind=muon
kind=muon
kind=muon
kind=muon
P:  torch.Size([12, 32])
S torch.Size([12, 12, 32])
P:  torch.Size([1536, 1536])
S torch.Size([96, 1536, 1536])
P:  torch.Size([1536, 6144])
S torch.Size([24, 1536, 6144])
P:  torch.Size([6144, 1536])
S torch.Size([24, 6144, 1536])
step 01085/02088 (51.96%) | loss: 2.885890 | lrm: 0.96 | dt: 14579.31ms | tok/sec: 71,922 | bf16_mfu: 35.96 | epoch: 1 | total time: 261.45m | eta: 243.9m
kind=muon
kind=muon
kind=muon
kind=muon
P:  torch.Size([12, 32])
S torch.Size([12, 12, 32])
P:  torch.Size([1536, 1536])
S torch.Size([96, 1536, 1536])
P:  torch.Size([1536, 6144])
S torch.Size([24, 1536, 6144])
P:  torch.Size([6144, 1536])
S torch.Size([24, 6144, 1536])
step 01086/02088 (52.01%) | loss: 2.887465 | lrm: 0.96 | dt: 14584.44ms | tok/sec: 71,896 | bf16_mfu: 35.95 | epoch: 1 | total time: 261.69m | eta: 243.7m
kind=muon
kind=muon
kind=muon
kind=muon
P:  torch.Size([12, 32])
S torch.Size([12, 12, 32])
P:  torch.Size([1536, 1536])
S torch.Size([96, 1536, 1536])
P:  torch.Size([1536, 6144])
S torch.Size([24, 1536, 6144])
P:  torch.Size([6144, 1536])
S torch.Size([24, 6144, 1536])
step 01087/02088 (52.06%) | loss: 2.889143 | lrm: 0.96 | dt: 14580.74ms | tok/sec: 71,915 | bf16_mfu: 35.96 | epoch: 1 | total time: 261.93m | eta: 243.4m
kind=muon
kind=muon
kind=muon
kind=muon
P:  torch.Size([12, 32])
S torch.Size([12, 12, 32])
P:  torch.Size([1536, 1536])
S torch.Size([96, 1536, 1536])
P:  torch.Size([1536, 6144])
S torch.Size([24, 1536, 6144])
P:  torch.Size([6144, 1536])
S torch.Size([24, 6144, 1536])
step 01088/02088 (52.11%) | loss: 2.878160 | lrm: 0.96 | dt: 14582.18ms | tok/sec: 71,908 | bf16_mfu: 35.95 | epoch: 1 | total time: 262.18m | eta: 243.2m
kind=muon
kind=muon
kind=muon
kind=muon
P:  torch.Size([12, 32])
S torch.Size([12, 12, 32])
P:  torch.Size([1536, 1536])
S torch.Size([96, 1536, 1536])
P:  torch.Size([1536, 6144])
S torch.Size([24, 1536, 6144])
P:  torch.Size([6144, 1536])
S torch.Size([24, 6144, 1536])
step 01089/02088 (52.16%) | loss: 2.880278 | lrm: 0.96 | dt: 14584.95ms | tok/sec: 71,894 | bf16_mfu: 35.95 | epoch: 1 | total time: 262.42m | eta: 243.0m
kind=muon
kind=muon
kind=muon
kind=muon
P:  torch.Size([12, 32])
S torch.Size([12, 12, 32])
P:  torch.Size([1536, 1536])
S torch.Size([96, 1536, 1536])
P:  torch.Size([1536, 6144])
S torch.Size([24, 1536, 6144])
P:  torch.Size([6144, 1536])
S torch.Size([24, 6144, 1536])
step 01090/02088 (52.20%) | loss: 2.898478 | lrm: 0.96 | dt: 14581.51ms | tok/sec: 71,911 | bf16_mfu: 35.96 | epoch: 1 | total time: 262.66m | eta: 242.7m
kind=muon
kind=muon
kind=muon
kind=muon
P:  torch.Size([12, 32])
S torch.Size([12, 12, 32])
P:  torch.Size([1536, 1536])
S torch.Size([96, 1536, 1536])
P:  torch.Size([1536, 6144])
S torch.Size([24, 1536, 6144])
P:  torch.Size([6144, 1536])
S torch.Size([24, 6144, 1536])
step 01091/02088 (52.25%) | loss: 2.899269 | lrm: 0.95 | dt: 14579.02ms | tok/sec: 71,923 | bf16_mfu: 35.96 | epoch: 1 | total time: 262.90m | eta: 242.5m
kind=muon
kind=muon
kind=muon
kind=muon
P:  torch.Size([12, 32])
S torch.Size([12, 12, 32])
P:  torch.Size([1536, 1536])
S torch.Size([96, 1536, 1536])
P:  torch.Size([1536, 6144])
S torch.Size([24, 1536, 6144])
P:  torch.Size([6144, 1536])
S torch.Size([24, 6144, 1536])
step 01092/02088 (52.30%) | loss: 2.893724 | lrm: 0.95 | dt: 14583.16ms | tok/sec: 71,903 | bf16_mfu: 35.95 | epoch: 1 | total time: 263.15m | eta: 242.2m
kind=muon
kind=muon
kind=muon
kind=muon
P:  torch.Size([12, 32])
S torch.Size([12, 12, 32])
P:  torch.Size([1536, 1536])
S torch.Size([96, 1536, 1536])
P:  torch.Size([1536, 6144])
S torch.Size([24, 1536, 6144])
P:  torch.Size([6144, 1536])
S torch.Size([24, 6144, 1536])
step 01093/02088 (52.35%) | loss: 2.900199 | lrm: 0.95 | dt: 14579.87ms | tok/sec: 71,919 | bf16_mfu: 35.96 | epoch: 1 | total time: 263.39m | eta: 242.0m
kind=muon
kind=muon
kind=muon
kind=muon
P:  torch.Size([12, 32])
S torch.Size([12, 12, 32])
P:  torch.Size([1536, 1536])
S torch.Size([96, 1536, 1536])
P:  torch.Size([1536, 6144])
S torch.Size([24, 1536, 6144])
P:  torch.Size([6144, 1536])
S torch.Size([24, 6144, 1536])
step 01094/02088 (52.39%) | loss: 2.910281 | lrm: 0.95 | dt: 14586.10ms | tok/sec: 71,888 | bf16_mfu: 35.95 | epoch: 1 | total time: 263.63m | eta: 241.7m
kind=muon
kind=muon
kind=muon
kind=muon
P:  torch.Size([12, 32])
S torch.Size([12, 12, 32])
P:  torch.Size([1536, 1536])
S torch.Size([96, 1536, 1536])
P:  torch.Size([1536, 6144])
S torch.Size([24, 1536, 6144])
P:  torch.Size([6144, 1536])
S torch.Size([24, 6144, 1536])
step 01095/02088 (52.44%) | loss: 2.912526 | lrm: 0.95 | dt: 14581.64ms | tok/sec: 71,910 | bf16_mfu: 35.96 | epoch: 1 | total time: 263.88m | eta: 241.5m
kind=muon
kind=muon
kind=muon
kind=muon
P:  torch.Size([12, 32])
S torch.Size([12, 12, 32])
P:  torch.Size([1536, 1536])
S torch.Size([96, 1536, 1536])
P:  torch.Size([1536, 6144])
S torch.Size([24, 1536, 6144])
P:  torch.Size([6144, 1536])
S torch.Size([24, 6144, 1536])
step 01096/02088 (52.49%) | loss: 2.899089 | lrm: 0.95 | dt: 14584.90ms | tok/sec: 71,894 | bf16_mfu: 35.95 | epoch: 1 | total time: 264.12m | eta: 241.3m
kind=muon
kind=muon
kind=muon
kind=muon
P:  torch.Size([12, 32])
S torch.Size([12, 12, 32])
P:  torch.Size([1536, 1536])
S torch.Size([96, 1536, 1536])
P:  torch.Size([1536, 6144])
S torch.Size([24, 1536, 6144])
P:  torch.Size([6144, 1536])
S torch.Size([24, 6144, 1536])
step 01097/02088 (52.54%) | loss: 2.906024 | lrm: 0.95 | dt: 14587.33ms | tok/sec: 71,882 | bf16_mfu: 35.94 | epoch: 1 | total time: 264.36m | eta: 241.0m
kind=muon
kind=muon
kind=muon
kind=muon
P:  torch.Size([12, 32])
S torch.Size([12, 12, 32])
P:  torch.Size([1536, 1536])
S torch.Size([96, 1536, 1536])
P:  torch.Size([1536, 6144])
S torch.Size([24, 1536, 6144])
P:  torch.Size([6144, 1536])
S torch.Size([24, 6144, 1536])
step 01098/02088 (52.59%) | loss: 2.889479 | lrm: 0.95 | dt: 14578.46ms | tok/sec: 71,926 | bf16_mfu: 35.96 | epoch: 1 | total time: 264.61m | eta: 240.8m
kind=muon
kind=muon
kind=muon
kind=muon
P:  torch.Size([12, 32])
S torch.Size([12, 12, 32])
P:  torch.Size([1536, 1536])
S torch.Size([96, 1536, 1536])
P:  torch.Size([1536, 6144])
S torch.Size([24, 1536, 6144])
P:  torch.Size([6144, 1536])
S torch.Size([24, 6144, 1536])
step 01099/02088 (52.63%) | loss: 2.884316 | lrm: 0.95 | dt: 14585.25ms | tok/sec: 71,892 | bf16_mfu: 35.95 | epoch: 1 | total time: 264.85m | eta: 240.5m
kind=muon
kind=muon
kind=muon
kind=muon
P:  torch.Size([12, 32])
S torch.Size([12, 12, 32])
P:  torch.Size([1536, 1536])
S torch.Size([96, 1536, 1536])
P:  torch.Size([1536, 6144])
S torch.Size([24, 1536, 6144])
P:  torch.Size([6144, 1536])
S torch.Size([24, 6144, 1536])
step 01100/02088 (52.68%) | loss: 2.868081 | lrm: 0.95 | dt: 14581.29ms | tok/sec: 71,912 | bf16_mfu: 35.96 | epoch: 1 | total time: 265.09m | eta: 240.3m
kind=muon
kind=muon
kind=muon
kind=muon
P:  torch.Size([12, 32])
S torch.Size([12, 12, 32])
P:  torch.Size([1536, 1536])
S torch.Size([96, 1536, 1536])
P:  torch.Size([1536, 6144])
S torch.Size([24, 1536, 6144])
P:  torch.Size([6144, 1536])
S torch.Size([24, 6144, 1536])
step 01101/02088 (52.73%) | loss: 2.870212 | lrm: 0.95 | dt: 14579.36ms | tok/sec: 71,921 | bf16_mfu: 35.96 | epoch: 1 | total time: 265.33m | eta: 240.0m
kind=muon
kind=muon
kind=muon
kind=muon
P:  torch.Size([12, 32])
S torch.Size([12, 12, 32])
P:  torch.Size([1536, 1536])
S torch.Size([96, 1536, 1536])
P:  torch.Size([1536, 6144])
S torch.Size([24, 1536, 6144])
P:  torch.Size([6144, 1536])
S torch.Size([24, 6144, 1536])
step 01102/02088 (52.78%) | loss: 2.869351 | lrm: 0.94 | dt: 14583.25ms | tok/sec: 71,902 | bf16_mfu: 35.95 | epoch: 1 | total time: 265.58m | eta: 239.8m
kind=muon
kind=muon
kind=muon
kind=muon
P:  torch.Size([12, 32])
S torch.Size([12, 12, 32])
P:  torch.Size([1536, 1536])
S torch.Size([96, 1536, 1536])
P:  torch.Size([1536, 6144])
S torch.Size([24, 1536, 6144])
P:  torch.Size([6144, 1536])
S torch.Size([24, 6144, 1536])
step 01103/02088 (52.83%) | loss: 2.871270 | lrm: 0.94 | dt: 14583.46ms | tok/sec: 71,901 | bf16_mfu: 35.95 | epoch: 1 | total time: 265.82m | eta: 239.6m
kind=muon
kind=muon
kind=muon
kind=muon
P:  torch.Size([12, 32])
S torch.Size([12, 12, 32])
P:  torch.Size([1536, 1536])
S torch.Size([96, 1536, 1536])
P:  torch.Size([1536, 6144])
S torch.Size([24, 1536, 6144])
P:  torch.Size([6144, 1536])
S torch.Size([24, 6144, 1536])
step 01104/02088 (52.87%) | loss: 2.876920 | lrm: 0.94 | dt: 14577.60ms | tok/sec: 71,930 | bf16_mfu: 35.97 | epoch: 1 | total time: 266.06m | eta: 239.3m
kind=muon
kind=muon
kind=muon
kind=muon
P:  torch.Size([12, 32])
S torch.Size([12, 12, 32])
P:  torch.Size([1536, 1536])
S torch.Size([96, 1536, 1536])
P:  torch.Size([1536, 6144])
S torch.Size([24, 1536, 6144])
P:  torch.Size([6144, 1536])
S torch.Size([24, 6144, 1536])
step 01105/02088 (52.92%) | loss: 2.883550 | lrm: 0.94 | dt: 14581.46ms | tok/sec: 71,911 | bf16_mfu: 35.96 | epoch: 1 | total time: 266.31m | eta: 239.1m
kind=muon
kind=muon
kind=muon
kind=muon
P:  torch.Size([12, 32])
S torch.Size([12, 12, 32])
P:  torch.Size([1536, 1536])
S torch.Size([96, 1536, 1536])
P:  torch.Size([1536, 6144])
S torch.Size([24, 1536, 6144])
P:  torch.Size([6144, 1536])
S torch.Size([24, 6144, 1536])
step 01106/02088 (52.97%) | loss: 2.898341 | lrm: 0.94 | dt: 14582.41ms | tok/sec: 71,906 | bf16_mfu: 35.95 | epoch: 1 | total time: 266.55m | eta: 238.8m
kind=muon
kind=muon
kind=muon
kind=muon
P:  torch.Size([12, 32])
S torch.Size([12, 12, 32])
P:  torch.Size([1536, 1536])
S torch.Size([96, 1536, 1536])
P:  torch.Size([1536, 6144])
S torch.Size([24, 1536, 6144])
P:  torch.Size([6144, 1536])
S torch.Size([24, 6144, 1536])
step 01107/02088 (53.02%) | loss: 2.907274 | lrm: 0.94 | dt: 14585.14ms | tok/sec: 71,893 | bf16_mfu: 35.95 | epoch: 1 | total time: 266.79m | eta: 238.6m
kind=muon
kind=muon
kind=muon
kind=muon
P:  torch.Size([12, 32])
S torch.Size([12, 12, 32])
P:  torch.Size([1536, 1536])
S torch.Size([96, 1536, 1536])
P:  torch.Size([1536, 6144])
S torch.Size([24, 1536, 6144])
P:  torch.Size([6144, 1536])
S torch.Size([24, 6144, 1536])
step 01108/02088 (53.07%) | loss: 2.899695 | lrm: 0.94 | dt: 14581.93ms | tok/sec: 71,909 | bf16_mfu: 35.96 | epoch: 1 | total time: 267.04m | eta: 238.3m
kind=muon
kind=muon
kind=muon
kind=muon
P:  torch.Size([12, 32])
S torch.Size([12, 12, 32])
P:  torch.Size([1536, 1536])
S torch.Size([96, 1536, 1536])
P:  torch.Size([1536, 6144])
S torch.Size([24, 1536, 6144])
P:  torch.Size([6144, 1536])
S torch.Size([24, 6144, 1536])
step 01109/02088 (53.11%) | loss: 2.900200 | lrm: 0.94 | dt: 14585.59ms | tok/sec: 71,891 | bf16_mfu: 35.95 | epoch: 1 | total time: 267.28m | eta: 238.1m
kind=muon
kind=muon
kind=muon
kind=muon
P:  torch.Size([12, 32])
S torch.Size([12, 12, 32])
P:  torch.Size([1536, 1536])
S torch.Size([96, 1536, 1536])
P:  torch.Size([1536, 6144])
S torch.Size([24, 1536, 6144])
P:  torch.Size([6144, 1536])
S torch.Size([24, 6144, 1536])
step 01110/02088 (53.16%) | loss: 2.894810 | lrm: 0.94 | dt: 14582.34ms | tok/sec: 71,907 | bf16_mfu: 35.95 | epoch: 1 | total time: 267.52m | eta: 237.9m
kind=muon
kind=muon
kind=muon
kind=muon
P:  torch.Size([12, 32])
S torch.Size([12, 12, 32])
P:  torch.Size([1536, 1536])
S torch.Size([96, 1536, 1536])
P:  torch.Size([1536, 6144])
S torch.Size([24, 1536, 6144])
P:  torch.Size([6144, 1536])
S torch.Size([24, 6144, 1536])
step 01111/02088 (53.21%) | loss: 2.889737 | lrm: 0.94 | dt: 14583.41ms | tok/sec: 71,901 | bf16_mfu: 35.95 | epoch: 1 | total time: 267.77m | eta: 237.6m
kind=muon
kind=muon
kind=muon
kind=muon
P:  torch.Size([12, 32])
S torch.Size([12, 12, 32])
P:  torch.Size([1536, 1536])
S torch.Size([96, 1536, 1536])
P:  torch.Size([1536, 6144])
S torch.Size([24, 1536, 6144])
P:  torch.Size([6144, 1536])
S torch.Size([24, 6144, 1536])
step 01112/02088 (53.26%) | loss: 2.894638 | lrm: 0.93 | dt: 14579.31ms | tok/sec: 71,922 | bf16_mfu: 35.96 | epoch: 1 | total time: 268.01m | eta: 237.4m
kind=muon
kind=muon
kind=muon
kind=muon
P:  torch.Size([12, 32])
S torch.Size([12, 12, 32])
P:  torch.Size([1536, 1536])
S torch.Size([96, 1536, 1536])
P:  torch.Size([1536, 6144])
S torch.Size([24, 1536, 6144])
P:  torch.Size([6144, 1536])
S torch.Size([24, 6144, 1536])
step 01113/02088 (53.30%) | loss: 2.899882 | lrm: 0.93 | dt: 14584.22ms | tok/sec: 71,897 | bf16_mfu: 35.95 | epoch: 1 | total time: 268.25m | eta: 237.1m
kind=muon
kind=muon
kind=muon
kind=muon
P:  torch.Size([12, 32])
S torch.Size([12, 12, 32])
P:  torch.Size([1536, 1536])
S torch.Size([96, 1536, 1536])
P:  torch.Size([1536, 6144])
S torch.Size([24, 1536, 6144])
P:  torch.Size([6144, 1536])
S torch.Size([24, 6144, 1536])
step 01114/02088 (53.35%) | loss: 2.909887 | lrm: 0.93 | dt: 14584.63ms | tok/sec: 71,895 | bf16_mfu: 35.95 | epoch: 1 | total time: 268.49m | eta: 236.9m
kind=muon
kind=muon
kind=muon
kind=muon
P:  torch.Size([12, 32])
S torch.Size([12, 12, 32])
P:  torch.Size([1536, 1536])
S torch.Size([96, 1536, 1536])
P:  torch.Size([1536, 6144])
S torch.Size([24, 1536, 6144])
P:  torch.Size([6144, 1536])
S torch.Size([24, 6144, 1536])
step 01115/02088 (53.40%) | loss: 2.911044 | lrm: 0.93 | dt: 14577.29ms | tok/sec: 71,932 | bf16_mfu: 35.97 | epoch: 1 | total time: 268.74m | eta: 236.6m
kind=muon
kind=muon
kind=muon
kind=muon
P:  torch.Size([12, 32])
S torch.Size([12, 12, 32])
P:  torch.Size([1536, 1536])
S torch.Size([96, 1536, 1536])
P:  torch.Size([1536, 6144])
S torch.Size([24, 1536, 6144])
P:  torch.Size([6144, 1536])
S torch.Size([24, 6144, 1536])
step 01116/02088 (53.45%) | loss: 2.908275 | lrm: 0.93 | dt: 14583.80ms | tok/sec: 71,900 | bf16_mfu: 35.95 | epoch: 1 | total time: 268.98m | eta: 236.4m
kind=muon
kind=muon
kind=muon
kind=muon
P:  torch.Size([12, 32])
S torch.Size([12, 12, 32])
P:  torch.Size([1536, 1536])
S torch.Size([96, 1536, 1536])
P:  torch.Size([1536, 6144])
S torch.Size([24, 1536, 6144])
P:  torch.Size([6144, 1536])
S torch.Size([24, 6144, 1536])
step 01117/02088 (53.50%) | loss: 2.898546 | lrm: 0.93 | dt: 14577.55ms | tok/sec: 71,930 | bf16_mfu: 35.97 | epoch: 1 | total time: 269.22m | eta: 236.1m
kind=muon
kind=muon
kind=muon
kind=muon
P:  torch.Size([12, 32])
S torch.Size([12, 12, 32])
P:  torch.Size([1536, 1536])
S torch.Size([96, 1536, 1536])
P:  torch.Size([1536, 6144])
S torch.Size([24, 1536, 6144])
P:  torch.Size([6144, 1536])
S torch.Size([24, 6144, 1536])
step 01118/02088 (53.54%) | loss: 2.892558 | lrm: 0.93 | dt: 14577.68ms | tok/sec: 71,930 | bf16_mfu: 35.97 | epoch: 1 | total time: 269.47m | eta: 235.9m
kind=muon
kind=muon
kind=muon
kind=muon
P:  torch.Size([12, 32])
S torch.Size([12, 12, 32])
P:  torch.Size([1536, 1536])
S torch.Size([96, 1536, 1536])
P:  torch.Size([1536, 6144])
S torch.Size([24, 1536, 6144])
P:  torch.Size([6144, 1536])
S torch.Size([24, 6144, 1536])
step 01119/02088 (53.59%) | loss: 2.895781 | lrm: 0.93 | dt: 14580.20ms | tok/sec: 71,917 | bf16_mfu: 35.96 | epoch: 1 | total time: 269.71m | eta: 235.7m
kind=muon
kind=muon
kind=muon
kind=muon
P:  torch.Size([12, 32])
S torch.Size([12, 12, 32])
P:  torch.Size([1536, 1536])
S torch.Size([96, 1536, 1536])
P:  torch.Size([1536, 6144])
S torch.Size([24, 1536, 6144])
P:  torch.Size([6144, 1536])
S torch.Size([24, 6144, 1536])
step 01120/02088 (53.64%) | loss: 2.883146 | lrm: 0.93 | dt: 14584.85ms | tok/sec: 71,894 | bf16_mfu: 35.95 | epoch: 1 | total time: 269.95m | eta: 235.4m
kind=muon
kind=muon
kind=muon
kind=muon
P:  torch.Size([12, 32])
S torch.Size([12, 12, 32])
P:  torch.Size([1536, 1536])
S torch.Size([96, 1536, 1536])
P:  torch.Size([1536, 6144])
S torch.Size([24, 1536, 6144])
P:  torch.Size([6144, 1536])
S torch.Size([24, 6144, 1536])
step 01121/02088 (53.69%) | loss: 2.882543 | lrm: 0.93 | dt: 14585.80ms | tok/sec: 71,890 | bf16_mfu: 35.95 | epoch: 1 | total time: 270.20m | eta: 235.2m
kind=muon
kind=muon
kind=muon
kind=muon
P:  torch.Size([12, 32])
S torch.Size([12, 12, 32])
P:  torch.Size([1536, 1536])
S torch.Size([96, 1536, 1536])
P:  torch.Size([1536, 6144])
S torch.Size([24, 1536, 6144])
P:  torch.Size([6144, 1536])
S torch.Size([24, 6144, 1536])
step 01122/02088 (53.74%) | loss: 2.882078 | lrm: 0.93 | dt: 14579.00ms | tok/sec: 71,923 | bf16_mfu: 35.96 | epoch: 1 | total time: 270.44m | eta: 234.9m
kind=muon
kind=muon
kind=muon
kind=muon
P:  torch.Size([12, 32])
S torch.Size([12, 12, 32])
P:  torch.Size([1536, 1536])
S torch.Size([96, 1536, 1536])
P:  torch.Size([1536, 6144])
S torch.Size([24, 1536, 6144])
P:  torch.Size([6144, 1536])
S torch.Size([24, 6144, 1536])
step 01123/02088 (53.78%) | loss: 2.889284 | lrm: 0.92 | dt: 14581.61ms | tok/sec: 71,910 | bf16_mfu: 35.96 | epoch: 1 | total time: 270.68m | eta: 234.7m
kind=muon
kind=muon
kind=muon
kind=muon
P:  torch.Size([12, 32])
S torch.Size([12, 12, 32])
P:  torch.Size([1536, 1536])
S torch.Size([96, 1536, 1536])
P:  torch.Size([1536, 6144])
S torch.Size([24, 1536, 6144])
P:  torch.Size([6144, 1536])
S torch.Size([24, 6144, 1536])
step 01124/02088 (53.83%) | loss: 2.890090 | lrm: 0.92 | dt: 14579.53ms | tok/sec: 71,921 | bf16_mfu: 35.96 | epoch: 1 | total time: 270.92m | eta: 234.4m
kind=muon
kind=muon
kind=muon
kind=muon
P:  torch.Size([12, 32])
S torch.Size([12, 12, 32])
P:  torch.Size([1536, 1536])
S torch.Size([96, 1536, 1536])
P:  torch.Size([1536, 6144])
S torch.Size([24, 1536, 6144])
P:  torch.Size([6144, 1536])
S torch.Size([24, 6144, 1536])
step 01125/02088 (53.88%) | loss: 2.882645 | lrm: 0.92 | dt: 14582.16ms | tok/sec: 71,908 | bf16_mfu: 35.95 | epoch: 1 | total time: 271.17m | eta: 234.2m
kind=muon
kind=muon
kind=muon
kind=muon
P:  torch.Size([12, 32])
S torch.Size([12, 12, 32])
P:  torch.Size([1536, 1536])
S torch.Size([96, 1536, 1536])
P:  torch.Size([1536, 6144])
S torch.Size([24, 1536, 6144])
P:  torch.Size([6144, 1536])
S torch.Size([24, 6144, 1536])
step 01126/02088 (53.93%) | loss: 2.879601 | lrm: 0.92 | dt: 14588.81ms | tok/sec: 71,875 | bf16_mfu: 35.94 | epoch: 1 | total time: 271.41m | eta: 234.0m
kind=muon
kind=muon
kind=muon
kind=muon
P:  torch.Size([12, 32])
S torch.Size([12, 12, 32])
P:  torch.Size([1536, 1536])
S torch.Size([96, 1536, 1536])
P:  torch.Size([1536, 6144])
S torch.Size([24, 1536, 6144])
P:  torch.Size([6144, 1536])
S torch.Size([24, 6144, 1536])
step 01127/02088 (53.98%) | loss: 2.883346 | lrm: 0.92 | dt: 14581.09ms | tok/sec: 71,913 | bf16_mfu: 35.96 | epoch: 1 | total time: 271.65m | eta: 233.7m
kind=muon
kind=muon
kind=muon
kind=muon
P:  torch.Size([12, 32])
S torch.Size([12, 12, 32])
P:  torch.Size([1536, 1536])
S torch.Size([96, 1536, 1536])
P:  torch.Size([1536, 6144])
S torch.Size([24, 1536, 6144])
P:  torch.Size([6144, 1536])
S torch.Size([24, 6144, 1536])
step 01128/02088 (54.02%) | loss: 2.896122 | lrm: 0.92 | dt: 14581.79ms | tok/sec: 71,909 | bf16_mfu: 35.96 | epoch: 1 | total time: 271.90m | eta: 233.5m
kind=muon
kind=muon
kind=muon
kind=muon
P:  torch.Size([12, 32])
S torch.Size([12, 12, 32])
P:  torch.Size([1536, 1536])
S torch.Size([96, 1536, 1536])
P:  torch.Size([1536, 6144])
S torch.Size([24, 1536, 6144])
P:  torch.Size([6144, 1536])
S torch.Size([24, 6144, 1536])
step 01129/02088 (54.07%) | loss: 2.887039 | lrm: 0.92 | dt: 14580.64ms | tok/sec: 71,915 | bf16_mfu: 35.96 | epoch: 1 | total time: 272.14m | eta: 233.2m
kind=muon
kind=muon
kind=muon
kind=muon
P:  torch.Size([12, 32])
S torch.Size([12, 12, 32])
P:  torch.Size([1536, 1536])
S torch.Size([96, 1536, 1536])
P:  torch.Size([1536, 6144])
S torch.Size([24, 1536, 6144])
P:  torch.Size([6144, 1536])
S torch.Size([24, 6144, 1536])
step 01130/02088 (54.12%) | loss: 2.878966 | lrm: 0.92 | dt: 14584.26ms | tok/sec: 71,897 | bf16_mfu: 35.95 | epoch: 1 | total time: 272.38m | eta: 233.0m
kind=muon
kind=muon
kind=muon
kind=muon
P:  torch.Size([12, 32])
S torch.Size([12, 12, 32])
P:  torch.Size([1536, 1536])
S torch.Size([96, 1536, 1536])
P:  torch.Size([1536, 6144])
S torch.Size([24, 1536, 6144])
P:  torch.Size([6144, 1536])
S torch.Size([24, 6144, 1536])
step 01131/02088 (54.17%) | loss: 2.880384 | lrm: 0.92 | dt: 14582.63ms | tok/sec: 71,905 | bf16_mfu: 35.95 | epoch: 1 | total time: 272.63m | eta: 232.7m
kind=muon
kind=muon
kind=muon
kind=muon
P:  torch.Size([12, 32])
S torch.Size([12, 12, 32])
P:  torch.Size([1536, 1536])
S torch.Size([96, 1536, 1536])
P:  torch.Size([1536, 6144])
S torch.Size([24, 1536, 6144])
P:  torch.Size([6144, 1536])
S torch.Size([24, 6144, 1536])
step 01132/02088 (54.21%) | loss: 2.884864 | lrm: 0.92 | dt: 14582.10ms | tok/sec: 71,908 | bf16_mfu: 35.96 | epoch: 1 | total time: 272.87m | eta: 232.5m
kind=muon
kind=muon
kind=muon
kind=muon
P:  torch.Size([12, 32])
S torch.Size([12, 12, 32])
P:  torch.Size([1536, 1536])
S torch.Size([96, 1536, 1536])
P:  torch.Size([1536, 6144])
S torch.Size([24, 1536, 6144])
P:  torch.Size([6144, 1536])
S torch.Size([24, 6144, 1536])
step 01133/02088 (54.26%) | loss: 2.874847 | lrm: 0.91 | dt: 14587.42ms | tok/sec: 71,882 | bf16_mfu: 35.94 | epoch: 1 | total time: 273.11m | eta: 232.3m
kind=muon
kind=muon
kind=muon
kind=muon
P:  torch.Size([12, 32])
S torch.Size([12, 12, 32])
P:  torch.Size([1536, 1536])
S torch.Size([96, 1536, 1536])
P:  torch.Size([1536, 6144])
S torch.Size([24, 1536, 6144])
P:  torch.Size([6144, 1536])
S torch.Size([24, 6144, 1536])
step 01134/02088 (54.31%) | loss: 2.872892 | lrm: 0.91 | dt: 14582.83ms | tok/sec: 71,904 | bf16_mfu: 35.95 | epoch: 1 | total time: 273.36m | eta: 232.0m
kind=muon
kind=muon
kind=muon
kind=muon
P:  torch.Size([12, 32])
S torch.Size([12, 12, 32])
P:  torch.Size([1536, 1536])
S torch.Size([96, 1536, 1536])
P:  torch.Size([1536, 6144])
S torch.Size([24, 1536, 6144])
P:  torch.Size([6144, 1536])
S torch.Size([24, 6144, 1536])
step 01135/02088 (54.36%) | loss: 2.875438 | lrm: 0.91 | dt: 14582.03ms | tok/sec: 71,908 | bf16_mfu: 35.96 | epoch: 1 | total time: 273.60m | eta: 231.8m
kind=muon
kind=muon
kind=muon
kind=muon
P:  torch.Size([12, 32])
S torch.Size([12, 12, 32])
P:  torch.Size([1536, 1536])
S torch.Size([96, 1536, 1536])
P:  torch.Size([1536, 6144])
S torch.Size([24, 1536, 6144])
P:  torch.Size([6144, 1536])
S torch.Size([24, 6144, 1536])
step 01136/02088 (54.41%) | loss: 2.874180 | lrm: 0.91 | dt: 14581.22ms | tok/sec: 71,912 | bf16_mfu: 35.96 | epoch: 1 | total time: 273.84m | eta: 231.5m
kind=muon
kind=muon
kind=muon
kind=muon
P:  torch.Size([12, 32])
S torch.Size([12, 12, 32])
P:  torch.Size([1536, 1536])
S torch.Size([96, 1536, 1536])
P:  torch.Size([1536, 6144])
S torch.Size([24, 1536, 6144])
P:  torch.Size([6144, 1536])
S torch.Size([24, 6144, 1536])
step 01137/02088 (54.45%) | loss: 2.874448 | lrm: 0.91 | dt: 14577.76ms | tok/sec: 71,929 | bf16_mfu: 35.97 | epoch: 1 | total time: 274.08m | eta: 231.3m
kind=muon
kind=muon
kind=muon
kind=muon
P:  torch.Size([12, 32])
S torch.Size([12, 12, 32])
P:  torch.Size([1536, 1536])
S torch.Size([96, 1536, 1536])
P:  torch.Size([1536, 6144])
S torch.Size([24, 1536, 6144])
P:  torch.Size([6144, 1536])
S torch.Size([24, 6144, 1536])
step 01138/02088 (54.50%) | loss: 2.879927 | lrm: 0.91 | dt: 14586.13ms | tok/sec: 71,888 | bf16_mfu: 35.95 | epoch: 1 | total time: 274.33m | eta: 231.0m
kind=muon
kind=muon
kind=muon
kind=muon
P:  torch.Size([12, 32])
S torch.Size([12, 12, 32])
P:  torch.Size([1536, 1536])
S torch.Size([96, 1536, 1536])
P:  torch.Size([1536, 6144])
S torch.Size([24, 1536, 6144])
P:  torch.Size([6144, 1536])
S torch.Size([24, 6144, 1536])
step 01139/02088 (54.55%) | loss: 2.879082 | lrm: 0.91 | dt: 14584.61ms | tok/sec: 71,896 | bf16_mfu: 35.95 | epoch: 1 | total time: 274.57m | eta: 230.8m
kind=muon
kind=muon
kind=muon
kind=muon
P:  torch.Size([12, 32])
S torch.Size([12, 12, 32])
P:  torch.Size([1536, 1536])
S torch.Size([96, 1536, 1536])
P:  torch.Size([1536, 6144])
S torch.Size([24, 1536, 6144])
P:  torch.Size([6144, 1536])
S torch.Size([24, 6144, 1536])
step 01140/02088 (54.60%) | loss: 2.874769 | lrm: 0.91 | dt: 14578.14ms | tok/sec: 71,927 | bf16_mfu: 35.96 | epoch: 1 | total time: 274.81m | eta: 230.6m
kind=muon
kind=muon
kind=muon
kind=muon
P:  torch.Size([12, 32])
S torch.Size([12, 12, 32])
P:  torch.Size([1536, 1536])
S torch.Size([96, 1536, 1536])
P:  torch.Size([1536, 6144])
S torch.Size([24, 1536, 6144])
P:  torch.Size([6144, 1536])
S torch.Size([24, 6144, 1536])
step 01141/02088 (54.65%) | loss: 2.861884 | lrm: 0.91 | dt: 14583.70ms | tok/sec: 71,900 | bf16_mfu: 35.95 | epoch: 1 | total time: 275.06m | eta: 230.3m
kind=muon
kind=muon
kind=muon
kind=muon
P:  torch.Size([12, 32])
S torch.Size([12, 12, 32])
P:  torch.Size([1536, 1536])
S torch.Size([96, 1536, 1536])
P:  torch.Size([1536, 6144])
S torch.Size([24, 1536, 6144])
P:  torch.Size([6144, 1536])
S torch.Size([24, 6144, 1536])
step 01142/02088 (54.69%) | loss: 2.863670 | lrm: 0.91 | dt: 14584.41ms | tok/sec: 71,897 | bf16_mfu: 35.95 | epoch: 1 | total time: 275.30m | eta: 230.1m
kind=muon
kind=muon
kind=muon
kind=muon
P:  torch.Size([12, 32])
S torch.Size([12, 12, 32])
P:  torch.Size([1536, 1536])
S torch.Size([96, 1536, 1536])
P:  torch.Size([1536, 6144])
S torch.Size([24, 1536, 6144])
P:  torch.Size([6144, 1536])
S torch.Size([24, 6144, 1536])
step 01143/02088 (54.74%) | loss: 2.871298 | lrm: 0.91 | dt: 14583.46ms | tok/sec: 71,901 | bf16_mfu: 35.95 | epoch: 1 | total time: 275.54m | eta: 229.8m
kind=muon
kind=muon
kind=muon
kind=muon
P:  torch.Size([12, 32])
S torch.Size([12, 12, 32])
P:  torch.Size([1536, 1536])
S torch.Size([96, 1536, 1536])
P:  torch.Size([1536, 6144])
S torch.Size([24, 1536, 6144])
P:  torch.Size([6144, 1536])
S torch.Size([24, 6144, 1536])
step 01144/02088 (54.79%) | loss: 2.876300 | lrm: 0.90 | dt: 14578.80ms | tok/sec: 71,924 | bf16_mfu: 35.96 | epoch: 1 | total time: 275.79m | eta: 229.6m
kind=muon
kind=muon
kind=muon
kind=muon
P:  torch.Size([12, 32])
S torch.Size([12, 12, 32])
P:  torch.Size([1536, 1536])
S torch.Size([96, 1536, 1536])
P:  torch.Size([1536, 6144])
S torch.Size([24, 1536, 6144])
P:  torch.Size([6144, 1536])
S torch.Size([24, 6144, 1536])
step 01145/02088 (54.84%) | loss: 2.876649 | lrm: 0.90 | dt: 14575.63ms | tok/sec: 71,940 | bf16_mfu: 35.97 | epoch: 1 | total time: 276.03m | eta: 229.3m
kind=muon
kind=muon
kind=muon
kind=muon
P:  torch.Size([12, 32])
S torch.Size([12, 12, 32])
P:  torch.Size([1536, 1536])
S torch.Size([96, 1536, 1536])
P:  torch.Size([1536, 6144])
S torch.Size([24, 1536, 6144])
P:  torch.Size([6144, 1536])
S torch.Size([24, 6144, 1536])
step 01146/02088 (54.89%) | loss: 2.876700 | lrm: 0.90 | dt: 14588.07ms | tok/sec: 71,879 | bf16_mfu: 35.94 | epoch: 1 | total time: 276.27m | eta: 229.1m
kind=muon
kind=muon
kind=muon
kind=muon
P:  torch.Size([12, 32])
S torch.Size([12, 12, 32])
P:  torch.Size([1536, 1536])
S torch.Size([96, 1536, 1536])
P:  torch.Size([1536, 6144])
S torch.Size([24, 1536, 6144])
P:  torch.Size([6144, 1536])
S torch.Size([24, 6144, 1536])
step 01147/02088 (54.93%) | loss: 2.886666 | lrm: 0.90 | dt: 14579.65ms | tok/sec: 71,920 | bf16_mfu: 35.96 | epoch: 1 | total time: 276.51m | eta: 228.8m
kind=muon
kind=muon
kind=muon
kind=muon
P:  torch.Size([12, 32])
S torch.Size([12, 12, 32])
P:  torch.Size([1536, 1536])
S torch.Size([96, 1536, 1536])
P:  torch.Size([1536, 6144])
S torch.Size([24, 1536, 6144])
P:  torch.Size([6144, 1536])
S torch.Size([24, 6144, 1536])
step 01148/02088 (54.98%) | loss: 2.894124 | lrm: 0.90 | dt: 14575.97ms | tok/sec: 71,938 | bf16_mfu: 35.97 | epoch: 1 | total time: 276.76m | eta: 228.6m
kind=muon
kind=muon
kind=muon
kind=muon
P:  torch.Size([12, 32])
S torch.Size([12, 12, 32])
P:  torch.Size([1536, 1536])
S torch.Size([96, 1536, 1536])
P:  torch.Size([1536, 6144])
S torch.Size([24, 1536, 6144])
P:  torch.Size([6144, 1536])
S torch.Size([24, 6144, 1536])
step 01149/02088 (55.03%) | loss: 2.893241 | lrm: 0.90 | dt: 14580.65ms | tok/sec: 71,915 | bf16_mfu: 35.96 | epoch: 1 | total time: 277.00m | eta: 228.4m
kind=muon
kind=muon
kind=muon
kind=muon
P:  torch.Size([12, 32])
S torch.Size([12, 12, 32])
P:  torch.Size([1536, 1536])
S torch.Size([96, 1536, 1536])
P:  torch.Size([1536, 6144])
S torch.Size([24, 1536, 6144])
P:  torch.Size([6144, 1536])
S torch.Size([24, 6144, 1536])
step 01150/02088 (55.08%) | loss: 2.899176 | lrm: 0.90 | dt: 14583.67ms | tok/sec: 71,900 | bf16_mfu: 35.95 | epoch: 1 | total time: 277.24m | eta: 228.1m
kind=muon
kind=muon
kind=muon
kind=muon
P:  torch.Size([12, 32])
S torch.Size([12, 12, 32])
P:  torch.Size([1536, 1536])
S torch.Size([96, 1536, 1536])
P:  torch.Size([1536, 6144])
S torch.Size([24, 1536, 6144])
P:  torch.Size([6144, 1536])
S torch.Size([24, 6144, 1536])
step 01151/02088 (55.12%) | loss: 2.898863 | lrm: 0.90 | dt: 14582.44ms | tok/sec: 71,906 | bf16_mfu: 35.95 | epoch: 1 | total time: 277.49m | eta: 227.9m
kind=muon
kind=muon
kind=muon
kind=muon
P:  torch.Size([12, 32])
S torch.Size([12, 12, 32])
P:  torch.Size([1536, 1536])
S torch.Size([96, 1536, 1536])
P:  torch.Size([1536, 6144])
S torch.Size([24, 1536, 6144])
P:  torch.Size([6144, 1536])
S torch.Size([24, 6144, 1536])
step 01152/02088 (55.17%) | loss: 2.890193 | lrm: 0.90 | dt: 14590.15ms | tok/sec: 71,868 | bf16_mfu: 35.94 | epoch: 1 | total time: 277.73m | eta: 227.6m
kind=muon
kind=muon
kind=muon
kind=muon
P:  torch.Size([12, 32])
S torch.Size([12, 12, 32])
P:  torch.Size([1536, 1536])
S torch.Size([96, 1536, 1536])
P:  torch.Size([1536, 6144])
S torch.Size([24, 1536, 6144])
P:  torch.Size([6144, 1536])
S torch.Size([24, 6144, 1536])
step 01153/02088 (55.22%) | loss: 2.893710 | lrm: 0.90 | dt: 14582.03ms | tok/sec: 71,908 | bf16_mfu: 35.96 | epoch: 1 | total time: 277.97m | eta: 227.4m
kind=muon
kind=muon
kind=muon
kind=muon
P:  torch.Size([12, 32])
S torch.Size([12, 12, 32])
P:  torch.Size([1536, 1536])
S torch.Size([96, 1536, 1536])
P:  torch.Size([1536, 6144])
S torch.Size([24, 1536, 6144])
P:  torch.Size([6144, 1536])
S torch.Size([24, 6144, 1536])
step 01154/02088 (55.27%) | loss: 2.891185 | lrm: 0.89 | dt: 14582.99ms | tok/sec: 71,904 | bf16_mfu: 35.95 | epoch: 1 | total time: 278.22m | eta: 227.1m
kind=muon
kind=muon
kind=muon
kind=muon
P:  torch.Size([12, 32])
S torch.Size([12, 12, 32])
P:  torch.Size([1536, 1536])
S torch.Size([96, 1536, 1536])
P:  torch.Size([1536, 6144])
S torch.Size([24, 1536, 6144])
P:  torch.Size([6144, 1536])
S torch.Size([24, 6144, 1536])
step 01155/02088 (55.32%) | loss: 2.893176 | lrm: 0.89 | dt: 14580.64ms | tok/sec: 71,915 | bf16_mfu: 35.96 | epoch: 1 | total time: 278.46m | eta: 226.9m
kind=muon
kind=muon
kind=muon
kind=muon
P:  torch.Size([12, 32])
S torch.Size([12, 12, 32])
P:  torch.Size([1536, 1536])
S torch.Size([96, 1536, 1536])
P:  torch.Size([1536, 6144])
S torch.Size([24, 1536, 6144])
P:  torch.Size([6144, 1536])
S torch.Size([24, 6144, 1536])
step 01156/02088 (55.36%) | loss: 2.888381 | lrm: 0.89 | dt: 14583.38ms | tok/sec: 71,902 | bf16_mfu: 35.95 | epoch: 1 | total time: 278.70m | eta: 226.7m
kind=muon
kind=muon
kind=muon
kind=muon
P:  torch.Size([12, 32])
S torch.Size([12, 12, 32])
P:  torch.Size([1536, 1536])
S torch.Size([96, 1536, 1536])
P:  torch.Size([1536, 6144])
S torch.Size([24, 1536, 6144])
P:  torch.Size([6144, 1536])
S torch.Size([24, 6144, 1536])
step 01157/02088 (55.41%) | loss: 2.876537 | lrm: 0.89 | dt: 14582.58ms | tok/sec: 71,906 | bf16_mfu: 35.95 | epoch: 1 | total time: 278.94m | eta: 226.4m
kind=muon
kind=muon
kind=muon
kind=muon
P:  torch.Size([12, 32])
S torch.Size([12, 12, 32])
P:  torch.Size([1536, 1536])
S torch.Size([96, 1536, 1536])
P:  torch.Size([1536, 6144])
S torch.Size([24, 1536, 6144])
P:  torch.Size([6144, 1536])
S torch.Size([24, 6144, 1536])
step 01158/02088 (55.46%) | loss: 2.873284 | lrm: 0.89 | dt: 14584.54ms | tok/sec: 71,896 | bf16_mfu: 35.95 | epoch: 1 | total time: 279.19m | eta: 226.2m
kind=muon
kind=muon
kind=muon
kind=muon
P:  torch.Size([12, 32])
S torch.Size([12, 12, 32])
P:  torch.Size([1536, 1536])
S torch.Size([96, 1536, 1536])
P:  torch.Size([1536, 6144])
S torch.Size([24, 1536, 6144])
P:  torch.Size([6144, 1536])
S torch.Size([24, 6144, 1536])
step 01159/02088 (55.51%) | loss: 2.881394 | lrm: 0.89 | dt: 14583.43ms | tok/sec: 71,901 | bf16_mfu: 35.95 | epoch: 1 | total time: 279.43m | eta: 225.9m
kind=muon
kind=muon
kind=muon
kind=muon
P:  torch.Size([12, 32])
S torch.Size([12, 12, 32])
P:  torch.Size([1536, 1536])
S torch.Size([96, 1536, 1536])
P:  torch.Size([1536, 6144])
S torch.Size([24, 1536, 6144])
P:  torch.Size([6144, 1536])
S torch.Size([24, 6144, 1536])
step 01160/02088 (55.56%) | loss: 2.889746 | lrm: 0.89 | dt: 14581.19ms | tok/sec: 71,912 | bf16_mfu: 35.96 | epoch: 1 | total time: 279.67m | eta: 225.7m
kind=muon
kind=muon
kind=muon
kind=muon
P:  torch.Size([12, 32])
S torch.Size([12, 12, 32])
P:  torch.Size([1536, 1536])
S torch.Size([96, 1536, 1536])
P:  torch.Size([1536, 6144])
S torch.Size([24, 1536, 6144])
P:  torch.Size([6144, 1536])
S torch.Size([24, 6144, 1536])
step 01161/02088 (55.60%) | loss: 2.894066 | lrm: 0.89 | dt: 14583.73ms | tok/sec: 71,900 | bf16_mfu: 35.95 | epoch: 1 | total time: 279.92m | eta: 225.4m
kind=muon
kind=muon
kind=muon
kind=muon
P:  torch.Size([12, 32])
S torch.Size([12, 12, 32])
P:  torch.Size([1536, 1536])
S torch.Size([96, 1536, 1536])
P:  torch.Size([1536, 6144])
S torch.Size([24, 1536, 6144])
P:  torch.Size([6144, 1536])
S torch.Size([24, 6144, 1536])
step 01162/02088 (55.65%) | loss: 2.882964 | lrm: 0.89 | dt: 14584.91ms | tok/sec: 71,894 | bf16_mfu: 35.95 | epoch: 1 | total time: 280.16m | eta: 225.2m
kind=muon
kind=muon
kind=muon
kind=muon
P:  torch.Size([12, 32])
S torch.Size([12, 12, 32])
P:  torch.Size([1536, 1536])
S torch.Size([96, 1536, 1536])
P:  torch.Size([1536, 6144])
S torch.Size([24, 1536, 6144])
P:  torch.Size([6144, 1536])
S torch.Size([24, 6144, 1536])
step 01163/02088 (55.70%) | loss: 2.886592 | lrm: 0.89 | dt: 14586.47ms | tok/sec: 71,886 | bf16_mfu: 35.94 | epoch: 1 | total time: 280.40m | eta: 225.0m
kind=muon
kind=muon
kind=muon
kind=muon
P:  torch.Size([12, 32])
S torch.Size([12, 12, 32])
P:  torch.Size([1536, 1536])
S torch.Size([96, 1536, 1536])
P:  torch.Size([1536, 6144])
S torch.Size([24, 1536, 6144])
P:  torch.Size([6144, 1536])
S torch.Size([24, 6144, 1536])
step 01164/02088 (55.75%) | loss: 2.876101 | lrm: 0.89 | dt: 14582.44ms | tok/sec: 71,906 | bf16_mfu: 35.95 | epoch: 1 | total time: 280.65m | eta: 224.7m
kind=muon
kind=muon
kind=muon
kind=muon
P:  torch.Size([12, 32])
S torch.Size([12, 12, 32])
P:  torch.Size([1536, 1536])
S torch.Size([96, 1536, 1536])
P:  torch.Size([1536, 6144])
S torch.Size([24, 1536, 6144])
P:  torch.Size([6144, 1536])
S torch.Size([24, 6144, 1536])
step 01165/02088 (55.80%) | loss: 2.881625 | lrm: 0.88 | dt: 14581.69ms | tok/sec: 71,910 | bf16_mfu: 35.96 | epoch: 1 | total time: 280.89m | eta: 224.5m
kind=muon
kind=muon
kind=muon
kind=muon
P:  torch.Size([12, 32])
S torch.Size([12, 12, 32])
P:  torch.Size([1536, 1536])
S torch.Size([96, 1536, 1536])
P:  torch.Size([1536, 6144])
S torch.Size([24, 1536, 6144])
P:  torch.Size([6144, 1536])
S torch.Size([24, 6144, 1536])
step 01166/02088 (55.84%) | loss: 2.883014 | lrm: 0.88 | dt: 14586.96ms | tok/sec: 71,884 | bf16_mfu: 35.94 | epoch: 1 | total time: 281.13m | eta: 224.2m
kind=muon
kind=muon
kind=muon
kind=muon
P:  torch.Size([12, 32])
S torch.Size([12, 12, 32])
P:  torch.Size([1536, 1536])
S torch.Size([96, 1536, 1536])
P:  torch.Size([1536, 6144])
S torch.Size([24, 1536, 6144])
P:  torch.Size([6144, 1536])
S torch.Size([24, 6144, 1536])
step 01167/02088 (55.89%) | loss: 2.883273 | lrm: 0.88 | dt: 14579.37ms | tok/sec: 71,921 | bf16_mfu: 35.96 | epoch: 1 | total time: 281.38m | eta: 224.0m
kind=muon
kind=muon
kind=muon
kind=muon
P:  torch.Size([12, 32])
S torch.Size([12, 12, 32])
P:  torch.Size([1536, 1536])
S torch.Size([96, 1536, 1536])
P:  torch.Size([1536, 6144])
S torch.Size([24, 1536, 6144])
P:  torch.Size([6144, 1536])
S torch.Size([24, 6144, 1536])
step 01168/02088 (55.94%) | loss: 2.892705 | lrm: 0.88 | dt: 14588.52ms | tok/sec: 71,876 | bf16_mfu: 35.94 | epoch: 1 | total time: 281.62m | eta: 223.7m
kind=muon
kind=muon
kind=muon
kind=muon
P:  torch.Size([12, 32])
S torch.Size([12, 12, 32])
P:  torch.Size([1536, 1536])
S torch.Size([96, 1536, 1536])
P:  torch.Size([1536, 6144])
S torch.Size([24, 1536, 6144])
P:  torch.Size([6144, 1536])
S torch.Size([24, 6144, 1536])
step 01169/02088 (55.99%) | loss: 2.890505 | lrm: 0.88 | dt: 14582.67ms | tok/sec: 71,905 | bf16_mfu: 35.95 | epoch: 1 | total time: 281.86m | eta: 223.5m
kind=muon
kind=muon
kind=muon
kind=muon
P:  torch.Size([12, 32])
S torch.Size([12, 12, 32])
P:  torch.Size([1536, 1536])
S torch.Size([96, 1536, 1536])
P:  torch.Size([1536, 6144])
S torch.Size([24, 1536, 6144])
P:  torch.Size([6144, 1536])
S torch.Size([24, 6144, 1536])
step 01170/02088 (56.03%) | loss: 2.893339 | lrm: 0.88 | dt: 14583.45ms | tok/sec: 71,901 | bf16_mfu: 35.95 | epoch: 1 | total time: 282.10m | eta: 223.3m
kind=muon
kind=muon
kind=muon
kind=muon
P:  torch.Size([12, 32])
S torch.Size([12, 12, 32])
P:  torch.Size([1536, 1536])
S torch.Size([96, 1536, 1536])
P:  torch.Size([1536, 6144])
S torch.Size([24, 1536, 6144])
P:  torch.Size([6144, 1536])
S torch.Size([24, 6144, 1536])
step 01171/02088 (56.08%) | loss: 2.882343 | lrm: 0.88 | dt: 14577.31ms | tok/sec: 71,932 | bf16_mfu: 35.97 | epoch: 1 | total time: 282.35m | eta: 223.0m
kind=muon
kind=muon
kind=muon
kind=muon
P:  torch.Size([12, 32])
S torch.Size([12, 12, 32])
P:  torch.Size([1536, 1536])
S torch.Size([96, 1536, 1536])
P:  torch.Size([1536, 6144])
S torch.Size([24, 1536, 6144])
P:  torch.Size([6144, 1536])
S torch.Size([24, 6144, 1536])
step 01172/02088 (56.13%) | loss: 2.861697 | lrm: 0.88 | dt: 14582.19ms | tok/sec: 71,908 | bf16_mfu: 35.95 | epoch: 1 | total time: 282.59m | eta: 222.8m
kind=muon
kind=muon
kind=muon
kind=muon
P:  torch.Size([12, 32])
S torch.Size([12, 12, 32])
P:  torch.Size([1536, 1536])
S torch.Size([96, 1536, 1536])
P:  torch.Size([1536, 6144])
S torch.Size([24, 1536, 6144])
P:  torch.Size([6144, 1536])
S torch.Size([24, 6144, 1536])
step 01173/02088 (56.18%) | loss: 2.862255 | lrm: 0.88 | dt: 14583.44ms | tok/sec: 71,901 | bf16_mfu: 35.95 | epoch: 1 | total time: 282.83m | eta: 222.5m
kind=muon
kind=muon
kind=muon
kind=muon
P:  torch.Size([12, 32])
S torch.Size([12, 12, 32])
P:  torch.Size([1536, 1536])
S torch.Size([96, 1536, 1536])
P:  torch.Size([1536, 6144])
S torch.Size([24, 1536, 6144])
P:  torch.Size([6144, 1536])
S torch.Size([24, 6144, 1536])
step 01174/02088 (56.23%) | loss: 2.850320 | lrm: 0.88 | dt: 14586.22ms | tok/sec: 71,888 | bf16_mfu: 35.94 | epoch: 1 | total time: 283.08m | eta: 222.3m
kind=muon
kind=muon
kind=muon
kind=muon
P:  torch.Size([12, 32])
S torch.Size([12, 12, 32])
P:  torch.Size([1536, 1536])
S torch.Size([96, 1536, 1536])
P:  torch.Size([1536, 6144])
S torch.Size([24, 1536, 6144])
P:  torch.Size([6144, 1536])
S torch.Size([24, 6144, 1536])
step 01175/02088 (56.27%) | loss: 2.843329 | lrm: 0.87 | dt: 14584.78ms | tok/sec: 71,895 | bf16_mfu: 35.95 | epoch: 1 | total time: 283.32m | eta: 222.0m
kind=muon
kind=muon
kind=muon
kind=muon
P:  torch.Size([12, 32])
S torch.Size([12, 12, 32])
P:  torch.Size([1536, 1536])
S torch.Size([96, 1536, 1536])
P:  torch.Size([1536, 6144])
S torch.Size([24, 1536, 6144])
P:  torch.Size([6144, 1536])
S torch.Size([24, 6144, 1536])
step 01176/02088 (56.32%) | loss: 2.842786 | lrm: 0.87 | dt: 14582.55ms | tok/sec: 71,906 | bf16_mfu: 35.95 | epoch: 1 | total time: 283.56m | eta: 221.8m
kind=muon
kind=muon
kind=muon
kind=muon
P:  torch.Size([12, 32])
S torch.Size([12, 12, 32])
P:  torch.Size([1536, 1536])
S torch.Size([96, 1536, 1536])
P:  torch.Size([1536, 6144])
S torch.Size([24, 1536, 6144])
P:  torch.Size([6144, 1536])
S torch.Size([24, 6144, 1536])
step 01177/02088 (56.37%) | loss: 2.854980 | lrm: 0.87 | dt: 14580.25ms | tok/sec: 71,917 | bf16_mfu: 35.96 | epoch: 1 | total time: 283.81m | eta: 221.5m
kind=muon
kind=muon
kind=muon
kind=muon
P:  torch.Size([12, 32])
S torch.Size([12, 12, 32])
P:  torch.Size([1536, 1536])
S torch.Size([96, 1536, 1536])
P:  torch.Size([1536, 6144])
S torch.Size([24, 1536, 6144])
P:  torch.Size([6144, 1536])
S torch.Size([24, 6144, 1536])
step 01178/02088 (56.42%) | loss: 2.864071 | lrm: 0.87 | dt: 14581.38ms | tok/sec: 71,911 | bf16_mfu: 35.96 | epoch: 1 | total time: 284.05m | eta: 221.3m
kind=muon
kind=muon
kind=muon
kind=muon
P:  torch.Size([12, 32])
S torch.Size([12, 12, 32])
P:  torch.Size([1536, 1536])
S torch.Size([96, 1536, 1536])
P:  torch.Size([1536, 6144])
S torch.Size([24, 1536, 6144])
P:  torch.Size([6144, 1536])
S torch.Size([24, 6144, 1536])
step 01179/02088 (56.47%) | loss: 2.863223 | lrm: 0.87 | dt: 14578.24ms | tok/sec: 71,927 | bf16_mfu: 35.96 | epoch: 1 | total time: 284.29m | eta: 221.1m
kind=muon
kind=muon
kind=muon
kind=muon
P:  torch.Size([12, 32])
S torch.Size([12, 12, 32])
P:  torch.Size([1536, 1536])
S torch.Size([96, 1536, 1536])
P:  torch.Size([1536, 6144])
S torch.Size([24, 1536, 6144])
P:  torch.Size([6144, 1536])
S torch.Size([24, 6144, 1536])
step 01180/02088 (56.51%) | loss: 2.857977 | lrm: 0.87 | dt: 14577.18ms | tok/sec: 71,932 | bf16_mfu: 35.97 | epoch: 1 | total time: 284.53m | eta: 220.8m
kind=muon
kind=muon
kind=muon
kind=muon
P:  torch.Size([12, 32])
S torch.Size([12, 12, 32])
P:  torch.Size([1536, 1536])
S torch.Size([96, 1536, 1536])
P:  torch.Size([1536, 6144])
S torch.Size([24, 1536, 6144])
P:  torch.Size([6144, 1536])
S torch.Size([24, 6144, 1536])
step 01181/02088 (56.56%) | loss: 2.856787 | lrm: 0.87 | dt: 14580.34ms | tok/sec: 71,917 | bf16_mfu: 35.96 | epoch: 1 | total time: 284.78m | eta: 220.6m
kind=muon
kind=muon
kind=muon
kind=muon
P:  torch.Size([12, 32])
S torch.Size([12, 12, 32])
P:  torch.Size([1536, 1536])
S torch.Size([96, 1536, 1536])
P:  torch.Size([1536, 6144])
S torch.Size([24, 1536, 6144])
P:  torch.Size([6144, 1536])
S torch.Size([24, 6144, 1536])
step 01182/02088 (56.61%) | loss: 2.849056 | lrm: 0.87 | dt: 14582.50ms | tok/sec: 71,906 | bf16_mfu: 35.95 | epoch: 1 | total time: 285.02m | eta: 220.3m
kind=muon
kind=muon
kind=muon
kind=muon
P:  torch.Size([12, 32])
S torch.Size([12, 12, 32])
P:  torch.Size([1536, 1536])
S torch.Size([96, 1536, 1536])
P:  torch.Size([1536, 6144])
S torch.Size([24, 1536, 6144])
P:  torch.Size([6144, 1536])
S torch.Size([24, 6144, 1536])
step 01183/02088 (56.66%) | loss: 2.840968 | lrm: 0.87 | dt: 14580.81ms | tok/sec: 71,914 | bf16_mfu: 35.96 | epoch: 1 | total time: 285.26m | eta: 220.1m
kind=muon
kind=muon
kind=muon
kind=muon
P:  torch.Size([12, 32])
S torch.Size([12, 12, 32])
P:  torch.Size([1536, 1536])
S torch.Size([96, 1536, 1536])
P:  torch.Size([1536, 6144])
S torch.Size([24, 1536, 6144])
P:  torch.Size([6144, 1536])
S torch.Size([24, 6144, 1536])
step 01184/02088 (56.70%) | loss: 2.829016 | lrm: 0.87 | dt: 14578.76ms | tok/sec: 71,924 | bf16_mfu: 35.96 | epoch: 1 | total time: 285.51m | eta: 219.8m
kind=muon
kind=muon
kind=muon
kind=muon
P:  torch.Size([12, 32])
S torch.Size([12, 12, 32])
P:  torch.Size([1536, 1536])
S torch.Size([96, 1536, 1536])
P:  torch.Size([1536, 6144])
S torch.Size([24, 1536, 6144])
P:  torch.Size([6144, 1536])
S torch.Size([24, 6144, 1536])
step 01185/02088 (56.75%) | loss: 2.824291 | lrm: 0.86 | dt: 14580.10ms | tok/sec: 71,918 | bf16_mfu: 35.96 | epoch: 1 | total time: 285.75m | eta: 219.6m
kind=muon
kind=muon
kind=muon
kind=muon
P:  torch.Size([12, 32])
S torch.Size([12, 12, 32])
P:  torch.Size([1536, 1536])
S torch.Size([96, 1536, 1536])
P:  torch.Size([1536, 6144])
S torch.Size([24, 1536, 6144])
P:  torch.Size([6144, 1536])
S torch.Size([24, 6144, 1536])
step 01186/02088 (56.80%) | loss: 2.797364 | lrm: 0.86 | dt: 14580.20ms | tok/sec: 71,917 | bf16_mfu: 35.96 | epoch: 1 | total time: 285.99m | eta: 219.4m
kind=muon
kind=muon
kind=muon
kind=muon
P:  torch.Size([12, 32])
S torch.Size([12, 12, 32])
P:  torch.Size([1536, 1536])
S torch.Size([96, 1536, 1536])
P:  torch.Size([1536, 6144])
S torch.Size([24, 1536, 6144])
P:  torch.Size([6144, 1536])
S torch.Size([24, 6144, 1536])
step 01187/02088 (56.85%) | loss: 2.814024 | lrm: 0.86 | dt: 14581.10ms | tok/sec: 71,913 | bf16_mfu: 35.96 | epoch: 1 | total time: 286.24m | eta: 219.1m
kind=muon
kind=muon
kind=muon
kind=muon
P:  torch.Size([12, 32])
S torch.Size([12, 12, 32])
P:  torch.Size([1536, 1536])
S torch.Size([96, 1536, 1536])
P:  torch.Size([1536, 6144])
S torch.Size([24, 1536, 6144])
P:  torch.Size([6144, 1536])
S torch.Size([24, 6144, 1536])
step 01188/02088 (56.90%) | loss: 2.817676 | lrm: 0.86 | dt: 14583.33ms | tok/sec: 71,902 | bf16_mfu: 35.95 | epoch: 1 | total time: 286.48m | eta: 218.9m
kind=muon
kind=muon
kind=muon
kind=muon
P:  torch.Size([12, 32])
S torch.Size([12, 12, 32])
P:  torch.Size([1536, 1536])
S torch.Size([96, 1536, 1536])
P:  torch.Size([1536, 6144])
S torch.Size([24, 1536, 6144])
P:  torch.Size([6144, 1536])
S torch.Size([24, 6144, 1536])
step 01189/02088 (56.94%) | loss: 2.825514 | lrm: 0.86 | dt: 14582.94ms | tok/sec: 71,904 | bf16_mfu: 35.95 | epoch: 1 | total time: 286.72m | eta: 218.6m
kind=muon
kind=muon
kind=muon
kind=muon
P:  torch.Size([12, 32])
S torch.Size([12, 12, 32])
P:  torch.Size([1536, 1536])
S torch.Size([96, 1536, 1536])
P:  torch.Size([1536, 6144])
S torch.Size([24, 1536, 6144])
P:  torch.Size([6144, 1536])
S torch.Size([24, 6144, 1536])
step 01190/02088 (56.99%) | loss: 2.833709 | lrm: 0.86 | dt: 14584.03ms | tok/sec: 71,898 | bf16_mfu: 35.95 | epoch: 1 | total time: 286.97m | eta: 218.4m
kind=muon
kind=muon
kind=muon
kind=muon
P:  torch.Size([12, 32])
S torch.Size([12, 12, 32])
P:  torch.Size([1536, 1536])
S torch.Size([96, 1536, 1536])
P:  torch.Size([1536, 6144])
S torch.Size([24, 1536, 6144])
P:  torch.Size([6144, 1536])
S torch.Size([24, 6144, 1536])
step 01191/02088 (57.04%) | loss: 2.831610 | lrm: 0.86 | dt: 14578.48ms | tok/sec: 71,926 | bf16_mfu: 35.96 | epoch: 1 | total time: 287.21m | eta: 218.1m
kind=muon
kind=muon
kind=muon
kind=muon
P:  torch.Size([12, 32])
S torch.Size([12, 12, 32])
P:  torch.Size([1536, 1536])
S torch.Size([96, 1536, 1536])
P:  torch.Size([1536, 6144])
S torch.Size([24, 1536, 6144])
P:  torch.Size([6144, 1536])
S torch.Size([24, 6144, 1536])
step 01192/02088 (57.09%) | loss: 2.828109 | lrm: 0.86 | dt: 14584.36ms | tok/sec: 71,897 | bf16_mfu: 35.95 | epoch: 1 | total time: 287.45m | eta: 217.9m
kind=muon
kind=muon
kind=muon
kind=muon
P:  torch.Size([12, 32])
S torch.Size([12, 12, 32])
P:  torch.Size([1536, 1536])
S torch.Size([96, 1536, 1536])
P:  torch.Size([1536, 6144])
S torch.Size([24, 1536, 6144])
P:  torch.Size([6144, 1536])
S torch.Size([24, 6144, 1536])
step 01193/02088 (57.14%) | loss: 2.812294 | lrm: 0.86 | dt: 14584.20ms | tok/sec: 71,898 | bf16_mfu: 35.95 | epoch: 1 | total time: 287.69m | eta: 217.7m
kind=muon
kind=muon
kind=muon
kind=muon
P:  torch.Size([12, 32])
S torch.Size([12, 12, 32])
P:  torch.Size([1536, 1536])
S torch.Size([96, 1536, 1536])
P:  torch.Size([1536, 6144])
S torch.Size([24, 1536, 6144])
P:  torch.Size([6144, 1536])
S torch.Size([24, 6144, 1536])
step 01194/02088 (57.18%) | loss: 2.819562 | lrm: 0.86 | dt: 14580.06ms | tok/sec: 71,918 | bf16_mfu: 35.96 | epoch: 1 | total time: 287.94m | eta: 217.4m
kind=muon
kind=muon
kind=muon
kind=muon
P:  torch.Size([12, 32])
S torch.Size([12, 12, 32])
P:  torch.Size([1536, 1536])
S torch.Size([96, 1536, 1536])
P:  torch.Size([1536, 6144])
S torch.Size([24, 1536, 6144])
P:  torch.Size([6144, 1536])
S torch.Size([24, 6144, 1536])
step 01195/02088 (57.23%) | loss: 2.830288 | lrm: 0.86 | dt: 14580.82ms | tok/sec: 71,914 | bf16_mfu: 35.96 | epoch: 1 | total time: 288.18m | eta: 217.2m
kind=muon
kind=muon
kind=muon
kind=muon
P:  torch.Size([12, 32])
S torch.Size([12, 12, 32])
P:  torch.Size([1536, 1536])
S torch.Size([96, 1536, 1536])
P:  torch.Size([1536, 6144])
S torch.Size([24, 1536, 6144])
P:  torch.Size([6144, 1536])
S torch.Size([24, 6144, 1536])
step 01196/02088 (57.28%) | loss: 2.846443 | lrm: 0.85 | dt: 14580.01ms | tok/sec: 71,918 | bf16_mfu: 35.96 | epoch: 1 | total time: 288.42m | eta: 216.9m
kind=muon
kind=muon
kind=muon
kind=muon
P:  torch.Size([12, 32])
S torch.Size([12, 12, 32])
P:  torch.Size([1536, 1536])
S torch.Size([96, 1536, 1536])
P:  torch.Size([1536, 6144])
S torch.Size([24, 1536, 6144])
P:  torch.Size([6144, 1536])
S torch.Size([24, 6144, 1536])
step 01197/02088 (57.33%) | loss: 2.848744 | lrm: 0.85 | dt: 14581.61ms | tok/sec: 71,910 | bf16_mfu: 35.96 | epoch: 1 | total time: 288.67m | eta: 216.7m
kind=muon
kind=muon
kind=muon
kind=muon
P:  torch.Size([12, 32])
S torch.Size([12, 12, 32])
P:  torch.Size([1536, 1536])
S torch.Size([96, 1536, 1536])
P:  torch.Size([1536, 6144])
S torch.Size([24, 1536, 6144])
P:  torch.Size([6144, 1536])
S torch.Size([24, 6144, 1536])
step 01198/02088 (57.38%) | loss: 2.853683 | lrm: 0.85 | dt: 14579.73ms | tok/sec: 71,920 | bf16_mfu: 35.96 | epoch: 1 | total time: 288.91m | eta: 216.4m
kind=muon
kind=muon
kind=muon
kind=muon
P:  torch.Size([12, 32])
S torch.Size([12, 12, 32])
P:  torch.Size([1536, 1536])
S torch.Size([96, 1536, 1536])
P:  torch.Size([1536, 6144])
S torch.Size([24, 1536, 6144])
P:  torch.Size([6144, 1536])
S torch.Size([24, 6144, 1536])
step 01199/02088 (57.42%) | loss: 2.848443 | lrm: 0.85 | dt: 14580.30ms | tok/sec: 71,917 | bf16_mfu: 35.96 | epoch: 1 | total time: 289.15m | eta: 216.2m
kind=muon
kind=muon
kind=muon
kind=muon
P:  torch.Size([12, 32])
S torch.Size([12, 12, 32])
P:  torch.Size([1536, 1536])
S torch.Size([96, 1536, 1536])
P:  torch.Size([1536, 6144])
S torch.Size([24, 1536, 6144])
P:  torch.Size([6144, 1536])
S torch.Size([24, 6144, 1536])
step 01200/02088 (57.47%) | loss: 2.833908 | lrm: 0.85 | dt: 14581.23ms | tok/sec: 71,912 | bf16_mfu: 35.96 | epoch: 1 | total time: 289.40m | eta: 216.0m
kind=muon
kind=muon
kind=muon
kind=muon
P:  torch.Size([12, 32])
S torch.Size([12, 12, 32])
P:  torch.Size([1536, 1536])
S torch.Size([96, 1536, 1536])
P:  torch.Size([1536, 6144])
S torch.Size([24, 1536, 6144])
P:  torch.Size([6144, 1536])
S torch.Size([24, 6144, 1536])
step 01201/02088 (57.52%) | loss: 2.831575 | lrm: 0.85 | dt: 14578.55ms | tok/sec: 71,925 | bf16_mfu: 35.96 | epoch: 1 | total time: 289.64m | eta: 215.7m
kind=muon
kind=muon
kind=muon
kind=muon
P:  torch.Size([12, 32])
S torch.Size([12, 12, 32])
P:  torch.Size([1536, 1536])
S torch.Size([96, 1536, 1536])
P:  torch.Size([1536, 6144])
S torch.Size([24, 1536, 6144])
P:  torch.Size([6144, 1536])
S torch.Size([24, 6144, 1536])
step 01202/02088 (57.57%) | loss: 2.828009 | lrm: 0.85 | dt: 14580.90ms | tok/sec: 71,914 | bf16_mfu: 35.96 | epoch: 1 | total time: 289.88m | eta: 215.5m
kind=muon
kind=muon
kind=muon
kind=muon
P:  torch.Size([12, 32])
S torch.Size([12, 12, 32])
P:  torch.Size([1536, 1536])
S torch.Size([96, 1536, 1536])
P:  torch.Size([1536, 6144])
S torch.Size([24, 1536, 6144])
P:  torch.Size([6144, 1536])
S torch.Size([24, 6144, 1536])
step 01203/02088 (57.61%) | loss: 2.829053 | lrm: 0.85 | dt: 14581.22ms | tok/sec: 71,912 | bf16_mfu: 35.96 | epoch: 1 | total time: 290.12m | eta: 215.2m
kind=muon
kind=muon
kind=muon
kind=muon
P:  torch.Size([12, 32])
S torch.Size([12, 12, 32])
P:  torch.Size([1536, 1536])
S torch.Size([96, 1536, 1536])
P:  torch.Size([1536, 6144])
S torch.Size([24, 1536, 6144])
P:  torch.Size([6144, 1536])
S torch.Size([24, 6144, 1536])
step 01204/02088 (57.66%) | loss: 2.830947 | lrm: 0.85 | dt: 14580.17ms | tok/sec: 71,917 | bf16_mfu: 35.96 | epoch: 1 | total time: 290.37m | eta: 215.0m
kind=muon
kind=muon
kind=muon
kind=muon
P:  torch.Size([12, 32])
S torch.Size([12, 12, 32])
P:  torch.Size([1536, 1536])
S torch.Size([96, 1536, 1536])
P:  torch.Size([1536, 6144])
S torch.Size([24, 1536, 6144])
P:  torch.Size([6144, 1536])
S torch.Size([24, 6144, 1536])
step 01205/02088 (57.71%) | loss: 2.828613 | lrm: 0.85 | dt: 14580.93ms | tok/sec: 71,914 | bf16_mfu: 35.96 | epoch: 1 | total time: 290.61m | eta: 214.7m
kind=muon
kind=muon
kind=muon
kind=muon
P:  torch.Size([12, 32])
S torch.Size([12, 12, 32])
P:  torch.Size([1536, 1536])
S torch.Size([96, 1536, 1536])
P:  torch.Size([1536, 6144])
S torch.Size([24, 1536, 6144])
P:  torch.Size([6144, 1536])
S torch.Size([24, 6144, 1536])
step 01206/02088 (57.76%) | loss: 2.825861 | lrm: 0.84 | dt: 14579.68ms | tok/sec: 71,920 | bf16_mfu: 35.96 | epoch: 1 | total time: 290.85m | eta: 214.5m
kind=muon
kind=muon
kind=muon
kind=muon
P:  torch.Size([12, 32])
S torch.Size([12, 12, 32])
P:  torch.Size([1536, 1536])
S torch.Size([96, 1536, 1536])
P:  torch.Size([1536, 6144])
S torch.Size([24, 1536, 6144])
P:  torch.Size([6144, 1536])
S torch.Size([24, 6144, 1536])
step 01207/02088 (57.81%) | loss: 2.822594 | lrm: 0.84 | dt: 14584.92ms | tok/sec: 71,894 | bf16_mfu: 35.95 | epoch: 1 | total time: 291.10m | eta: 214.2m
kind=muon
kind=muon
kind=muon
kind=muon
P:  torch.Size([12, 32])
S torch.Size([12, 12, 32])
P:  torch.Size([1536, 1536])
S torch.Size([96, 1536, 1536])
P:  torch.Size([1536, 6144])
S torch.Size([24, 1536, 6144])
P:  torch.Size([6144, 1536])
S torch.Size([24, 6144, 1536])
step 01208/02088 (57.85%) | loss: 2.835130 | lrm: 0.84 | dt: 14582.24ms | tok/sec: 71,907 | bf16_mfu: 35.95 | epoch: 1 | total time: 291.34m | eta: 214.0m
kind=muon
kind=muon
kind=muon
kind=muon
P:  torch.Size([12, 32])
S torch.Size([12, 12, 32])
P:  torch.Size([1536, 1536])
S torch.Size([96, 1536, 1536])
P:  torch.Size([1536, 6144])
S torch.Size([24, 1536, 6144])
P:  torch.Size([6144, 1536])
S torch.Size([24, 6144, 1536])
step 01209/02088 (57.90%) | loss: 2.830192 | lrm: 0.84 | dt: 14584.84ms | tok/sec: 71,894 | bf16_mfu: 35.95 | epoch: 1 | total time: 291.58m | eta: 213.8m
kind=muon
kind=muon
kind=muon
kind=muon
P:  torch.Size([12, 32])
S torch.Size([12, 12, 32])
P:  torch.Size([1536, 1536])
S torch.Size([96, 1536, 1536])
P:  torch.Size([1536, 6144])
S torch.Size([24, 1536, 6144])
P:  torch.Size([6144, 1536])
S torch.Size([24, 6144, 1536])
step 01210/02088 (57.95%) | loss: 2.829666 | lrm: 0.84 | dt: 14575.15ms | tok/sec: 71,942 | bf16_mfu: 35.97 | epoch: 1 | total time: 291.83m | eta: 213.5m
kind=muon
kind=muon
kind=muon
kind=muon
P:  torch.Size([12, 32])
S torch.Size([12, 12, 32])
P:  torch.Size([1536, 1536])
S torch.Size([96, 1536, 1536])
P:  torch.Size([1536, 6144])
S torch.Size([24, 1536, 6144])
P:  torch.Size([6144, 1536])
S torch.Size([24, 6144, 1536])
step 01211/02088 (58.00%) | loss: 2.826411 | lrm: 0.84 | dt: 14584.93ms | tok/sec: 71,894 | bf16_mfu: 35.95 | epoch: 1 | total time: 292.07m | eta: 213.3m
kind=muon
kind=muon
kind=muon
kind=muon
P:  torch.Size([12, 32])
S torch.Size([12, 12, 32])
P:  torch.Size([1536, 1536])
S torch.Size([96, 1536, 1536])
P:  torch.Size([1536, 6144])
S torch.Size([24, 1536, 6144])
P:  torch.Size([6144, 1536])
S torch.Size([24, 6144, 1536])
step 01212/02088 (58.05%) | loss: 2.849235 | lrm: 0.84 | dt: 14582.64ms | tok/sec: 71,905 | bf16_mfu: 35.95 | epoch: 1 | total time: 292.31m | eta: 213.0m
kind=muon
kind=muon
kind=muon
kind=muon
P:  torch.Size([12, 32])
S torch.Size([12, 12, 32])
P:  torch.Size([1536, 1536])
S torch.Size([96, 1536, 1536])
P:  torch.Size([1536, 6144])
S torch.Size([24, 1536, 6144])
P:  torch.Size([6144, 1536])
S torch.Size([24, 6144, 1536])
step 01213/02088 (58.09%) | loss: 2.843263 | lrm: 0.84 | dt: 14580.93ms | tok/sec: 71,914 | bf16_mfu: 35.96 | epoch: 1 | total time: 292.55m | eta: 212.8m
kind=muon
kind=muon
kind=muon
kind=muon
P:  torch.Size([12, 32])
S torch.Size([12, 12, 32])
P:  torch.Size([1536, 1536])
S torch.Size([96, 1536, 1536])
P:  torch.Size([1536, 6144])
S torch.Size([24, 1536, 6144])
P:  torch.Size([6144, 1536])
S torch.Size([24, 6144, 1536])
step 01214/02088 (58.14%) | loss: 2.864571 | lrm: 0.84 | dt: 14581.74ms | tok/sec: 71,910 | bf16_mfu: 35.96 | epoch: 1 | total time: 292.80m | eta: 212.5m
kind=muon
kind=muon
kind=muon
kind=muon
P:  torch.Size([12, 32])
S torch.Size([12, 12, 32])
P:  torch.Size([1536, 1536])
S torch.Size([96, 1536, 1536])
P:  torch.Size([1536, 6144])
S torch.Size([24, 1536, 6144])
P:  torch.Size([6144, 1536])
S torch.Size([24, 6144, 1536])
step 01215/02088 (58.19%) | loss: 2.861737 | lrm: 0.84 | dt: 14584.47ms | tok/sec: 71,896 | bf16_mfu: 35.95 | epoch: 1 | total time: 293.04m | eta: 212.3m
kind=muon
kind=muon
kind=muon
kind=muon
P:  torch.Size([12, 32])
S torch.Size([12, 12, 32])
P:  torch.Size([1536, 1536])
S torch.Size([96, 1536, 1536])
P:  torch.Size([1536, 6144])
S torch.Size([24, 1536, 6144])
P:  torch.Size([6144, 1536])
S torch.Size([24, 6144, 1536])
step 01216/02088 (58.24%) | loss: 2.859078 | lrm: 0.84 | dt: 14582.19ms | tok/sec: 71,908 | bf16_mfu: 35.95 | epoch: 1 | total time: 293.28m | eta: 212.1m
kind=muon
kind=muon
kind=muon
kind=muon
P:  torch.Size([12, 32])
S torch.Size([12, 12, 32])
P:  torch.Size([1536, 1536])
S torch.Size([96, 1536, 1536])
P:  torch.Size([1536, 6144])
S torch.Size([24, 1536, 6144])
P:  torch.Size([6144, 1536])
S torch.Size([24, 6144, 1536])
step 01217/02088 (58.29%) | loss: 2.860062 | lrm: 0.83 | dt: 14575.28ms | tok/sec: 71,942 | bf16_mfu: 35.97 | epoch: 1 | total time: 293.53m | eta: 211.8m
kind=muon
kind=muon
kind=muon
kind=muon
P:  torch.Size([12, 32])
S torch.Size([12, 12, 32])
P:  torch.Size([1536, 1536])
S torch.Size([96, 1536, 1536])
P:  torch.Size([1536, 6144])
S torch.Size([24, 1536, 6144])
P:  torch.Size([6144, 1536])
S torch.Size([24, 6144, 1536])
step 01218/02088 (58.33%) | loss: 2.859969 | lrm: 0.83 | dt: 14579.09ms | tok/sec: 71,923 | bf16_mfu: 35.96 | epoch: 1 | total time: 293.77m | eta: 211.6m
kind=muon
kind=muon
kind=muon
kind=muon
P:  torch.Size([12, 32])
S torch.Size([12, 12, 32])
P:  torch.Size([1536, 1536])
S torch.Size([96, 1536, 1536])
P:  torch.Size([1536, 6144])
S torch.Size([24, 1536, 6144])
P:  torch.Size([6144, 1536])
S torch.Size([24, 6144, 1536])
step 01219/02088 (58.38%) | loss: 2.861230 | lrm: 0.83 | dt: 14585.52ms | tok/sec: 71,891 | bf16_mfu: 35.95 | epoch: 1 | total time: 294.01m | eta: 211.3m
kind=muon
kind=muon
kind=muon
kind=muon
P:  torch.Size([12, 32])
S torch.Size([12, 12, 32])
P:  torch.Size([1536, 1536])
S torch.Size([96, 1536, 1536])
P:  torch.Size([1536, 6144])
S torch.Size([24, 1536, 6144])
P:  torch.Size([6144, 1536])
S torch.Size([24, 6144, 1536])
step 01220/02088 (58.43%) | loss: 2.863977 | lrm: 0.83 | dt: 14578.59ms | tok/sec: 71,925 | bf16_mfu: 35.96 | epoch: 1 | total time: 294.26m | eta: 211.1m
kind=muon
kind=muon
kind=muon
kind=muon
P:  torch.Size([12, 32])
S torch.Size([12, 12, 32])
P:  torch.Size([1536, 1536])
S torch.Size([96, 1536, 1536])
P:  torch.Size([1536, 6144])
S torch.Size([24, 1536, 6144])
P:  torch.Size([6144, 1536])
S torch.Size([24, 6144, 1536])
step 01221/02088 (58.48%) | loss: 2.863354 | lrm: 0.83 | dt: 14580.11ms | tok/sec: 71,918 | bf16_mfu: 35.96 | epoch: 1 | total time: 294.50m | eta: 210.8m
kind=muon
kind=muon
kind=muon
kind=muon
P:  torch.Size([12, 32])
S torch.Size([12, 12, 32])
P:  torch.Size([1536, 1536])
S torch.Size([96, 1536, 1536])
P:  torch.Size([1536, 6144])
S torch.Size([24, 1536, 6144])
P:  torch.Size([6144, 1536])
S torch.Size([24, 6144, 1536])
step 01222/02088 (58.52%) | loss: 2.879092 | lrm: 0.83 | dt: 14585.15ms | tok/sec: 71,893 | bf16_mfu: 35.95 | epoch: 1 | total time: 294.74m | eta: 210.6m
kind=muon
kind=muon
kind=muon
kind=muon
P:  torch.Size([12, 32])
S torch.Size([12, 12, 32])
P:  torch.Size([1536, 1536])
S torch.Size([96, 1536, 1536])
P:  torch.Size([1536, 6144])
S torch.Size([24, 1536, 6144])
P:  torch.Size([6144, 1536])
S torch.Size([24, 6144, 1536])
step 01223/02088 (58.57%) | loss: 2.869734 | lrm: 0.83 | dt: 14582.13ms | tok/sec: 71,908 | bf16_mfu: 35.95 | epoch: 1 | total time: 294.98m | eta: 210.4m
kind=muon
kind=muon
kind=muon
kind=muon
P:  torch.Size([12, 32])
S torch.Size([12, 12, 32])
P:  torch.Size([1536, 1536])
S torch.Size([96, 1536, 1536])
P:  torch.Size([1536, 6144])
S torch.Size([24, 1536, 6144])
P:  torch.Size([6144, 1536])
S torch.Size([24, 6144, 1536])
step 01224/02088 (58.62%) | loss: 2.863733 | lrm: 0.83 | dt: 14583.21ms | tok/sec: 71,902 | bf16_mfu: 35.95 | epoch: 1 | total time: 295.23m | eta: 210.1m
kind=muon
kind=muon
kind=muon
kind=muon
P:  torch.Size([12, 32])
S torch.Size([12, 12, 32])
P:  torch.Size([1536, 1536])
S torch.Size([96, 1536, 1536])
P:  torch.Size([1536, 6144])
S torch.Size([24, 1536, 6144])
P:  torch.Size([6144, 1536])
S torch.Size([24, 6144, 1536])
step 01225/02088 (58.67%) | loss: 2.853673 | lrm: 0.83 | dt: 14587.04ms | tok/sec: 71,884 | bf16_mfu: 35.94 | epoch: 1 | total time: 295.47m | eta: 209.9m
kind=muon
kind=muon
kind=muon
kind=muon
P:  torch.Size([12, 32])
S torch.Size([12, 12, 32])
P:  torch.Size([1536, 1536])
S torch.Size([96, 1536, 1536])
P:  torch.Size([1536, 6144])
S torch.Size([24, 1536, 6144])
P:  torch.Size([6144, 1536])
S torch.Size([24, 6144, 1536])
step 01226/02088 (58.72%) | loss: 2.843405 | lrm: 0.83 | dt: 14581.07ms | tok/sec: 71,913 | bf16_mfu: 35.96 | epoch: 1 | total time: 295.71m | eta: 209.6m
kind=muon
kind=muon
kind=muon
kind=muon
P:  torch.Size([12, 32])
S torch.Size([12, 12, 32])
P:  torch.Size([1536, 1536])
S torch.Size([96, 1536, 1536])
P:  torch.Size([1536, 6144])
S torch.Size([24, 1536, 6144])
P:  torch.Size([6144, 1536])
S torch.Size([24, 6144, 1536])
step 01227/02088 (58.76%) | loss: 2.835646 | lrm: 0.82 | dt: 14582.69ms | tok/sec: 71,905 | bf16_mfu: 35.95 | epoch: 1 | total time: 295.96m | eta: 209.4m
kind=muon
kind=muon
kind=muon
kind=muon
P:  torch.Size([12, 32])
S torch.Size([12, 12, 32])
P:  torch.Size([1536, 1536])
S torch.Size([96, 1536, 1536])
P:  torch.Size([1536, 6144])
S torch.Size([24, 1536, 6144])
P:  torch.Size([6144, 1536])
S torch.Size([24, 6144, 1536])
step 01228/02088 (58.81%) | loss: 2.832759 | lrm: 0.82 | dt: 14588.22ms | tok/sec: 71,878 | bf16_mfu: 35.94 | epoch: 1 | total time: 296.20m | eta: 209.1m
kind=muon
kind=muon
kind=muon
kind=muon
P:  torch.Size([12, 32])
S torch.Size([12, 12, 32])
P:  torch.Size([1536, 1536])
S torch.Size([96, 1536, 1536])
P:  torch.Size([1536, 6144])
S torch.Size([24, 1536, 6144])
P:  torch.Size([6144, 1536])
S torch.Size([24, 6144, 1536])
step 01229/02088 (58.86%) | loss: 2.842541 | lrm: 0.82 | dt: 14576.07ms | tok/sec: 71,938 | bf16_mfu: 35.97 | epoch: 1 | total time: 296.44m | eta: 208.9m
kind=muon
kind=muon
kind=muon
kind=muon
P:  torch.Size([12, 32])
S torch.Size([12, 12, 32])
P:  torch.Size([1536, 1536])
S torch.Size([96, 1536, 1536])
P:  torch.Size([1536, 6144])
S torch.Size([24, 1536, 6144])
P:  torch.Size([6144, 1536])
S torch.Size([24, 6144, 1536])
step 01230/02088 (58.91%) | loss: 2.846969 | lrm: 0.82 | dt: 14582.78ms | tok/sec: 71,905 | bf16_mfu: 35.95 | epoch: 1 | total time: 296.69m | eta: 208.7m
kind=muon
kind=muon
kind=muon
kind=muon
P:  torch.Size([12, 32])
S torch.Size([12, 12, 32])
P:  torch.Size([1536, 1536])
S torch.Size([96, 1536, 1536])
P:  torch.Size([1536, 6144])
S torch.Size([24, 1536, 6144])
P:  torch.Size([6144, 1536])
S torch.Size([24, 6144, 1536])
step 01231/02088 (58.96%) | loss: 2.855940 | lrm: 0.82 | dt: 14581.89ms | tok/sec: 71,909 | bf16_mfu: 35.96 | epoch: 1 | total time: 296.93m | eta: 208.4m
kind=muon
kind=muon
kind=muon
kind=muon
P:  torch.Size([12, 32])
S torch.Size([12, 12, 32])
P:  torch.Size([1536, 1536])
S torch.Size([96, 1536, 1536])
P:  torch.Size([1536, 6144])
S torch.Size([24, 1536, 6144])
P:  torch.Size([6144, 1536])
S torch.Size([24, 6144, 1536])
step 01232/02088 (59.00%) | loss: 2.863494 | lrm: 0.82 | dt: 14576.09ms | tok/sec: 71,938 | bf16_mfu: 35.97 | epoch: 1 | total time: 297.17m | eta: 208.2m
kind=muon
kind=muon
kind=muon
kind=muon
P:  torch.Size([12, 32])
S torch.Size([12, 12, 32])
P:  torch.Size([1536, 1536])
S torch.Size([96, 1536, 1536])
P:  torch.Size([1536, 6144])
S torch.Size([24, 1536, 6144])
P:  torch.Size([6144, 1536])
S torch.Size([24, 6144, 1536])
step 01233/02088 (59.05%) | loss: 2.865480 | lrm: 0.82 | dt: 14586.27ms | tok/sec: 71,887 | bf16_mfu: 35.94 | epoch: 1 | total time: 297.42m | eta: 207.9m
kind=muon
kind=muon
kind=muon
kind=muon
P:  torch.Size([12, 32])
S torch.Size([12, 12, 32])
P:  torch.Size([1536, 1536])
S torch.Size([96, 1536, 1536])
P:  torch.Size([1536, 6144])
S torch.Size([24, 1536, 6144])
P:  torch.Size([6144, 1536])
S torch.Size([24, 6144, 1536])
step 01234/02088 (59.10%) | loss: 2.846486 | lrm: 0.82 | dt: 14583.04ms | tok/sec: 71,903 | bf16_mfu: 35.95 | epoch: 1 | total time: 297.66m | eta: 207.7m
kind=muon
kind=muon
kind=muon
kind=muon
P:  torch.Size([12, 32])
S torch.Size([12, 12, 32])
P:  torch.Size([1536, 1536])
S torch.Size([96, 1536, 1536])
P:  torch.Size([1536, 6144])
S torch.Size([24, 1536, 6144])
P:  torch.Size([6144, 1536])
S torch.Size([24, 6144, 1536])
step 01235/02088 (59.15%) | loss: 2.852120 | lrm: 0.82 | dt: 14578.52ms | tok/sec: 71,926 | bf16_mfu: 35.96 | epoch: 1 | total time: 297.90m | eta: 207.4m
kind=muon
kind=muon
kind=muon
kind=muon
P:  torch.Size([12, 32])
S torch.Size([12, 12, 32])
P:  torch.Size([1536, 1536])
S torch.Size([96, 1536, 1536])
P:  torch.Size([1536, 6144])
S torch.Size([24, 1536, 6144])
P:  torch.Size([6144, 1536])
S torch.Size([24, 6144, 1536])
step 01236/02088 (59.20%) | loss: 2.847573 | lrm: 0.82 | dt: 14583.13ms | tok/sec: 71,903 | bf16_mfu: 35.95 | epoch: 1 | total time: 298.14m | eta: 207.2m
kind=muon
kind=muon
kind=muon
kind=muon
P:  torch.Size([12, 32])
S torch.Size([12, 12, 32])
P:  torch.Size([1536, 1536])
S torch.Size([96, 1536, 1536])
P:  torch.Size([1536, 6144])
S torch.Size([24, 1536, 6144])
P:  torch.Size([6144, 1536])
S torch.Size([24, 6144, 1536])
step 01237/02088 (59.24%) | loss: 2.839642 | lrm: 0.82 | dt: 14574.28ms | tok/sec: 71,947 | bf16_mfu: 35.97 | epoch: 1 | total time: 298.39m | eta: 206.9m
kind=muon
kind=muon
kind=muon
kind=muon
P:  torch.Size([12, 32])
S torch.Size([12, 12, 32])
P:  torch.Size([1536, 1536])
S torch.Size([96, 1536, 1536])
P:  torch.Size([1536, 6144])
S torch.Size([24, 1536, 6144])
P:  torch.Size([6144, 1536])
S torch.Size([24, 6144, 1536])
step 01238/02088 (59.29%) | loss: 2.836842 | lrm: 0.81 | dt: 14579.64ms | tok/sec: 71,920 | bf16_mfu: 35.96 | epoch: 1 | total time: 298.63m | eta: 206.7m
kind=muon
kind=muon
kind=muon
kind=muon
P:  torch.Size([12, 32])
S torch.Size([12, 12, 32])
P:  torch.Size([1536, 1536])
S torch.Size([96, 1536, 1536])
P:  torch.Size([1536, 6144])
S torch.Size([24, 1536, 6144])
P:  torch.Size([6144, 1536])
S torch.Size([24, 6144, 1536])
step 01239/02088 (59.34%) | loss: 2.847085 | lrm: 0.81 | dt: 14586.42ms | tok/sec: 71,887 | bf16_mfu: 35.94 | epoch: 1 | total time: 298.87m | eta: 206.5m
kind=muon
kind=muon
kind=muon
kind=muon
P:  torch.Size([12, 32])
S torch.Size([12, 12, 32])
P:  torch.Size([1536, 1536])
S torch.Size([96, 1536, 1536])
P:  torch.Size([1536, 6144])
S torch.Size([24, 1536, 6144])
P:  torch.Size([6144, 1536])
S torch.Size([24, 6144, 1536])
step 01240/02088 (59.39%) | loss: 2.846352 | lrm: 0.81 | dt: 14580.69ms | tok/sec: 71,915 | bf16_mfu: 35.96 | epoch: 1 | total time: 299.12m | eta: 206.2m
kind=muon
kind=muon
kind=muon
kind=muon
P:  torch.Size([12, 32])
S torch.Size([12, 12, 32])
P:  torch.Size([1536, 1536])
S torch.Size([96, 1536, 1536])
P:  torch.Size([1536, 6144])
S torch.Size([24, 1536, 6144])
P:  torch.Size([6144, 1536])
S torch.Size([24, 6144, 1536])
step 01241/02088 (59.43%) | loss: 2.845563 | lrm: 0.81 | dt: 14583.60ms | tok/sec: 71,901 | bf16_mfu: 35.95 | epoch: 1 | total time: 299.36m | eta: 206.0m
kind=muon
kind=muon
kind=muon
kind=muon
P:  torch.Size([12, 32])
S torch.Size([12, 12, 32])
P:  torch.Size([1536, 1536])
S torch.Size([96, 1536, 1536])
P:  torch.Size([1536, 6144])
S torch.Size([24, 1536, 6144])
P:  torch.Size([6144, 1536])
S torch.Size([24, 6144, 1536])
step 01242/02088 (59.48%) | loss: 2.853197 | lrm: 0.81 | dt: 14585.22ms | tok/sec: 71,893 | bf16_mfu: 35.95 | epoch: 1 | total time: 299.60m | eta: 205.7m
kind=muon
kind=muon
kind=muon
kind=muon
P:  torch.Size([12, 32])
S torch.Size([12, 12, 32])
P:  torch.Size([1536, 1536])
S torch.Size([96, 1536, 1536])
P:  torch.Size([1536, 6144])
S torch.Size([24, 1536, 6144])
P:  torch.Size([6144, 1536])
S torch.Size([24, 6144, 1536])
step 01243/02088 (59.53%) | loss: 2.857391 | lrm: 0.81 | dt: 14578.10ms | tok/sec: 71,928 | bf16_mfu: 35.96 | epoch: 1 | total time: 299.85m | eta: 205.5m
kind=muon
kind=muon
kind=muon
kind=muon
P:  torch.Size([12, 32])
S torch.Size([12, 12, 32])
P:  torch.Size([1536, 1536])
S torch.Size([96, 1536, 1536])
P:  torch.Size([1536, 6144])
S torch.Size([24, 1536, 6144])
P:  torch.Size([6144, 1536])
S torch.Size([24, 6144, 1536])
step 01244/02088 (59.58%) | loss: 2.872152 | lrm: 0.81 | dt: 14583.66ms | tok/sec: 71,900 | bf16_mfu: 35.95 | epoch: 1 | total time: 300.09m | eta: 205.2m
kind=muon
kind=muon
kind=muon
kind=muon
P:  torch.Size([12, 32])
S torch.Size([12, 12, 32])
P:  torch.Size([1536, 1536])
S torch.Size([96, 1536, 1536])
P:  torch.Size([1536, 6144])
S torch.Size([24, 1536, 6144])
P:  torch.Size([6144, 1536])
S torch.Size([24, 6144, 1536])
step 01245/02088 (59.63%) | loss: 2.880550 | lrm: 0.81 | dt: 14584.29ms | tok/sec: 71,897 | bf16_mfu: 35.95 | epoch: 1 | total time: 300.33m | eta: 205.0m
kind=muon
kind=muon
kind=muon
kind=muon
P:  torch.Size([12, 32])
S torch.Size([12, 12, 32])
P:  torch.Size([1536, 1536])
S torch.Size([96, 1536, 1536])
P:  torch.Size([1536, 6144])
S torch.Size([24, 1536, 6144])
P:  torch.Size([6144, 1536])
S torch.Size([24, 6144, 1536])
step 01246/02088 (59.67%) | loss: 2.894476 | lrm: 0.81 | dt: 14582.80ms | tok/sec: 71,904 | bf16_mfu: 35.95 | epoch: 1 | total time: 300.57m | eta: 204.8m
kind=muon
kind=muon
kind=muon
kind=muon
P:  torch.Size([12, 32])
S torch.Size([12, 12, 32])
P:  torch.Size([1536, 1536])
S torch.Size([96, 1536, 1536])
P:  torch.Size([1536, 6144])
S torch.Size([24, 1536, 6144])
P:  torch.Size([6144, 1536])
S torch.Size([24, 6144, 1536])
step 01247/02088 (59.72%) | loss: 2.899016 | lrm: 0.81 | dt: 14577.86ms | tok/sec: 71,929 | bf16_mfu: 35.97 | epoch: 1 | total time: 300.82m | eta: 204.5m
kind=muon
kind=muon
kind=muon
kind=muon
P:  torch.Size([12, 32])
S torch.Size([12, 12, 32])
P:  torch.Size([1536, 1536])
S torch.Size([96, 1536, 1536])
P:  torch.Size([1536, 6144])
S torch.Size([24, 1536, 6144])
P:  torch.Size([6144, 1536])
S torch.Size([24, 6144, 1536])
step 01248/02088 (59.77%) | loss: 2.895159 | lrm: 0.80 | dt: 14578.58ms | tok/sec: 71,925 | bf16_mfu: 35.96 | epoch: 1 | total time: 301.06m | eta: 204.3m
kind=muon
kind=muon
kind=muon
kind=muon
P:  torch.Size([12, 32])
S torch.Size([12, 12, 32])
P:  torch.Size([1536, 1536])
S torch.Size([96, 1536, 1536])
P:  torch.Size([1536, 6144])
S torch.Size([24, 1536, 6144])
P:  torch.Size([6144, 1536])
S torch.Size([24, 6144, 1536])
step 01249/02088 (59.82%) | loss: 2.881930 | lrm: 0.80 | dt: 14580.67ms | tok/sec: 71,915 | bf16_mfu: 35.96 | epoch: 1 | total time: 301.30m | eta: 204.0m
Step 01250 | Validation bpb: 0.867744
kind=muon
kind=muon
kind=muon
kind=muon
P:  torch.Size([12, 32])
S torch.Size([12, 12, 32])
P:  torch.Size([1536, 1536])
S torch.Size([96, 1536, 1536])
P:  torch.Size([1536, 6144])
S torch.Size([24, 1536, 6144])
P:  torch.Size([6144, 1536])
S torch.Size([24, 6144, 1536])
step 01250/02088 (59.87%) | loss: 2.878793 | lrm: 0.80 | dt: 14570.77ms | tok/sec: 71,964 | bf16_mfu: 35.98 | epoch: 1 | total time: 301.55m | eta: 203.8m
kind=muon
kind=muon
kind=muon
kind=muon
P:  torch.Size([12, 32])
S torch.Size([12, 12, 32])
P:  torch.Size([1536, 1536])
S torch.Size([96, 1536, 1536])
P:  torch.Size([1536, 6144])
S torch.Size([24, 1536, 6144])
P:  torch.Size([6144, 1536])
S torch.Size([24, 6144, 1536])
step 01251/02088 (59.91%) | loss: 2.891914 | lrm: 0.80 | dt: 14584.97ms | tok/sec: 71,894 | bf16_mfu: 35.95 | epoch: 1 | total time: 301.79m | eta: 203.5m
kind=muon
kind=muon
kind=muon
kind=muon
P:  torch.Size([12, 32])
S torch.Size([12, 12, 32])
P:  torch.Size([1536, 1536])
S torch.Size([96, 1536, 1536])
P:  torch.Size([1536, 6144])
S torch.Size([24, 1536, 6144])
P:  torch.Size([6144, 1536])
S torch.Size([24, 6144, 1536])
step 01252/02088 (59.96%) | loss: 2.890444 | lrm: 0.80 | dt: 14578.23ms | tok/sec: 71,927 | bf16_mfu: 35.96 | epoch: 1 | total time: 302.03m | eta: 203.3m
kind=muon
kind=muon
kind=muon
kind=muon
P:  torch.Size([12, 32])
S torch.Size([12, 12, 32])
P:  torch.Size([1536, 1536])
S torch.Size([96, 1536, 1536])
P:  torch.Size([1536, 6144])
S torch.Size([24, 1536, 6144])
P:  torch.Size([6144, 1536])
S torch.Size([24, 6144, 1536])
step 01253/02088 (60.01%) | loss: 2.880055 | lrm: 0.80 | dt: 14582.76ms | tok/sec: 71,905 | bf16_mfu: 35.95 | epoch: 1 | total time: 302.28m | eta: 203.1m
kind=muon
kind=muon
kind=muon
kind=muon
P:  torch.Size([12, 32])
S torch.Size([12, 12, 32])
P:  torch.Size([1536, 1536])
S torch.Size([96, 1536, 1536])
P:  torch.Size([1536, 6144])
S torch.Size([24, 1536, 6144])
P:  torch.Size([6144, 1536])
S torch.Size([24, 6144, 1536])
step 01254/02088 (60.06%) | loss: 2.868154 | lrm: 0.80 | dt: 14578.24ms | tok/sec: 71,927 | bf16_mfu: 35.96 | epoch: 1 | total time: 302.52m | eta: 202.8m
kind=muon
kind=muon
kind=muon
kind=muon
P:  torch.Size([12, 32])
S torch.Size([12, 12, 32])
P:  torch.Size([1536, 1536])
S torch.Size([96, 1536, 1536])
P:  torch.Size([1536, 6144])
S torch.Size([24, 1536, 6144])
P:  torch.Size([6144, 1536])
S torch.Size([24, 6144, 1536])
step 01255/02088 (60.11%) | loss: 2.889057 | lrm: 0.80 | dt: 14578.52ms | tok/sec: 71,926 | bf16_mfu: 35.96 | epoch: 1 | total time: 302.76m | eta: 202.6m
kind=muon
kind=muon
kind=muon
kind=muon
P:  torch.Size([12, 32])
S torch.Size([12, 12, 32])
P:  torch.Size([1536, 1536])
S torch.Size([96, 1536, 1536])
P:  torch.Size([1536, 6144])
S torch.Size([24, 1536, 6144])
P:  torch.Size([6144, 1536])
S torch.Size([24, 6144, 1536])
step 01256/02088 (60.15%) | loss: 2.883463 | lrm: 0.80 | dt: 14574.92ms | tok/sec: 71,943 | bf16_mfu: 35.97 | epoch: 1 | total time: 303.00m | eta: 202.3m
kind=muon
kind=muon
kind=muon
kind=muon
P:  torch.Size([12, 32])
S torch.Size([12, 12, 32])
P:  torch.Size([1536, 1536])
S torch.Size([96, 1536, 1536])
P:  torch.Size([1536, 6144])
S torch.Size([24, 1536, 6144])
P:  torch.Size([6144, 1536])
S torch.Size([24, 6144, 1536])
step 01257/02088 (60.20%) | loss: 2.887326 | lrm: 0.80 | dt: 14578.18ms | tok/sec: 71,927 | bf16_mfu: 35.96 | epoch: 1 | total time: 303.25m | eta: 202.1m
kind=muon
kind=muon
kind=muon
kind=muon
P:  torch.Size([12, 32])
S torch.Size([12, 12, 32])
P:  torch.Size([1536, 1536])
S torch.Size([96, 1536, 1536])
P:  torch.Size([1536, 6144])
S torch.Size([24, 1536, 6144])
P:  torch.Size([6144, 1536])
S torch.Size([24, 6144, 1536])
step 01258/02088 (60.25%) | loss: 2.882056 | lrm: 0.80 | dt: 14575.27ms | tok/sec: 71,942 | bf16_mfu: 35.97 | epoch: 1 | total time: 303.49m | eta: 201.8m
kind=muon
kind=muon
kind=muon
kind=muon
P:  torch.Size([12, 32])
S torch.Size([12, 12, 32])
P:  torch.Size([1536, 1536])
S torch.Size([96, 1536, 1536])
P:  torch.Size([1536, 6144])
S torch.Size([24, 1536, 6144])
P:  torch.Size([6144, 1536])
S torch.Size([24, 6144, 1536])
step 01259/02088 (60.30%) | loss: 2.877696 | lrm: 0.79 | dt: 14577.77ms | tok/sec: 71,929 | bf16_mfu: 35.97 | epoch: 1 | total time: 303.73m | eta: 201.6m
kind=muon
kind=muon
kind=muon
kind=muon
P:  torch.Size([12, 32])
S torch.Size([12, 12, 32])
P:  torch.Size([1536, 1536])
S torch.Size([96, 1536, 1536])
P:  torch.Size([1536, 6144])
S torch.Size([24, 1536, 6144])
P:  torch.Size([6144, 1536])
S torch.Size([24, 6144, 1536])
step 01260/02088 (60.34%) | loss: 2.864579 | lrm: 0.79 | dt: 14579.81ms | tok/sec: 71,919 | bf16_mfu: 35.96 | epoch: 1 | total time: 303.98m | eta: 201.4m
kind=muon
kind=muon
kind=muon
kind=muon
P:  torch.Size([12, 32])
S torch.Size([12, 12, 32])
P:  torch.Size([1536, 1536])
S torch.Size([96, 1536, 1536])
P:  torch.Size([1536, 6144])
S torch.Size([24, 1536, 6144])
P:  torch.Size([6144, 1536])
S torch.Size([24, 6144, 1536])
step 01261/02088 (60.39%) | loss: 2.852333 | lrm: 0.79 | dt: 14577.37ms | tok/sec: 71,931 | bf16_mfu: 35.97 | epoch: 1 | total time: 304.22m | eta: 201.1m
kind=muon
kind=muon
kind=muon
kind=muon
P:  torch.Size([12, 32])
S torch.Size([12, 12, 32])
P:  torch.Size([1536, 1536])
S torch.Size([96, 1536, 1536])
P:  torch.Size([1536, 6144])
S torch.Size([24, 1536, 6144])
P:  torch.Size([6144, 1536])
S torch.Size([24, 6144, 1536])
step 01262/02088 (60.44%) | loss: 2.855516 | lrm: 0.79 | dt: 14576.85ms | tok/sec: 71,934 | bf16_mfu: 35.97 | epoch: 1 | total time: 304.46m | eta: 200.9m
kind=muon
kind=muon
kind=muon
kind=muon
P:  torch.Size([12, 32])
S torch.Size([12, 12, 32])
P:  torch.Size([1536, 1536])
S torch.Size([96, 1536, 1536])
P:  torch.Size([1536, 6144])
S torch.Size([24, 1536, 6144])
P:  torch.Size([6144, 1536])
S torch.Size([24, 6144, 1536])
step 01263/02088 (60.49%) | loss: 2.854960 | lrm: 0.79 | dt: 14578.31ms | tok/sec: 71,927 | bf16_mfu: 35.96 | epoch: 1 | total time: 304.71m | eta: 200.6m
kind=muon
kind=muon
kind=muon
kind=muon
P:  torch.Size([12, 32])
S torch.Size([12, 12, 32])
P:  torch.Size([1536, 1536])
S torch.Size([96, 1536, 1536])
P:  torch.Size([1536, 6144])
S torch.Size([24, 1536, 6144])
P:  torch.Size([6144, 1536])
S torch.Size([24, 6144, 1536])
step 01264/02088 (60.54%) | loss: 2.864531 | lrm: 0.79 | dt: 14577.74ms | tok/sec: 71,929 | bf16_mfu: 35.97 | epoch: 1 | total time: 304.95m | eta: 200.4m
kind=muon
kind=muon
kind=muon
kind=muon
P:  torch.Size([12, 32])
S torch.Size([12, 12, 32])
P:  torch.Size([1536, 1536])
S torch.Size([96, 1536, 1536])
P:  torch.Size([1536, 6144])
S torch.Size([24, 1536, 6144])
P:  torch.Size([6144, 1536])
S torch.Size([24, 6144, 1536])
step 01265/02088 (60.58%) | loss: 2.869545 | lrm: 0.79 | dt: 14578.00ms | tok/sec: 71,928 | bf16_mfu: 35.97 | epoch: 1 | total time: 305.19m | eta: 200.1m
kind=muon
kind=muon
kind=muon
kind=muon
P:  torch.Size([12, 32])
S torch.Size([12, 12, 32])
P:  torch.Size([1536, 1536])
S torch.Size([96, 1536, 1536])
P:  torch.Size([1536, 6144])
S torch.Size([24, 1536, 6144])
P:  torch.Size([6144, 1536])
S torch.Size([24, 6144, 1536])
step 01266/02088 (60.63%) | loss: 2.876506 | lrm: 0.79 | dt: 14578.09ms | tok/sec: 71,928 | bf16_mfu: 35.96 | epoch: 1 | total time: 305.43m | eta: 199.9m
kind=muon
kind=muon
kind=muon
kind=muon
P:  torch.Size([12, 32])
S torch.Size([12, 12, 32])
P:  torch.Size([1536, 1536])
S torch.Size([96, 1536, 1536])
P:  torch.Size([1536, 6144])
S torch.Size([24, 1536, 6144])
P:  torch.Size([6144, 1536])
S torch.Size([24, 6144, 1536])
step 01267/02088 (60.68%) | loss: 2.870789 | lrm: 0.79 | dt: 14576.79ms | tok/sec: 71,934 | bf16_mfu: 35.97 | epoch: 1 | total time: 305.68m | eta: 199.7m
kind=muon
kind=muon
kind=muon
kind=muon
P:  torch.Size([12, 32])
S torch.Size([12, 12, 32])
P:  torch.Size([1536, 1536])
S torch.Size([96, 1536, 1536])
P:  torch.Size([1536, 6144])
S torch.Size([24, 1536, 6144])
P:  torch.Size([6144, 1536])
S torch.Size([24, 6144, 1536])
step 01268/02088 (60.73%) | loss: 2.881095 | lrm: 0.79 | dt: 14577.18ms | tok/sec: 71,932 | bf16_mfu: 35.97 | epoch: 1 | total time: 305.92m | eta: 199.4m
kind=muon
kind=muon
kind=muon
kind=muon
P:  torch.Size([12, 32])
S torch.Size([12, 12, 32])
P:  torch.Size([1536, 1536])
S torch.Size([96, 1536, 1536])
P:  torch.Size([1536, 6144])
S torch.Size([24, 1536, 6144])
P:  torch.Size([6144, 1536])
S torch.Size([24, 6144, 1536])
step 01269/02088 (60.78%) | loss: 2.880213 | lrm: 0.78 | dt: 14581.86ms | tok/sec: 71,909 | bf16_mfu: 35.96 | epoch: 1 | total time: 306.16m | eta: 199.2m
kind=muon
kind=muon
kind=muon
kind=muon
P:  torch.Size([12, 32])
S torch.Size([12, 12, 32])
P:  torch.Size([1536, 1536])
S torch.Size([96, 1536, 1536])
P:  torch.Size([1536, 6144])
S torch.Size([24, 1536, 6144])
P:  torch.Size([6144, 1536])
S torch.Size([24, 6144, 1536])
step 01270/02088 (60.82%) | loss: 2.884569 | lrm: 0.78 | dt: 14574.46ms | tok/sec: 71,946 | bf16_mfu: 35.97 | epoch: 1 | total time: 306.41m | eta: 198.9m
kind=muon
kind=muon
kind=muon
kind=muon
P:  torch.Size([12, 32])
S torch.Size([12, 12, 32])
P:  torch.Size([1536, 1536])
S torch.Size([96, 1536, 1536])
P:  torch.Size([1536, 6144])
S torch.Size([24, 1536, 6144])
P:  torch.Size([6144, 1536])
S torch.Size([24, 6144, 1536])
step 01271/02088 (60.87%) | loss: 2.878337 | lrm: 0.78 | dt: 14590.00ms | tok/sec: 71,869 | bf16_mfu: 35.94 | epoch: 1 | total time: 306.65m | eta: 198.7m
kind=muon
kind=muon
kind=muon
kind=muon
P:  torch.Size([12, 32])
S torch.Size([12, 12, 32])
P:  torch.Size([1536, 1536])
S torch.Size([96, 1536, 1536])
P:  torch.Size([1536, 6144])
S torch.Size([24, 1536, 6144])
P:  torch.Size([6144, 1536])
S torch.Size([24, 6144, 1536])
step 01272/02088 (60.92%) | loss: 2.878404 | lrm: 0.78 | dt: 14590.49ms | tok/sec: 71,867 | bf16_mfu: 35.93 | epoch: 1 | total time: 306.89m | eta: 198.4m
kind=muon
kind=muon
kind=muon
kind=muon
P:  torch.Size([12, 32])
S torch.Size([12, 12, 32])
P:  torch.Size([1536, 1536])
S torch.Size([96, 1536, 1536])
P:  torch.Size([1536, 6144])
S torch.Size([24, 1536, 6144])
P:  torch.Size([6144, 1536])
S torch.Size([24, 6144, 1536])
step 01273/02088 (60.97%) | loss: 2.874921 | lrm: 0.78 | dt: 14586.72ms | tok/sec: 71,885 | bf16_mfu: 35.94 | epoch: 1 | total time: 307.14m | eta: 198.2m
kind=muon
kind=muon
kind=muon
kind=muon
P:  torch.Size([12, 32])
S torch.Size([12, 12, 32])
P:  torch.Size([1536, 1536])
S torch.Size([96, 1536, 1536])
P:  torch.Size([1536, 6144])
S torch.Size([24, 1536, 6144])
P:  torch.Size([6144, 1536])
S torch.Size([24, 6144, 1536])
step 01274/02088 (61.02%) | loss: 2.868719 | lrm: 0.78 | dt: 14589.08ms | tok/sec: 71,874 | bf16_mfu: 35.94 | epoch: 1 | total time: 307.38m | eta: 197.9m
kind=muon
kind=muon
kind=muon
kind=muon
P:  torch.Size([12, 32])
S torch.Size([12, 12, 32])
P:  torch.Size([1536, 1536])
S torch.Size([96, 1536, 1536])
P:  torch.Size([1536, 6144])
S torch.Size([24, 1536, 6144])
P:  torch.Size([6144, 1536])
S torch.Size([24, 6144, 1536])
step 01275/02088 (61.06%) | loss: 2.870274 | lrm: 0.78 | dt: 14591.33ms | tok/sec: 71,862 | bf16_mfu: 35.93 | epoch: 1 | total time: 307.62m | eta: 197.7m
kind=muon
kind=muon
kind=muon
kind=muon
P:  torch.Size([12, 32])
S torch.Size([12, 12, 32])
P:  torch.Size([1536, 1536])
S torch.Size([96, 1536, 1536])
P:  torch.Size([1536, 6144])
S torch.Size([24, 1536, 6144])
P:  torch.Size([6144, 1536])
S torch.Size([24, 6144, 1536])
step 01276/02088 (61.11%) | loss: 2.861788 | lrm: 0.78 | dt: 14589.67ms | tok/sec: 71,871 | bf16_mfu: 35.94 | epoch: 1 | total time: 307.86m | eta: 197.5m
kind=muon
kind=muon
kind=muon
kind=muon
P:  torch.Size([12, 32])
S torch.Size([12, 12, 32])
P:  torch.Size([1536, 1536])
S torch.Size([96, 1536, 1536])
P:  torch.Size([1536, 6144])
S torch.Size([24, 1536, 6144])
P:  torch.Size([6144, 1536])
S torch.Size([24, 6144, 1536])
step 01277/02088 (61.16%) | loss: 2.853145 | lrm: 0.78 | dt: 14586.09ms | tok/sec: 71,888 | bf16_mfu: 35.95 | epoch: 1 | total time: 308.11m | eta: 197.2m
kind=muon
kind=muon
kind=muon
kind=muon
P:  torch.Size([12, 32])
S torch.Size([12, 12, 32])
P:  torch.Size([1536, 1536])
S torch.Size([96, 1536, 1536])
P:  torch.Size([1536, 6144])
S torch.Size([24, 1536, 6144])
P:  torch.Size([6144, 1536])
S torch.Size([24, 6144, 1536])
step 01278/02088 (61.21%) | loss: 2.840345 | lrm: 0.78 | dt: 14589.67ms | tok/sec: 71,871 | bf16_mfu: 35.94 | epoch: 1 | total time: 308.35m | eta: 197.0m
kind=muon
kind=muon
kind=muon
kind=muon
P:  torch.Size([12, 32])
S torch.Size([12, 12, 32])
P:  torch.Size([1536, 1536])
S torch.Size([96, 1536, 1536])
P:  torch.Size([1536, 6144])
S torch.Size([24, 1536, 6144])
P:  torch.Size([6144, 1536])
S torch.Size([24, 6144, 1536])
step 01279/02088 (61.25%) | loss: 2.833556 | lrm: 0.77 | dt: 14591.65ms | tok/sec: 71,861 | bf16_mfu: 35.93 | epoch: 1 | total time: 308.59m | eta: 196.7m
kind=muon
kind=muon
kind=muon
kind=muon
P:  torch.Size([12, 32])
S torch.Size([12, 12, 32])
P:  torch.Size([1536, 1536])
S torch.Size([96, 1536, 1536])
P:  torch.Size([1536, 6144])
S torch.Size([24, 1536, 6144])
P:  torch.Size([6144, 1536])
S torch.Size([24, 6144, 1536])
step 01280/02088 (61.30%) | loss: 2.838463 | lrm: 0.77 | dt: 14588.82ms | tok/sec: 71,875 | bf16_mfu: 35.94 | epoch: 1 | total time: 308.84m | eta: 196.5m
kind=muon
kind=muon
kind=muon
kind=muon
P:  torch.Size([12, 32])
S torch.Size([12, 12, 32])
P:  torch.Size([1536, 1536])
S torch.Size([96, 1536, 1536])
P:  torch.Size([1536, 6144])
S torch.Size([24, 1536, 6144])
P:  torch.Size([6144, 1536])
S torch.Size([24, 6144, 1536])
step 01281/02088 (61.35%) | loss: 2.855353 | lrm: 0.77 | dt: 14593.14ms | tok/sec: 71,854 | bf16_mfu: 35.93 | epoch: 1 | total time: 309.08m | eta: 196.2m
kind=muon
kind=muon
kind=muon
kind=muon
P:  torch.Size([12, 32])
S torch.Size([12, 12, 32])
P:  torch.Size([1536, 1536])
S torch.Size([96, 1536, 1536])
P:  torch.Size([1536, 6144])
S torch.Size([24, 1536, 6144])
P:  torch.Size([6144, 1536])
S torch.Size([24, 6144, 1536])
step 01282/02088 (61.40%) | loss: 2.842414 | lrm: 0.77 | dt: 14587.13ms | tok/sec: 71,883 | bf16_mfu: 35.94 | epoch: 1 | total time: 309.32m | eta: 196.0m
kind=muon
kind=muon
kind=muon
kind=muon
P:  torch.Size([12, 32])
S torch.Size([12, 12, 32])
P:  torch.Size([1536, 1536])
S torch.Size([96, 1536, 1536])
P:  torch.Size([1536, 6144])
S torch.Size([24, 1536, 6144])
P:  torch.Size([6144, 1536])
S torch.Size([24, 6144, 1536])
step 01283/02088 (61.45%) | loss: 2.837690 | lrm: 0.77 | dt: 14591.32ms | tok/sec: 71,862 | bf16_mfu: 35.93 | epoch: 1 | total time: 309.57m | eta: 195.8m
kind=muon
kind=muon
kind=muon
kind=muon
P:  torch.Size([12, 32])
S torch.Size([12, 12, 32])
P:  torch.Size([1536, 1536])
S torch.Size([96, 1536, 1536])
P:  torch.Size([1536, 6144])
S torch.Size([24, 1536, 6144])
P:  torch.Size([6144, 1536])
S torch.Size([24, 6144, 1536])
step 01284/02088 (61.49%) | loss: 2.856427 | lrm: 0.77 | dt: 14587.07ms | tok/sec: 71,883 | bf16_mfu: 35.94 | epoch: 1 | total time: 309.81m | eta: 195.5m
kind=muon
kind=muon
kind=muon
kind=muon
P:  torch.Size([12, 32])
S torch.Size([12, 12, 32])
P:  torch.Size([1536, 1536])
S torch.Size([96, 1536, 1536])
P:  torch.Size([1536, 6144])
S torch.Size([24, 1536, 6144])
P:  torch.Size([6144, 1536])
S torch.Size([24, 6144, 1536])
step 01285/02088 (61.54%) | loss: 2.849434 | lrm: 0.77 | dt: 14591.92ms | tok/sec: 71,860 | bf16_mfu: 35.93 | epoch: 1 | total time: 310.05m | eta: 195.3m
kind=muon
kind=muon
kind=muon
kind=muon
P:  torch.Size([12, 32])
S torch.Size([12, 12, 32])
P:  torch.Size([1536, 1536])
S torch.Size([96, 1536, 1536])
P:  torch.Size([1536, 6144])
S torch.Size([24, 1536, 6144])
P:  torch.Size([6144, 1536])
S torch.Size([24, 6144, 1536])
step 01286/02088 (61.59%) | loss: 2.853174 | lrm: 0.77 | dt: 14586.75ms | tok/sec: 71,885 | bf16_mfu: 35.94 | epoch: 1 | total time: 310.30m | eta: 195.0m
kind=muon
kind=muon
kind=muon
kind=muon
P:  torch.Size([12, 32])
S torch.Size([12, 12, 32])
P:  torch.Size([1536, 1536])
S torch.Size([96, 1536, 1536])
P:  torch.Size([1536, 6144])
S torch.Size([24, 1536, 6144])
P:  torch.Size([6144, 1536])
S torch.Size([24, 6144, 1536])
step 01287/02088 (61.64%) | loss: 2.859024 | lrm: 0.77 | dt: 14587.47ms | tok/sec: 71,881 | bf16_mfu: 35.94 | epoch: 1 | total time: 310.54m | eta: 194.8m
kind=muon
kind=muon
kind=muon
kind=muon
P:  torch.Size([12, 32])
S torch.Size([12, 12, 32])
P:  torch.Size([1536, 1536])
S torch.Size([96, 1536, 1536])
P:  torch.Size([1536, 6144])
S torch.Size([24, 1536, 6144])
P:  torch.Size([6144, 1536])
S torch.Size([24, 6144, 1536])
step 01288/02088 (61.69%) | loss: 2.859615 | lrm: 0.77 | dt: 14593.79ms | tok/sec: 71,850 | bf16_mfu: 35.93 | epoch: 1 | total time: 310.78m | eta: 194.5m
kind=muon
kind=muon
kind=muon
kind=muon
P:  torch.Size([12, 32])
S torch.Size([12, 12, 32])
P:  torch.Size([1536, 1536])
S torch.Size([96, 1536, 1536])
P:  torch.Size([1536, 6144])
S torch.Size([24, 1536, 6144])
P:  torch.Size([6144, 1536])
S torch.Size([24, 6144, 1536])
step 01289/02088 (61.73%) | loss: 2.861210 | lrm: 0.77 | dt: 14596.54ms | tok/sec: 71,837 | bf16_mfu: 35.92 | epoch: 1 | total time: 311.03m | eta: 194.3m
kind=muon
kind=muon
kind=muon
kind=muon
P:  torch.Size([12, 32])
S torch.Size([12, 12, 32])
P:  torch.Size([1536, 1536])
S torch.Size([96, 1536, 1536])
P:  torch.Size([1536, 6144])
S torch.Size([24, 1536, 6144])
P:  torch.Size([6144, 1536])
S torch.Size([24, 6144, 1536])
step 01290/02088 (61.78%) | loss: 2.841292 | lrm: 0.76 | dt: 14587.81ms | tok/sec: 71,880 | bf16_mfu: 35.94 | epoch: 1 | total time: 311.27m | eta: 194.1m
kind=muon
kind=muon
kind=muon
kind=muon
P:  torch.Size([12, 32])
S torch.Size([12, 12, 32])
P:  torch.Size([1536, 1536])
S torch.Size([96, 1536, 1536])
P:  torch.Size([1536, 6144])
S torch.Size([24, 1536, 6144])
P:  torch.Size([6144, 1536])
S torch.Size([24, 6144, 1536])
step 01291/02088 (61.83%) | loss: 2.845717 | lrm: 0.76 | dt: 14585.78ms | tok/sec: 71,890 | bf16_mfu: 35.95 | epoch: 1 | total time: 311.51m | eta: 193.8m
kind=muon
kind=muon
kind=muon
kind=muon
P:  torch.Size([12, 32])
S torch.Size([12, 12, 32])
P:  torch.Size([1536, 1536])
S torch.Size([96, 1536, 1536])
P:  torch.Size([1536, 6144])
S torch.Size([24, 1536, 6144])
P:  torch.Size([6144, 1536])
S torch.Size([24, 6144, 1536])
step 01292/02088 (61.88%) | loss: 2.857005 | lrm: 0.76 | dt: 14588.89ms | tok/sec: 71,874 | bf16_mfu: 35.94 | epoch: 1 | total time: 311.76m | eta: 193.6m
kind=muon
kind=muon
kind=muon
kind=muon
P:  torch.Size([12, 32])
S torch.Size([12, 12, 32])
P:  torch.Size([1536, 1536])
S torch.Size([96, 1536, 1536])
P:  torch.Size([1536, 6144])
S torch.Size([24, 1536, 6144])
P:  torch.Size([6144, 1536])
S torch.Size([24, 6144, 1536])
step 01293/02088 (61.93%) | loss: 2.860194 | lrm: 0.76 | dt: 14592.68ms | tok/sec: 71,856 | bf16_mfu: 35.93 | epoch: 1 | total time: 312.00m | eta: 193.3m
kind=muon
kind=muon
kind=muon
kind=muon
P:  torch.Size([12, 32])
S torch.Size([12, 12, 32])
P:  torch.Size([1536, 1536])
S torch.Size([96, 1536, 1536])
P:  torch.Size([1536, 6144])
S torch.Size([24, 1536, 6144])
P:  torch.Size([6144, 1536])
S torch.Size([24, 6144, 1536])
step 01294/02088 (61.97%) | loss: 2.858194 | lrm: 0.76 | dt: 14585.40ms | tok/sec: 71,892 | bf16_mfu: 35.95 | epoch: 1 | total time: 312.24m | eta: 193.1m
kind=muon
kind=muon
kind=muon
kind=muon
P:  torch.Size([12, 32])
S torch.Size([12, 12, 32])
P:  torch.Size([1536, 1536])
S torch.Size([96, 1536, 1536])
P:  torch.Size([1536, 6144])
S torch.Size([24, 1536, 6144])
P:  torch.Size([6144, 1536])
S torch.Size([24, 6144, 1536])
step 01295/02088 (62.02%) | loss: 2.863171 | lrm: 0.76 | dt: 14586.95ms | tok/sec: 71,884 | bf16_mfu: 35.94 | epoch: 1 | total time: 312.48m | eta: 192.8m
kind=muon
kind=muon
kind=muon
kind=muon
P:  torch.Size([12, 32])
S torch.Size([12, 12, 32])
P:  torch.Size([1536, 1536])
S torch.Size([96, 1536, 1536])
P:  torch.Size([1536, 6144])
S torch.Size([24, 1536, 6144])
P:  torch.Size([6144, 1536])
S torch.Size([24, 6144, 1536])
step 01296/02088 (62.07%) | loss: 2.861620 | lrm: 0.76 | dt: 14594.78ms | tok/sec: 71,845 | bf16_mfu: 35.92 | epoch: 1 | total time: 312.73m | eta: 192.6m
kind=muon
kind=muon
kind=muon
kind=muon
P:  torch.Size([12, 32])
S torch.Size([12, 12, 32])
P:  torch.Size([1536, 1536])
S torch.Size([96, 1536, 1536])
P:  torch.Size([1536, 6144])
S torch.Size([24, 1536, 6144])
P:  torch.Size([6144, 1536])
S torch.Size([24, 6144, 1536])
step 01297/02088 (62.12%) | loss: 2.869723 | lrm: 0.76 | dt: 14587.45ms | tok/sec: 71,882 | bf16_mfu: 35.94 | epoch: 1 | total time: 312.97m | eta: 192.4m
kind=muon
kind=muon
kind=muon
kind=muon
P:  torch.Size([12, 32])
S torch.Size([12, 12, 32])
P:  torch.Size([1536, 1536])
S torch.Size([96, 1536, 1536])
P:  torch.Size([1536, 6144])
S torch.Size([24, 1536, 6144])
P:  torch.Size([6144, 1536])
S torch.Size([24, 6144, 1536])
step 01298/02088 (62.16%) | loss: 2.867537 | lrm: 0.76 | dt: 14590.57ms | tok/sec: 71,866 | bf16_mfu: 35.93 | epoch: 1 | total time: 313.21m | eta: 192.1m
kind=muon
kind=muon
kind=muon
kind=muon
P:  torch.Size([12, 32])
S torch.Size([12, 12, 32])
P:  torch.Size([1536, 1536])
S torch.Size([96, 1536, 1536])
P:  torch.Size([1536, 6144])
S torch.Size([24, 1536, 6144])
P:  torch.Size([6144, 1536])
S torch.Size([24, 6144, 1536])
step 01299/02088 (62.21%) | loss: 2.845484 | lrm: 0.76 | dt: 14589.53ms | tok/sec: 71,871 | bf16_mfu: 35.94 | epoch: 1 | total time: 313.46m | eta: 191.9m
kind=muon
kind=muon
kind=muon
kind=muon
P:  torch.Size([12, 32])
S torch.Size([12, 12, 32])
P:  torch.Size([1536, 1536])
S torch.Size([96, 1536, 1536])
P:  torch.Size([1536, 6144])
S torch.Size([24, 1536, 6144])
P:  torch.Size([6144, 1536])
S torch.Size([24, 6144, 1536])
step 01300/02088 (62.26%) | loss: 2.840124 | lrm: 0.75 | dt: 14595.03ms | tok/sec: 71,844 | bf16_mfu: 35.92 | epoch: 1 | total time: 313.70m | eta: 191.6m
kind=muon
kind=muon
kind=muon
kind=muon
P:  torch.Size([12, 32])
S torch.Size([12, 12, 32])
P:  torch.Size([1536, 1536])
S torch.Size([96, 1536, 1536])
P:  torch.Size([1536, 6144])
S torch.Size([24, 1536, 6144])
P:  torch.Size([6144, 1536])
S torch.Size([24, 6144, 1536])
step 01301/02088 (62.31%) | loss: 2.847750 | lrm: 0.75 | dt: 14588.18ms | tok/sec: 71,878 | bf16_mfu: 35.94 | epoch: 1 | total time: 313.94m | eta: 191.4m
kind=muon
kind=muon
kind=muon
kind=muon
P:  torch.Size([12, 32])
S torch.Size([12, 12, 32])
P:  torch.Size([1536, 1536])
S torch.Size([96, 1536, 1536])
P:  torch.Size([1536, 6144])
S torch.Size([24, 1536, 6144])
P:  torch.Size([6144, 1536])
S torch.Size([24, 6144, 1536])
step 01302/02088 (62.36%) | loss: 2.833941 | lrm: 0.75 | dt: 14592.98ms | tok/sec: 71,854 | bf16_mfu: 35.93 | epoch: 1 | total time: 314.19m | eta: 191.1m
kind=muon
kind=muon
kind=muon
kind=muon
P:  torch.Size([12, 32])
S torch.Size([12, 12, 32])
P:  torch.Size([1536, 1536])
S torch.Size([96, 1536, 1536])
P:  torch.Size([1536, 6144])
S torch.Size([24, 1536, 6144])
P:  torch.Size([6144, 1536])
S torch.Size([24, 6144, 1536])
step 01303/02088 (62.40%) | loss: 2.845418 | lrm: 0.75 | dt: 14585.45ms | tok/sec: 71,891 | bf16_mfu: 35.95 | epoch: 1 | total time: 314.43m | eta: 190.9m
kind=muon
kind=muon
kind=muon
kind=muon
P:  torch.Size([12, 32])
S torch.Size([12, 12, 32])
P:  torch.Size([1536, 1536])
S torch.Size([96, 1536, 1536])
P:  torch.Size([1536, 6144])
S torch.Size([24, 1536, 6144])
P:  torch.Size([6144, 1536])
S torch.Size([24, 6144, 1536])
step 01304/02088 (62.45%) | loss: 2.829826 | lrm: 0.75 | dt: 14587.13ms | tok/sec: 71,883 | bf16_mfu: 35.94 | epoch: 1 | total time: 314.67m | eta: 190.7m
kind=muon
kind=muon
kind=muon
kind=muon
P:  torch.Size([12, 32])
S torch.Size([12, 12, 32])
P:  torch.Size([1536, 1536])
S torch.Size([96, 1536, 1536])
P:  torch.Size([1536, 6144])
S torch.Size([24, 1536, 6144])
P:  torch.Size([6144, 1536])
S torch.Size([24, 6144, 1536])
step 01305/02088 (62.50%) | loss: 2.827097 | lrm: 0.75 | dt: 14589.89ms | tok/sec: 71,870 | bf16_mfu: 35.94 | epoch: 1 | total time: 314.92m | eta: 190.4m
kind=muon
kind=muon
kind=muon
kind=muon
P:  torch.Size([12, 32])
S torch.Size([12, 12, 32])
P:  torch.Size([1536, 1536])
S torch.Size([96, 1536, 1536])
P:  torch.Size([1536, 6144])
S torch.Size([24, 1536, 6144])
P:  torch.Size([6144, 1536])
S torch.Size([24, 6144, 1536])
step 01306/02088 (62.55%) | loss: 2.828780 | lrm: 0.75 | dt: 14587.76ms | tok/sec: 71,880 | bf16_mfu: 35.94 | epoch: 1 | total time: 315.16m | eta: 190.2m
kind=muon
kind=muon
kind=muon
kind=muon
P:  torch.Size([12, 32])
S torch.Size([12, 12, 32])
P:  torch.Size([1536, 1536])
S torch.Size([96, 1536, 1536])
P:  torch.Size([1536, 6144])
S torch.Size([24, 1536, 6144])
P:  torch.Size([6144, 1536])
S torch.Size([24, 6144, 1536])
step 01307/02088 (62.60%) | loss: 2.834156 | lrm: 0.75 | dt: 14591.96ms | tok/sec: 71,859 | bf16_mfu: 35.93 | epoch: 1 | total time: 315.40m | eta: 189.9m
kind=muon
kind=muon
kind=muon
kind=muon
P:  torch.Size([12, 32])
S torch.Size([12, 12, 32])
P:  torch.Size([1536, 1536])
S torch.Size([96, 1536, 1536])
P:  torch.Size([1536, 6144])
S torch.Size([24, 1536, 6144])
P:  torch.Size([6144, 1536])
S torch.Size([24, 6144, 1536])
step 01308/02088 (62.64%) | loss: 2.843397 | lrm: 0.75 | dt: 14586.36ms | tok/sec: 71,887 | bf16_mfu: 35.94 | epoch: 1 | total time: 315.65m | eta: 189.7m
kind=muon
kind=muon
kind=muon
kind=muon
P:  torch.Size([12, 32])
S torch.Size([12, 12, 32])
P:  torch.Size([1536, 1536])
S torch.Size([96, 1536, 1536])
P:  torch.Size([1536, 6144])
S torch.Size([24, 1536, 6144])
P:  torch.Size([6144, 1536])
S torch.Size([24, 6144, 1536])
step 01309/02088 (62.69%) | loss: 2.848728 | lrm: 0.75 | dt: 14589.47ms | tok/sec: 71,872 | bf16_mfu: 35.94 | epoch: 1 | total time: 315.89m | eta: 189.4m
kind=muon
kind=muon
kind=muon
kind=muon
P:  torch.Size([12, 32])
S torch.Size([12, 12, 32])
P:  torch.Size([1536, 1536])
S torch.Size([96, 1536, 1536])
P:  torch.Size([1536, 6144])
S torch.Size([24, 1536, 6144])
P:  torch.Size([6144, 1536])
S torch.Size([24, 6144, 1536])
step 01310/02088 (62.74%) | loss: 2.853187 | lrm: 0.75 | dt: 14591.98ms | tok/sec: 71,859 | bf16_mfu: 35.93 | epoch: 1 | total time: 316.13m | eta: 189.2m
kind=muon
kind=muon
kind=muon
kind=muon
P:  torch.Size([12, 32])
S torch.Size([12, 12, 32])
P:  torch.Size([1536, 1536])
S torch.Size([96, 1536, 1536])
P:  torch.Size([1536, 6144])
S torch.Size([24, 1536, 6144])
P:  torch.Size([6144, 1536])
S torch.Size([24, 6144, 1536])
step 01311/02088 (62.79%) | loss: 2.852185 | lrm: 0.74 | dt: 14591.31ms | tok/sec: 71,863 | bf16_mfu: 35.93 | epoch: 1 | total time: 316.38m | eta: 188.9m
kind=muon
kind=muon
kind=muon
kind=muon
P:  torch.Size([12, 32])
S torch.Size([12, 12, 32])
P:  torch.Size([1536, 1536])
S torch.Size([96, 1536, 1536])
P:  torch.Size([1536, 6144])
S torch.Size([24, 1536, 6144])
P:  torch.Size([6144, 1536])
S torch.Size([24, 6144, 1536])
step 01312/02088 (62.84%) | loss: 2.856526 | lrm: 0.74 | dt: 14590.07ms | tok/sec: 71,869 | bf16_mfu: 35.94 | epoch: 1 | total time: 316.62m | eta: 188.7m
kind=muon
kind=muon
kind=muon
kind=muon
P:  torch.Size([12, 32])
S torch.Size([12, 12, 32])
P:  torch.Size([1536, 1536])
S torch.Size([96, 1536, 1536])
P:  torch.Size([1536, 6144])
S torch.Size([24, 1536, 6144])
P:  torch.Size([6144, 1536])
S torch.Size([24, 6144, 1536])
step 01313/02088 (62.88%) | loss: 2.846128 | lrm: 0.74 | dt: 14590.44ms | tok/sec: 71,867 | bf16_mfu: 35.93 | epoch: 1 | total time: 316.86m | eta: 188.5m
kind=muon
kind=muon
kind=muon
kind=muon
P:  torch.Size([12, 32])
S torch.Size([12, 12, 32])
P:  torch.Size([1536, 1536])
S torch.Size([96, 1536, 1536])
P:  torch.Size([1536, 6144])
S torch.Size([24, 1536, 6144])
P:  torch.Size([6144, 1536])
S torch.Size([24, 6144, 1536])
step 01314/02088 (62.93%) | loss: 2.860035 | lrm: 0.74 | dt: 14587.52ms | tok/sec: 71,881 | bf16_mfu: 35.94 | epoch: 1 | total time: 317.10m | eta: 188.2m
kind=muon
kind=muon
kind=muon
kind=muon
P:  torch.Size([12, 32])
S torch.Size([12, 12, 32])
P:  torch.Size([1536, 1536])
S torch.Size([96, 1536, 1536])
P:  torch.Size([1536, 6144])
S torch.Size([24, 1536, 6144])
P:  torch.Size([6144, 1536])
S torch.Size([24, 6144, 1536])
step 01315/02088 (62.98%) | loss: 2.871846 | lrm: 0.74 | dt: 14585.37ms | tok/sec: 71,892 | bf16_mfu: 35.95 | epoch: 1 | total time: 317.35m | eta: 188.0m
kind=muon
kind=muon
kind=muon
kind=muon
P:  torch.Size([12, 32])
S torch.Size([12, 12, 32])
P:  torch.Size([1536, 1536])
S torch.Size([96, 1536, 1536])
P:  torch.Size([1536, 6144])
S torch.Size([24, 1536, 6144])
P:  torch.Size([6144, 1536])
S torch.Size([24, 6144, 1536])
step 01316/02088 (63.03%) | loss: 2.871484 | lrm: 0.74 | dt: 14580.86ms | tok/sec: 71,914 | bf16_mfu: 35.96 | epoch: 1 | total time: 317.59m | eta: 187.7m
kind=muon
kind=muon
kind=muon
kind=muon
P:  torch.Size([12, 32])
S torch.Size([12, 12, 32])
P:  torch.Size([1536, 1536])
S torch.Size([96, 1536, 1536])
P:  torch.Size([1536, 6144])
S torch.Size([24, 1536, 6144])
P:  torch.Size([6144, 1536])
S torch.Size([24, 6144, 1536])
step 01317/02088 (63.07%) | loss: 2.869133 | lrm: 0.74 | dt: 14590.58ms | tok/sec: 71,866 | bf16_mfu: 35.93 | epoch: 1 | total time: 317.83m | eta: 187.5m
kind=muon
kind=muon
kind=muon
kind=muon
P:  torch.Size([12, 32])
S torch.Size([12, 12, 32])
P:  torch.Size([1536, 1536])
S torch.Size([96, 1536, 1536])
P:  torch.Size([1536, 6144])
S torch.Size([24, 1536, 6144])
P:  torch.Size([6144, 1536])
S torch.Size([24, 6144, 1536])
step 01318/02088 (63.12%) | loss: 2.862797 | lrm: 0.74 | dt: 14590.93ms | tok/sec: 71,864 | bf16_mfu: 35.93 | epoch: 1 | total time: 318.08m | eta: 187.2m
kind=muon
kind=muon
kind=muon
kind=muon
P:  torch.Size([12, 32])
S torch.Size([12, 12, 32])
P:  torch.Size([1536, 1536])
S torch.Size([96, 1536, 1536])
P:  torch.Size([1536, 6144])
S torch.Size([24, 1536, 6144])
P:  torch.Size([6144, 1536])
S torch.Size([24, 6144, 1536])
step 01319/02088 (63.17%) | loss: 2.860949 | lrm: 0.74 | dt: 14589.43ms | tok/sec: 71,872 | bf16_mfu: 35.94 | epoch: 1 | total time: 318.32m | eta: 187.0m
kind=muon
kind=muon
kind=muon
kind=muon
P:  torch.Size([12, 32])
S torch.Size([12, 12, 32])
P:  torch.Size([1536, 1536])
S torch.Size([96, 1536, 1536])
P:  torch.Size([1536, 6144])
S torch.Size([24, 1536, 6144])
P:  torch.Size([6144, 1536])
S torch.Size([24, 6144, 1536])
step 01320/02088 (63.22%) | loss: 2.852557 | lrm: 0.74 | dt: 14593.06ms | tok/sec: 71,854 | bf16_mfu: 35.93 | epoch: 1 | total time: 318.56m | eta: 186.8m
kind=muon
kind=muon
kind=muon
kind=muon
P:  torch.Size([12, 32])
S torch.Size([12, 12, 32])
P:  torch.Size([1536, 1536])
S torch.Size([96, 1536, 1536])
P:  torch.Size([1536, 6144])
S torch.Size([24, 1536, 6144])
P:  torch.Size([6144, 1536])
S torch.Size([24, 6144, 1536])
step 01321/02088 (63.27%) | loss: 2.851227 | lrm: 0.73 | dt: 14587.91ms | tok/sec: 71,879 | bf16_mfu: 35.94 | epoch: 1 | total time: 318.81m | eta: 186.5m
kind=muon
kind=muon
kind=muon
kind=muon
P:  torch.Size([12, 32])
S torch.Size([12, 12, 32])
P:  torch.Size([1536, 1536])
S torch.Size([96, 1536, 1536])
P:  torch.Size([1536, 6144])
S torch.Size([24, 1536, 6144])
P:  torch.Size([6144, 1536])
S torch.Size([24, 6144, 1536])
step 01322/02088 (63.31%) | loss: 2.847827 | lrm: 0.73 | dt: 14588.23ms | tok/sec: 71,878 | bf16_mfu: 35.94 | epoch: 1 | total time: 319.05m | eta: 186.3m
kind=muon
kind=muon
kind=muon
kind=muon
P:  torch.Size([12, 32])
S torch.Size([12, 12, 32])
P:  torch.Size([1536, 1536])
S torch.Size([96, 1536, 1536])
P:  torch.Size([1536, 6144])
S torch.Size([24, 1536, 6144])
P:  torch.Size([6144, 1536])
S torch.Size([24, 6144, 1536])
step 01323/02088 (63.36%) | loss: 2.846561 | lrm: 0.73 | dt: 14591.15ms | tok/sec: 71,863 | bf16_mfu: 35.93 | epoch: 1 | total time: 319.29m | eta: 186.0m
kind=muon
kind=muon
kind=muon
kind=muon
P:  torch.Size([12, 32])
S torch.Size([12, 12, 32])
P:  torch.Size([1536, 1536])
S torch.Size([96, 1536, 1536])
P:  torch.Size([1536, 6144])
S torch.Size([24, 1536, 6144])
P:  torch.Size([6144, 1536])
S torch.Size([24, 6144, 1536])
step 01324/02088 (63.41%) | loss: 2.848072 | lrm: 0.73 | dt: 14587.43ms | tok/sec: 71,882 | bf16_mfu: 35.94 | epoch: 1 | total time: 319.54m | eta: 185.8m
kind=muon
kind=muon
kind=muon
kind=muon
P:  torch.Size([12, 32])
S torch.Size([12, 12, 32])
P:  torch.Size([1536, 1536])
S torch.Size([96, 1536, 1536])
P:  torch.Size([1536, 6144])
S torch.Size([24, 1536, 6144])
P:  torch.Size([6144, 1536])
S torch.Size([24, 6144, 1536])
step 01325/02088 (63.46%) | loss: 2.849979 | lrm: 0.73 | dt: 14588.58ms | tok/sec: 71,876 | bf16_mfu: 35.94 | epoch: 1 | total time: 319.78m | eta: 185.5m
kind=muon
kind=muon
kind=muon
kind=muon
P:  torch.Size([12, 32])
S torch.Size([12, 12, 32])
P:  torch.Size([1536, 1536])
S torch.Size([96, 1536, 1536])
P:  torch.Size([1536, 6144])
S torch.Size([24, 1536, 6144])
P:  torch.Size([6144, 1536])
S torch.Size([24, 6144, 1536])
step 01326/02088 (63.51%) | loss: 2.842316 | lrm: 0.73 | dt: 14585.80ms | tok/sec: 71,890 | bf16_mfu: 35.95 | epoch: 1 | total time: 320.02m | eta: 185.3m
kind=muon
kind=muon
kind=muon
kind=muon
P:  torch.Size([12, 32])
S torch.Size([12, 12, 32])
P:  torch.Size([1536, 1536])
S torch.Size([96, 1536, 1536])
P:  torch.Size([1536, 6144])
S torch.Size([24, 1536, 6144])
P:  torch.Size([6144, 1536])
S torch.Size([24, 6144, 1536])
step 01327/02088 (63.55%) | loss: 2.832444 | lrm: 0.73 | dt: 14584.59ms | tok/sec: 71,896 | bf16_mfu: 35.95 | epoch: 1 | total time: 320.27m | eta: 185.1m
kind=muon
kind=muon
kind=muon
kind=muon
P:  torch.Size([12, 32])
S torch.Size([12, 12, 32])
P:  torch.Size([1536, 1536])
S torch.Size([96, 1536, 1536])
P:  torch.Size([1536, 6144])
S torch.Size([24, 1536, 6144])
P:  torch.Size([6144, 1536])
S torch.Size([24, 6144, 1536])
step 01328/02088 (63.60%) | loss: 2.828910 | lrm: 0.73 | dt: 14596.48ms | tok/sec: 71,837 | bf16_mfu: 35.92 | epoch: 1 | total time: 320.51m | eta: 184.8m
kind=muon
kind=muon
kind=muon
kind=muon
P:  torch.Size([12, 32])
S torch.Size([12, 12, 32])
P:  torch.Size([1536, 1536])
S torch.Size([96, 1536, 1536])
P:  torch.Size([1536, 6144])
S torch.Size([24, 1536, 6144])
P:  torch.Size([6144, 1536])
S torch.Size([24, 6144, 1536])
step 01329/02088 (63.65%) | loss: 2.821574 | lrm: 0.73 | dt: 14587.70ms | tok/sec: 71,880 | bf16_mfu: 35.94 | epoch: 1 | total time: 320.75m | eta: 184.6m
kind=muon
kind=muon
kind=muon
kind=muon
P:  torch.Size([12, 32])
S torch.Size([12, 12, 32])
P:  torch.Size([1536, 1536])
S torch.Size([96, 1536, 1536])
P:  torch.Size([1536, 6144])
S torch.Size([24, 1536, 6144])
P:  torch.Size([6144, 1536])
S torch.Size([24, 6144, 1536])
step 01330/02088 (63.70%) | loss: 2.814616 | lrm: 0.73 | dt: 14586.08ms | tok/sec: 71,888 | bf16_mfu: 35.95 | epoch: 1 | total time: 321.00m | eta: 184.3m
kind=muon
kind=muon
kind=muon
kind=muon
P:  torch.Size([12, 32])
S torch.Size([12, 12, 32])
P:  torch.Size([1536, 1536])
S torch.Size([96, 1536, 1536])
P:  torch.Size([1536, 6144])
S torch.Size([24, 1536, 6144])
P:  torch.Size([6144, 1536])
S torch.Size([24, 6144, 1536])
step 01331/02088 (63.75%) | loss: 2.800996 | lrm: 0.73 | dt: 14589.77ms | tok/sec: 71,870 | bf16_mfu: 35.94 | epoch: 1 | total time: 321.24m | eta: 184.1m
kind=muon
kind=muon
kind=muon
kind=muon
P:  torch.Size([12, 32])
S torch.Size([12, 12, 32])
P:  torch.Size([1536, 1536])
S torch.Size([96, 1536, 1536])
P:  torch.Size([1536, 6144])
S torch.Size([24, 1536, 6144])
P:  torch.Size([6144, 1536])
S torch.Size([24, 6144, 1536])
step 01332/02088 (63.79%) | loss: 2.801692 | lrm: 0.72 | dt: 14588.44ms | tok/sec: 71,877 | bf16_mfu: 35.94 | epoch: 1 | total time: 321.48m | eta: 183.8m
kind=muon
kind=muon
kind=muon
kind=muon
P:  torch.Size([12, 32])
S torch.Size([12, 12, 32])
P:  torch.Size([1536, 1536])
S torch.Size([96, 1536, 1536])
P:  torch.Size([1536, 6144])
S torch.Size([24, 1536, 6144])
P:  torch.Size([6144, 1536])
S torch.Size([24, 6144, 1536])
step 01333/02088 (63.84%) | loss: 2.787625 | lrm: 0.72 | dt: 14587.90ms | tok/sec: 71,879 | bf16_mfu: 35.94 | epoch: 1 | total time: 321.72m | eta: 183.6m
kind=muon
kind=muon
kind=muon
kind=muon
P:  torch.Size([12, 32])
S torch.Size([12, 12, 32])
P:  torch.Size([1536, 1536])
S torch.Size([96, 1536, 1536])
P:  torch.Size([1536, 6144])
S torch.Size([24, 1536, 6144])
P:  torch.Size([6144, 1536])
S torch.Size([24, 6144, 1536])
step 01334/02088 (63.89%) | loss: 2.800670 | lrm: 0.72 | dt: 14594.82ms | tok/sec: 71,845 | bf16_mfu: 35.92 | epoch: 1 | total time: 321.97m | eta: 183.4m
kind=muon
kind=muon
kind=muon
kind=muon
P:  torch.Size([12, 32])
S torch.Size([12, 12, 32])
P:  torch.Size([1536, 1536])
S torch.Size([96, 1536, 1536])
P:  torch.Size([1536, 6144])
S torch.Size([24, 1536, 6144])
P:  torch.Size([6144, 1536])
S torch.Size([24, 6144, 1536])
step 01335/02088 (63.94%) | loss: 2.795871 | lrm: 0.72 | dt: 14593.99ms | tok/sec: 71,849 | bf16_mfu: 35.93 | epoch: 1 | total time: 322.21m | eta: 183.1m
kind=muon
kind=muon
kind=muon
kind=muon
P:  torch.Size([12, 32])
S torch.Size([12, 12, 32])
P:  torch.Size([1536, 1536])
S torch.Size([96, 1536, 1536])
P:  torch.Size([1536, 6144])
S torch.Size([24, 1536, 6144])
P:  torch.Size([6144, 1536])
S torch.Size([24, 6144, 1536])
step 01336/02088 (63.98%) | loss: 2.782586 | lrm: 0.72 | dt: 14588.18ms | tok/sec: 71,878 | bf16_mfu: 35.94 | epoch: 1 | total time: 322.45m | eta: 182.9m
kind=muon
kind=muon
kind=muon
kind=muon
P:  torch.Size([12, 32])
S torch.Size([12, 12, 32])
P:  torch.Size([1536, 1536])
S torch.Size([96, 1536, 1536])
P:  torch.Size([1536, 6144])
S torch.Size([24, 1536, 6144])
P:  torch.Size([6144, 1536])
S torch.Size([24, 6144, 1536])
step 01337/02088 (64.03%) | loss: 2.772595 | lrm: 0.72 | dt: 14594.09ms | tok/sec: 71,849 | bf16_mfu: 35.93 | epoch: 1 | total time: 322.70m | eta: 182.6m
kind=muon
kind=muon
kind=muon
kind=muon
P:  torch.Size([12, 32])
S torch.Size([12, 12, 32])
P:  torch.Size([1536, 1536])
S torch.Size([96, 1536, 1536])
P:  torch.Size([1536, 6144])
S torch.Size([24, 1536, 6144])
P:  torch.Size([6144, 1536])
S torch.Size([24, 6144, 1536])
step 01338/02088 (64.08%) | loss: 2.775509 | lrm: 0.72 | dt: 14585.01ms | tok/sec: 71,894 | bf16_mfu: 35.95 | epoch: 1 | total time: 322.94m | eta: 182.4m
kind=muon
kind=muon
kind=muon
kind=muon
P:  torch.Size([12, 32])
S torch.Size([12, 12, 32])
P:  torch.Size([1536, 1536])
S torch.Size([96, 1536, 1536])
P:  torch.Size([1536, 6144])
S torch.Size([24, 1536, 6144])
P:  torch.Size([6144, 1536])
S torch.Size([24, 6144, 1536])
step 01339/02088 (64.13%) | loss: 2.781529 | lrm: 0.72 | dt: 14589.45ms | tok/sec: 71,872 | bf16_mfu: 35.94 | epoch: 1 | total time: 323.18m | eta: 182.1m
kind=muon
kind=muon
kind=muon
kind=muon
P:  torch.Size([12, 32])
S torch.Size([12, 12, 32])
P:  torch.Size([1536, 1536])
S torch.Size([96, 1536, 1536])
P:  torch.Size([1536, 6144])
S torch.Size([24, 1536, 6144])
P:  torch.Size([6144, 1536])
S torch.Size([24, 6144, 1536])
step 01340/02088 (64.18%) | loss: 2.787561 | lrm: 0.72 | dt: 14588.32ms | tok/sec: 71,877 | bf16_mfu: 35.94 | epoch: 1 | total time: 323.43m | eta: 181.9m
kind=muon
kind=muon
kind=muon
kind=muon
P:  torch.Size([12, 32])
S torch.Size([12, 12, 32])
P:  torch.Size([1536, 1536])
S torch.Size([96, 1536, 1536])
P:  torch.Size([1536, 6144])
S torch.Size([24, 1536, 6144])
P:  torch.Size([6144, 1536])
S torch.Size([24, 6144, 1536])
step 01341/02088 (64.22%) | loss: 2.783398 | lrm: 0.72 | dt: 14589.62ms | tok/sec: 71,871 | bf16_mfu: 35.94 | epoch: 1 | total time: 323.67m | eta: 181.7m
kind=muon
kind=muon
kind=muon
kind=muon
P:  torch.Size([12, 32])
S torch.Size([12, 12, 32])
P:  torch.Size([1536, 1536])
S torch.Size([96, 1536, 1536])
P:  torch.Size([1536, 6144])
S torch.Size([24, 1536, 6144])
P:  torch.Size([6144, 1536])
S torch.Size([24, 6144, 1536])
step 01342/02088 (64.27%) | loss: 2.791173 | lrm: 0.71 | dt: 14590.94ms | tok/sec: 71,864 | bf16_mfu: 35.93 | epoch: 1 | total time: 323.91m | eta: 181.4m
kind=muon
kind=muon
kind=muon
kind=muon
P:  torch.Size([12, 32])
S torch.Size([12, 12, 32])
P:  torch.Size([1536, 1536])
S torch.Size([96, 1536, 1536])
P:  torch.Size([1536, 6144])
S torch.Size([24, 1536, 6144])
P:  torch.Size([6144, 1536])
S torch.Size([24, 6144, 1536])
step 01343/02088 (64.32%) | loss: 2.803358 | lrm: 0.71 | dt: 14589.84ms | tok/sec: 71,870 | bf16_mfu: 35.94 | epoch: 1 | total time: 324.16m | eta: 181.2m
kind=muon
kind=muon
kind=muon
kind=muon
P:  torch.Size([12, 32])
S torch.Size([12, 12, 32])
P:  torch.Size([1536, 1536])
S torch.Size([96, 1536, 1536])
P:  torch.Size([1536, 6144])
S torch.Size([24, 1536, 6144])
P:  torch.Size([6144, 1536])
S torch.Size([24, 6144, 1536])
step 01344/02088 (64.37%) | loss: 2.801125 | lrm: 0.71 | dt: 14593.36ms | tok/sec: 71,852 | bf16_mfu: 35.93 | epoch: 1 | total time: 324.40m | eta: 180.9m
kind=muon
kind=muon
kind=muon
kind=muon
P:  torch.Size([12, 32])
S torch.Size([12, 12, 32])
P:  torch.Size([1536, 1536])
S torch.Size([96, 1536, 1536])
P:  torch.Size([1536, 6144])
S torch.Size([24, 1536, 6144])
P:  torch.Size([6144, 1536])
S torch.Size([24, 6144, 1536])
step 01345/02088 (64.42%) | loss: 2.796174 | lrm: 0.71 | dt: 14587.38ms | tok/sec: 71,882 | bf16_mfu: 35.94 | epoch: 1 | total time: 324.64m | eta: 180.7m
kind=muon
kind=muon
kind=muon
kind=muon
P:  torch.Size([12, 32])
S torch.Size([12, 12, 32])
P:  torch.Size([1536, 1536])
S torch.Size([96, 1536, 1536])
P:  torch.Size([1536, 6144])
S torch.Size([24, 1536, 6144])
P:  torch.Size([6144, 1536])
S torch.Size([24, 6144, 1536])
step 01346/02088 (64.46%) | loss: 2.815865 | lrm: 0.71 | dt: 14584.77ms | tok/sec: 71,895 | bf16_mfu: 35.95 | epoch: 1 | total time: 324.89m | eta: 180.4m
kind=muon
kind=muon
kind=muon
kind=muon
P:  torch.Size([12, 32])
S torch.Size([12, 12, 32])
P:  torch.Size([1536, 1536])
S torch.Size([96, 1536, 1536])
P:  torch.Size([1536, 6144])
S torch.Size([24, 1536, 6144])
P:  torch.Size([6144, 1536])
S torch.Size([24, 6144, 1536])
step 01347/02088 (64.51%) | loss: 2.820385 | lrm: 0.71 | dt: 14586.67ms | tok/sec: 71,885 | bf16_mfu: 35.94 | epoch: 1 | total time: 325.13m | eta: 180.2m
kind=muon
kind=muon
kind=muon
kind=muon
P:  torch.Size([12, 32])
S torch.Size([12, 12, 32])
P:  torch.Size([1536, 1536])
S torch.Size([96, 1536, 1536])
P:  torch.Size([1536, 6144])
S torch.Size([24, 1536, 6144])
P:  torch.Size([6144, 1536])
S torch.Size([24, 6144, 1536])
step 01348/02088 (64.56%) | loss: 2.838848 | lrm: 0.71 | dt: 14592.39ms | tok/sec: 71,857 | bf16_mfu: 35.93 | epoch: 1 | total time: 325.37m | eta: 180.0m
kind=muon
kind=muon
kind=muon
kind=muon
P:  torch.Size([12, 32])
S torch.Size([12, 12, 32])
P:  torch.Size([1536, 1536])
S torch.Size([96, 1536, 1536])
P:  torch.Size([1536, 6144])
S torch.Size([24, 1536, 6144])
P:  torch.Size([6144, 1536])
S torch.Size([24, 6144, 1536])
step 01349/02088 (64.61%) | loss: 2.846730 | lrm: 0.71 | dt: 14592.06ms | tok/sec: 71,859 | bf16_mfu: 35.93 | epoch: 1 | total time: 325.62m | eta: 179.7m
kind=muon
kind=muon
kind=muon
kind=muon
P:  torch.Size([12, 32])
S torch.Size([12, 12, 32])
P:  torch.Size([1536, 1536])
S torch.Size([96, 1536, 1536])
P:  torch.Size([1536, 6144])
S torch.Size([24, 1536, 6144])
P:  torch.Size([6144, 1536])
S torch.Size([24, 6144, 1536])
step 01350/02088 (64.66%) | loss: 2.846413 | lrm: 0.71 | dt: 14589.61ms | tok/sec: 71,871 | bf16_mfu: 35.94 | epoch: 1 | total time: 325.86m | eta: 179.5m
kind=muon
kind=muon
kind=muon
kind=muon
P:  torch.Size([12, 32])
S torch.Size([12, 12, 32])
P:  torch.Size([1536, 1536])
S torch.Size([96, 1536, 1536])
P:  torch.Size([1536, 6144])
S torch.Size([24, 1536, 6144])
P:  torch.Size([6144, 1536])
S torch.Size([24, 6144, 1536])
step 01351/02088 (64.70%) | loss: 2.845467 | lrm: 0.71 | dt: 14587.95ms | tok/sec: 71,879 | bf16_mfu: 35.94 | epoch: 1 | total time: 326.10m | eta: 179.2m
kind=muon
kind=muon
kind=muon
kind=muon
P:  torch.Size([12, 32])
S torch.Size([12, 12, 32])
P:  torch.Size([1536, 1536])
S torch.Size([96, 1536, 1536])
P:  torch.Size([1536, 6144])
S torch.Size([24, 1536, 6144])
P:  torch.Size([6144, 1536])
S torch.Size([24, 6144, 1536])
step 01352/02088 (64.75%) | loss: 2.845262 | lrm: 0.70 | dt: 14589.71ms | tok/sec: 71,870 | bf16_mfu: 35.94 | epoch: 1 | total time: 326.34m | eta: 179.0m
kind=muon
kind=muon
kind=muon
kind=muon
P:  torch.Size([12, 32])
S torch.Size([12, 12, 32])
P:  torch.Size([1536, 1536])
S torch.Size([96, 1536, 1536])
P:  torch.Size([1536, 6144])
S torch.Size([24, 1536, 6144])
P:  torch.Size([6144, 1536])
S torch.Size([24, 6144, 1536])
step 01353/02088 (64.80%) | loss: 2.835398 | lrm: 0.70 | dt: 14592.16ms | tok/sec: 71,858 | bf16_mfu: 35.93 | epoch: 1 | total time: 326.59m | eta: 178.7m
kind=muon
kind=muon
kind=muon
kind=muon
P:  torch.Size([12, 32])
S torch.Size([12, 12, 32])
P:  torch.Size([1536, 1536])
S torch.Size([96, 1536, 1536])
P:  torch.Size([1536, 6144])
S torch.Size([24, 1536, 6144])
P:  torch.Size([6144, 1536])
S torch.Size([24, 6144, 1536])
step 01354/02088 (64.85%) | loss: 2.834789 | lrm: 0.70 | dt: 14593.74ms | tok/sec: 71,851 | bf16_mfu: 35.93 | epoch: 1 | total time: 326.83m | eta: 178.5m
kind=muon
kind=muon
kind=muon
kind=muon
P:  torch.Size([12, 32])
S torch.Size([12, 12, 32])
P:  torch.Size([1536, 1536])
S torch.Size([96, 1536, 1536])
P:  torch.Size([1536, 6144])
S torch.Size([24, 1536, 6144])
P:  torch.Size([6144, 1536])
S torch.Size([24, 6144, 1536])
step 01355/02088 (64.89%) | loss: 2.822225 | lrm: 0.70 | dt: 14592.08ms | tok/sec: 71,859 | bf16_mfu: 35.93 | epoch: 1 | total time: 327.07m | eta: 178.2m
kind=muon
kind=muon
kind=muon
kind=muon
P:  torch.Size([12, 32])
S torch.Size([12, 12, 32])
P:  torch.Size([1536, 1536])
S torch.Size([96, 1536, 1536])
P:  torch.Size([1536, 6144])
S torch.Size([24, 1536, 6144])
P:  torch.Size([6144, 1536])
S torch.Size([24, 6144, 1536])
step 01356/02088 (64.94%) | loss: 2.821365 | lrm: 0.70 | dt: 14589.33ms | tok/sec: 71,872 | bf16_mfu: 35.94 | epoch: 1 | total time: 327.32m | eta: 178.0m
kind=muon
kind=muon
kind=muon
kind=muon
P:  torch.Size([12, 32])
S torch.Size([12, 12, 32])
P:  torch.Size([1536, 1536])
S torch.Size([96, 1536, 1536])
P:  torch.Size([1536, 6144])
S torch.Size([24, 1536, 6144])
P:  torch.Size([6144, 1536])
S torch.Size([24, 6144, 1536])
step 01357/02088 (64.99%) | loss: 2.813328 | lrm: 0.70 | dt: 14590.35ms | tok/sec: 71,867 | bf16_mfu: 35.93 | epoch: 1 | total time: 327.56m | eta: 177.8m
kind=muon
kind=muon
kind=muon
kind=muon
P:  torch.Size([12, 32])
S torch.Size([12, 12, 32])
P:  torch.Size([1536, 1536])
S torch.Size([96, 1536, 1536])
P:  torch.Size([1536, 6144])
S torch.Size([24, 1536, 6144])
P:  torch.Size([6144, 1536])
S torch.Size([24, 6144, 1536])
step 01358/02088 (65.04%) | loss: 2.805342 | lrm: 0.70 | dt: 14587.60ms | tok/sec: 71,881 | bf16_mfu: 35.94 | epoch: 1 | total time: 327.80m | eta: 177.5m
kind=muon
kind=muon
kind=muon
kind=muon
P:  torch.Size([12, 32])
S torch.Size([12, 12, 32])
P:  torch.Size([1536, 1536])
S torch.Size([96, 1536, 1536])
P:  torch.Size([1536, 6144])
S torch.Size([24, 1536, 6144])
P:  torch.Size([6144, 1536])
S torch.Size([24, 6144, 1536])
step 01359/02088 (65.09%) | loss: 2.810632 | lrm: 0.70 | dt: 14589.76ms | tok/sec: 71,870 | bf16_mfu: 35.94 | epoch: 1 | total time: 328.05m | eta: 177.3m
kind=muon
kind=muon
kind=muon
kind=muon
P:  torch.Size([12, 32])
S torch.Size([12, 12, 32])
P:  torch.Size([1536, 1536])
S torch.Size([96, 1536, 1536])
P:  torch.Size([1536, 6144])
S torch.Size([24, 1536, 6144])
P:  torch.Size([6144, 1536])
S torch.Size([24, 6144, 1536])
step 01360/02088 (65.13%) | loss: 2.796040 | lrm: 0.70 | dt: 14588.04ms | tok/sec: 71,879 | bf16_mfu: 35.94 | epoch: 1 | total time: 328.29m | eta: 177.0m
kind=muon
kind=muon
kind=muon
kind=muon
P:  torch.Size([12, 32])
S torch.Size([12, 12, 32])
P:  torch.Size([1536, 1536])
S torch.Size([96, 1536, 1536])
P:  torch.Size([1536, 6144])
S torch.Size([24, 1536, 6144])
P:  torch.Size([6144, 1536])
S torch.Size([24, 6144, 1536])
step 01361/02088 (65.18%) | loss: 2.794937 | lrm: 0.70 | dt: 14586.24ms | tok/sec: 71,888 | bf16_mfu: 35.94 | epoch: 1 | total time: 328.53m | eta: 176.8m
kind=muon
kind=muon
kind=muon
kind=muon
P:  torch.Size([12, 32])
S torch.Size([12, 12, 32])
P:  torch.Size([1536, 1536])
S torch.Size([96, 1536, 1536])
P:  torch.Size([1536, 6144])
S torch.Size([24, 1536, 6144])
P:  torch.Size([6144, 1536])
S torch.Size([24, 6144, 1536])
step 01362/02088 (65.23%) | loss: 2.793780 | lrm: 0.70 | dt: 14589.45ms | tok/sec: 71,872 | bf16_mfu: 35.94 | epoch: 1 | total time: 328.78m | eta: 176.5m
kind=muon
kind=muon
kind=muon
kind=muon
P:  torch.Size([12, 32])
S torch.Size([12, 12, 32])
P:  torch.Size([1536, 1536])
S torch.Size([96, 1536, 1536])
P:  torch.Size([1536, 6144])
S torch.Size([24, 1536, 6144])
P:  torch.Size([6144, 1536])
S torch.Size([24, 6144, 1536])
step 01363/02088 (65.28%) | loss: 2.787128 | lrm: 0.69 | dt: 14594.32ms | tok/sec: 71,848 | bf16_mfu: 35.92 | epoch: 1 | total time: 329.02m | eta: 176.3m
kind=muon
kind=muon
kind=muon
kind=muon
P:  torch.Size([12, 32])
S torch.Size([12, 12, 32])
P:  torch.Size([1536, 1536])
S torch.Size([96, 1536, 1536])
P:  torch.Size([1536, 6144])
S torch.Size([24, 1536, 6144])
P:  torch.Size([6144, 1536])
S torch.Size([24, 6144, 1536])
step 01364/02088 (65.33%) | loss: 2.792756 | lrm: 0.69 | dt: 14579.99ms | tok/sec: 71,918 | bf16_mfu: 35.96 | epoch: 1 | total time: 329.26m | eta: 176.1m
kind=muon
kind=muon
kind=muon
kind=muon
P:  torch.Size([12, 32])
S torch.Size([12, 12, 32])
P:  torch.Size([1536, 1536])
S torch.Size([96, 1536, 1536])
P:  torch.Size([1536, 6144])
S torch.Size([24, 1536, 6144])
P:  torch.Size([6144, 1536])
S torch.Size([24, 6144, 1536])
step 01365/02088 (65.37%) | loss: 2.800574 | lrm: 0.69 | dt: 14595.79ms | tok/sec: 71,840 | bf16_mfu: 35.92 | epoch: 1 | total time: 329.51m | eta: 175.8m
kind=muon
kind=muon
kind=muon
kind=muon
P:  torch.Size([12, 32])
S torch.Size([12, 12, 32])
P:  torch.Size([1536, 1536])
S torch.Size([96, 1536, 1536])
P:  torch.Size([1536, 6144])
S torch.Size([24, 1536, 6144])
P:  torch.Size([6144, 1536])
S torch.Size([24, 6144, 1536])
step 01366/02088 (65.42%) | loss: 2.804799 | lrm: 0.69 | dt: 14590.86ms | tok/sec: 71,865 | bf16_mfu: 35.93 | epoch: 1 | total time: 329.75m | eta: 175.6m
kind=muon
kind=muon
kind=muon
kind=muon
P:  torch.Size([12, 32])
S torch.Size([12, 12, 32])
P:  torch.Size([1536, 1536])
S torch.Size([96, 1536, 1536])
P:  torch.Size([1536, 6144])
S torch.Size([24, 1536, 6144])
P:  torch.Size([6144, 1536])
S torch.Size([24, 6144, 1536])
step 01367/02088 (65.47%) | loss: 2.806098 | lrm: 0.69 | dt: 14593.49ms | tok/sec: 71,852 | bf16_mfu: 35.93 | epoch: 1 | total time: 329.99m | eta: 175.3m
kind=muon
kind=muon
kind=muon
kind=muon
P:  torch.Size([12, 32])
S torch.Size([12, 12, 32])
P:  torch.Size([1536, 1536])
S torch.Size([96, 1536, 1536])
P:  torch.Size([1536, 6144])
S torch.Size([24, 1536, 6144])
P:  torch.Size([6144, 1536])
S torch.Size([24, 6144, 1536])
step 01368/02088 (65.52%) | loss: 2.812095 | lrm: 0.69 | dt: 14595.78ms | tok/sec: 71,841 | bf16_mfu: 35.92 | epoch: 1 | total time: 330.24m | eta: 175.1m
kind=muon
kind=muon
kind=muon
kind=muon
P:  torch.Size([12, 32])
S torch.Size([12, 12, 32])
P:  torch.Size([1536, 1536])
S torch.Size([96, 1536, 1536])
P:  torch.Size([1536, 6144])
S torch.Size([24, 1536, 6144])
P:  torch.Size([6144, 1536])
S torch.Size([24, 6144, 1536])
step 01369/02088 (65.57%) | loss: 2.815783 | lrm: 0.69 | dt: 14581.64ms | tok/sec: 71,910 | bf16_mfu: 35.96 | epoch: 1 | total time: 330.48m | eta: 174.8m
kind=muon
kind=muon
kind=muon
kind=muon
P:  torch.Size([12, 32])
S torch.Size([12, 12, 32])
P:  torch.Size([1536, 1536])
S torch.Size([96, 1536, 1536])
P:  torch.Size([1536, 6144])
S torch.Size([24, 1536, 6144])
P:  torch.Size([6144, 1536])
S torch.Size([24, 6144, 1536])
step 01370/02088 (65.61%) | loss: 2.825256 | lrm: 0.69 | dt: 14590.05ms | tok/sec: 71,869 | bf16_mfu: 35.94 | epoch: 1 | total time: 330.72m | eta: 174.6m
kind=muon
kind=muon
kind=muon
kind=muon
P:  torch.Size([12, 32])
S torch.Size([12, 12, 32])
P:  torch.Size([1536, 1536])
S torch.Size([96, 1536, 1536])
P:  torch.Size([1536, 6144])
S torch.Size([24, 1536, 6144])
P:  torch.Size([6144, 1536])
S torch.Size([24, 6144, 1536])
step 01371/02088 (65.66%) | loss: 2.830574 | lrm: 0.69 | dt: 14585.33ms | tok/sec: 71,892 | bf16_mfu: 35.95 | epoch: 1 | total time: 330.96m | eta: 174.4m
kind=muon
kind=muon
kind=muon
kind=muon
P:  torch.Size([12, 32])
S torch.Size([12, 12, 32])
P:  torch.Size([1536, 1536])
S torch.Size([96, 1536, 1536])
P:  torch.Size([1536, 6144])
S torch.Size([24, 1536, 6144])
P:  torch.Size([6144, 1536])
S torch.Size([24, 6144, 1536])
step 01372/02088 (65.71%) | loss: 2.823563 | lrm: 0.69 | dt: 14585.05ms | tok/sec: 71,893 | bf16_mfu: 35.95 | epoch: 1 | total time: 331.21m | eta: 174.1m
kind=muon
kind=muon
kind=muon
kind=muon
P:  torch.Size([12, 32])
S torch.Size([12, 12, 32])
P:  torch.Size([1536, 1536])
S torch.Size([96, 1536, 1536])
P:  torch.Size([1536, 6144])
S torch.Size([24, 1536, 6144])
P:  torch.Size([6144, 1536])
S torch.Size([24, 6144, 1536])
step 01373/02088 (65.76%) | loss: 2.821229 | lrm: 0.68 | dt: 14589.24ms | tok/sec: 71,873 | bf16_mfu: 35.94 | epoch: 1 | total time: 331.45m | eta: 173.9m
kind=muon
kind=muon
kind=muon
kind=muon
P:  torch.Size([12, 32])
S torch.Size([12, 12, 32])
P:  torch.Size([1536, 1536])
S torch.Size([96, 1536, 1536])
P:  torch.Size([1536, 6144])
S torch.Size([24, 1536, 6144])
P:  torch.Size([6144, 1536])
S torch.Size([24, 6144, 1536])
step 01374/02088 (65.80%) | loss: 2.825009 | lrm: 0.68 | dt: 14589.57ms | tok/sec: 71,871 | bf16_mfu: 35.94 | epoch: 1 | total time: 331.69m | eta: 173.6m
kind=muon
kind=muon
kind=muon
kind=muon
P:  torch.Size([12, 32])
S torch.Size([12, 12, 32])
P:  torch.Size([1536, 1536])
S torch.Size([96, 1536, 1536])
P:  torch.Size([1536, 6144])
S torch.Size([24, 1536, 6144])
P:  torch.Size([6144, 1536])
S torch.Size([24, 6144, 1536])
step 01375/02088 (65.85%) | loss: 2.827072 | lrm: 0.68 | dt: 14589.67ms | tok/sec: 71,871 | bf16_mfu: 35.94 | epoch: 1 | total time: 331.94m | eta: 173.4m
kind=muon
kind=muon
kind=muon
kind=muon
P:  torch.Size([12, 32])
S torch.Size([12, 12, 32])
P:  torch.Size([1536, 1536])
S torch.Size([96, 1536, 1536])
P:  torch.Size([1536, 6144])
S torch.Size([24, 1536, 6144])
P:  torch.Size([6144, 1536])
S torch.Size([24, 6144, 1536])
step 01376/02088 (65.90%) | loss: 2.839007 | lrm: 0.68 | dt: 14589.81ms | tok/sec: 71,870 | bf16_mfu: 35.94 | epoch: 1 | total time: 332.18m | eta: 173.1m
kind=muon
kind=muon
kind=muon
kind=muon
P:  torch.Size([12, 32])
S torch.Size([12, 12, 32])
P:  torch.Size([1536, 1536])
S torch.Size([96, 1536, 1536])
P:  torch.Size([1536, 6144])
S torch.Size([24, 1536, 6144])
P:  torch.Size([6144, 1536])
S torch.Size([24, 6144, 1536])
step 01377/02088 (65.95%) | loss: 2.840234 | lrm: 0.68 | dt: 14590.48ms | tok/sec: 71,867 | bf16_mfu: 35.93 | epoch: 1 | total time: 332.42m | eta: 172.9m
kind=muon
kind=muon
kind=muon
kind=muon
P:  torch.Size([12, 32])
S torch.Size([12, 12, 32])
P:  torch.Size([1536, 1536])
S torch.Size([96, 1536, 1536])
P:  torch.Size([1536, 6144])
S torch.Size([24, 1536, 6144])
P:  torch.Size([6144, 1536])
S torch.Size([24, 6144, 1536])
step 01378/02088 (66.00%) | loss: 2.827625 | lrm: 0.68 | dt: 14583.08ms | tok/sec: 71,903 | bf16_mfu: 35.95 | epoch: 1 | total time: 332.67m | eta: 172.7m
kind=muon
kind=muon
kind=muon
kind=muon
P:  torch.Size([12, 32])
S torch.Size([12, 12, 32])
P:  torch.Size([1536, 1536])
S torch.Size([96, 1536, 1536])
P:  torch.Size([1536, 6144])
S torch.Size([24, 1536, 6144])
P:  torch.Size([6144, 1536])
S torch.Size([24, 6144, 1536])
step 01379/02088 (66.04%) | loss: 2.818530 | lrm: 0.68 | dt: 14587.59ms | tok/sec: 71,881 | bf16_mfu: 35.94 | epoch: 1 | total time: 332.91m | eta: 172.4m
kind=muon
kind=muon
kind=muon
kind=muon
P:  torch.Size([12, 32])
S torch.Size([12, 12, 32])
P:  torch.Size([1536, 1536])
S torch.Size([96, 1536, 1536])
P:  torch.Size([1536, 6144])
S torch.Size([24, 1536, 6144])
P:  torch.Size([6144, 1536])
S torch.Size([24, 6144, 1536])
step 01380/02088 (66.09%) | loss: 2.806039 | lrm: 0.68 | dt: 14588.65ms | tok/sec: 71,876 | bf16_mfu: 35.94 | epoch: 1 | total time: 333.15m | eta: 172.2m
kind=muon
kind=muon
kind=muon
kind=muon
P:  torch.Size([12, 32])
S torch.Size([12, 12, 32])
P:  torch.Size([1536, 1536])
S torch.Size([96, 1536, 1536])
P:  torch.Size([1536, 6144])
S torch.Size([24, 1536, 6144])
P:  torch.Size([6144, 1536])
S torch.Size([24, 6144, 1536])
step 01381/02088 (66.14%) | loss: 2.806179 | lrm: 0.68 | dt: 14587.73ms | tok/sec: 71,880 | bf16_mfu: 35.94 | epoch: 1 | total time: 333.40m | eta: 171.9m
kind=muon
kind=muon
kind=muon
kind=muon
P:  torch.Size([12, 32])
S torch.Size([12, 12, 32])
P:  torch.Size([1536, 1536])
S torch.Size([96, 1536, 1536])
P:  torch.Size([1536, 6144])
S torch.Size([24, 1536, 6144])
P:  torch.Size([6144, 1536])
S torch.Size([24, 6144, 1536])
step 01382/02088 (66.19%) | loss: 2.825467 | lrm: 0.68 | dt: 14592.66ms | tok/sec: 71,856 | bf16_mfu: 35.93 | epoch: 1 | total time: 333.64m | eta: 171.7m
kind=muon
kind=muon
kind=muon
kind=muon
P:  torch.Size([12, 32])
S torch.Size([12, 12, 32])
P:  torch.Size([1536, 1536])
S torch.Size([96, 1536, 1536])
P:  torch.Size([1536, 6144])
S torch.Size([24, 1536, 6144])
P:  torch.Size([6144, 1536])
S torch.Size([24, 6144, 1536])
step 01383/02088 (66.24%) | loss: 2.823468 | lrm: 0.68 | dt: 14588.97ms | tok/sec: 71,874 | bf16_mfu: 35.94 | epoch: 1 | total time: 333.88m | eta: 171.4m
kind=muon
kind=muon
kind=muon
kind=muon
P:  torch.Size([12, 32])
S torch.Size([12, 12, 32])
P:  torch.Size([1536, 1536])
S torch.Size([96, 1536, 1536])
P:  torch.Size([1536, 6144])
S torch.Size([24, 1536, 6144])
P:  torch.Size([6144, 1536])
S torch.Size([24, 6144, 1536])
step 01384/02088 (66.28%) | loss: 2.812705 | lrm: 0.67 | dt: 14590.35ms | tok/sec: 71,867 | bf16_mfu: 35.93 | epoch: 1 | total time: 334.13m | eta: 171.2m
kind=muon
kind=muon
kind=muon
kind=muon
P:  torch.Size([12, 32])
S torch.Size([12, 12, 32])
P:  torch.Size([1536, 1536])
S torch.Size([96, 1536, 1536])
P:  torch.Size([1536, 6144])
S torch.Size([24, 1536, 6144])
P:  torch.Size([6144, 1536])
S torch.Size([24, 6144, 1536])
step 01385/02088 (66.33%) | loss: 2.815708 | lrm: 0.67 | dt: 14587.76ms | tok/sec: 71,880 | bf16_mfu: 35.94 | epoch: 1 | total time: 334.37m | eta: 171.0m
kind=muon
kind=muon
kind=muon
kind=muon
P:  torch.Size([12, 32])
S torch.Size([12, 12, 32])
P:  torch.Size([1536, 1536])
S torch.Size([96, 1536, 1536])
P:  torch.Size([1536, 6144])
S torch.Size([24, 1536, 6144])
P:  torch.Size([6144, 1536])
S torch.Size([24, 6144, 1536])
step 01386/02088 (66.38%) | loss: 2.813364 | lrm: 0.67 | dt: 14595.41ms | tok/sec: 71,842 | bf16_mfu: 35.92 | epoch: 1 | total time: 334.61m | eta: 170.7m
kind=muon
kind=muon
kind=muon
kind=muon
P:  torch.Size([12, 32])
S torch.Size([12, 12, 32])
P:  torch.Size([1536, 1536])
S torch.Size([96, 1536, 1536])
P:  torch.Size([1536, 6144])
S torch.Size([24, 1536, 6144])
P:  torch.Size([6144, 1536])
S torch.Size([24, 6144, 1536])
step 01387/02088 (66.43%) | loss: 2.814923 | lrm: 0.67 | dt: 14591.80ms | tok/sec: 71,860 | bf16_mfu: 35.93 | epoch: 1 | total time: 334.86m | eta: 170.5m
kind=muon
kind=muon
kind=muon
kind=muon
P:  torch.Size([12, 32])
S torch.Size([12, 12, 32])
P:  torch.Size([1536, 1536])
S torch.Size([96, 1536, 1536])
P:  torch.Size([1536, 6144])
S torch.Size([24, 1536, 6144])
P:  torch.Size([6144, 1536])
S torch.Size([24, 6144, 1536])
step 01388/02088 (66.48%) | loss: 2.803334 | lrm: 0.67 | dt: 14587.70ms | tok/sec: 71,880 | bf16_mfu: 35.94 | epoch: 1 | total time: 335.10m | eta: 170.2m
kind=muon
kind=muon
kind=muon
kind=muon
P:  torch.Size([12, 32])
S torch.Size([12, 12, 32])
P:  torch.Size([1536, 1536])
S torch.Size([96, 1536, 1536])
P:  torch.Size([1536, 6144])
S torch.Size([24, 1536, 6144])
P:  torch.Size([6144, 1536])
S torch.Size([24, 6144, 1536])
step 01389/02088 (66.52%) | loss: 2.798295 | lrm: 0.67 | dt: 14591.71ms | tok/sec: 71,861 | bf16_mfu: 35.93 | epoch: 1 | total time: 335.34m | eta: 170.0m
kind=muon
kind=muon
kind=muon
kind=muon
P:  torch.Size([12, 32])
S torch.Size([12, 12, 32])
P:  torch.Size([1536, 1536])
S torch.Size([96, 1536, 1536])
P:  torch.Size([1536, 6144])
S torch.Size([24, 1536, 6144])
P:  torch.Size([6144, 1536])
S torch.Size([24, 6144, 1536])
step 01390/02088 (66.57%) | loss: 2.814504 | lrm: 0.67 | dt: 14592.33ms | tok/sec: 71,858 | bf16_mfu: 35.93 | epoch: 1 | total time: 335.58m | eta: 169.7m
kind=muon
kind=muon
kind=muon
kind=muon
P:  torch.Size([12, 32])
S torch.Size([12, 12, 32])
P:  torch.Size([1536, 1536])
S torch.Size([96, 1536, 1536])
P:  torch.Size([1536, 6144])
S torch.Size([24, 1536, 6144])
P:  torch.Size([6144, 1536])
S torch.Size([24, 6144, 1536])
step 01391/02088 (66.62%) | loss: 2.803935 | lrm: 0.67 | dt: 14592.94ms | tok/sec: 71,855 | bf16_mfu: 35.93 | epoch: 1 | total time: 335.83m | eta: 169.5m
kind=muon
kind=muon
kind=muon
kind=muon
P:  torch.Size([12, 32])
S torch.Size([12, 12, 32])
P:  torch.Size([1536, 1536])
S torch.Size([96, 1536, 1536])
P:  torch.Size([1536, 6144])
S torch.Size([24, 1536, 6144])
P:  torch.Size([6144, 1536])
S torch.Size([24, 6144, 1536])
step 01392/02088 (66.67%) | loss: 2.805336 | lrm: 0.67 | dt: 14592.05ms | tok/sec: 71,859 | bf16_mfu: 35.93 | epoch: 1 | total time: 336.07m | eta: 169.3m
kind=muon
kind=muon
kind=muon
kind=muon
P:  torch.Size([12, 32])
S torch.Size([12, 12, 32])
P:  torch.Size([1536, 1536])
S torch.Size([96, 1536, 1536])
P:  torch.Size([1536, 6144])
S torch.Size([24, 1536, 6144])
P:  torch.Size([6144, 1536])
S torch.Size([24, 6144, 1536])
step 01393/02088 (66.71%) | loss: 2.819869 | lrm: 0.67 | dt: 14591.72ms | tok/sec: 71,861 | bf16_mfu: 35.93 | epoch: 1 | total time: 336.31m | eta: 169.0m
kind=muon
kind=muon
kind=muon
kind=muon
P:  torch.Size([12, 32])
S torch.Size([12, 12, 32])
P:  torch.Size([1536, 1536])
S torch.Size([96, 1536, 1536])
P:  torch.Size([1536, 6144])
S torch.Size([24, 1536, 6144])
P:  torch.Size([6144, 1536])
S torch.Size([24, 6144, 1536])
step 01394/02088 (66.76%) | loss: 2.805472 | lrm: 0.66 | dt: 14591.14ms | tok/sec: 71,863 | bf16_mfu: 35.93 | epoch: 1 | total time: 336.56m | eta: 168.8m
kind=muon
kind=muon
kind=muon
kind=muon
P:  torch.Size([12, 32])
S torch.Size([12, 12, 32])
P:  torch.Size([1536, 1536])
S torch.Size([96, 1536, 1536])
P:  torch.Size([1536, 6144])
S torch.Size([24, 1536, 6144])
P:  torch.Size([6144, 1536])
S torch.Size([24, 6144, 1536])
step 01395/02088 (66.81%) | loss: 2.803572 | lrm: 0.66 | dt: 14592.98ms | tok/sec: 71,854 | bf16_mfu: 35.93 | epoch: 1 | total time: 336.80m | eta: 168.5m
kind=muon
kind=muon
kind=muon
kind=muon
P:  torch.Size([12, 32])
S torch.Size([12, 12, 32])
P:  torch.Size([1536, 1536])
S torch.Size([96, 1536, 1536])
P:  torch.Size([1536, 6144])
S torch.Size([24, 1536, 6144])
P:  torch.Size([6144, 1536])
S torch.Size([24, 6144, 1536])
step 01396/02088 (66.86%) | loss: 2.805134 | lrm: 0.66 | dt: 14594.86ms | tok/sec: 71,845 | bf16_mfu: 35.92 | epoch: 1 | total time: 337.04m | eta: 168.3m
kind=muon
kind=muon
kind=muon
kind=muon
P:  torch.Size([12, 32])
S torch.Size([12, 12, 32])
P:  torch.Size([1536, 1536])
S torch.Size([96, 1536, 1536])
P:  torch.Size([1536, 6144])
S torch.Size([24, 1536, 6144])
P:  torch.Size([6144, 1536])
S torch.Size([24, 6144, 1536])
step 01397/02088 (66.91%) | loss: 2.792241 | lrm: 0.66 | dt: 14589.25ms | tok/sec: 71,873 | bf16_mfu: 35.94 | epoch: 1 | total time: 337.29m | eta: 168.0m
kind=muon
kind=muon
kind=muon
kind=muon
P:  torch.Size([12, 32])
S torch.Size([12, 12, 32])
P:  torch.Size([1536, 1536])
S torch.Size([96, 1536, 1536])
P:  torch.Size([1536, 6144])
S torch.Size([24, 1536, 6144])
P:  torch.Size([6144, 1536])
S torch.Size([24, 6144, 1536])
step 01398/02088 (66.95%) | loss: 2.788114 | lrm: 0.66 | dt: 14590.00ms | tok/sec: 71,869 | bf16_mfu: 35.94 | epoch: 1 | total time: 337.53m | eta: 167.8m
kind=muon
kind=muon
kind=muon
kind=muon
P:  torch.Size([12, 32])
S torch.Size([12, 12, 32])
P:  torch.Size([1536, 1536])
S torch.Size([96, 1536, 1536])
P:  torch.Size([1536, 6144])
S torch.Size([24, 1536, 6144])
P:  torch.Size([6144, 1536])
S torch.Size([24, 6144, 1536])
step 01399/02088 (67.00%) | loss: 2.782061 | lrm: 0.66 | dt: 14587.53ms | tok/sec: 71,881 | bf16_mfu: 35.94 | epoch: 1 | total time: 337.77m | eta: 167.5m
kind=muon
kind=muon
kind=muon
kind=muon
P:  torch.Size([12, 32])
S torch.Size([12, 12, 32])
P:  torch.Size([1536, 1536])
S torch.Size([96, 1536, 1536])
P:  torch.Size([1536, 6144])
S torch.Size([24, 1536, 6144])
P:  torch.Size([6144, 1536])
S torch.Size([24, 6144, 1536])
step 01400/02088 (67.05%) | loss: 2.784495 | lrm: 0.66 | dt: 14585.37ms | tok/sec: 71,892 | bf16_mfu: 35.95 | epoch: 1 | total time: 338.02m | eta: 167.3m
kind=muon
kind=muon
kind=muon
kind=muon
P:  torch.Size([12, 32])
S torch.Size([12, 12, 32])
P:  torch.Size([1536, 1536])
S torch.Size([96, 1536, 1536])
P:  torch.Size([1536, 6144])
S torch.Size([24, 1536, 6144])
P:  torch.Size([6144, 1536])
S torch.Size([24, 6144, 1536])
step 01401/02088 (67.10%) | loss: 2.773164 | lrm: 0.66 | dt: 14587.07ms | tok/sec: 71,883 | bf16_mfu: 35.94 | epoch: 1 | total time: 338.26m | eta: 167.1m
kind=muon
kind=muon
kind=muon
kind=muon
P:  torch.Size([12, 32])
S torch.Size([12, 12, 32])
P:  torch.Size([1536, 1536])
S torch.Size([96, 1536, 1536])
P:  torch.Size([1536, 6144])
S torch.Size([24, 1536, 6144])
P:  torch.Size([6144, 1536])
S torch.Size([24, 6144, 1536])
step 01402/02088 (67.15%) | loss: 2.785287 | lrm: 0.66 | dt: 14592.22ms | tok/sec: 71,858 | bf16_mfu: 35.93 | epoch: 1 | total time: 338.50m | eta: 166.8m
kind=muon
kind=muon
kind=muon
kind=muon
P:  torch.Size([12, 32])
S torch.Size([12, 12, 32])
P:  torch.Size([1536, 1536])
S torch.Size([96, 1536, 1536])
P:  torch.Size([1536, 6144])
S torch.Size([24, 1536, 6144])
P:  torch.Size([6144, 1536])
S torch.Size([24, 6144, 1536])
step 01403/02088 (67.19%) | loss: 2.787916 | lrm: 0.66 | dt: 14588.53ms | tok/sec: 71,876 | bf16_mfu: 35.94 | epoch: 1 | total time: 338.75m | eta: 166.6m
kind=muon
kind=muon
kind=muon
kind=muon
P:  torch.Size([12, 32])
S torch.Size([12, 12, 32])
P:  torch.Size([1536, 1536])
S torch.Size([96, 1536, 1536])
P:  torch.Size([1536, 6144])
S torch.Size([24, 1536, 6144])
P:  torch.Size([6144, 1536])
S torch.Size([24, 6144, 1536])
step 01404/02088 (67.24%) | loss: 2.795831 | lrm: 0.66 | dt: 14590.37ms | tok/sec: 71,867 | bf16_mfu: 35.93 | epoch: 1 | total time: 338.99m | eta: 166.3m
kind=muon
kind=muon
kind=muon
kind=muon
P:  torch.Size([12, 32])
S torch.Size([12, 12, 32])
P:  torch.Size([1536, 1536])
S torch.Size([96, 1536, 1536])
P:  torch.Size([1536, 6144])
S torch.Size([24, 1536, 6144])
P:  torch.Size([6144, 1536])
S torch.Size([24, 6144, 1536])
step 01405/02088 (67.29%) | loss: 2.796309 | lrm: 0.65 | dt: 14587.67ms | tok/sec: 71,880 | bf16_mfu: 35.94 | epoch: 1 | total time: 339.23m | eta: 166.1m
kind=muon
kind=muon
kind=muon
kind=muon
P:  torch.Size([12, 32])
S torch.Size([12, 12, 32])
P:  torch.Size([1536, 1536])
S torch.Size([96, 1536, 1536])
P:  torch.Size([1536, 6144])
S torch.Size([24, 1536, 6144])
P:  torch.Size([6144, 1536])
S torch.Size([24, 6144, 1536])
step 01406/02088 (67.34%) | loss: 2.790573 | lrm: 0.65 | dt: 14585.27ms | tok/sec: 71,892 | bf16_mfu: 35.95 | epoch: 1 | total time: 339.48m | eta: 165.8m
kind=muon
kind=muon
kind=muon
kind=muon
P:  torch.Size([12, 32])
S torch.Size([12, 12, 32])
P:  torch.Size([1536, 1536])
S torch.Size([96, 1536, 1536])
P:  torch.Size([1536, 6144])
S torch.Size([24, 1536, 6144])
P:  torch.Size([6144, 1536])
S torch.Size([24, 6144, 1536])
step 01407/02088 (67.39%) | loss: 2.787616 | lrm: 0.65 | dt: 14590.66ms | tok/sec: 71,866 | bf16_mfu: 35.93 | epoch: 1 | total time: 339.72m | eta: 165.6m
kind=muon
kind=muon
kind=muon
kind=muon
P:  torch.Size([12, 32])
S torch.Size([12, 12, 32])
P:  torch.Size([1536, 1536])
S torch.Size([96, 1536, 1536])
P:  torch.Size([1536, 6144])
S torch.Size([24, 1536, 6144])
P:  torch.Size([6144, 1536])
S torch.Size([24, 6144, 1536])
step 01408/02088 (67.43%) | loss: 2.793621 | lrm: 0.65 | dt: 14586.30ms | tok/sec: 71,887 | bf16_mfu: 35.94 | epoch: 1 | total time: 339.96m | eta: 165.4m
kind=muon
kind=muon
kind=muon
kind=muon
P:  torch.Size([12, 32])
S torch.Size([12, 12, 32])
P:  torch.Size([1536, 1536])
S torch.Size([96, 1536, 1536])
P:  torch.Size([1536, 6144])
S torch.Size([24, 1536, 6144])
P:  torch.Size([6144, 1536])
S torch.Size([24, 6144, 1536])
step 01409/02088 (67.48%) | loss: 2.782335 | lrm: 0.65 | dt: 14589.53ms | tok/sec: 71,871 | bf16_mfu: 35.94 | epoch: 1 | total time: 340.20m | eta: 165.1m
kind=muon
kind=muon
kind=muon
kind=muon
P:  torch.Size([12, 32])
S torch.Size([12, 12, 32])
P:  torch.Size([1536, 1536])
S torch.Size([96, 1536, 1536])
P:  torch.Size([1536, 6144])
S torch.Size([24, 1536, 6144])
P:  torch.Size([6144, 1536])
S torch.Size([24, 6144, 1536])
step 01410/02088 (67.53%) | loss: 2.782881 | lrm: 0.65 | dt: 14595.99ms | tok/sec: 71,840 | bf16_mfu: 35.92 | epoch: 1 | total time: 340.45m | eta: 164.9m
kind=muon
kind=muon
kind=muon
kind=muon
P:  torch.Size([12, 32])
S torch.Size([12, 12, 32])
P:  torch.Size([1536, 1536])
S torch.Size([96, 1536, 1536])
P:  torch.Size([1536, 6144])
S torch.Size([24, 1536, 6144])
P:  torch.Size([6144, 1536])
S torch.Size([24, 6144, 1536])
step 01411/02088 (67.58%) | loss: 2.791402 | lrm: 0.65 | dt: 14591.85ms | tok/sec: 71,860 | bf16_mfu: 35.93 | epoch: 1 | total time: 340.69m | eta: 164.6m
kind=muon
kind=muon
kind=muon
kind=muon
P:  torch.Size([12, 32])
S torch.Size([12, 12, 32])
P:  torch.Size([1536, 1536])
S torch.Size([96, 1536, 1536])
P:  torch.Size([1536, 6144])
S torch.Size([24, 1536, 6144])
P:  torch.Size([6144, 1536])
S torch.Size([24, 6144, 1536])
step 01412/02088 (67.62%) | loss: 2.783056 | lrm: 0.65 | dt: 14595.04ms | tok/sec: 71,844 | bf16_mfu: 35.92 | epoch: 1 | total time: 340.93m | eta: 164.4m
kind=muon
kind=muon
kind=muon
kind=muon
P:  torch.Size([12, 32])
S torch.Size([12, 12, 32])
P:  torch.Size([1536, 1536])
S torch.Size([96, 1536, 1536])
P:  torch.Size([1536, 6144])
S torch.Size([24, 1536, 6144])
P:  torch.Size([6144, 1536])
S torch.Size([24, 6144, 1536])
step 01413/02088 (67.67%) | loss: 2.774561 | lrm: 0.65 | dt: 14593.60ms | tok/sec: 71,851 | bf16_mfu: 35.93 | epoch: 1 | total time: 341.18m | eta: 164.1m
kind=muon
kind=muon
kind=muon
kind=muon
P:  torch.Size([12, 32])
S torch.Size([12, 12, 32])
P:  torch.Size([1536, 1536])
S torch.Size([96, 1536, 1536])
P:  torch.Size([1536, 6144])
S torch.Size([24, 1536, 6144])
P:  torch.Size([6144, 1536])
S torch.Size([24, 6144, 1536])
step 01414/02088 (67.72%) | loss: 2.786145 | lrm: 0.65 | dt: 14591.38ms | tok/sec: 71,862 | bf16_mfu: 35.93 | epoch: 1 | total time: 341.42m | eta: 163.9m
kind=muon
kind=muon
kind=muon
kind=muon
P:  torch.Size([12, 32])
S torch.Size([12, 12, 32])
P:  torch.Size([1536, 1536])
S torch.Size([96, 1536, 1536])
P:  torch.Size([1536, 6144])
S torch.Size([24, 1536, 6144])
P:  torch.Size([6144, 1536])
S torch.Size([24, 6144, 1536])
step 01415/02088 (67.77%) | loss: 2.787147 | lrm: 0.64 | dt: 14591.03ms | tok/sec: 71,864 | bf16_mfu: 35.93 | epoch: 1 | total time: 341.66m | eta: 163.7m
kind=muon
kind=muon
kind=muon
kind=muon
P:  torch.Size([12, 32])
S torch.Size([12, 12, 32])
P:  torch.Size([1536, 1536])
S torch.Size([96, 1536, 1536])
P:  torch.Size([1536, 6144])
S torch.Size([24, 1536, 6144])
P:  torch.Size([6144, 1536])
S torch.Size([24, 6144, 1536])
step 01416/02088 (67.82%) | loss: 2.807426 | lrm: 0.64 | dt: 14592.21ms | tok/sec: 71,858 | bf16_mfu: 35.93 | epoch: 1 | total time: 341.91m | eta: 163.4m
kind=muon
kind=muon
kind=muon
kind=muon
P:  torch.Size([12, 32])
S torch.Size([12, 12, 32])
P:  torch.Size([1536, 1536])
S torch.Size([96, 1536, 1536])
P:  torch.Size([1536, 6144])
S torch.Size([24, 1536, 6144])
P:  torch.Size([6144, 1536])
S torch.Size([24, 6144, 1536])
step 01417/02088 (67.86%) | loss: 2.823996 | lrm: 0.64 | dt: 14587.81ms | tok/sec: 71,880 | bf16_mfu: 35.94 | epoch: 1 | total time: 342.15m | eta: 163.2m
kind=muon
kind=muon
kind=muon
kind=muon
P:  torch.Size([12, 32])
S torch.Size([12, 12, 32])
P:  torch.Size([1536, 1536])
S torch.Size([96, 1536, 1536])
P:  torch.Size([1536, 6144])
S torch.Size([24, 1536, 6144])
P:  torch.Size([6144, 1536])
S torch.Size([24, 6144, 1536])
step 01418/02088 (67.91%) | loss: 2.815697 | lrm: 0.64 | dt: 14592.44ms | tok/sec: 71,857 | bf16_mfu: 35.93 | epoch: 1 | total time: 342.39m | eta: 162.9m
kind=muon
kind=muon
kind=muon
kind=muon
P:  torch.Size([12, 32])
S torch.Size([12, 12, 32])
P:  torch.Size([1536, 1536])
S torch.Size([96, 1536, 1536])
P:  torch.Size([1536, 6144])
S torch.Size([24, 1536, 6144])
P:  torch.Size([6144, 1536])
S torch.Size([24, 6144, 1536])
step 01419/02088 (67.96%) | loss: 2.823030 | lrm: 0.64 | dt: 14592.60ms | tok/sec: 71,856 | bf16_mfu: 35.93 | epoch: 1 | total time: 342.64m | eta: 162.7m
kind=muon
kind=muon
kind=muon
kind=muon
P:  torch.Size([12, 32])
S torch.Size([12, 12, 32])
P:  torch.Size([1536, 1536])
S torch.Size([96, 1536, 1536])
P:  torch.Size([1536, 6144])
S torch.Size([24, 1536, 6144])
P:  torch.Size([6144, 1536])
S torch.Size([24, 6144, 1536])
step 01420/02088 (68.01%) | loss: 2.815541 | lrm: 0.64 | dt: 14588.58ms | tok/sec: 71,876 | bf16_mfu: 35.94 | epoch: 1 | total time: 342.88m | eta: 162.4m
kind=muon
kind=muon
kind=muon
kind=muon
P:  torch.Size([12, 32])
S torch.Size([12, 12, 32])
P:  torch.Size([1536, 1536])
S torch.Size([96, 1536, 1536])
P:  torch.Size([1536, 6144])
S torch.Size([24, 1536, 6144])
P:  torch.Size([6144, 1536])
S torch.Size([24, 6144, 1536])
step 01421/02088 (68.06%) | loss: 2.806301 | lrm: 0.64 | dt: 14586.07ms | tok/sec: 71,888 | bf16_mfu: 35.95 | epoch: 1 | total time: 343.12m | eta: 162.2m
kind=muon
kind=muon
kind=muon
kind=muon
P:  torch.Size([12, 32])
S torch.Size([12, 12, 32])
P:  torch.Size([1536, 1536])
S torch.Size([96, 1536, 1536])
P:  torch.Size([1536, 6144])
S torch.Size([24, 1536, 6144])
P:  torch.Size([6144, 1536])
S torch.Size([24, 6144, 1536])
step 01422/02088 (68.10%) | loss: 2.798269 | lrm: 0.64 | dt: 14593.68ms | tok/sec: 71,851 | bf16_mfu: 35.93 | epoch: 1 | total time: 343.37m | eta: 162.0m
kind=muon
kind=muon
kind=muon
kind=muon
P:  torch.Size([12, 32])
S torch.Size([12, 12, 32])
P:  torch.Size([1536, 1536])
S torch.Size([96, 1536, 1536])
P:  torch.Size([1536, 6144])
S torch.Size([24, 1536, 6144])
P:  torch.Size([6144, 1536])
S torch.Size([24, 6144, 1536])
step 01423/02088 (68.15%) | loss: 2.792024 | lrm: 0.64 | dt: 14588.83ms | tok/sec: 71,875 | bf16_mfu: 35.94 | epoch: 1 | total time: 343.61m | eta: 161.7m
kind=muon
kind=muon
kind=muon
kind=muon
P:  torch.Size([12, 32])
S torch.Size([12, 12, 32])
P:  torch.Size([1536, 1536])
S torch.Size([96, 1536, 1536])
P:  torch.Size([1536, 6144])
S torch.Size([24, 1536, 6144])
P:  torch.Size([6144, 1536])
S torch.Size([24, 6144, 1536])
step 01424/02088 (68.20%) | loss: 2.789220 | lrm: 0.64 | dt: 14588.82ms | tok/sec: 71,875 | bf16_mfu: 35.94 | epoch: 1 | total time: 343.85m | eta: 161.5m
kind=muon
kind=muon
kind=muon
kind=muon
P:  torch.Size([12, 32])
S torch.Size([12, 12, 32])
P:  torch.Size([1536, 1536])
S torch.Size([96, 1536, 1536])
P:  torch.Size([1536, 6144])
S torch.Size([24, 1536, 6144])
P:  torch.Size([6144, 1536])
S torch.Size([24, 6144, 1536])
step 01425/02088 (68.25%) | loss: 2.789769 | lrm: 0.64 | dt: 14590.43ms | tok/sec: 71,867 | bf16_mfu: 35.93 | epoch: 1 | total time: 344.10m | eta: 161.2m
kind=muon
kind=muon
kind=muon
kind=muon
P:  torch.Size([12, 32])
S torch.Size([12, 12, 32])
P:  torch.Size([1536, 1536])
S torch.Size([96, 1536, 1536])
P:  torch.Size([1536, 6144])
S torch.Size([24, 1536, 6144])
P:  torch.Size([6144, 1536])
S torch.Size([24, 6144, 1536])
step 01426/02088 (68.30%) | loss: 2.782816 | lrm: 0.63 | dt: 14595.23ms | tok/sec: 71,843 | bf16_mfu: 35.92 | epoch: 1 | total time: 344.34m | eta: 161.0m
kind=muon
kind=muon
kind=muon
kind=muon
P:  torch.Size([12, 32])
S torch.Size([12, 12, 32])
P:  torch.Size([1536, 1536])
S torch.Size([96, 1536, 1536])
P:  torch.Size([1536, 6144])
S torch.Size([24, 1536, 6144])
P:  torch.Size([6144, 1536])
S torch.Size([24, 6144, 1536])
step 01427/02088 (68.34%) | loss: 2.781223 | lrm: 0.63 | dt: 14586.30ms | tok/sec: 71,887 | bf16_mfu: 35.94 | epoch: 1 | total time: 344.58m | eta: 160.7m
kind=muon
kind=muon
kind=muon
kind=muon
P:  torch.Size([12, 32])
S torch.Size([12, 12, 32])
P:  torch.Size([1536, 1536])
S torch.Size([96, 1536, 1536])
P:  torch.Size([1536, 6144])
S torch.Size([24, 1536, 6144])
P:  torch.Size([6144, 1536])
S torch.Size([24, 6144, 1536])
step 01428/02088 (68.39%) | loss: 2.771665 | lrm: 0.63 | dt: 14589.43ms | tok/sec: 71,872 | bf16_mfu: 35.94 | epoch: 1 | total time: 344.83m | eta: 160.5m
kind=muon
kind=muon
kind=muon
kind=muon
P:  torch.Size([12, 32])
S torch.Size([12, 12, 32])
P:  torch.Size([1536, 1536])
S torch.Size([96, 1536, 1536])
P:  torch.Size([1536, 6144])
S torch.Size([24, 1536, 6144])
P:  torch.Size([6144, 1536])
S torch.Size([24, 6144, 1536])
step 01429/02088 (68.44%) | loss: 2.774161 | lrm: 0.63 | dt: 14588.93ms | tok/sec: 71,874 | bf16_mfu: 35.94 | epoch: 1 | total time: 345.07m | eta: 160.3m
kind=muon
kind=muon
kind=muon
kind=muon
P:  torch.Size([12, 32])
S torch.Size([12, 12, 32])
P:  torch.Size([1536, 1536])
S torch.Size([96, 1536, 1536])
P:  torch.Size([1536, 6144])
S torch.Size([24, 1536, 6144])
P:  torch.Size([6144, 1536])
S torch.Size([24, 6144, 1536])
step 01430/02088 (68.49%) | loss: 2.781158 | lrm: 0.63 | dt: 14590.20ms | tok/sec: 71,868 | bf16_mfu: 35.94 | epoch: 1 | total time: 345.31m | eta: 160.0m
kind=muon
kind=muon
kind=muon
kind=muon
P:  torch.Size([12, 32])
S torch.Size([12, 12, 32])
P:  torch.Size([1536, 1536])
S torch.Size([96, 1536, 1536])
P:  torch.Size([1536, 6144])
S torch.Size([24, 1536, 6144])
P:  torch.Size([6144, 1536])
S torch.Size([24, 6144, 1536])
step 01431/02088 (68.53%) | loss: 2.787607 | lrm: 0.63 | dt: 14590.21ms | tok/sec: 71,868 | bf16_mfu: 35.94 | epoch: 1 | total time: 345.55m | eta: 159.8m
kind=muon
kind=muon
kind=muon
kind=muon
P:  torch.Size([12, 32])
S torch.Size([12, 12, 32])
P:  torch.Size([1536, 1536])
S torch.Size([96, 1536, 1536])
P:  torch.Size([1536, 6144])
S torch.Size([24, 1536, 6144])
P:  torch.Size([6144, 1536])
S torch.Size([24, 6144, 1536])
step 01432/02088 (68.58%) | loss: 2.783094 | lrm: 0.63 | dt: 14593.59ms | tok/sec: 71,851 | bf16_mfu: 35.93 | epoch: 1 | total time: 345.80m | eta: 159.5m
kind=muon
kind=muon
kind=muon
kind=muon
P:  torch.Size([12, 32])
S torch.Size([12, 12, 32])
P:  torch.Size([1536, 1536])
S torch.Size([96, 1536, 1536])
P:  torch.Size([1536, 6144])
S torch.Size([24, 1536, 6144])
P:  torch.Size([6144, 1536])
S torch.Size([24, 6144, 1536])
step 01433/02088 (68.63%) | loss: 2.794352 | lrm: 0.63 | dt: 14588.40ms | tok/sec: 71,877 | bf16_mfu: 35.94 | epoch: 1 | total time: 346.04m | eta: 159.3m
kind=muon
kind=muon
kind=muon
kind=muon
P:  torch.Size([12, 32])
S torch.Size([12, 12, 32])
P:  torch.Size([1536, 1536])
S torch.Size([96, 1536, 1536])
P:  torch.Size([1536, 6144])
S torch.Size([24, 1536, 6144])
P:  torch.Size([6144, 1536])
S torch.Size([24, 6144, 1536])
step 01434/02088 (68.68%) | loss: 2.789951 | lrm: 0.63 | dt: 14592.00ms | tok/sec: 71,859 | bf16_mfu: 35.93 | epoch: 1 | total time: 346.28m | eta: 159.0m
kind=muon
kind=muon
kind=muon
kind=muon
P:  torch.Size([12, 32])
S torch.Size([12, 12, 32])
P:  torch.Size([1536, 1536])
S torch.Size([96, 1536, 1536])
P:  torch.Size([1536, 6144])
S torch.Size([24, 1536, 6144])
P:  torch.Size([6144, 1536])
S torch.Size([24, 6144, 1536])
step 01435/02088 (68.73%) | loss: 2.780976 | lrm: 0.63 | dt: 14591.18ms | tok/sec: 71,863 | bf16_mfu: 35.93 | epoch: 1 | total time: 346.53m | eta: 158.8m
kind=muon
kind=muon
kind=muon
kind=muon
P:  torch.Size([12, 32])
S torch.Size([12, 12, 32])
P:  torch.Size([1536, 1536])
S torch.Size([96, 1536, 1536])
P:  torch.Size([1536, 6144])
S torch.Size([24, 1536, 6144])
P:  torch.Size([6144, 1536])
S torch.Size([24, 6144, 1536])
step 01436/02088 (68.77%) | loss: 2.769358 | lrm: 0.62 | dt: 14582.04ms | tok/sec: 71,908 | bf16_mfu: 35.96 | epoch: 1 | total time: 346.77m | eta: 158.6m
kind=muon
kind=muon
kind=muon
kind=muon
P:  torch.Size([12, 32])
S torch.Size([12, 12, 32])
P:  torch.Size([1536, 1536])
S torch.Size([96, 1536, 1536])
P:  torch.Size([1536, 6144])
S torch.Size([24, 1536, 6144])
P:  torch.Size([6144, 1536])
S torch.Size([24, 6144, 1536])
step 01437/02088 (68.82%) | loss: 2.775339 | lrm: 0.62 | dt: 14582.71ms | tok/sec: 71,905 | bf16_mfu: 35.95 | epoch: 1 | total time: 347.01m | eta: 158.3m
kind=muon
kind=muon
kind=muon
kind=muon
P:  torch.Size([12, 32])
S torch.Size([12, 12, 32])
P:  torch.Size([1536, 1536])
S torch.Size([96, 1536, 1536])
P:  torch.Size([1536, 6144])
S torch.Size([24, 1536, 6144])
P:  torch.Size([6144, 1536])
S torch.Size([24, 6144, 1536])
step 01438/02088 (68.87%) | loss: 2.771415 | lrm: 0.62 | dt: 14587.34ms | tok/sec: 71,882 | bf16_mfu: 35.94 | epoch: 1 | total time: 347.26m | eta: 158.1m
kind=muon
kind=muon
kind=muon
kind=muon
P:  torch.Size([12, 32])
S torch.Size([12, 12, 32])
P:  torch.Size([1536, 1536])
S torch.Size([96, 1536, 1536])
P:  torch.Size([1536, 6144])
S torch.Size([24, 1536, 6144])
P:  torch.Size([6144, 1536])
S torch.Size([24, 6144, 1536])
step 01439/02088 (68.92%) | loss: 2.776615 | lrm: 0.62 | dt: 14591.17ms | tok/sec: 71,863 | bf16_mfu: 35.93 | epoch: 1 | total time: 347.50m | eta: 157.8m
kind=muon
kind=muon
kind=muon
kind=muon
P:  torch.Size([12, 32])
S torch.Size([12, 12, 32])
P:  torch.Size([1536, 1536])
S torch.Size([96, 1536, 1536])
P:  torch.Size([1536, 6144])
S torch.Size([24, 1536, 6144])
P:  torch.Size([6144, 1536])
S torch.Size([24, 6144, 1536])
step 01440/02088 (68.97%) | loss: 2.785356 | lrm: 0.62 | dt: 14590.73ms | tok/sec: 71,865 | bf16_mfu: 35.93 | epoch: 1 | total time: 347.74m | eta: 157.6m
kind=muon
kind=muon
kind=muon
kind=muon
P:  torch.Size([12, 32])
S torch.Size([12, 12, 32])
P:  torch.Size([1536, 1536])
S torch.Size([96, 1536, 1536])
P:  torch.Size([1536, 6144])
S torch.Size([24, 1536, 6144])
P:  torch.Size([6144, 1536])
S torch.Size([24, 6144, 1536])
step 01441/02088 (69.01%) | loss: 2.778449 | lrm: 0.62 | dt: 14591.03ms | tok/sec: 71,864 | bf16_mfu: 35.93 | epoch: 1 | total time: 347.99m | eta: 157.3m
kind=muon
kind=muon
kind=muon
kind=muon
P:  torch.Size([12, 32])
S torch.Size([12, 12, 32])
P:  torch.Size([1536, 1536])
S torch.Size([96, 1536, 1536])
P:  torch.Size([1536, 6144])
S torch.Size([24, 1536, 6144])
P:  torch.Size([6144, 1536])
S torch.Size([24, 6144, 1536])
step 01442/02088 (69.06%) | loss: 2.784615 | lrm: 0.62 | dt: 14588.78ms | tok/sec: 71,875 | bf16_mfu: 35.94 | epoch: 1 | total time: 348.23m | eta: 157.1m
kind=muon
kind=muon
kind=muon
kind=muon
P:  torch.Size([12, 32])
S torch.Size([12, 12, 32])
P:  torch.Size([1536, 1536])
S torch.Size([96, 1536, 1536])
P:  torch.Size([1536, 6144])
S torch.Size([24, 1536, 6144])
P:  torch.Size([6144, 1536])
S torch.Size([24, 6144, 1536])
step 01443/02088 (69.11%) | loss: 2.785688 | lrm: 0.62 | dt: 14591.06ms | tok/sec: 71,864 | bf16_mfu: 35.93 | epoch: 1 | total time: 348.47m | eta: 156.8m
kind=muon
kind=muon
kind=muon
kind=muon
P:  torch.Size([12, 32])
S torch.Size([12, 12, 32])
P:  torch.Size([1536, 1536])
S torch.Size([96, 1536, 1536])
P:  torch.Size([1536, 6144])
S torch.Size([24, 1536, 6144])
P:  torch.Size([6144, 1536])
S torch.Size([24, 6144, 1536])
step 01444/02088 (69.16%) | loss: 2.785520 | lrm: 0.62 | dt: 14582.83ms | tok/sec: 71,904 | bf16_mfu: 35.95 | epoch: 1 | total time: 348.72m | eta: 156.6m
kind=muon
kind=muon
kind=muon
kind=muon
P:  torch.Size([12, 32])
S torch.Size([12, 12, 32])
P:  torch.Size([1536, 1536])
S torch.Size([96, 1536, 1536])
P:  torch.Size([1536, 6144])
S torch.Size([24, 1536, 6144])
P:  torch.Size([6144, 1536])
S torch.Size([24, 6144, 1536])
step 01445/02088 (69.20%) | loss: 2.793646 | lrm: 0.62 | dt: 14586.30ms | tok/sec: 71,887 | bf16_mfu: 35.94 | epoch: 1 | total time: 348.96m | eta: 156.4m
kind=muon
kind=muon
kind=muon
kind=muon
P:  torch.Size([12, 32])
S torch.Size([12, 12, 32])
P:  torch.Size([1536, 1536])
S torch.Size([96, 1536, 1536])
P:  torch.Size([1536, 6144])
S torch.Size([24, 1536, 6144])
P:  torch.Size([6144, 1536])
S torch.Size([24, 6144, 1536])
step 01446/02088 (69.25%) | loss: 2.785842 | lrm: 0.61 | dt: 14593.37ms | tok/sec: 71,852 | bf16_mfu: 35.93 | epoch: 1 | total time: 349.20m | eta: 156.1m
kind=muon
kind=muon
kind=muon
kind=muon
P:  torch.Size([12, 32])
S torch.Size([12, 12, 32])
P:  torch.Size([1536, 1536])
S torch.Size([96, 1536, 1536])
P:  torch.Size([1536, 6144])
S torch.Size([24, 1536, 6144])
P:  torch.Size([6144, 1536])
S torch.Size([24, 6144, 1536])
step 01447/02088 (69.30%) | loss: 2.802958 | lrm: 0.61 | dt: 14588.99ms | tok/sec: 71,874 | bf16_mfu: 35.94 | epoch: 1 | total time: 349.45m | eta: 155.9m
kind=muon
kind=muon
kind=muon
kind=muon
P:  torch.Size([12, 32])
S torch.Size([12, 12, 32])
P:  torch.Size([1536, 1536])
S torch.Size([96, 1536, 1536])
P:  torch.Size([1536, 6144])
S torch.Size([24, 1536, 6144])
P:  torch.Size([6144, 1536])
S torch.Size([24, 6144, 1536])
step 01448/02088 (69.35%) | loss: 2.804838 | lrm: 0.61 | dt: 14590.21ms | tok/sec: 71,868 | bf16_mfu: 35.94 | epoch: 1 | total time: 349.69m | eta: 155.6m
kind=muon
kind=muon
kind=muon
kind=muon
P:  torch.Size([12, 32])
S torch.Size([12, 12, 32])
P:  torch.Size([1536, 1536])
S torch.Size([96, 1536, 1536])
P:  torch.Size([1536, 6144])
S torch.Size([24, 1536, 6144])
P:  torch.Size([6144, 1536])
S torch.Size([24, 6144, 1536])
step 01449/02088 (69.40%) | loss: 2.799277 | lrm: 0.61 | dt: 14584.76ms | tok/sec: 71,895 | bf16_mfu: 35.95 | epoch: 1 | total time: 349.93m | eta: 155.4m
kind=muon
kind=muon
kind=muon
kind=muon
P:  torch.Size([12, 32])
S torch.Size([12, 12, 32])
P:  torch.Size([1536, 1536])
S torch.Size([96, 1536, 1536])
P:  torch.Size([1536, 6144])
S torch.Size([24, 1536, 6144])
P:  torch.Size([6144, 1536])
S torch.Size([24, 6144, 1536])
step 01450/02088 (69.44%) | loss: 2.802921 | lrm: 0.61 | dt: 14592.73ms | tok/sec: 71,856 | bf16_mfu: 35.93 | epoch: 1 | total time: 350.17m | eta: 155.1m
kind=muon
kind=muon
kind=muon
kind=muon
P:  torch.Size([12, 32])
S torch.Size([12, 12, 32])
P:  torch.Size([1536, 1536])
S torch.Size([96, 1536, 1536])
P:  torch.Size([1536, 6144])
S torch.Size([24, 1536, 6144])
P:  torch.Size([6144, 1536])
S torch.Size([24, 6144, 1536])
step 01451/02088 (69.49%) | loss: 2.802052 | lrm: 0.61 | dt: 14584.45ms | tok/sec: 71,896 | bf16_mfu: 35.95 | epoch: 1 | total time: 350.42m | eta: 154.9m
kind=muon
kind=muon
kind=muon
kind=muon
P:  torch.Size([12, 32])
S torch.Size([12, 12, 32])
P:  torch.Size([1536, 1536])
S torch.Size([96, 1536, 1536])
P:  torch.Size([1536, 6144])
S torch.Size([24, 1536, 6144])
P:  torch.Size([6144, 1536])
S torch.Size([24, 6144, 1536])
step 01452/02088 (69.54%) | loss: 2.806467 | lrm: 0.61 | dt: 14589.42ms | tok/sec: 71,872 | bf16_mfu: 35.94 | epoch: 1 | total time: 350.66m | eta: 154.7m
kind=muon
kind=muon
kind=muon
kind=muon
P:  torch.Size([12, 32])
S torch.Size([12, 12, 32])
P:  torch.Size([1536, 1536])
S torch.Size([96, 1536, 1536])
P:  torch.Size([1536, 6144])
S torch.Size([24, 1536, 6144])
P:  torch.Size([6144, 1536])
S torch.Size([24, 6144, 1536])
step 01453/02088 (69.59%) | loss: 2.804409 | lrm: 0.61 | dt: 14586.48ms | tok/sec: 71,886 | bf16_mfu: 35.94 | epoch: 1 | total time: 350.90m | eta: 154.4m
kind=muon
kind=muon
kind=muon
kind=muon
P:  torch.Size([12, 32])
S torch.Size([12, 12, 32])
P:  torch.Size([1536, 1536])
S torch.Size([96, 1536, 1536])
P:  torch.Size([1536, 6144])
S torch.Size([24, 1536, 6144])
P:  torch.Size([6144, 1536])
S torch.Size([24, 6144, 1536])
step 01454/02088 (69.64%) | loss: 2.792916 | lrm: 0.61 | dt: 14591.72ms | tok/sec: 71,861 | bf16_mfu: 35.93 | epoch: 1 | total time: 351.15m | eta: 154.2m
kind=muon
kind=muon
kind=muon
kind=muon
P:  torch.Size([12, 32])
S torch.Size([12, 12, 32])
P:  torch.Size([1536, 1536])
S torch.Size([96, 1536, 1536])
P:  torch.Size([1536, 6144])
S torch.Size([24, 1536, 6144])
P:  torch.Size([6144, 1536])
S torch.Size([24, 6144, 1536])
step 01455/02088 (69.68%) | loss: 2.792818 | lrm: 0.61 | dt: 14595.37ms | tok/sec: 71,843 | bf16_mfu: 35.92 | epoch: 1 | total time: 351.39m | eta: 153.9m
kind=muon
kind=muon
kind=muon
kind=muon
P:  torch.Size([12, 32])
S torch.Size([12, 12, 32])
P:  torch.Size([1536, 1536])
S torch.Size([96, 1536, 1536])
P:  torch.Size([1536, 6144])
S torch.Size([24, 1536, 6144])
P:  torch.Size([6144, 1536])
S torch.Size([24, 6144, 1536])
step 01456/02088 (69.73%) | loss: 2.796176 | lrm: 0.61 | dt: 14592.64ms | tok/sec: 71,856 | bf16_mfu: 35.93 | epoch: 1 | total time: 351.63m | eta: 153.7m
kind=muon
kind=muon
kind=muon
kind=muon
P:  torch.Size([12, 32])
S torch.Size([12, 12, 32])
P:  torch.Size([1536, 1536])
S torch.Size([96, 1536, 1536])
P:  torch.Size([1536, 6144])
S torch.Size([24, 1536, 6144])
P:  torch.Size([6144, 1536])
S torch.Size([24, 6144, 1536])
step 01457/02088 (69.78%) | loss: 2.806288 | lrm: 0.60 | dt: 14589.56ms | tok/sec: 71,871 | bf16_mfu: 35.94 | epoch: 1 | total time: 351.88m | eta: 153.4m
kind=muon
kind=muon
kind=muon
kind=muon
P:  torch.Size([12, 32])
S torch.Size([12, 12, 32])
P:  torch.Size([1536, 1536])
S torch.Size([96, 1536, 1536])
P:  torch.Size([1536, 6144])
S torch.Size([24, 1536, 6144])
P:  torch.Size([6144, 1536])
S torch.Size([24, 6144, 1536])
step 01458/02088 (69.83%) | loss: 2.801039 | lrm: 0.60 | dt: 14591.88ms | tok/sec: 71,860 | bf16_mfu: 35.93 | epoch: 1 | total time: 352.12m | eta: 153.2m
kind=muon
kind=muon
kind=muon
kind=muon
P:  torch.Size([12, 32])
S torch.Size([12, 12, 32])
P:  torch.Size([1536, 1536])
S torch.Size([96, 1536, 1536])
P:  torch.Size([1536, 6144])
S torch.Size([24, 1536, 6144])
P:  torch.Size([6144, 1536])
S torch.Size([24, 6144, 1536])
step 01459/02088 (69.88%) | loss: 2.811022 | lrm: 0.60 | dt: 14590.63ms | tok/sec: 71,866 | bf16_mfu: 35.93 | epoch: 1 | total time: 352.36m | eta: 153.0m
kind=muon
kind=muon
kind=muon
kind=muon
P:  torch.Size([12, 32])
S torch.Size([12, 12, 32])
P:  torch.Size([1536, 1536])
S torch.Size([96, 1536, 1536])
P:  torch.Size([1536, 6144])
S torch.Size([24, 1536, 6144])
P:  torch.Size([6144, 1536])
S torch.Size([24, 6144, 1536])
step 01460/02088 (69.92%) | loss: 2.803011 | lrm: 0.60 | dt: 14593.30ms | tok/sec: 71,853 | bf16_mfu: 35.93 | epoch: 1 | total time: 352.61m | eta: 152.7m
kind=muon
kind=muon
kind=muon
kind=muon
P:  torch.Size([12, 32])
S torch.Size([12, 12, 32])
P:  torch.Size([1536, 1536])
S torch.Size([96, 1536, 1536])
P:  torch.Size([1536, 6144])
S torch.Size([24, 1536, 6144])
P:  torch.Size([6144, 1536])
S torch.Size([24, 6144, 1536])
step 01461/02088 (69.97%) | loss: 2.803462 | lrm: 0.60 | dt: 14594.48ms | tok/sec: 71,847 | bf16_mfu: 35.92 | epoch: 1 | total time: 352.85m | eta: 152.5m
kind=muon
kind=muon
kind=muon
kind=muon
P:  torch.Size([12, 32])
S torch.Size([12, 12, 32])
P:  torch.Size([1536, 1536])
S torch.Size([96, 1536, 1536])
P:  torch.Size([1536, 6144])
S torch.Size([24, 1536, 6144])
P:  torch.Size([6144, 1536])
S torch.Size([24, 6144, 1536])
step 01462/02088 (70.02%) | loss: 2.814513 | lrm: 0.60 | dt: 14586.25ms | tok/sec: 71,887 | bf16_mfu: 35.94 | epoch: 1 | total time: 353.09m | eta: 152.2m
kind=muon
kind=muon
kind=muon
kind=muon
P:  torch.Size([12, 32])
S torch.Size([12, 12, 32])
P:  torch.Size([1536, 1536])
S torch.Size([96, 1536, 1536])
P:  torch.Size([1536, 6144])
S torch.Size([24, 1536, 6144])
P:  torch.Size([6144, 1536])
S torch.Size([24, 6144, 1536])
step 01463/02088 (70.07%) | loss: 2.797323 | lrm: 0.60 | dt: 14588.91ms | tok/sec: 71,874 | bf16_mfu: 35.94 | epoch: 1 | total time: 353.34m | eta: 152.0m
kind=muon
kind=muon
kind=muon
kind=muon
P:  torch.Size([12, 32])
S torch.Size([12, 12, 32])
P:  torch.Size([1536, 1536])
S torch.Size([96, 1536, 1536])
P:  torch.Size([1536, 6144])
S torch.Size([24, 1536, 6144])
P:  torch.Size([6144, 1536])
S torch.Size([24, 6144, 1536])
step 01464/02088 (70.11%) | loss: 2.794452 | lrm: 0.60 | dt: 14588.38ms | tok/sec: 71,877 | bf16_mfu: 35.94 | epoch: 1 | total time: 353.58m | eta: 151.7m
kind=muon
kind=muon
kind=muon
kind=muon
P:  torch.Size([12, 32])
S torch.Size([12, 12, 32])
P:  torch.Size([1536, 1536])
S torch.Size([96, 1536, 1536])
P:  torch.Size([1536, 6144])
S torch.Size([24, 1536, 6144])
P:  torch.Size([6144, 1536])
S torch.Size([24, 6144, 1536])
step 01465/02088 (70.16%) | loss: 2.782439 | lrm: 0.60 | dt: 14591.30ms | tok/sec: 71,863 | bf16_mfu: 35.93 | epoch: 1 | total time: 353.82m | eta: 151.5m
kind=muon
kind=muon
kind=muon
kind=muon
P:  torch.Size([12, 32])
S torch.Size([12, 12, 32])
P:  torch.Size([1536, 1536])
S torch.Size([96, 1536, 1536])
P:  torch.Size([1536, 6144])
S torch.Size([24, 1536, 6144])
P:  torch.Size([6144, 1536])
S torch.Size([24, 6144, 1536])
step 01466/02088 (70.21%) | loss: 2.783873 | lrm: 0.60 | dt: 14591.12ms | tok/sec: 71,863 | bf16_mfu: 35.93 | epoch: 1 | total time: 354.07m | eta: 151.3m
kind=muon
kind=muon
kind=muon
kind=muon
P:  torch.Size([12, 32])
S torch.Size([12, 12, 32])
P:  torch.Size([1536, 1536])
S torch.Size([96, 1536, 1536])
P:  torch.Size([1536, 6144])
S torch.Size([24, 1536, 6144])
P:  torch.Size([6144, 1536])
S torch.Size([24, 6144, 1536])
step 01467/02088 (70.26%) | loss: 2.781566 | lrm: 0.59 | dt: 14590.59ms | tok/sec: 71,866 | bf16_mfu: 35.93 | epoch: 1 | total time: 354.31m | eta: 151.0m
kind=muon
kind=muon
kind=muon
kind=muon
P:  torch.Size([12, 32])
S torch.Size([12, 12, 32])
P:  torch.Size([1536, 1536])
S torch.Size([96, 1536, 1536])
P:  torch.Size([1536, 6144])
S torch.Size([24, 1536, 6144])
P:  torch.Size([6144, 1536])
S torch.Size([24, 6144, 1536])
step 01468/02088 (70.31%) | loss: 2.791275 | lrm: 0.59 | dt: 14586.17ms | tok/sec: 71,888 | bf16_mfu: 35.95 | epoch: 1 | total time: 354.55m | eta: 150.8m
kind=muon
kind=muon
kind=muon
kind=muon
P:  torch.Size([12, 32])
S torch.Size([12, 12, 32])
P:  torch.Size([1536, 1536])
S torch.Size([96, 1536, 1536])
P:  torch.Size([1536, 6144])
S torch.Size([24, 1536, 6144])
P:  torch.Size([6144, 1536])
S torch.Size([24, 6144, 1536])
step 01469/02088 (70.35%) | loss: 2.790672 | lrm: 0.59 | dt: 14584.74ms | tok/sec: 71,895 | bf16_mfu: 35.95 | epoch: 1 | total time: 354.79m | eta: 150.5m
kind=muon
kind=muon
kind=muon
kind=muon
P:  torch.Size([12, 32])
S torch.Size([12, 12, 32])
P:  torch.Size([1536, 1536])
S torch.Size([96, 1536, 1536])
P:  torch.Size([1536, 6144])
S torch.Size([24, 1536, 6144])
P:  torch.Size([6144, 1536])
S torch.Size([24, 6144, 1536])
step 01470/02088 (70.40%) | loss: 2.789745 | lrm: 0.59 | dt: 14588.85ms | tok/sec: 71,875 | bf16_mfu: 35.94 | epoch: 1 | total time: 355.04m | eta: 150.3m
kind=muon
kind=muon
kind=muon
kind=muon
P:  torch.Size([12, 32])
S torch.Size([12, 12, 32])
P:  torch.Size([1536, 1536])
S torch.Size([96, 1536, 1536])
P:  torch.Size([1536, 6144])
S torch.Size([24, 1536, 6144])
P:  torch.Size([6144, 1536])
S torch.Size([24, 6144, 1536])
step 01471/02088 (70.45%) | loss: 2.804319 | lrm: 0.59 | dt: 14591.52ms | tok/sec: 71,861 | bf16_mfu: 35.93 | epoch: 1 | total time: 355.28m | eta: 150.0m
kind=muon
kind=muon
kind=muon
kind=muon
P:  torch.Size([12, 32])
S torch.Size([12, 12, 32])
P:  torch.Size([1536, 1536])
S torch.Size([96, 1536, 1536])
P:  torch.Size([1536, 6144])
S torch.Size([24, 1536, 6144])
P:  torch.Size([6144, 1536])
S torch.Size([24, 6144, 1536])
step 01472/02088 (70.50%) | loss: 2.800515 | lrm: 0.59 | dt: 14589.99ms | tok/sec: 71,869 | bf16_mfu: 35.94 | epoch: 1 | total time: 355.52m | eta: 149.8m
kind=muon
kind=muon
kind=muon
kind=muon
P:  torch.Size([12, 32])
S torch.Size([12, 12, 32])
P:  torch.Size([1536, 1536])
S torch.Size([96, 1536, 1536])
P:  torch.Size([1536, 6144])
S torch.Size([24, 1536, 6144])
P:  torch.Size([6144, 1536])
S torch.Size([24, 6144, 1536])
step 01473/02088 (70.55%) | loss: 2.801473 | lrm: 0.59 | dt: 14591.31ms | tok/sec: 71,863 | bf16_mfu: 35.93 | epoch: 1 | total time: 355.77m | eta: 149.6m
kind=muon
kind=muon
kind=muon
kind=muon
P:  torch.Size([12, 32])
S torch.Size([12, 12, 32])
P:  torch.Size([1536, 1536])
S torch.Size([96, 1536, 1536])
P:  torch.Size([1536, 6144])
S torch.Size([24, 1536, 6144])
P:  torch.Size([6144, 1536])
S torch.Size([24, 6144, 1536])
step 01474/02088 (70.59%) | loss: 2.804065 | lrm: 0.59 | dt: 14584.04ms | tok/sec: 71,898 | bf16_mfu: 35.95 | epoch: 1 | total time: 356.01m | eta: 149.3m
kind=muon
kind=muon
kind=muon
kind=muon
P:  torch.Size([12, 32])
S torch.Size([12, 12, 32])
P:  torch.Size([1536, 1536])
S torch.Size([96, 1536, 1536])
P:  torch.Size([1536, 6144])
S torch.Size([24, 1536, 6144])
P:  torch.Size([6144, 1536])
S torch.Size([24, 6144, 1536])
step 01475/02088 (70.64%) | loss: 2.792497 | lrm: 0.59 | dt: 14591.21ms | tok/sec: 71,863 | bf16_mfu: 35.93 | epoch: 1 | total time: 356.25m | eta: 149.1m
kind=muon
kind=muon
kind=muon
kind=muon
P:  torch.Size([12, 32])
S torch.Size([12, 12, 32])
P:  torch.Size([1536, 1536])
S torch.Size([96, 1536, 1536])
P:  torch.Size([1536, 6144])
S torch.Size([24, 1536, 6144])
P:  torch.Size([6144, 1536])
S torch.Size([24, 6144, 1536])
step 01476/02088 (70.69%) | loss: 2.782181 | lrm: 0.59 | dt: 14593.20ms | tok/sec: 71,853 | bf16_mfu: 35.93 | epoch: 1 | total time: 356.50m | eta: 148.8m
kind=muon
kind=muon
kind=muon
kind=muon
P:  torch.Size([12, 32])
S torch.Size([12, 12, 32])
P:  torch.Size([1536, 1536])
S torch.Size([96, 1536, 1536])
P:  torch.Size([1536, 6144])
S torch.Size([24, 1536, 6144])
P:  torch.Size([6144, 1536])
S torch.Size([24, 6144, 1536])
step 01477/02088 (70.74%) | loss: 2.785139 | lrm: 0.59 | dt: 14589.38ms | tok/sec: 71,872 | bf16_mfu: 35.94 | epoch: 1 | total time: 356.74m | eta: 148.6m
kind=muon
kind=muon
kind=muon
kind=muon
P:  torch.Size([12, 32])
S torch.Size([12, 12, 32])
P:  torch.Size([1536, 1536])
S torch.Size([96, 1536, 1536])
P:  torch.Size([1536, 6144])
S torch.Size([24, 1536, 6144])
P:  torch.Size([6144, 1536])
S torch.Size([24, 6144, 1536])
step 01478/02088 (70.79%) | loss: 2.783152 | lrm: 0.58 | dt: 14588.08ms | tok/sec: 71,878 | bf16_mfu: 35.94 | epoch: 1 | total time: 356.98m | eta: 148.3m
kind=muon
kind=muon
kind=muon
kind=muon
P:  torch.Size([12, 32])
S torch.Size([12, 12, 32])
P:  torch.Size([1536, 1536])
S torch.Size([96, 1536, 1536])
P:  torch.Size([1536, 6144])
S torch.Size([24, 1536, 6144])
P:  torch.Size([6144, 1536])
S torch.Size([24, 6144, 1536])
step 01479/02088 (70.83%) | loss: 2.774084 | lrm: 0.58 | dt: 14586.53ms | tok/sec: 71,886 | bf16_mfu: 35.94 | epoch: 1 | total time: 357.23m | eta: 148.1m
kind=muon
kind=muon
kind=muon
kind=muon
P:  torch.Size([12, 32])
S torch.Size([12, 12, 32])
P:  torch.Size([1536, 1536])
S torch.Size([96, 1536, 1536])
P:  torch.Size([1536, 6144])
S torch.Size([24, 1536, 6144])
P:  torch.Size([6144, 1536])
S torch.Size([24, 6144, 1536])
step 01480/02088 (70.88%) | loss: 2.790460 | lrm: 0.58 | dt: 14590.04ms | tok/sec: 71,869 | bf16_mfu: 35.94 | epoch: 1 | total time: 357.47m | eta: 147.9m
kind=muon
kind=muon
kind=muon
kind=muon
P:  torch.Size([12, 32])
S torch.Size([12, 12, 32])
P:  torch.Size([1536, 1536])
S torch.Size([96, 1536, 1536])
P:  torch.Size([1536, 6144])
S torch.Size([24, 1536, 6144])
P:  torch.Size([6144, 1536])
S torch.Size([24, 6144, 1536])
step 01481/02088 (70.93%) | loss: 2.800149 | lrm: 0.58 | dt: 14593.82ms | tok/sec: 71,850 | bf16_mfu: 35.93 | epoch: 1 | total time: 357.71m | eta: 147.6m
kind=muon
kind=muon
kind=muon
kind=muon
P:  torch.Size([12, 32])
S torch.Size([12, 12, 32])
P:  torch.Size([1536, 1536])
S torch.Size([96, 1536, 1536])
P:  torch.Size([1536, 6144])
S torch.Size([24, 1536, 6144])
P:  torch.Size([6144, 1536])
S torch.Size([24, 6144, 1536])
step 01482/02088 (70.98%) | loss: 2.817990 | lrm: 0.58 | dt: 14586.03ms | tok/sec: 71,889 | bf16_mfu: 35.95 | epoch: 1 | total time: 357.96m | eta: 147.4m
kind=muon
kind=muon
kind=muon
kind=muon
P:  torch.Size([12, 32])
S torch.Size([12, 12, 32])
P:  torch.Size([1536, 1536])
S torch.Size([96, 1536, 1536])
P:  torch.Size([1536, 6144])
S torch.Size([24, 1536, 6144])
P:  torch.Size([6144, 1536])
S torch.Size([24, 6144, 1536])
step 01483/02088 (71.02%) | loss: 2.808625 | lrm: 0.58 | dt: 14584.43ms | tok/sec: 71,896 | bf16_mfu: 35.95 | epoch: 1 | total time: 358.20m | eta: 147.1m
kind=muon
kind=muon
kind=muon
kind=muon
P:  torch.Size([12, 32])
S torch.Size([12, 12, 32])
P:  torch.Size([1536, 1536])
S torch.Size([96, 1536, 1536])
P:  torch.Size([1536, 6144])
S torch.Size([24, 1536, 6144])
P:  torch.Size([6144, 1536])
S torch.Size([24, 6144, 1536])
step 01484/02088 (71.07%) | loss: 2.817144 | lrm: 0.58 | dt: 14584.00ms | tok/sec: 71,899 | bf16_mfu: 35.95 | epoch: 1 | total time: 358.44m | eta: 146.9m
kind=muon
kind=muon
kind=muon
kind=muon
P:  torch.Size([12, 32])
S torch.Size([12, 12, 32])
P:  torch.Size([1536, 1536])
S torch.Size([96, 1536, 1536])
P:  torch.Size([1536, 6144])
S torch.Size([24, 1536, 6144])
P:  torch.Size([6144, 1536])
S torch.Size([24, 6144, 1536])
step 01485/02088 (71.12%) | loss: 2.820450 | lrm: 0.58 | dt: 14586.85ms | tok/sec: 71,884 | bf16_mfu: 35.94 | epoch: 1 | total time: 358.69m | eta: 146.6m
kind=muon
kind=muon
kind=muon
kind=muon
P:  torch.Size([12, 32])
S torch.Size([12, 12, 32])
P:  torch.Size([1536, 1536])
S torch.Size([96, 1536, 1536])
P:  torch.Size([1536, 6144])
S torch.Size([24, 1536, 6144])
P:  torch.Size([6144, 1536])
S torch.Size([24, 6144, 1536])
step 01486/02088 (71.17%) | loss: 2.819327 | lrm: 0.58 | dt: 14587.20ms | tok/sec: 71,883 | bf16_mfu: 35.94 | epoch: 1 | total time: 358.93m | eta: 146.4m
kind=muon
kind=muon
kind=muon
kind=muon
P:  torch.Size([12, 32])
S torch.Size([12, 12, 32])
P:  torch.Size([1536, 1536])
S torch.Size([96, 1536, 1536])
P:  torch.Size([1536, 6144])
S torch.Size([24, 1536, 6144])
P:  torch.Size([6144, 1536])
S torch.Size([24, 6144, 1536])
step 01487/02088 (71.22%) | loss: 2.808809 | lrm: 0.58 | dt: 14589.35ms | tok/sec: 71,872 | bf16_mfu: 35.94 | epoch: 1 | total time: 359.17m | eta: 146.1m
kind=muon
kind=muon
kind=muon
kind=muon
P:  torch.Size([12, 32])
S torch.Size([12, 12, 32])
P:  torch.Size([1536, 1536])
S torch.Size([96, 1536, 1536])
P:  torch.Size([1536, 6144])
S torch.Size([24, 1536, 6144])
P:  torch.Size([6144, 1536])
S torch.Size([24, 6144, 1536])
step 01488/02088 (71.26%) | loss: 2.796549 | lrm: 0.57 | dt: 14588.94ms | tok/sec: 71,874 | bf16_mfu: 35.94 | epoch: 1 | total time: 359.41m | eta: 145.9m
kind=muon
kind=muon
kind=muon
kind=muon
P:  torch.Size([12, 32])
S torch.Size([12, 12, 32])
P:  torch.Size([1536, 1536])
S torch.Size([96, 1536, 1536])
P:  torch.Size([1536, 6144])
S torch.Size([24, 1536, 6144])
P:  torch.Size([6144, 1536])
S torch.Size([24, 6144, 1536])
step 01489/02088 (71.31%) | loss: 2.802155 | lrm: 0.57 | dt: 14594.17ms | tok/sec: 71,848 | bf16_mfu: 35.93 | epoch: 1 | total time: 359.66m | eta: 145.7m
kind=muon
kind=muon
kind=muon
kind=muon
P:  torch.Size([12, 32])
S torch.Size([12, 12, 32])
P:  torch.Size([1536, 1536])
S torch.Size([96, 1536, 1536])
P:  torch.Size([1536, 6144])
S torch.Size([24, 1536, 6144])
P:  torch.Size([6144, 1536])
S torch.Size([24, 6144, 1536])
step 01490/02088 (71.36%) | loss: 2.795435 | lrm: 0.57 | dt: 14589.66ms | tok/sec: 71,871 | bf16_mfu: 35.94 | epoch: 1 | total time: 359.90m | eta: 145.4m
kind=muon
kind=muon
kind=muon
kind=muon
P:  torch.Size([12, 32])
S torch.Size([12, 12, 32])
P:  torch.Size([1536, 1536])
S torch.Size([96, 1536, 1536])
P:  torch.Size([1536, 6144])
S torch.Size([24, 1536, 6144])
P:  torch.Size([6144, 1536])
S torch.Size([24, 6144, 1536])
step 01491/02088 (71.41%) | loss: 2.801727 | lrm: 0.57 | dt: 14590.64ms | tok/sec: 71,866 | bf16_mfu: 35.93 | epoch: 1 | total time: 360.14m | eta: 145.2m
kind=muon
kind=muon
kind=muon
kind=muon
P:  torch.Size([12, 32])
S torch.Size([12, 12, 32])
P:  torch.Size([1536, 1536])
S torch.Size([96, 1536, 1536])
P:  torch.Size([1536, 6144])
S torch.Size([24, 1536, 6144])
P:  torch.Size([6144, 1536])
S torch.Size([24, 6144, 1536])
step 01492/02088 (71.46%) | loss: 2.798082 | lrm: 0.57 | dt: 14586.20ms | tok/sec: 71,888 | bf16_mfu: 35.94 | epoch: 1 | total time: 360.39m | eta: 144.9m
kind=muon
kind=muon
kind=muon
kind=muon
P:  torch.Size([12, 32])
S torch.Size([12, 12, 32])
P:  torch.Size([1536, 1536])
S torch.Size([96, 1536, 1536])
P:  torch.Size([1536, 6144])
S torch.Size([24, 1536, 6144])
P:  torch.Size([6144, 1536])
S torch.Size([24, 6144, 1536])
step 01493/02088 (71.50%) | loss: 2.802728 | lrm: 0.57 | dt: 14601.54ms | tok/sec: 71,812 | bf16_mfu: 35.91 | epoch: 1 | total time: 360.63m | eta: 144.7m
kind=muon
kind=muon
kind=muon
kind=muon
P:  torch.Size([12, 32])
S torch.Size([12, 12, 32])
P:  torch.Size([1536, 1536])
S torch.Size([96, 1536, 1536])
P:  torch.Size([1536, 6144])
S torch.Size([24, 1536, 6144])
P:  torch.Size([6144, 1536])
S torch.Size([24, 6144, 1536])
step 01494/02088 (71.55%) | loss: 2.785250 | lrm: 0.57 | dt: 14604.06ms | tok/sec: 71,800 | bf16_mfu: 35.90 | epoch: 1 | total time: 360.87m | eta: 144.4m
kind=muon
kind=muon
kind=muon
kind=muon
P:  torch.Size([12, 32])
S torch.Size([12, 12, 32])
P:  torch.Size([1536, 1536])
S torch.Size([96, 1536, 1536])
P:  torch.Size([1536, 6144])
S torch.Size([24, 1536, 6144])
P:  torch.Size([6144, 1536])
S torch.Size([24, 6144, 1536])
step 01495/02088 (71.60%) | loss: 2.792062 | lrm: 0.57 | dt: 14604.53ms | tok/sec: 71,798 | bf16_mfu: 35.90 | epoch: 1 | total time: 361.12m | eta: 144.2m
kind=muon
kind=muon
kind=muon
kind=muon
P:  torch.Size([12, 32])
S torch.Size([12, 12, 32])
P:  torch.Size([1536, 1536])
S torch.Size([96, 1536, 1536])
P:  torch.Size([1536, 6144])
S torch.Size([24, 1536, 6144])
P:  torch.Size([6144, 1536])
S torch.Size([24, 6144, 1536])
step 01496/02088 (71.65%) | loss: 2.798550 | lrm: 0.57 | dt: 14604.97ms | tok/sec: 71,795 | bf16_mfu: 35.90 | epoch: 1 | total time: 361.36m | eta: 144.0m
kind=muon
kind=muon
kind=muon
kind=muon
P:  torch.Size([12, 32])
S torch.Size([12, 12, 32])
P:  torch.Size([1536, 1536])
S torch.Size([96, 1536, 1536])
P:  torch.Size([1536, 6144])
S torch.Size([24, 1536, 6144])
P:  torch.Size([6144, 1536])
S torch.Size([24, 6144, 1536])
step 01497/02088 (71.70%) | loss: 2.791778 | lrm: 0.57 | dt: 14602.32ms | tok/sec: 71,808 | bf16_mfu: 35.91 | epoch: 1 | total time: 361.60m | eta: 143.7m
kind=muon
kind=muon
kind=muon
kind=muon
P:  torch.Size([12, 32])
S torch.Size([12, 12, 32])
P:  torch.Size([1536, 1536])
S torch.Size([96, 1536, 1536])
P:  torch.Size([1536, 6144])
S torch.Size([24, 1536, 6144])
P:  torch.Size([6144, 1536])
S torch.Size([24, 6144, 1536])
step 01498/02088 (71.74%) | loss: 2.794298 | lrm: 0.57 | dt: 14596.31ms | tok/sec: 71,838 | bf16_mfu: 35.92 | epoch: 1 | total time: 361.85m | eta: 143.5m
kind=muon
kind=muon
kind=muon
kind=muon
P:  torch.Size([12, 32])
S torch.Size([12, 12, 32])
P:  torch.Size([1536, 1536])
S torch.Size([96, 1536, 1536])
P:  torch.Size([1536, 6144])
S torch.Size([24, 1536, 6144])
P:  torch.Size([6144, 1536])
S torch.Size([24, 6144, 1536])
step 01499/02088 (71.79%) | loss: 2.799693 | lrm: 0.56 | dt: 14610.22ms | tok/sec: 71,770 | bf16_mfu: 35.89 | epoch: 1 | total time: 362.09m | eta: 143.2m
Step 01500 | Validation bpb: 0.847336
kind=muon
kind=muon
kind=muon
kind=muon
P:  torch.Size([12, 32])
S torch.Size([12, 12, 32])
P:  torch.Size([1536, 1536])
S torch.Size([96, 1536, 1536])
P:  torch.Size([1536, 6144])
S torch.Size([24, 1536, 6144])
P:  torch.Size([6144, 1536])
S torch.Size([24, 6144, 1536])
step 01500/02088 (71.84%) | loss: 2.794402 | lrm: 0.56 | dt: 14583.57ms | tok/sec: 71,901 | bf16_mfu: 35.95 | epoch: 1 | total time: 362.33m | eta: 143.0m
kind=muon
kind=muon
kind=muon
kind=muon
P:  torch.Size([12, 32])
S torch.Size([12, 12, 32])
P:  torch.Size([1536, 1536])
S torch.Size([96, 1536, 1536])
P:  torch.Size([1536, 6144])
S torch.Size([24, 1536, 6144])
P:  torch.Size([6144, 1536])
S torch.Size([24, 6144, 1536])
step 01501/02088 (71.89%) | loss: 2.783664 | lrm: 0.56 | dt: 14588.53ms | tok/sec: 71,876 | bf16_mfu: 35.94 | epoch: 1 | total time: 362.58m | eta: 142.7m
kind=muon
kind=muon
kind=muon
kind=muon
P:  torch.Size([12, 32])
S torch.Size([12, 12, 32])
P:  torch.Size([1536, 1536])
S torch.Size([96, 1536, 1536])
P:  torch.Size([1536, 6144])
S torch.Size([24, 1536, 6144])
P:  torch.Size([6144, 1536])
S torch.Size([24, 6144, 1536])
step 01502/02088 (71.93%) | loss: 2.786667 | lrm: 0.56 | dt: 14586.56ms | tok/sec: 71,886 | bf16_mfu: 35.94 | epoch: 1 | total time: 362.82m | eta: 142.5m
kind=muon
kind=muon
kind=muon
kind=muon
P:  torch.Size([12, 32])
S torch.Size([12, 12, 32])
P:  torch.Size([1536, 1536])
S torch.Size([96, 1536, 1536])
P:  torch.Size([1536, 6144])
S torch.Size([24, 1536, 6144])
P:  torch.Size([6144, 1536])
S torch.Size([24, 6144, 1536])
step 01503/02088 (71.98%) | loss: 2.790461 | lrm: 0.56 | dt: 14588.88ms | tok/sec: 71,875 | bf16_mfu: 35.94 | epoch: 1 | total time: 363.06m | eta: 142.3m
kind=muon
kind=muon
kind=muon
kind=muon
P:  torch.Size([12, 32])
S torch.Size([12, 12, 32])
P:  torch.Size([1536, 1536])
S torch.Size([96, 1536, 1536])
P:  torch.Size([1536, 6144])
S torch.Size([24, 1536, 6144])
P:  torch.Size([6144, 1536])
S torch.Size([24, 6144, 1536])
step 01504/02088 (72.03%) | loss: 2.789387 | lrm: 0.56 | dt: 14590.28ms | tok/sec: 71,868 | bf16_mfu: 35.93 | epoch: 1 | total time: 363.31m | eta: 142.0m
kind=muon
kind=muon
kind=muon
kind=muon
P:  torch.Size([12, 32])
S torch.Size([12, 12, 32])
P:  torch.Size([1536, 1536])
S torch.Size([96, 1536, 1536])
P:  torch.Size([1536, 6144])
S torch.Size([24, 1536, 6144])
P:  torch.Size([6144, 1536])
S torch.Size([24, 6144, 1536])
step 01505/02088 (72.08%) | loss: 2.791071 | lrm: 0.56 | dt: 14585.23ms | tok/sec: 71,892 | bf16_mfu: 35.95 | epoch: 1 | total time: 363.55m | eta: 141.8m
kind=muon
kind=muon
kind=muon
kind=muon
P:  torch.Size([12, 32])
S torch.Size([12, 12, 32])
P:  torch.Size([1536, 1536])
S torch.Size([96, 1536, 1536])
P:  torch.Size([1536, 6144])
S torch.Size([24, 1536, 6144])
P:  torch.Size([6144, 1536])
S torch.Size([24, 6144, 1536])
step 01506/02088 (72.13%) | loss: 2.793648 | lrm: 0.56 | dt: 14590.75ms | tok/sec: 71,865 | bf16_mfu: 35.93 | epoch: 1 | total time: 363.79m | eta: 141.5m
kind=muon
kind=muon
kind=muon
kind=muon
P:  torch.Size([12, 32])
S torch.Size([12, 12, 32])
P:  torch.Size([1536, 1536])
S torch.Size([96, 1536, 1536])
P:  torch.Size([1536, 6144])
S torch.Size([24, 1536, 6144])
P:  torch.Size([6144, 1536])
S torch.Size([24, 6144, 1536])
step 01507/02088 (72.17%) | loss: 2.783241 | lrm: 0.56 | dt: 14588.13ms | tok/sec: 71,878 | bf16_mfu: 35.94 | epoch: 1 | total time: 364.04m | eta: 141.3m
kind=muon
kind=muon
kind=muon
kind=muon
P:  torch.Size([12, 32])
S torch.Size([12, 12, 32])
P:  torch.Size([1536, 1536])
S torch.Size([96, 1536, 1536])
P:  torch.Size([1536, 6144])
S torch.Size([24, 1536, 6144])
P:  torch.Size([6144, 1536])
S torch.Size([24, 6144, 1536])
step 01508/02088 (72.22%) | loss: 2.783210 | lrm: 0.56 | dt: 14593.57ms | tok/sec: 71,851 | bf16_mfu: 35.93 | epoch: 1 | total time: 364.28m | eta: 141.0m
kind=muon
kind=muon
kind=muon
kind=muon
P:  torch.Size([12, 32])
S torch.Size([12, 12, 32])
P:  torch.Size([1536, 1536])
S torch.Size([96, 1536, 1536])
P:  torch.Size([1536, 6144])
S torch.Size([24, 1536, 6144])
P:  torch.Size([6144, 1536])
S torch.Size([24, 6144, 1536])
step 01509/02088 (72.27%) | loss: 2.779859 | lrm: 0.55 | dt: 14584.78ms | tok/sec: 71,895 | bf16_mfu: 35.95 | epoch: 1 | total time: 364.52m | eta: 140.8m
kind=muon
kind=muon
kind=muon
kind=muon
P:  torch.Size([12, 32])
S torch.Size([12, 12, 32])
P:  torch.Size([1536, 1536])
S torch.Size([96, 1536, 1536])
P:  torch.Size([1536, 6144])
S torch.Size([24, 1536, 6144])
P:  torch.Size([6144, 1536])
S torch.Size([24, 6144, 1536])
step 01510/02088 (72.32%) | loss: 2.773574 | lrm: 0.55 | dt: 14591.29ms | tok/sec: 71,863 | bf16_mfu: 35.93 | epoch: 1 | total time: 364.77m | eta: 140.6m
kind=muon
kind=muon
kind=muon
kind=muon
P:  torch.Size([12, 32])
S torch.Size([12, 12, 32])
P:  torch.Size([1536, 1536])
S torch.Size([96, 1536, 1536])
P:  torch.Size([1536, 6144])
S torch.Size([24, 1536, 6144])
P:  torch.Size([6144, 1536])
S torch.Size([24, 6144, 1536])
step 01511/02088 (72.37%) | loss: 2.775816 | lrm: 0.55 | dt: 14588.01ms | tok/sec: 71,879 | bf16_mfu: 35.94 | epoch: 1 | total time: 365.01m | eta: 140.3m
kind=muon
kind=muon
kind=muon
kind=muon
P:  torch.Size([12, 32])
S torch.Size([12, 12, 32])
P:  torch.Size([1536, 1536])
S torch.Size([96, 1536, 1536])
P:  torch.Size([1536, 6144])
S torch.Size([24, 1536, 6144])
P:  torch.Size([6144, 1536])
S torch.Size([24, 6144, 1536])
step 01512/02088 (72.41%) | loss: 2.760904 | lrm: 0.55 | dt: 14591.90ms | tok/sec: 71,860 | bf16_mfu: 35.93 | epoch: 1 | total time: 365.25m | eta: 140.1m
kind=muon
kind=muon
kind=muon
kind=muon
P:  torch.Size([12, 32])
S torch.Size([12, 12, 32])
P:  torch.Size([1536, 1536])
S torch.Size([96, 1536, 1536])
P:  torch.Size([1536, 6144])
S torch.Size([24, 1536, 6144])
P:  torch.Size([6144, 1536])
S torch.Size([24, 6144, 1536])
step 01513/02088 (72.46%) | loss: 2.759174 | lrm: 0.55 | dt: 14579.96ms | tok/sec: 71,918 | bf16_mfu: 35.96 | epoch: 1 | total time: 365.49m | eta: 139.8m
kind=muon
kind=muon
kind=muon
kind=muon
P:  torch.Size([12, 32])
S torch.Size([12, 12, 32])
P:  torch.Size([1536, 1536])
S torch.Size([96, 1536, 1536])
P:  torch.Size([1536, 6144])
S torch.Size([24, 1536, 6144])
P:  torch.Size([6144, 1536])
S torch.Size([24, 6144, 1536])
step 01514/02088 (72.51%) | loss: 2.774428 | lrm: 0.55 | dt: 14586.46ms | tok/sec: 71,886 | bf16_mfu: 35.94 | epoch: 1 | total time: 365.74m | eta: 139.6m
kind=muon
kind=muon
kind=muon
kind=muon
P:  torch.Size([12, 32])
S torch.Size([12, 12, 32])
P:  torch.Size([1536, 1536])
S torch.Size([96, 1536, 1536])
P:  torch.Size([1536, 6144])
S torch.Size([24, 1536, 6144])
P:  torch.Size([6144, 1536])
S torch.Size([24, 6144, 1536])
step 01515/02088 (72.56%) | loss: 2.762917 | lrm: 0.55 | dt: 14586.78ms | tok/sec: 71,885 | bf16_mfu: 35.94 | epoch: 1 | total time: 365.98m | eta: 139.3m
kind=muon
kind=muon
kind=muon
kind=muon
P:  torch.Size([12, 32])
S torch.Size([12, 12, 32])
P:  torch.Size([1536, 1536])
S torch.Size([96, 1536, 1536])
P:  torch.Size([1536, 6144])
S torch.Size([24, 1536, 6144])
P:  torch.Size([6144, 1536])
S torch.Size([24, 6144, 1536])
step 01516/02088 (72.61%) | loss: 2.760986 | lrm: 0.55 | dt: 14586.39ms | tok/sec: 71,887 | bf16_mfu: 35.94 | epoch: 1 | total time: 366.22m | eta: 139.1m
kind=muon
kind=muon
kind=muon
kind=muon
P:  torch.Size([12, 32])
S torch.Size([12, 12, 32])
P:  torch.Size([1536, 1536])
S torch.Size([96, 1536, 1536])
P:  torch.Size([1536, 6144])
S torch.Size([24, 1536, 6144])
P:  torch.Size([6144, 1536])
S torch.Size([24, 6144, 1536])
step 01517/02088 (72.65%) | loss: 2.754392 | lrm: 0.55 | dt: 14585.45ms | tok/sec: 71,891 | bf16_mfu: 35.95 | epoch: 1 | total time: 366.47m | eta: 138.9m
kind=muon
kind=muon
kind=muon
kind=muon
P:  torch.Size([12, 32])
S torch.Size([12, 12, 32])
P:  torch.Size([1536, 1536])
S torch.Size([96, 1536, 1536])
P:  torch.Size([1536, 6144])
S torch.Size([24, 1536, 6144])
P:  torch.Size([6144, 1536])
S torch.Size([24, 6144, 1536])
step 01518/02088 (72.70%) | loss: 2.741207 | lrm: 0.55 | dt: 14584.99ms | tok/sec: 71,894 | bf16_mfu: 35.95 | epoch: 1 | total time: 366.71m | eta: 138.6m
kind=muon
kind=muon
kind=muon
kind=muon
P:  torch.Size([12, 32])
S torch.Size([12, 12, 32])
P:  torch.Size([1536, 1536])
S torch.Size([96, 1536, 1536])
P:  torch.Size([1536, 6144])
S torch.Size([24, 1536, 6144])
P:  torch.Size([6144, 1536])
S torch.Size([24, 6144, 1536])
step 01519/02088 (72.75%) | loss: 2.730389 | lrm: 0.55 | dt: 14589.59ms | tok/sec: 71,871 | bf16_mfu: 35.94 | epoch: 1 | total time: 366.95m | eta: 138.4m
kind=muon
kind=muon
kind=muon
kind=muon
P:  torch.Size([12, 32])
S torch.Size([12, 12, 32])
P:  torch.Size([1536, 1536])
S torch.Size([96, 1536, 1536])
P:  torch.Size([1536, 6144])
S torch.Size([24, 1536, 6144])
P:  torch.Size([6144, 1536])
S torch.Size([24, 6144, 1536])
step 01520/02088 (72.80%) | loss: 2.739699 | lrm: 0.54 | dt: 14585.17ms | tok/sec: 71,893 | bf16_mfu: 35.95 | epoch: 1 | total time: 367.20m | eta: 138.1m
kind=muon
kind=muon
kind=muon
kind=muon
P:  torch.Size([12, 32])
S torch.Size([12, 12, 32])
P:  torch.Size([1536, 1536])
S torch.Size([96, 1536, 1536])
P:  torch.Size([1536, 6144])
S torch.Size([24, 1536, 6144])
P:  torch.Size([6144, 1536])
S torch.Size([24, 6144, 1536])
step 01521/02088 (72.84%) | loss: 2.728781 | lrm: 0.54 | dt: 14587.58ms | tok/sec: 71,881 | bf16_mfu: 35.94 | epoch: 1 | total time: 367.44m | eta: 137.9m
kind=muon
kind=muon
kind=muon
kind=muon
P:  torch.Size([12, 32])
S torch.Size([12, 12, 32])
P:  torch.Size([1536, 1536])
S torch.Size([96, 1536, 1536])
P:  torch.Size([1536, 6144])
S torch.Size([24, 1536, 6144])
P:  torch.Size([6144, 1536])
S torch.Size([24, 6144, 1536])
step 01522/02088 (72.89%) | loss: 2.736898 | lrm: 0.54 | dt: 14587.72ms | tok/sec: 71,880 | bf16_mfu: 35.94 | epoch: 1 | total time: 367.68m | eta: 137.6m
kind=muon
kind=muon
kind=muon
kind=muon
P:  torch.Size([12, 32])
S torch.Size([12, 12, 32])
P:  torch.Size([1536, 1536])
S torch.Size([96, 1536, 1536])
P:  torch.Size([1536, 6144])
S torch.Size([24, 1536, 6144])
P:  torch.Size([6144, 1536])
S torch.Size([24, 6144, 1536])
step 01523/02088 (72.94%) | loss: 2.727645 | lrm: 0.54 | dt: 14585.41ms | tok/sec: 71,892 | bf16_mfu: 35.95 | epoch: 1 | total time: 367.93m | eta: 137.4m
kind=muon
kind=muon
kind=muon
kind=muon
P:  torch.Size([12, 32])
S torch.Size([12, 12, 32])
P:  torch.Size([1536, 1536])
S torch.Size([96, 1536, 1536])
P:  torch.Size([1536, 6144])
S torch.Size([24, 1536, 6144])
P:  torch.Size([6144, 1536])
S torch.Size([24, 6144, 1536])
step 01524/02088 (72.99%) | loss: 2.729003 | lrm: 0.54 | dt: 14588.67ms | tok/sec: 71,876 | bf16_mfu: 35.94 | epoch: 1 | total time: 368.17m | eta: 137.2m
kind=muon
kind=muon
kind=muon
kind=muon
P:  torch.Size([12, 32])
S torch.Size([12, 12, 32])
P:  torch.Size([1536, 1536])
S torch.Size([96, 1536, 1536])
P:  torch.Size([1536, 6144])
S torch.Size([24, 1536, 6144])
P:  torch.Size([6144, 1536])
S torch.Size([24, 6144, 1536])
step 01525/02088 (73.04%) | loss: 2.748420 | lrm: 0.54 | dt: 14588.26ms | tok/sec: 71,878 | bf16_mfu: 35.94 | epoch: 1 | total time: 368.41m | eta: 136.9m
kind=muon
kind=muon
kind=muon
kind=muon
P:  torch.Size([12, 32])
S torch.Size([12, 12, 32])
P:  torch.Size([1536, 1536])
S torch.Size([96, 1536, 1536])
P:  torch.Size([1536, 6144])
S torch.Size([24, 1536, 6144])
P:  torch.Size([6144, 1536])
S torch.Size([24, 6144, 1536])
step 01526/02088 (73.08%) | loss: 2.745491 | lrm: 0.54 | dt: 14587.42ms | tok/sec: 71,882 | bf16_mfu: 35.94 | epoch: 1 | total time: 368.66m | eta: 136.7m
kind=muon
kind=muon
kind=muon
kind=muon
P:  torch.Size([12, 32])
S torch.Size([12, 12, 32])
P:  torch.Size([1536, 1536])
S torch.Size([96, 1536, 1536])
P:  torch.Size([1536, 6144])
S torch.Size([24, 1536, 6144])
P:  torch.Size([6144, 1536])
S torch.Size([24, 6144, 1536])
step 01527/02088 (73.13%) | loss: 2.750895 | lrm: 0.54 | dt: 14597.58ms | tok/sec: 71,832 | bf16_mfu: 35.92 | epoch: 1 | total time: 368.90m | eta: 136.4m
kind=muon
kind=muon
kind=muon
kind=muon
P:  torch.Size([12, 32])
S torch.Size([12, 12, 32])
P:  torch.Size([1536, 1536])
S torch.Size([96, 1536, 1536])
P:  torch.Size([1536, 6144])
S torch.Size([24, 1536, 6144])
P:  torch.Size([6144, 1536])
S torch.Size([24, 6144, 1536])
step 01528/02088 (73.18%) | loss: 2.759911 | lrm: 0.54 | dt: 14591.58ms | tok/sec: 71,861 | bf16_mfu: 35.93 | epoch: 1 | total time: 369.14m | eta: 136.2m
kind=muon
kind=muon
kind=muon
kind=muon
P:  torch.Size([12, 32])
S torch.Size([12, 12, 32])
P:  torch.Size([1536, 1536])
S torch.Size([96, 1536, 1536])
P:  torch.Size([1536, 6144])
S torch.Size([24, 1536, 6144])
P:  torch.Size([6144, 1536])
S torch.Size([24, 6144, 1536])
step 01529/02088 (73.23%) | loss: 2.764134 | lrm: 0.54 | dt: 14591.06ms | tok/sec: 71,864 | bf16_mfu: 35.93 | epoch: 1 | total time: 369.39m | eta: 135.9m
kind=muon
kind=muon
kind=muon
kind=muon
P:  torch.Size([12, 32])
S torch.Size([12, 12, 32])
P:  torch.Size([1536, 1536])
S torch.Size([96, 1536, 1536])
P:  torch.Size([1536, 6144])
S torch.Size([24, 1536, 6144])
P:  torch.Size([6144, 1536])
S torch.Size([24, 6144, 1536])
step 01530/02088 (73.28%) | loss: 2.762421 | lrm: 0.53 | dt: 14590.41ms | tok/sec: 71,867 | bf16_mfu: 35.93 | epoch: 1 | total time: 369.63m | eta: 135.7m
kind=muon
kind=muon
kind=muon
kind=muon
P:  torch.Size([12, 32])
S torch.Size([12, 12, 32])
P:  torch.Size([1536, 1536])
S torch.Size([96, 1536, 1536])
P:  torch.Size([1536, 6144])
S torch.Size([24, 1536, 6144])
P:  torch.Size([6144, 1536])
S torch.Size([24, 6144, 1536])
step 01531/02088 (73.32%) | loss: 2.773330 | lrm: 0.53 | dt: 14586.62ms | tok/sec: 71,886 | bf16_mfu: 35.94 | epoch: 1 | total time: 369.87m | eta: 135.4m
kind=muon
kind=muon
kind=muon
kind=muon
P:  torch.Size([12, 32])
S torch.Size([12, 12, 32])
P:  torch.Size([1536, 1536])
S torch.Size([96, 1536, 1536])
P:  torch.Size([1536, 6144])
S torch.Size([24, 1536, 6144])
P:  torch.Size([6144, 1536])
S torch.Size([24, 6144, 1536])
step 01532/02088 (73.37%) | loss: 2.766495 | lrm: 0.53 | dt: 14587.79ms | tok/sec: 71,880 | bf16_mfu: 35.94 | epoch: 1 | total time: 370.11m | eta: 135.2m
kind=muon
kind=muon
kind=muon
kind=muon
P:  torch.Size([12, 32])
S torch.Size([12, 12, 32])
P:  torch.Size([1536, 1536])
S torch.Size([96, 1536, 1536])
P:  torch.Size([1536, 6144])
S torch.Size([24, 1536, 6144])
P:  torch.Size([6144, 1536])
S torch.Size([24, 6144, 1536])
step 01533/02088 (73.42%) | loss: 2.763000 | lrm: 0.53 | dt: 14588.31ms | tok/sec: 71,877 | bf16_mfu: 35.94 | epoch: 1 | total time: 370.36m | eta: 135.0m
kind=muon
kind=muon
kind=muon
kind=muon
P:  torch.Size([12, 32])
S torch.Size([12, 12, 32])
P:  torch.Size([1536, 1536])
S torch.Size([96, 1536, 1536])
P:  torch.Size([1536, 6144])
S torch.Size([24, 1536, 6144])
P:  torch.Size([6144, 1536])
S torch.Size([24, 6144, 1536])
step 01534/02088 (73.47%) | loss: 2.771948 | lrm: 0.53 | dt: 14587.73ms | tok/sec: 71,880 | bf16_mfu: 35.94 | epoch: 1 | total time: 370.60m | eta: 134.7m
kind=muon
kind=muon
kind=muon
kind=muon
P:  torch.Size([12, 32])
S torch.Size([12, 12, 32])
P:  torch.Size([1536, 1536])
S torch.Size([96, 1536, 1536])
P:  torch.Size([1536, 6144])
S torch.Size([24, 1536, 6144])
P:  torch.Size([6144, 1536])
S torch.Size([24, 6144, 1536])
step 01535/02088 (73.52%) | loss: 2.768235 | lrm: 0.53 | dt: 14585.73ms | tok/sec: 71,890 | bf16_mfu: 35.95 | epoch: 1 | total time: 370.84m | eta: 134.5m
kind=muon
kind=muon
kind=muon
kind=muon
P:  torch.Size([12, 32])
S torch.Size([12, 12, 32])
P:  torch.Size([1536, 1536])
S torch.Size([96, 1536, 1536])
P:  torch.Size([1536, 6144])
S torch.Size([24, 1536, 6144])
P:  torch.Size([6144, 1536])
S torch.Size([24, 6144, 1536])
step 01536/02088 (73.56%) | loss: 2.756361 | lrm: 0.53 | dt: 14589.81ms | tok/sec: 71,870 | bf16_mfu: 35.94 | epoch: 1 | total time: 371.09m | eta: 134.2m
kind=muon
kind=muon
kind=muon
kind=muon
P:  torch.Size([12, 32])
S torch.Size([12, 12, 32])
P:  torch.Size([1536, 1536])
S torch.Size([96, 1536, 1536])
P:  torch.Size([1536, 6144])
S torch.Size([24, 1536, 6144])
P:  torch.Size([6144, 1536])
S torch.Size([24, 6144, 1536])
step 01537/02088 (73.61%) | loss: 2.762750 | lrm: 0.53 | dt: 14591.73ms | tok/sec: 71,860 | bf16_mfu: 35.93 | epoch: 1 | total time: 371.33m | eta: 134.0m
kind=muon
kind=muon
kind=muon
kind=muon
P:  torch.Size([12, 32])
S torch.Size([12, 12, 32])
P:  torch.Size([1536, 1536])
S torch.Size([96, 1536, 1536])
P:  torch.Size([1536, 6144])
S torch.Size([24, 1536, 6144])
P:  torch.Size([6144, 1536])
S torch.Size([24, 6144, 1536])
step 01538/02088 (73.66%) | loss: 2.767666 | lrm: 0.53 | dt: 14588.61ms | tok/sec: 71,876 | bf16_mfu: 35.94 | epoch: 1 | total time: 371.57m | eta: 133.7m
kind=muon
kind=muon
kind=muon
kind=muon
P:  torch.Size([12, 32])
S torch.Size([12, 12, 32])
P:  torch.Size([1536, 1536])
S torch.Size([96, 1536, 1536])
P:  torch.Size([1536, 6144])
S torch.Size([24, 1536, 6144])
P:  torch.Size([6144, 1536])
S torch.Size([24, 6144, 1536])
step 01539/02088 (73.71%) | loss: 2.767876 | lrm: 0.53 | dt: 14587.48ms | tok/sec: 71,881 | bf16_mfu: 35.94 | epoch: 1 | total time: 371.82m | eta: 133.5m
kind=muon
kind=muon
kind=muon
kind=muon
P:  torch.Size([12, 32])
S torch.Size([12, 12, 32])
P:  torch.Size([1536, 1536])
S torch.Size([96, 1536, 1536])
P:  torch.Size([1536, 6144])
S torch.Size([24, 1536, 6144])
P:  torch.Size([6144, 1536])
S torch.Size([24, 6144, 1536])
step 01540/02088 (73.75%) | loss: 2.765676 | lrm: 0.52 | dt: 14587.48ms | tok/sec: 71,881 | bf16_mfu: 35.94 | epoch: 1 | total time: 372.06m | eta: 133.3m
kind=muon
kind=muon
kind=muon
kind=muon
P:  torch.Size([12, 32])
S torch.Size([12, 12, 32])
P:  torch.Size([1536, 1536])
S torch.Size([96, 1536, 1536])
P:  torch.Size([1536, 6144])
S torch.Size([24, 1536, 6144])
P:  torch.Size([6144, 1536])
S torch.Size([24, 6144, 1536])
step 01541/02088 (73.80%) | loss: 2.771722 | lrm: 0.52 | dt: 14589.87ms | tok/sec: 71,870 | bf16_mfu: 35.94 | epoch: 1 | total time: 372.30m | eta: 133.0m
kind=muon
kind=muon
kind=muon
kind=muon
P:  torch.Size([12, 32])
S torch.Size([12, 12, 32])
P:  torch.Size([1536, 1536])
S torch.Size([96, 1536, 1536])
P:  torch.Size([1536, 6144])
S torch.Size([24, 1536, 6144])
P:  torch.Size([6144, 1536])
S torch.Size([24, 6144, 1536])
step 01542/02088 (73.85%) | loss: 2.759550 | lrm: 0.52 | dt: 14584.00ms | tok/sec: 71,899 | bf16_mfu: 35.95 | epoch: 1 | total time: 372.55m | eta: 132.8m
kind=muon
kind=muon
kind=muon
kind=muon
P:  torch.Size([12, 32])
S torch.Size([12, 12, 32])
P:  torch.Size([1536, 1536])
S torch.Size([96, 1536, 1536])
P:  torch.Size([1536, 6144])
S torch.Size([24, 1536, 6144])
P:  torch.Size([6144, 1536])
S torch.Size([24, 6144, 1536])
step 01543/02088 (73.90%) | loss: 2.755099 | lrm: 0.52 | dt: 14591.94ms | tok/sec: 71,859 | bf16_mfu: 35.93 | epoch: 1 | total time: 372.79m | eta: 132.5m
kind=muon
kind=muon
kind=muon
kind=muon
P:  torch.Size([12, 32])
S torch.Size([12, 12, 32])
P:  torch.Size([1536, 1536])
S torch.Size([96, 1536, 1536])
P:  torch.Size([1536, 6144])
S torch.Size([24, 1536, 6144])
P:  torch.Size([6144, 1536])
S torch.Size([24, 6144, 1536])
step 01544/02088 (73.95%) | loss: 2.741620 | lrm: 0.52 | dt: 14592.27ms | tok/sec: 71,858 | bf16_mfu: 35.93 | epoch: 1 | total time: 373.03m | eta: 132.3m
kind=muon
kind=muon
kind=muon
kind=muon
P:  torch.Size([12, 32])
S torch.Size([12, 12, 32])
P:  torch.Size([1536, 1536])
S torch.Size([96, 1536, 1536])
P:  torch.Size([1536, 6144])
S torch.Size([24, 1536, 6144])
P:  torch.Size([6144, 1536])
S torch.Size([24, 6144, 1536])
step 01545/02088 (73.99%) | loss: 2.739453 | lrm: 0.52 | dt: 14588.35ms | tok/sec: 71,877 | bf16_mfu: 35.94 | epoch: 1 | total time: 373.28m | eta: 132.0m
kind=muon
kind=muon
kind=muon
kind=muon
P:  torch.Size([12, 32])
S torch.Size([12, 12, 32])
P:  torch.Size([1536, 1536])
S torch.Size([96, 1536, 1536])
P:  torch.Size([1536, 6144])
S torch.Size([24, 1536, 6144])
P:  torch.Size([6144, 1536])
S torch.Size([24, 6144, 1536])
step 01546/02088 (74.04%) | loss: 2.728515 | lrm: 0.52 | dt: 14588.06ms | tok/sec: 71,879 | bf16_mfu: 35.94 | epoch: 1 | total time: 373.52m | eta: 131.8m
kind=muon
kind=muon
kind=muon
kind=muon
P:  torch.Size([12, 32])
S torch.Size([12, 12, 32])
P:  torch.Size([1536, 1536])
S torch.Size([96, 1536, 1536])
P:  torch.Size([1536, 6144])
S torch.Size([24, 1536, 6144])
P:  torch.Size([6144, 1536])
S torch.Size([24, 6144, 1536])
step 01547/02088 (74.09%) | loss: 2.746593 | lrm: 0.52 | dt: 14587.46ms | tok/sec: 71,882 | bf16_mfu: 35.94 | epoch: 1 | total time: 373.76m | eta: 131.6m
kind=muon
kind=muon
kind=muon
kind=muon
P:  torch.Size([12, 32])
S torch.Size([12, 12, 32])
P:  torch.Size([1536, 1536])
S torch.Size([96, 1536, 1536])
P:  torch.Size([1536, 6144])
S torch.Size([24, 1536, 6144])
P:  torch.Size([6144, 1536])
S torch.Size([24, 6144, 1536])
step 01548/02088 (74.14%) | loss: 2.747532 | lrm: 0.52 | dt: 14585.76ms | tok/sec: 71,890 | bf16_mfu: 35.95 | epoch: 1 | total time: 374.00m | eta: 131.3m
kind=muon
kind=muon
kind=muon
kind=muon
P:  torch.Size([12, 32])
S torch.Size([12, 12, 32])
P:  torch.Size([1536, 1536])
S torch.Size([96, 1536, 1536])
P:  torch.Size([1536, 6144])
S torch.Size([24, 1536, 6144])
P:  torch.Size([6144, 1536])
S torch.Size([24, 6144, 1536])
step 01549/02088 (74.19%) | loss: 2.760895 | lrm: 0.52 | dt: 14591.52ms | tok/sec: 71,862 | bf16_mfu: 35.93 | epoch: 1 | total time: 374.25m | eta: 131.1m
kind=muon
kind=muon
kind=muon
kind=muon
P:  torch.Size([12, 32])
S torch.Size([12, 12, 32])
P:  torch.Size([1536, 1536])
S torch.Size([96, 1536, 1536])
P:  torch.Size([1536, 6144])
S torch.Size([24, 1536, 6144])
P:  torch.Size([6144, 1536])
S torch.Size([24, 6144, 1536])
step 01550/02088 (74.23%) | loss: 2.760120 | lrm: 0.52 | dt: 14591.84ms | tok/sec: 71,860 | bf16_mfu: 35.93 | epoch: 1 | total time: 374.49m | eta: 130.8m
kind=muon
kind=muon
kind=muon
kind=muon
P:  torch.Size([12, 32])
S torch.Size([12, 12, 32])
P:  torch.Size([1536, 1536])
S torch.Size([96, 1536, 1536])
P:  torch.Size([1536, 6144])
S torch.Size([24, 1536, 6144])
P:  torch.Size([6144, 1536])
S torch.Size([24, 6144, 1536])
step 01551/02088 (74.28%) | loss: 2.760718 | lrm: 0.51 | dt: 14589.27ms | tok/sec: 71,873 | bf16_mfu: 35.94 | epoch: 1 | total time: 374.73m | eta: 130.6m
kind=muon
kind=muon
kind=muon
kind=muon
P:  torch.Size([12, 32])
S torch.Size([12, 12, 32])
P:  torch.Size([1536, 1536])
S torch.Size([96, 1536, 1536])
P:  torch.Size([1536, 6144])
S torch.Size([24, 1536, 6144])
P:  torch.Size([6144, 1536])
S torch.Size([24, 6144, 1536])
step 01552/02088 (74.33%) | loss: 2.762076 | lrm: 0.51 | dt: 14587.97ms | tok/sec: 71,879 | bf16_mfu: 35.94 | epoch: 1 | total time: 374.98m | eta: 130.3m
kind=muon
kind=muon
kind=muon
kind=muon
P:  torch.Size([12, 32])
S torch.Size([12, 12, 32])
P:  torch.Size([1536, 1536])
S torch.Size([96, 1536, 1536])
P:  torch.Size([1536, 6144])
S torch.Size([24, 1536, 6144])
P:  torch.Size([6144, 1536])
S torch.Size([24, 6144, 1536])
step 01553/02088 (74.38%) | loss: 2.767065 | lrm: 0.51 | dt: 14596.06ms | tok/sec: 71,839 | bf16_mfu: 35.92 | epoch: 1 | total time: 375.22m | eta: 130.1m
kind=muon
kind=muon
kind=muon
kind=muon
P:  torch.Size([12, 32])
S torch.Size([12, 12, 32])
P:  torch.Size([1536, 1536])
S torch.Size([96, 1536, 1536])
P:  torch.Size([1536, 6144])
S torch.Size([24, 1536, 6144])
P:  torch.Size([6144, 1536])
S torch.Size([24, 6144, 1536])
step 01554/02088 (74.43%) | loss: 2.761566 | lrm: 0.51 | dt: 14588.55ms | tok/sec: 71,876 | bf16_mfu: 35.94 | epoch: 1 | total time: 375.46m | eta: 129.9m
kind=muon
kind=muon
kind=muon
kind=muon
P:  torch.Size([12, 32])
S torch.Size([12, 12, 32])
P:  torch.Size([1536, 1536])
S torch.Size([96, 1536, 1536])
P:  torch.Size([1536, 6144])
S torch.Size([24, 1536, 6144])
P:  torch.Size([6144, 1536])
S torch.Size([24, 6144, 1536])
step 01555/02088 (74.47%) | loss: 2.765800 | lrm: 0.51 | dt: 14593.60ms | tok/sec: 71,851 | bf16_mfu: 35.93 | epoch: 1 | total time: 375.71m | eta: 129.6m
kind=muon
kind=muon
kind=muon
kind=muon
P:  torch.Size([12, 32])
S torch.Size([12, 12, 32])
P:  torch.Size([1536, 1536])
S torch.Size([96, 1536, 1536])
P:  torch.Size([1536, 6144])
S torch.Size([24, 1536, 6144])
P:  torch.Size([6144, 1536])
S torch.Size([24, 6144, 1536])
step 01556/02088 (74.52%) | loss: 2.771183 | lrm: 0.51 | dt: 14584.97ms | tok/sec: 71,894 | bf16_mfu: 35.95 | epoch: 1 | total time: 375.95m | eta: 129.4m
kind=muon
kind=muon
kind=muon
kind=muon
P:  torch.Size([12, 32])
S torch.Size([12, 12, 32])
P:  torch.Size([1536, 1536])
S torch.Size([96, 1536, 1536])
P:  torch.Size([1536, 6144])
S torch.Size([24, 1536, 6144])
P:  torch.Size([6144, 1536])
S torch.Size([24, 6144, 1536])
step 01557/02088 (74.57%) | loss: 2.770103 | lrm: 0.51 | dt: 14586.92ms | tok/sec: 71,884 | bf16_mfu: 35.94 | epoch: 1 | total time: 376.19m | eta: 129.1m
kind=muon
kind=muon
kind=muon
kind=muon
P:  torch.Size([12, 32])
S torch.Size([12, 12, 32])
P:  torch.Size([1536, 1536])
S torch.Size([96, 1536, 1536])
P:  torch.Size([1536, 6144])
S torch.Size([24, 1536, 6144])
P:  torch.Size([6144, 1536])
S torch.Size([24, 6144, 1536])
step 01558/02088 (74.62%) | loss: 2.792199 | lrm: 0.51 | dt: 14582.54ms | tok/sec: 71,906 | bf16_mfu: 35.95 | epoch: 1 | total time: 376.44m | eta: 128.9m
kind=muon
kind=muon
kind=muon
kind=muon
P:  torch.Size([12, 32])
S torch.Size([12, 12, 32])
P:  torch.Size([1536, 1536])
S torch.Size([96, 1536, 1536])
P:  torch.Size([1536, 6144])
S torch.Size([24, 1536, 6144])
P:  torch.Size([6144, 1536])
S torch.Size([24, 6144, 1536])
step 01559/02088 (74.66%) | loss: 2.779474 | lrm: 0.51 | dt: 14584.16ms | tok/sec: 71,898 | bf16_mfu: 35.95 | epoch: 1 | total time: 376.68m | eta: 128.6m
kind=muon
kind=muon
kind=muon
kind=muon
P:  torch.Size([12, 32])
S torch.Size([12, 12, 32])
P:  torch.Size([1536, 1536])
S torch.Size([96, 1536, 1536])
P:  torch.Size([1536, 6144])
S torch.Size([24, 1536, 6144])
P:  torch.Size([6144, 1536])
S torch.Size([24, 6144, 1536])
step 01560/02088 (74.71%) | loss: 2.782241 | lrm: 0.51 | dt: 14585.95ms | tok/sec: 71,889 | bf16_mfu: 35.95 | epoch: 1 | total time: 376.92m | eta: 128.4m
kind=muon
kind=muon
kind=muon
kind=muon
P:  torch.Size([12, 32])
S torch.Size([12, 12, 32])
P:  torch.Size([1536, 1536])
S torch.Size([96, 1536, 1536])
P:  torch.Size([1536, 6144])
S torch.Size([24, 1536, 6144])
P:  torch.Size([6144, 1536])
S torch.Size([24, 6144, 1536])
step 01561/02088 (74.76%) | loss: 2.777997 | lrm: 0.50 | dt: 14589.52ms | tok/sec: 71,871 | bf16_mfu: 35.94 | epoch: 1 | total time: 377.17m | eta: 128.2m
kind=muon
kind=muon
kind=muon
kind=muon
P:  torch.Size([12, 32])
S torch.Size([12, 12, 32])
P:  torch.Size([1536, 1536])
S torch.Size([96, 1536, 1536])
P:  torch.Size([1536, 6144])
S torch.Size([24, 1536, 6144])
P:  torch.Size([6144, 1536])
S torch.Size([24, 6144, 1536])
step 01562/02088 (74.81%) | loss: 2.778748 | lrm: 0.50 | dt: 14592.43ms | tok/sec: 71,857 | bf16_mfu: 35.93 | epoch: 1 | total time: 377.41m | eta: 127.9m
kind=muon
kind=muon
kind=muon
kind=muon
P:  torch.Size([12, 32])
S torch.Size([12, 12, 32])
P:  torch.Size([1536, 1536])
S torch.Size([96, 1536, 1536])
P:  torch.Size([1536, 6144])
S torch.Size([24, 1536, 6144])
P:  torch.Size([6144, 1536])
S torch.Size([24, 6144, 1536])
step 01563/02088 (74.86%) | loss: 2.773611 | lrm: 0.50 | dt: 14589.89ms | tok/sec: 71,870 | bf16_mfu: 35.94 | epoch: 1 | total time: 377.65m | eta: 127.7m
kind=muon
kind=muon
kind=muon
kind=muon
P:  torch.Size([12, 32])
S torch.Size([12, 12, 32])
P:  torch.Size([1536, 1536])
S torch.Size([96, 1536, 1536])
P:  torch.Size([1536, 6144])
S torch.Size([24, 1536, 6144])
P:  torch.Size([6144, 1536])
S torch.Size([24, 6144, 1536])
step 01564/02088 (74.90%) | loss: 2.762334 | lrm: 0.50 | dt: 14592.26ms | tok/sec: 71,858 | bf16_mfu: 35.93 | epoch: 1 | total time: 377.90m | eta: 127.4m
kind=muon
kind=muon
kind=muon
kind=muon
P:  torch.Size([12, 32])
S torch.Size([12, 12, 32])
P:  torch.Size([1536, 1536])
S torch.Size([96, 1536, 1536])
P:  torch.Size([1536, 6144])
S torch.Size([24, 1536, 6144])
P:  torch.Size([6144, 1536])
S torch.Size([24, 6144, 1536])
step 01565/02088 (74.95%) | loss: 2.754636 | lrm: 0.50 | dt: 14583.80ms | tok/sec: 71,900 | bf16_mfu: 35.95 | epoch: 1 | total time: 378.14m | eta: 127.2m
kind=muon
kind=muon
kind=muon
kind=muon
P:  torch.Size([12, 32])
S torch.Size([12, 12, 32])
P:  torch.Size([1536, 1536])
S torch.Size([96, 1536, 1536])
P:  torch.Size([1536, 6144])
S torch.Size([24, 1536, 6144])
P:  torch.Size([6144, 1536])
S torch.Size([24, 6144, 1536])
step 01566/02088 (75.00%) | loss: 2.750760 | lrm: 0.50 | dt: 14589.65ms | tok/sec: 71,871 | bf16_mfu: 35.94 | epoch: 1 | total time: 378.38m | eta: 126.9m
kind=muon
kind=muon
kind=muon
kind=muon
P:  torch.Size([12, 32])
S torch.Size([12, 12, 32])
P:  torch.Size([1536, 1536])
S torch.Size([96, 1536, 1536])
P:  torch.Size([1536, 6144])
S torch.Size([24, 1536, 6144])
P:  torch.Size([6144, 1536])
S torch.Size([24, 6144, 1536])
step 01567/02088 (75.05%) | loss: 2.761064 | lrm: 0.50 | dt: 14590.74ms | tok/sec: 71,865 | bf16_mfu: 35.93 | epoch: 1 | total time: 378.62m | eta: 126.7m
kind=muon
kind=muon
kind=muon
kind=muon
P:  torch.Size([12, 32])
S torch.Size([12, 12, 32])
P:  torch.Size([1536, 1536])
S torch.Size([96, 1536, 1536])
P:  torch.Size([1536, 6144])
S torch.Size([24, 1536, 6144])
P:  torch.Size([6144, 1536])
S torch.Size([24, 6144, 1536])
step 01568/02088 (75.10%) | loss: 2.748860 | lrm: 0.50 | dt: 14589.36ms | tok/sec: 71,872 | bf16_mfu: 35.94 | epoch: 1 | total time: 378.87m | eta: 126.5m
kind=muon
kind=muon
kind=muon
kind=muon
P:  torch.Size([12, 32])
S torch.Size([12, 12, 32])
P:  torch.Size([1536, 1536])
S torch.Size([96, 1536, 1536])
P:  torch.Size([1536, 6144])
S torch.Size([24, 1536, 6144])
P:  torch.Size([6144, 1536])
S torch.Size([24, 6144, 1536])
step 01569/02088 (75.14%) | loss: 2.745536 | lrm: 0.50 | dt: 14584.68ms | tok/sec: 71,895 | bf16_mfu: 35.95 | epoch: 1 | total time: 379.11m | eta: 126.2m
kind=muon
kind=muon
kind=muon
kind=muon
P:  torch.Size([12, 32])
S torch.Size([12, 12, 32])
P:  torch.Size([1536, 1536])
S torch.Size([96, 1536, 1536])
P:  torch.Size([1536, 6144])
S torch.Size([24, 1536, 6144])
P:  torch.Size([6144, 1536])
S torch.Size([24, 6144, 1536])
step 01570/02088 (75.19%) | loss: 2.736727 | lrm: 0.50 | dt: 14586.10ms | tok/sec: 71,888 | bf16_mfu: 35.95 | epoch: 1 | total time: 379.35m | eta: 126.0m
kind=muon
kind=muon
kind=muon
kind=muon
P:  torch.Size([12, 32])
S torch.Size([12, 12, 32])
P:  torch.Size([1536, 1536])
S torch.Size([96, 1536, 1536])
P:  torch.Size([1536, 6144])
S torch.Size([24, 1536, 6144])
P:  torch.Size([6144, 1536])
S torch.Size([24, 6144, 1536])
step 01571/02088 (75.24%) | loss: 2.744384 | lrm: 0.50 | dt: 14584.37ms | tok/sec: 71,897 | bf16_mfu: 35.95 | epoch: 1 | total time: 379.60m | eta: 125.7m
kind=muon
kind=muon
kind=muon
kind=muon
P:  torch.Size([12, 32])
S torch.Size([12, 12, 32])
P:  torch.Size([1536, 1536])
S torch.Size([96, 1536, 1536])
P:  torch.Size([1536, 6144])
S torch.Size([24, 1536, 6144])
P:  torch.Size([6144, 1536])
S torch.Size([24, 6144, 1536])
step 01572/02088 (75.29%) | loss: 2.742062 | lrm: 0.49 | dt: 14593.66ms | tok/sec: 71,851 | bf16_mfu: 35.93 | epoch: 1 | total time: 379.84m | eta: 125.5m
kind=muon
kind=muon
kind=muon
kind=muon
P:  torch.Size([12, 32])
S torch.Size([12, 12, 32])
P:  torch.Size([1536, 1536])
S torch.Size([96, 1536, 1536])
P:  torch.Size([1536, 6144])
S torch.Size([24, 1536, 6144])
P:  torch.Size([6144, 1536])
S torch.Size([24, 6144, 1536])
step 01573/02088 (75.34%) | loss: 2.745028 | lrm: 0.49 | dt: 14589.03ms | tok/sec: 71,874 | bf16_mfu: 35.94 | epoch: 1 | total time: 380.08m | eta: 125.2m
kind=muon
kind=muon
kind=muon
kind=muon
P:  torch.Size([12, 32])
S torch.Size([12, 12, 32])
P:  torch.Size([1536, 1536])
S torch.Size([96, 1536, 1536])
P:  torch.Size([1536, 6144])
S torch.Size([24, 1536, 6144])
P:  torch.Size([6144, 1536])
S torch.Size([24, 6144, 1536])
step 01574/02088 (75.38%) | loss: 2.751472 | lrm: 0.49 | dt: 14586.80ms | tok/sec: 71,885 | bf16_mfu: 35.94 | epoch: 1 | total time: 380.33m | eta: 125.0m
kind=muon
kind=muon
kind=muon
kind=muon
P:  torch.Size([12, 32])
S torch.Size([12, 12, 32])
P:  torch.Size([1536, 1536])
S torch.Size([96, 1536, 1536])
P:  torch.Size([1536, 6144])
S torch.Size([24, 1536, 6144])
P:  torch.Size([6144, 1536])
S torch.Size([24, 6144, 1536])
step 01575/02088 (75.43%) | loss: 2.768513 | lrm: 0.49 | dt: 14583.69ms | tok/sec: 71,900 | bf16_mfu: 35.95 | epoch: 1 | total time: 380.57m | eta: 124.7m
kind=muon
kind=muon
kind=muon
kind=muon
P:  torch.Size([12, 32])
S torch.Size([12, 12, 32])
P:  torch.Size([1536, 1536])
S torch.Size([96, 1536, 1536])
P:  torch.Size([1536, 6144])
S torch.Size([24, 1536, 6144])
P:  torch.Size([6144, 1536])
S torch.Size([24, 6144, 1536])
step 01576/02088 (75.48%) | loss: 2.771047 | lrm: 0.49 | dt: 14588.55ms | tok/sec: 71,876 | bf16_mfu: 35.94 | epoch: 1 | total time: 380.81m | eta: 124.5m
kind=muon
kind=muon
kind=muon
kind=muon
P:  torch.Size([12, 32])
S torch.Size([12, 12, 32])
P:  torch.Size([1536, 1536])
S torch.Size([96, 1536, 1536])
P:  torch.Size([1536, 6144])
S torch.Size([24, 1536, 6144])
P:  torch.Size([6144, 1536])
S torch.Size([24, 6144, 1536])
step 01577/02088 (75.53%) | loss: 2.780970 | lrm: 0.49 | dt: 14590.30ms | tok/sec: 71,868 | bf16_mfu: 35.93 | epoch: 1 | total time: 381.06m | eta: 124.3m
kind=muon
kind=muon
kind=muon
kind=muon
P:  torch.Size([12, 32])
S torch.Size([12, 12, 32])
P:  torch.Size([1536, 1536])
S torch.Size([96, 1536, 1536])
P:  torch.Size([1536, 6144])
S torch.Size([24, 1536, 6144])
P:  torch.Size([6144, 1536])
S torch.Size([24, 6144, 1536])
step 01578/02088 (75.57%) | loss: 2.780308 | lrm: 0.49 | dt: 14586.22ms | tok/sec: 71,888 | bf16_mfu: 35.94 | epoch: 1 | total time: 381.30m | eta: 124.0m
kind=muon
kind=muon
kind=muon
kind=muon
P:  torch.Size([12, 32])
S torch.Size([12, 12, 32])
P:  torch.Size([1536, 1536])
S torch.Size([96, 1536, 1536])
P:  torch.Size([1536, 6144])
S torch.Size([24, 1536, 6144])
P:  torch.Size([6144, 1536])
S torch.Size([24, 6144, 1536])
step 01579/02088 (75.62%) | loss: 2.779928 | lrm: 0.49 | dt: 14595.20ms | tok/sec: 71,843 | bf16_mfu: 35.92 | epoch: 1 | total time: 381.54m | eta: 123.8m
kind=muon
kind=muon
kind=muon
kind=muon
P:  torch.Size([12, 32])
S torch.Size([12, 12, 32])
P:  torch.Size([1536, 1536])
S torch.Size([96, 1536, 1536])
P:  torch.Size([1536, 6144])
S torch.Size([24, 1536, 6144])
P:  torch.Size([6144, 1536])
S torch.Size([24, 6144, 1536])
step 01580/02088 (75.67%) | loss: 2.797834 | lrm: 0.49 | dt: 14595.71ms | tok/sec: 71,841 | bf16_mfu: 35.92 | epoch: 1 | total time: 381.79m | eta: 123.5m
kind=muon
kind=muon
kind=muon
kind=muon
P:  torch.Size([12, 32])
S torch.Size([12, 12, 32])
P:  torch.Size([1536, 1536])
S torch.Size([96, 1536, 1536])
P:  torch.Size([1536, 6144])
S torch.Size([24, 1536, 6144])
P:  torch.Size([6144, 1536])
S torch.Size([24, 6144, 1536])
step 01581/02088 (75.72%) | loss: 2.797716 | lrm: 0.49 | dt: 14593.21ms | tok/sec: 71,853 | bf16_mfu: 35.93 | epoch: 1 | total time: 382.03m | eta: 123.3m
kind=muon
kind=muon
kind=muon
kind=muon
P:  torch.Size([12, 32])
S torch.Size([12, 12, 32])
P:  torch.Size([1536, 1536])
S torch.Size([96, 1536, 1536])
P:  torch.Size([1536, 6144])
S torch.Size([24, 1536, 6144])
P:  torch.Size([6144, 1536])
S torch.Size([24, 6144, 1536])
step 01582/02088 (75.77%) | loss: 2.807599 | lrm: 0.48 | dt: 14587.10ms | tok/sec: 71,883 | bf16_mfu: 35.94 | epoch: 1 | total time: 382.27m | eta: 123.0m
kind=muon
kind=muon
kind=muon
kind=muon
P:  torch.Size([12, 32])
S torch.Size([12, 12, 32])
P:  torch.Size([1536, 1536])
S torch.Size([96, 1536, 1536])
P:  torch.Size([1536, 6144])
S torch.Size([24, 1536, 6144])
P:  torch.Size([6144, 1536])
S torch.Size([24, 6144, 1536])
step 01583/02088 (75.81%) | loss: 2.808127 | lrm: 0.48 | dt: 14584.81ms | tok/sec: 71,895 | bf16_mfu: 35.95 | epoch: 1 | total time: 382.51m | eta: 122.8m
kind=muon
kind=muon
kind=muon
kind=muon
P:  torch.Size([12, 32])
S torch.Size([12, 12, 32])
P:  torch.Size([1536, 1536])
S torch.Size([96, 1536, 1536])
P:  torch.Size([1536, 6144])
S torch.Size([24, 1536, 6144])
P:  torch.Size([6144, 1536])
S torch.Size([24, 6144, 1536])
step 01584/02088 (75.86%) | loss: 2.807147 | lrm: 0.48 | dt: 14590.33ms | tok/sec: 71,867 | bf16_mfu: 35.93 | epoch: 1 | total time: 382.76m | eta: 122.6m
kind=muon
kind=muon
kind=muon
kind=muon
P:  torch.Size([12, 32])
S torch.Size([12, 12, 32])
P:  torch.Size([1536, 1536])
S torch.Size([96, 1536, 1536])
P:  torch.Size([1536, 6144])
S torch.Size([24, 1536, 6144])
P:  torch.Size([6144, 1536])
S torch.Size([24, 6144, 1536])
step 01585/02088 (75.91%) | loss: 2.811027 | lrm: 0.48 | dt: 14588.44ms | tok/sec: 71,877 | bf16_mfu: 35.94 | epoch: 1 | total time: 383.00m | eta: 122.3m
kind=muon
kind=muon
kind=muon
kind=muon
P:  torch.Size([12, 32])
S torch.Size([12, 12, 32])
P:  torch.Size([1536, 1536])
S torch.Size([96, 1536, 1536])
P:  torch.Size([1536, 6144])
S torch.Size([24, 1536, 6144])
P:  torch.Size([6144, 1536])
S torch.Size([24, 6144, 1536])
step 01586/02088 (75.96%) | loss: 2.806831 | lrm: 0.48 | dt: 14597.26ms | tok/sec: 71,833 | bf16_mfu: 35.92 | epoch: 1 | total time: 383.24m | eta: 122.1m
kind=muon
kind=muon
kind=muon
kind=muon
P:  torch.Size([12, 32])
S torch.Size([12, 12, 32])
P:  torch.Size([1536, 1536])
S torch.Size([96, 1536, 1536])
P:  torch.Size([1536, 6144])
S torch.Size([24, 1536, 6144])
P:  torch.Size([6144, 1536])
S torch.Size([24, 6144, 1536])
step 01587/02088 (76.01%) | loss: 2.795296 | lrm: 0.48 | dt: 14585.95ms | tok/sec: 71,889 | bf16_mfu: 35.95 | epoch: 1 | total time: 383.49m | eta: 121.8m
kind=muon
kind=muon
kind=muon
kind=muon
P:  torch.Size([12, 32])
S torch.Size([12, 12, 32])
P:  torch.Size([1536, 1536])
S torch.Size([96, 1536, 1536])
P:  torch.Size([1536, 6144])
S torch.Size([24, 1536, 6144])
P:  torch.Size([6144, 1536])
S torch.Size([24, 6144, 1536])
step 01588/02088 (76.05%) | loss: 2.789700 | lrm: 0.48 | dt: 14588.74ms | tok/sec: 71,875 | bf16_mfu: 35.94 | epoch: 1 | total time: 383.73m | eta: 121.6m
kind=muon
kind=muon
kind=muon
kind=muon
P:  torch.Size([12, 32])
S torch.Size([12, 12, 32])
P:  torch.Size([1536, 1536])
S torch.Size([96, 1536, 1536])
P:  torch.Size([1536, 6144])
S torch.Size([24, 1536, 6144])
P:  torch.Size([6144, 1536])
S torch.Size([24, 6144, 1536])
step 01589/02088 (76.10%) | loss: 2.798402 | lrm: 0.48 | dt: 14591.69ms | tok/sec: 71,861 | bf16_mfu: 35.93 | epoch: 1 | total time: 383.97m | eta: 121.3m
kind=muon
kind=muon
kind=muon
kind=muon
P:  torch.Size([12, 32])
S torch.Size([12, 12, 32])
P:  torch.Size([1536, 1536])
S torch.Size([96, 1536, 1536])
P:  torch.Size([1536, 6144])
S torch.Size([24, 1536, 6144])
P:  torch.Size([6144, 1536])
S torch.Size([24, 6144, 1536])
step 01590/02088 (76.15%) | loss: 2.793480 | lrm: 0.48 | dt: 14592.20ms | tok/sec: 71,858 | bf16_mfu: 35.93 | epoch: 1 | total time: 384.22m | eta: 121.1m
kind=muon
kind=muon
kind=muon
kind=muon
P:  torch.Size([12, 32])
S torch.Size([12, 12, 32])
P:  torch.Size([1536, 1536])
S torch.Size([96, 1536, 1536])
P:  torch.Size([1536, 6144])
S torch.Size([24, 1536, 6144])
P:  torch.Size([6144, 1536])
S torch.Size([24, 6144, 1536])
step 01591/02088 (76.20%) | loss: 2.794472 | lrm: 0.48 | dt: 14585.61ms | tok/sec: 71,891 | bf16_mfu: 35.95 | epoch: 1 | total time: 384.46m | eta: 120.9m
kind=muon
kind=muon
kind=muon
kind=muon
P:  torch.Size([12, 32])
S torch.Size([12, 12, 32])
P:  torch.Size([1536, 1536])
S torch.Size([96, 1536, 1536])
P:  torch.Size([1536, 6144])
S torch.Size([24, 1536, 6144])
P:  torch.Size([6144, 1536])
S torch.Size([24, 6144, 1536])
step 01592/02088 (76.25%) | loss: 2.786257 | lrm: 0.48 | dt: 14590.73ms | tok/sec: 71,865 | bf16_mfu: 35.93 | epoch: 1 | total time: 384.70m | eta: 120.6m
kind=muon
kind=muon
kind=muon
kind=muon
P:  torch.Size([12, 32])
S torch.Size([12, 12, 32])
P:  torch.Size([1536, 1536])
S torch.Size([96, 1536, 1536])
P:  torch.Size([1536, 6144])
S torch.Size([24, 1536, 6144])
P:  torch.Size([6144, 1536])
S torch.Size([24, 6144, 1536])
step 01593/02088 (76.29%) | loss: 2.773113 | lrm: 0.47 | dt: 14585.40ms | tok/sec: 71,892 | bf16_mfu: 35.95 | epoch: 1 | total time: 384.95m | eta: 120.4m
kind=muon
kind=muon
kind=muon
kind=muon
P:  torch.Size([12, 32])
S torch.Size([12, 12, 32])
P:  torch.Size([1536, 1536])
S torch.Size([96, 1536, 1536])
P:  torch.Size([1536, 6144])
S torch.Size([24, 1536, 6144])
P:  torch.Size([6144, 1536])
S torch.Size([24, 6144, 1536])
step 01594/02088 (76.34%) | loss: 2.760557 | lrm: 0.47 | dt: 14591.82ms | tok/sec: 71,860 | bf16_mfu: 35.93 | epoch: 1 | total time: 385.19m | eta: 120.1m
kind=muon
kind=muon
kind=muon
kind=muon
P:  torch.Size([12, 32])
S torch.Size([12, 12, 32])
P:  torch.Size([1536, 1536])
S torch.Size([96, 1536, 1536])
P:  torch.Size([1536, 6144])
S torch.Size([24, 1536, 6144])
P:  torch.Size([6144, 1536])
S torch.Size([24, 6144, 1536])
step 01595/02088 (76.39%) | loss: 2.758293 | lrm: 0.47 | dt: 14591.06ms | tok/sec: 71,864 | bf16_mfu: 35.93 | epoch: 1 | total time: 385.43m | eta: 119.9m
kind=muon
kind=muon
kind=muon
kind=muon
P:  torch.Size([12, 32])
S torch.Size([12, 12, 32])
P:  torch.Size([1536, 1536])
S torch.Size([96, 1536, 1536])
P:  torch.Size([1536, 6144])
S torch.Size([24, 1536, 6144])
P:  torch.Size([6144, 1536])
S torch.Size([24, 6144, 1536])
step 01596/02088 (76.44%) | loss: 2.755023 | lrm: 0.47 | dt: 14588.35ms | tok/sec: 71,877 | bf16_mfu: 35.94 | epoch: 1 | total time: 385.68m | eta: 119.6m
kind=muon
kind=muon
kind=muon
kind=muon
P:  torch.Size([12, 32])
S torch.Size([12, 12, 32])
P:  torch.Size([1536, 1536])
S torch.Size([96, 1536, 1536])
P:  torch.Size([1536, 6144])
S torch.Size([24, 1536, 6144])
P:  torch.Size([6144, 1536])
S torch.Size([24, 6144, 1536])
step 01597/02088 (76.48%) | loss: 2.767368 | lrm: 0.47 | dt: 14593.96ms | tok/sec: 71,849 | bf16_mfu: 35.93 | epoch: 1 | total time: 385.92m | eta: 119.4m
kind=muon
kind=muon
kind=muon
kind=muon
P:  torch.Size([12, 32])
S torch.Size([12, 12, 32])
P:  torch.Size([1536, 1536])
S torch.Size([96, 1536, 1536])
P:  torch.Size([1536, 6144])
S torch.Size([24, 1536, 6144])
P:  torch.Size([6144, 1536])
S torch.Size([24, 6144, 1536])
step 01598/02088 (76.53%) | loss: 2.771589 | lrm: 0.47 | dt: 14589.90ms | tok/sec: 71,869 | bf16_mfu: 35.94 | epoch: 1 | total time: 386.16m | eta: 119.2m
kind=muon
kind=muon
kind=muon
kind=muon
P:  torch.Size([12, 32])
S torch.Size([12, 12, 32])
P:  torch.Size([1536, 1536])
S torch.Size([96, 1536, 1536])
P:  torch.Size([1536, 6144])
S torch.Size([24, 1536, 6144])
P:  torch.Size([6144, 1536])
S torch.Size([24, 6144, 1536])
step 01599/02088 (76.58%) | loss: 2.763844 | lrm: 0.47 | dt: 14584.50ms | tok/sec: 71,896 | bf16_mfu: 35.95 | epoch: 1 | total time: 386.41m | eta: 118.9m
kind=muon
kind=muon
kind=muon
kind=muon
P:  torch.Size([12, 32])
S torch.Size([12, 12, 32])
P:  torch.Size([1536, 1536])
S torch.Size([96, 1536, 1536])
P:  torch.Size([1536, 6144])
S torch.Size([24, 1536, 6144])
P:  torch.Size([6144, 1536])
S torch.Size([24, 6144, 1536])
step 01600/02088 (76.63%) | loss: 2.767260 | lrm: 0.47 | dt: 14587.65ms | tok/sec: 71,881 | bf16_mfu: 35.94 | epoch: 1 | total time: 386.65m | eta: 118.7m
kind=muon
kind=muon
kind=muon
kind=muon
P:  torch.Size([12, 32])
S torch.Size([12, 12, 32])
P:  torch.Size([1536, 1536])
S torch.Size([96, 1536, 1536])
P:  torch.Size([1536, 6144])
S torch.Size([24, 1536, 6144])
P:  torch.Size([6144, 1536])
S torch.Size([24, 6144, 1536])
step 01601/02088 (76.68%) | loss: 2.768587 | lrm: 0.47 | dt: 14588.04ms | tok/sec: 71,879 | bf16_mfu: 35.94 | epoch: 1 | total time: 386.89m | eta: 118.4m
kind=muon
kind=muon
kind=muon
kind=muon
P:  torch.Size([12, 32])
S torch.Size([12, 12, 32])
P:  torch.Size([1536, 1536])
S torch.Size([96, 1536, 1536])
P:  torch.Size([1536, 6144])
S torch.Size([24, 1536, 6144])
P:  torch.Size([6144, 1536])
S torch.Size([24, 6144, 1536])
step 01602/02088 (76.72%) | loss: 2.774363 | lrm: 0.47 | dt: 14587.50ms | tok/sec: 71,881 | bf16_mfu: 35.94 | epoch: 1 | total time: 387.13m | eta: 118.2m
kind=muon
kind=muon
kind=muon
kind=muon
P:  torch.Size([12, 32])
S torch.Size([12, 12, 32])
P:  torch.Size([1536, 1536])
S torch.Size([96, 1536, 1536])
P:  torch.Size([1536, 6144])
S torch.Size([24, 1536, 6144])
P:  torch.Size([6144, 1536])
S torch.Size([24, 6144, 1536])
step 01603/02088 (76.77%) | loss: 2.765280 | lrm: 0.46 | dt: 14586.40ms | tok/sec: 71,887 | bf16_mfu: 35.94 | epoch: 1 | total time: 387.38m | eta: 117.9m
kind=muon
kind=muon
kind=muon
kind=muon
P:  torch.Size([12, 32])
S torch.Size([12, 12, 32])
P:  torch.Size([1536, 1536])
S torch.Size([96, 1536, 1536])
P:  torch.Size([1536, 6144])
S torch.Size([24, 1536, 6144])
P:  torch.Size([6144, 1536])
S torch.Size([24, 6144, 1536])
step 01604/02088 (76.82%) | loss: 2.752559 | lrm: 0.46 | dt: 14589.78ms | tok/sec: 71,870 | bf16_mfu: 35.94 | epoch: 1 | total time: 387.62m | eta: 117.7m
kind=muon
kind=muon
kind=muon
kind=muon
P:  torch.Size([12, 32])
S torch.Size([12, 12, 32])
P:  torch.Size([1536, 1536])
S torch.Size([96, 1536, 1536])
P:  torch.Size([1536, 6144])
S torch.Size([24, 1536, 6144])
P:  torch.Size([6144, 1536])
S torch.Size([24, 6144, 1536])
step 01605/02088 (76.87%) | loss: 2.746670 | lrm: 0.46 | dt: 14589.22ms | tok/sec: 71,873 | bf16_mfu: 35.94 | epoch: 1 | total time: 387.86m | eta: 117.5m
kind=muon
kind=muon
kind=muon
kind=muon
P:  torch.Size([12, 32])
S torch.Size([12, 12, 32])
P:  torch.Size([1536, 1536])
S torch.Size([96, 1536, 1536])
P:  torch.Size([1536, 6144])
S torch.Size([24, 1536, 6144])
P:  torch.Size([6144, 1536])
S torch.Size([24, 6144, 1536])
step 01606/02088 (76.92%) | loss: 2.753501 | lrm: 0.46 | dt: 14590.95ms | tok/sec: 71,864 | bf16_mfu: 35.93 | epoch: 1 | total time: 388.11m | eta: 117.2m
kind=muon
kind=muon
kind=muon
kind=muon
P:  torch.Size([12, 32])
S torch.Size([12, 12, 32])
P:  torch.Size([1536, 1536])
S torch.Size([96, 1536, 1536])
P:  torch.Size([1536, 6144])
S torch.Size([24, 1536, 6144])
P:  torch.Size([6144, 1536])
S torch.Size([24, 6144, 1536])
step 01607/02088 (76.96%) | loss: 2.749697 | lrm: 0.46 | dt: 14584.98ms | tok/sec: 71,894 | bf16_mfu: 35.95 | epoch: 1 | total time: 388.35m | eta: 117.0m
kind=muon
kind=muon
kind=muon
kind=muon
P:  torch.Size([12, 32])
S torch.Size([12, 12, 32])
P:  torch.Size([1536, 1536])
S torch.Size([96, 1536, 1536])
P:  torch.Size([1536, 6144])
S torch.Size([24, 1536, 6144])
P:  torch.Size([6144, 1536])
S torch.Size([24, 6144, 1536])
step 01608/02088 (77.01%) | loss: 2.761698 | lrm: 0.46 | dt: 14592.14ms | tok/sec: 71,858 | bf16_mfu: 35.93 | epoch: 1 | total time: 388.59m | eta: 116.7m
kind=muon
kind=muon
kind=muon
kind=muon
P:  torch.Size([12, 32])
S torch.Size([12, 12, 32])
P:  torch.Size([1536, 1536])
S torch.Size([96, 1536, 1536])
P:  torch.Size([1536, 6144])
S torch.Size([24, 1536, 6144])
P:  torch.Size([6144, 1536])
S torch.Size([24, 6144, 1536])
step 01609/02088 (77.06%) | loss: 2.752445 | lrm: 0.46 | dt: 14586.67ms | tok/sec: 71,885 | bf16_mfu: 35.94 | epoch: 1 | total time: 388.84m | eta: 116.5m
kind=muon
kind=muon
kind=muon
kind=muon
P:  torch.Size([12, 32])
S torch.Size([12, 12, 32])
P:  torch.Size([1536, 1536])
S torch.Size([96, 1536, 1536])
P:  torch.Size([1536, 6144])
S torch.Size([24, 1536, 6144])
P:  torch.Size([6144, 1536])
S torch.Size([24, 6144, 1536])
step 01610/02088 (77.11%) | loss: 2.735330 | lrm: 0.46 | dt: 14589.42ms | tok/sec: 71,872 | bf16_mfu: 35.94 | epoch: 1 | total time: 389.08m | eta: 116.2m
kind=muon
kind=muon
kind=muon
kind=muon
P:  torch.Size([12, 32])
S torch.Size([12, 12, 32])
P:  torch.Size([1536, 1536])
S torch.Size([96, 1536, 1536])
P:  torch.Size([1536, 6144])
S torch.Size([24, 1536, 6144])
P:  torch.Size([6144, 1536])
S torch.Size([24, 6144, 1536])
step 01611/02088 (77.16%) | loss: 2.732832 | lrm: 0.46 | dt: 14587.95ms | tok/sec: 71,879 | bf16_mfu: 35.94 | epoch: 1 | total time: 389.32m | eta: 116.0m
kind=muon
kind=muon
kind=muon
kind=muon
P:  torch.Size([12, 32])
S torch.Size([12, 12, 32])
P:  torch.Size([1536, 1536])
S torch.Size([96, 1536, 1536])
P:  torch.Size([1536, 6144])
S torch.Size([24, 1536, 6144])
P:  torch.Size([6144, 1536])
S torch.Size([24, 6144, 1536])
step 01612/02088 (77.20%) | loss: 2.727304 | lrm: 0.46 | dt: 14586.47ms | tok/sec: 71,886 | bf16_mfu: 35.94 | epoch: 1 | total time: 389.57m | eta: 115.8m
kind=muon
kind=muon
kind=muon
kind=muon
P:  torch.Size([12, 32])
S torch.Size([12, 12, 32])
P:  torch.Size([1536, 1536])
S torch.Size([96, 1536, 1536])
P:  torch.Size([1536, 6144])
S torch.Size([24, 1536, 6144])
P:  torch.Size([6144, 1536])
S torch.Size([24, 6144, 1536])
step 01613/02088 (77.25%) | loss: 2.733012 | lrm: 0.45 | dt: 14591.28ms | tok/sec: 71,863 | bf16_mfu: 35.93 | epoch: 1 | total time: 389.81m | eta: 115.5m
kind=muon
kind=muon
kind=muon
kind=muon
P:  torch.Size([12, 32])
S torch.Size([12, 12, 32])
P:  torch.Size([1536, 1536])
S torch.Size([96, 1536, 1536])
P:  torch.Size([1536, 6144])
S torch.Size([24, 1536, 6144])
P:  torch.Size([6144, 1536])
S torch.Size([24, 6144, 1536])
step 01614/02088 (77.30%) | loss: 2.734323 | lrm: 0.45 | dt: 14588.24ms | tok/sec: 71,878 | bf16_mfu: 35.94 | epoch: 1 | total time: 390.05m | eta: 115.3m
kind=muon
kind=muon
kind=muon
kind=muon
P:  torch.Size([12, 32])
S torch.Size([12, 12, 32])
P:  torch.Size([1536, 1536])
S torch.Size([96, 1536, 1536])
P:  torch.Size([1536, 6144])
S torch.Size([24, 1536, 6144])
P:  torch.Size([6144, 1536])
S torch.Size([24, 6144, 1536])
step 01615/02088 (77.35%) | loss: 2.738485 | lrm: 0.45 | dt: 14585.87ms | tok/sec: 71,889 | bf16_mfu: 35.95 | epoch: 1 | total time: 390.30m | eta: 115.0m
kind=muon
kind=muon
kind=muon
kind=muon
P:  torch.Size([12, 32])
S torch.Size([12, 12, 32])
P:  torch.Size([1536, 1536])
S torch.Size([96, 1536, 1536])
P:  torch.Size([1536, 6144])
S torch.Size([24, 1536, 6144])
P:  torch.Size([6144, 1536])
S torch.Size([24, 6144, 1536])
step 01616/02088 (77.39%) | loss: 2.736463 | lrm: 0.45 | dt: 14587.46ms | tok/sec: 71,882 | bf16_mfu: 35.94 | epoch: 1 | total time: 390.54m | eta: 114.8m
kind=muon
kind=muon
kind=muon
kind=muon
P:  torch.Size([12, 32])
S torch.Size([12, 12, 32])
P:  torch.Size([1536, 1536])
S torch.Size([96, 1536, 1536])
P:  torch.Size([1536, 6144])
S torch.Size([24, 1536, 6144])
P:  torch.Size([6144, 1536])
S torch.Size([24, 6144, 1536])
step 01617/02088 (77.44%) | loss: 2.742199 | lrm: 0.45 | dt: 14591.32ms | tok/sec: 71,863 | bf16_mfu: 35.93 | epoch: 1 | total time: 390.78m | eta: 114.5m
kind=muon
kind=muon
kind=muon
kind=muon
P:  torch.Size([12, 32])
S torch.Size([12, 12, 32])
P:  torch.Size([1536, 1536])
S torch.Size([96, 1536, 1536])
P:  torch.Size([1536, 6144])
S torch.Size([24, 1536, 6144])
P:  torch.Size([6144, 1536])
S torch.Size([24, 6144, 1536])
step 01618/02088 (77.49%) | loss: 2.737229 | lrm: 0.45 | dt: 14589.73ms | tok/sec: 71,870 | bf16_mfu: 35.94 | epoch: 1 | total time: 391.03m | eta: 114.3m
kind=muon
kind=muon
kind=muon
kind=muon
P:  torch.Size([12, 32])
S torch.Size([12, 12, 32])
P:  torch.Size([1536, 1536])
S torch.Size([96, 1536, 1536])
P:  torch.Size([1536, 6144])
S torch.Size([24, 1536, 6144])
P:  torch.Size([6144, 1536])
S torch.Size([24, 6144, 1536])
step 01619/02088 (77.54%) | loss: 2.734848 | lrm: 0.45 | dt: 14582.14ms | tok/sec: 71,908 | bf16_mfu: 35.95 | epoch: 1 | total time: 391.27m | eta: 114.0m
kind=muon
kind=muon
kind=muon
kind=muon
P:  torch.Size([12, 32])
S torch.Size([12, 12, 32])
P:  torch.Size([1536, 1536])
S torch.Size([96, 1536, 1536])
P:  torch.Size([1536, 6144])
S torch.Size([24, 1536, 6144])
P:  torch.Size([6144, 1536])
S torch.Size([24, 6144, 1536])
step 01620/02088 (77.59%) | loss: 2.727172 | lrm: 0.45 | dt: 14589.25ms | tok/sec: 71,873 | bf16_mfu: 35.94 | epoch: 1 | total time: 391.51m | eta: 113.8m
kind=muon
kind=muon
kind=muon
kind=muon
P:  torch.Size([12, 32])
S torch.Size([12, 12, 32])
P:  torch.Size([1536, 1536])
S torch.Size([96, 1536, 1536])
P:  torch.Size([1536, 6144])
S torch.Size([24, 1536, 6144])
P:  torch.Size([6144, 1536])
S torch.Size([24, 6144, 1536])
step 01621/02088 (77.63%) | loss: 2.734303 | lrm: 0.45 | dt: 14590.04ms | tok/sec: 71,869 | bf16_mfu: 35.94 | epoch: 1 | total time: 391.75m | eta: 113.6m
kind=muon
kind=muon
kind=muon
kind=muon
P:  torch.Size([12, 32])
S torch.Size([12, 12, 32])
P:  torch.Size([1536, 1536])
S torch.Size([96, 1536, 1536])
P:  torch.Size([1536, 6144])
S torch.Size([24, 1536, 6144])
P:  torch.Size([6144, 1536])
S torch.Size([24, 6144, 1536])
step 01622/02088 (77.68%) | loss: 2.728009 | lrm: 0.45 | dt: 14593.72ms | tok/sec: 71,851 | bf16_mfu: 35.93 | epoch: 1 | total time: 392.00m | eta: 113.3m
kind=muon
kind=muon
kind=muon
kind=muon
P:  torch.Size([12, 32])
S torch.Size([12, 12, 32])
P:  torch.Size([1536, 1536])
S torch.Size([96, 1536, 1536])
P:  torch.Size([1536, 6144])
S torch.Size([24, 1536, 6144])
P:  torch.Size([6144, 1536])
S torch.Size([24, 6144, 1536])
step 01623/02088 (77.73%) | loss: 2.723733 | lrm: 0.45 | dt: 14590.41ms | tok/sec: 71,867 | bf16_mfu: 35.93 | epoch: 1 | total time: 392.24m | eta: 113.1m
kind=muon
kind=muon
kind=muon
kind=muon
P:  torch.Size([12, 32])
S torch.Size([12, 12, 32])
P:  torch.Size([1536, 1536])
S torch.Size([96, 1536, 1536])
P:  torch.Size([1536, 6144])
S torch.Size([24, 1536, 6144])
P:  torch.Size([6144, 1536])
S torch.Size([24, 6144, 1536])
step 01624/02088 (77.78%) | loss: 2.725826 | lrm: 0.44 | dt: 14593.95ms | tok/sec: 71,850 | bf16_mfu: 35.93 | epoch: 1 | total time: 392.48m | eta: 112.8m
kind=muon
kind=muon
kind=muon
kind=muon
P:  torch.Size([12, 32])
S torch.Size([12, 12, 32])
P:  torch.Size([1536, 1536])
S torch.Size([96, 1536, 1536])
P:  torch.Size([1536, 6144])
S torch.Size([24, 1536, 6144])
P:  torch.Size([6144, 1536])
S torch.Size([24, 6144, 1536])
step 01625/02088 (77.83%) | loss: 2.717303 | lrm: 0.44 | dt: 14587.51ms | tok/sec: 71,881 | bf16_mfu: 35.94 | epoch: 1 | total time: 392.73m | eta: 112.6m
kind=muon
kind=muon
kind=muon
kind=muon
P:  torch.Size([12, 32])
S torch.Size([12, 12, 32])
P:  torch.Size([1536, 1536])
S torch.Size([96, 1536, 1536])
P:  torch.Size([1536, 6144])
S torch.Size([24, 1536, 6144])
P:  torch.Size([6144, 1536])
S torch.Size([24, 6144, 1536])
step 01626/02088 (77.87%) | loss: 2.723576 | lrm: 0.44 | dt: 14585.72ms | tok/sec: 71,890 | bf16_mfu: 35.95 | epoch: 1 | total time: 392.97m | eta: 112.3m
kind=muon
kind=muon
kind=muon
kind=muon
P:  torch.Size([12, 32])
S torch.Size([12, 12, 32])
P:  torch.Size([1536, 1536])
S torch.Size([96, 1536, 1536])
P:  torch.Size([1536, 6144])
S torch.Size([24, 1536, 6144])
P:  torch.Size([6144, 1536])
S torch.Size([24, 6144, 1536])
step 01627/02088 (77.92%) | loss: 2.733738 | lrm: 0.44 | dt: 14590.11ms | tok/sec: 71,868 | bf16_mfu: 35.94 | epoch: 1 | total time: 393.21m | eta: 112.1m
kind=muon
kind=muon
kind=muon
kind=muon
P:  torch.Size([12, 32])
S torch.Size([12, 12, 32])
P:  torch.Size([1536, 1536])
S torch.Size([96, 1536, 1536])
P:  torch.Size([1536, 6144])
S torch.Size([24, 1536, 6144])
P:  torch.Size([6144, 1536])
S torch.Size([24, 6144, 1536])
step 01628/02088 (77.97%) | loss: 2.753060 | lrm: 0.44 | dt: 14590.48ms | tok/sec: 71,867 | bf16_mfu: 35.93 | epoch: 1 | total time: 393.46m | eta: 111.9m
kind=muon
kind=muon
kind=muon
kind=muon
P:  torch.Size([12, 32])
S torch.Size([12, 12, 32])
P:  torch.Size([1536, 1536])
S torch.Size([96, 1536, 1536])
P:  torch.Size([1536, 6144])
S torch.Size([24, 1536, 6144])
P:  torch.Size([6144, 1536])
S torch.Size([24, 6144, 1536])
step 01629/02088 (78.02%) | loss: 2.748748 | lrm: 0.44 | dt: 14585.69ms | tok/sec: 71,890 | bf16_mfu: 35.95 | epoch: 1 | total time: 393.70m | eta: 111.6m
kind=muon
kind=muon
kind=muon
kind=muon
P:  torch.Size([12, 32])
S torch.Size([12, 12, 32])
P:  torch.Size([1536, 1536])
S torch.Size([96, 1536, 1536])
P:  torch.Size([1536, 6144])
S torch.Size([24, 1536, 6144])
P:  torch.Size([6144, 1536])
S torch.Size([24, 6144, 1536])
step 01630/02088 (78.07%) | loss: 2.762104 | lrm: 0.44 | dt: 14587.60ms | tok/sec: 71,881 | bf16_mfu: 35.94 | epoch: 1 | total time: 393.94m | eta: 111.4m
kind=muon
kind=muon
kind=muon
kind=muon
P:  torch.Size([12, 32])
S torch.Size([12, 12, 32])
P:  torch.Size([1536, 1536])
S torch.Size([96, 1536, 1536])
P:  torch.Size([1536, 6144])
S torch.Size([24, 1536, 6144])
P:  torch.Size([6144, 1536])
S torch.Size([24, 6144, 1536])
step 01631/02088 (78.11%) | loss: 2.760153 | lrm: 0.44 | dt: 14591.69ms | tok/sec: 71,861 | bf16_mfu: 35.93 | epoch: 1 | total time: 394.19m | eta: 111.1m
kind=muon
kind=muon
kind=muon
kind=muon
P:  torch.Size([12, 32])
S torch.Size([12, 12, 32])
P:  torch.Size([1536, 1536])
S torch.Size([96, 1536, 1536])
P:  torch.Size([1536, 6144])
S torch.Size([24, 1536, 6144])
P:  torch.Size([6144, 1536])
S torch.Size([24, 6144, 1536])
step 01632/02088 (78.16%) | loss: 2.746939 | lrm: 0.44 | dt: 14591.00ms | tok/sec: 71,864 | bf16_mfu: 35.93 | epoch: 1 | total time: 394.43m | eta: 110.9m
kind=muon
kind=muon
kind=muon
kind=muon
P:  torch.Size([12, 32])
S torch.Size([12, 12, 32])
P:  torch.Size([1536, 1536])
S torch.Size([96, 1536, 1536])
P:  torch.Size([1536, 6144])
S torch.Size([24, 1536, 6144])
P:  torch.Size([6144, 1536])
S torch.Size([24, 6144, 1536])
step 01633/02088 (78.21%) | loss: 2.732635 | lrm: 0.44 | dt: 14591.15ms | tok/sec: 71,863 | bf16_mfu: 35.93 | epoch: 1 | total time: 394.67m | eta: 110.6m
kind=muon
kind=muon
kind=muon
kind=muon
P:  torch.Size([12, 32])
S torch.Size([12, 12, 32])
P:  torch.Size([1536, 1536])
S torch.Size([96, 1536, 1536])
P:  torch.Size([1536, 6144])
S torch.Size([24, 1536, 6144])
P:  torch.Size([6144, 1536])
S torch.Size([24, 6144, 1536])
step 01634/02088 (78.26%) | loss: 2.743609 | lrm: 0.43 | dt: 14598.85ms | tok/sec: 71,825 | bf16_mfu: 35.91 | epoch: 1 | total time: 394.92m | eta: 110.4m
kind=muon
kind=muon
kind=muon
kind=muon
P:  torch.Size([12, 32])
S torch.Size([12, 12, 32])
P:  torch.Size([1536, 1536])
S torch.Size([96, 1536, 1536])
P:  torch.Size([1536, 6144])
S torch.Size([24, 1536, 6144])
P:  torch.Size([6144, 1536])
S torch.Size([24, 6144, 1536])
step 01635/02088 (78.30%) | loss: 2.748289 | lrm: 0.43 | dt: 14587.25ms | tok/sec: 71,883 | bf16_mfu: 35.94 | epoch: 1 | total time: 395.16m | eta: 110.2m
kind=muon
kind=muon
kind=muon
kind=muon
P:  torch.Size([12, 32])
S torch.Size([12, 12, 32])
P:  torch.Size([1536, 1536])
S torch.Size([96, 1536, 1536])
P:  torch.Size([1536, 6144])
S torch.Size([24, 1536, 6144])
P:  torch.Size([6144, 1536])
S torch.Size([24, 6144, 1536])
step 01636/02088 (78.35%) | loss: 2.741448 | lrm: 0.43 | dt: 14588.65ms | tok/sec: 71,876 | bf16_mfu: 35.94 | epoch: 1 | total time: 395.40m | eta: 109.9m
kind=muon
kind=muon
kind=muon
kind=muon
P:  torch.Size([12, 32])
S torch.Size([12, 12, 32])
P:  torch.Size([1536, 1536])
S torch.Size([96, 1536, 1536])
P:  torch.Size([1536, 6144])
S torch.Size([24, 1536, 6144])
P:  torch.Size([6144, 1536])
S torch.Size([24, 6144, 1536])
step 01637/02088 (78.40%) | loss: 2.746243 | lrm: 0.43 | dt: 14589.01ms | tok/sec: 71,874 | bf16_mfu: 35.94 | epoch: 1 | total time: 395.65m | eta: 109.7m
kind=muon
kind=muon
kind=muon
kind=muon
P:  torch.Size([12, 32])
S torch.Size([12, 12, 32])
P:  torch.Size([1536, 1536])
S torch.Size([96, 1536, 1536])
P:  torch.Size([1536, 6144])
S torch.Size([24, 1536, 6144])
P:  torch.Size([6144, 1536])
S torch.Size([24, 6144, 1536])
step 01638/02088 (78.45%) | loss: 2.733951 | lrm: 0.43 | dt: 14593.12ms | tok/sec: 71,854 | bf16_mfu: 35.93 | epoch: 1 | total time: 395.89m | eta: 109.4m
kind=muon
kind=muon
kind=muon
kind=muon
P:  torch.Size([12, 32])
S torch.Size([12, 12, 32])
P:  torch.Size([1536, 1536])
S torch.Size([96, 1536, 1536])
P:  torch.Size([1536, 6144])
S torch.Size([24, 1536, 6144])
P:  torch.Size([6144, 1536])
S torch.Size([24, 6144, 1536])
step 01639/02088 (78.50%) | loss: 2.736224 | lrm: 0.43 | dt: 14583.89ms | tok/sec: 71,899 | bf16_mfu: 35.95 | epoch: 1 | total time: 396.13m | eta: 109.2m
kind=muon
kind=muon
kind=muon
kind=muon
P:  torch.Size([12, 32])
S torch.Size([12, 12, 32])
P:  torch.Size([1536, 1536])
S torch.Size([96, 1536, 1536])
P:  torch.Size([1536, 6144])
S torch.Size([24, 1536, 6144])
P:  torch.Size([6144, 1536])
S torch.Size([24, 6144, 1536])
step 01640/02088 (78.54%) | loss: 2.744007 | lrm: 0.43 | dt: 14583.41ms | tok/sec: 71,901 | bf16_mfu: 35.95 | epoch: 1 | total time: 396.37m | eta: 108.9m
kind=muon
kind=muon
kind=muon
kind=muon
P:  torch.Size([12, 32])
S torch.Size([12, 12, 32])
P:  torch.Size([1536, 1536])
S torch.Size([96, 1536, 1536])
P:  torch.Size([1536, 6144])
S torch.Size([24, 1536, 6144])
P:  torch.Size([6144, 1536])
S torch.Size([24, 6144, 1536])
step 01641/02088 (78.59%) | loss: 2.723710 | lrm: 0.43 | dt: 14590.76ms | tok/sec: 71,865 | bf16_mfu: 35.93 | epoch: 1 | total time: 396.62m | eta: 108.7m
kind=muon
kind=muon
kind=muon
kind=muon
P:  torch.Size([12, 32])
S torch.Size([12, 12, 32])
P:  torch.Size([1536, 1536])
S torch.Size([96, 1536, 1536])
P:  torch.Size([1536, 6144])
S torch.Size([24, 1536, 6144])
P:  torch.Size([6144, 1536])
S torch.Size([24, 6144, 1536])
step 01642/02088 (78.64%) | loss: 2.724201 | lrm: 0.43 | dt: 14593.36ms | tok/sec: 71,852 | bf16_mfu: 35.93 | epoch: 1 | total time: 396.86m | eta: 108.5m
kind=muon
kind=muon
kind=muon
kind=muon
P:  torch.Size([12, 32])
S torch.Size([12, 12, 32])
P:  torch.Size([1536, 1536])
S torch.Size([96, 1536, 1536])
P:  torch.Size([1536, 6144])
S torch.Size([24, 1536, 6144])
P:  torch.Size([6144, 1536])
S torch.Size([24, 6144, 1536])
step 01643/02088 (78.69%) | loss: 2.734262 | lrm: 0.43 | dt: 14587.56ms | tok/sec: 71,881 | bf16_mfu: 35.94 | epoch: 1 | total time: 397.10m | eta: 108.2m
kind=muon
kind=muon
kind=muon
kind=muon
P:  torch.Size([12, 32])
S torch.Size([12, 12, 32])
P:  torch.Size([1536, 1536])
S torch.Size([96, 1536, 1536])
P:  torch.Size([1536, 6144])
S torch.Size([24, 1536, 6144])
P:  torch.Size([6144, 1536])
S torch.Size([24, 6144, 1536])
step 01644/02088 (78.74%) | loss: 2.735036 | lrm: 0.43 | dt: 14584.70ms | tok/sec: 71,895 | bf16_mfu: 35.95 | epoch: 1 | total time: 397.35m | eta: 108.0m
kind=muon
kind=muon
kind=muon
kind=muon
P:  torch.Size([12, 32])
S torch.Size([12, 12, 32])
P:  torch.Size([1536, 1536])
S torch.Size([96, 1536, 1536])
P:  torch.Size([1536, 6144])
S torch.Size([24, 1536, 6144])
P:  torch.Size([6144, 1536])
S torch.Size([24, 6144, 1536])
step 01645/02088 (78.78%) | loss: 2.745984 | lrm: 0.42 | dt: 14592.56ms | tok/sec: 71,856 | bf16_mfu: 35.93 | epoch: 1 | total time: 397.59m | eta: 107.7m
kind=muon
kind=muon
kind=muon
kind=muon
P:  torch.Size([12, 32])
S torch.Size([12, 12, 32])
P:  torch.Size([1536, 1536])
S torch.Size([96, 1536, 1536])
P:  torch.Size([1536, 6144])
S torch.Size([24, 1536, 6144])
P:  torch.Size([6144, 1536])
S torch.Size([24, 6144, 1536])
step 01646/02088 (78.83%) | loss: 2.738133 | lrm: 0.42 | dt: 14588.97ms | tok/sec: 71,874 | bf16_mfu: 35.94 | epoch: 1 | total time: 397.83m | eta: 107.5m
kind=muon
kind=muon
kind=muon
kind=muon
P:  torch.Size([12, 32])
S torch.Size([12, 12, 32])
P:  torch.Size([1536, 1536])
S torch.Size([96, 1536, 1536])
P:  torch.Size([1536, 6144])
S torch.Size([24, 1536, 6144])
P:  torch.Size([6144, 1536])
S torch.Size([24, 6144, 1536])
step 01647/02088 (78.88%) | loss: 2.729111 | lrm: 0.42 | dt: 14588.03ms | tok/sec: 71,879 | bf16_mfu: 35.94 | epoch: 1 | total time: 398.08m | eta: 107.2m
kind=muon
kind=muon
kind=muon
kind=muon
P:  torch.Size([12, 32])
S torch.Size([12, 12, 32])
P:  torch.Size([1536, 1536])
S torch.Size([96, 1536, 1536])
P:  torch.Size([1536, 6144])
S torch.Size([24, 1536, 6144])
P:  torch.Size([6144, 1536])
S torch.Size([24, 6144, 1536])
step 01648/02088 (78.93%) | loss: 2.745683 | lrm: 0.42 | dt: 14587.74ms | tok/sec: 71,880 | bf16_mfu: 35.94 | epoch: 1 | total time: 398.32m | eta: 107.0m
kind=muon
kind=muon
kind=muon
kind=muon
P:  torch.Size([12, 32])
S torch.Size([12, 12, 32])
P:  torch.Size([1536, 1536])
S torch.Size([96, 1536, 1536])
P:  torch.Size([1536, 6144])
S torch.Size([24, 1536, 6144])
P:  torch.Size([6144, 1536])
S torch.Size([24, 6144, 1536])
step 01649/02088 (78.98%) | loss: 2.741506 | lrm: 0.42 | dt: 14594.14ms | tok/sec: 71,849 | bf16_mfu: 35.93 | epoch: 1 | total time: 398.56m | eta: 106.8m
kind=muon
kind=muon
kind=muon
kind=muon
P:  torch.Size([12, 32])
S torch.Size([12, 12, 32])
P:  torch.Size([1536, 1536])
S torch.Size([96, 1536, 1536])
P:  torch.Size([1536, 6144])
S torch.Size([24, 1536, 6144])
P:  torch.Size([6144, 1536])
S torch.Size([24, 6144, 1536])
step 01650/02088 (79.02%) | loss: 2.737655 | lrm: 0.42 | dt: 14593.40ms | tok/sec: 71,852 | bf16_mfu: 35.93 | epoch: 1 | total time: 398.81m | eta: 106.5m
kind=muon
kind=muon
kind=muon
kind=muon
P:  torch.Size([12, 32])
S torch.Size([12, 12, 32])
P:  torch.Size([1536, 1536])
S torch.Size([96, 1536, 1536])
P:  torch.Size([1536, 6144])
S torch.Size([24, 1536, 6144])
P:  torch.Size([6144, 1536])
S torch.Size([24, 6144, 1536])
step 01651/02088 (79.07%) | loss: 2.738187 | lrm: 0.42 | dt: 14588.67ms | tok/sec: 71,876 | bf16_mfu: 35.94 | epoch: 1 | total time: 399.05m | eta: 106.3m
kind=muon
kind=muon
kind=muon
kind=muon
P:  torch.Size([12, 32])
S torch.Size([12, 12, 32])
P:  torch.Size([1536, 1536])
S torch.Size([96, 1536, 1536])
P:  torch.Size([1536, 6144])
S torch.Size([24, 1536, 6144])
P:  torch.Size([6144, 1536])
S torch.Size([24, 6144, 1536])
step 01652/02088 (79.12%) | loss: 2.739055 | lrm: 0.42 | dt: 14592.63ms | tok/sec: 71,856 | bf16_mfu: 35.93 | epoch: 1 | total time: 399.29m | eta: 106.0m
kind=muon
kind=muon
kind=muon
kind=muon
P:  torch.Size([12, 32])
S torch.Size([12, 12, 32])
P:  torch.Size([1536, 1536])
S torch.Size([96, 1536, 1536])
P:  torch.Size([1536, 6144])
S torch.Size([24, 1536, 6144])
P:  torch.Size([6144, 1536])
S torch.Size([24, 6144, 1536])
step 01653/02088 (79.17%) | loss: 2.751142 | lrm: 0.42 | dt: 14589.76ms | tok/sec: 71,870 | bf16_mfu: 35.94 | epoch: 1 | total time: 399.54m | eta: 105.8m
kind=muon
kind=muon
kind=muon
kind=muon
P:  torch.Size([12, 32])
S torch.Size([12, 12, 32])
P:  torch.Size([1536, 1536])
S torch.Size([96, 1536, 1536])
P:  torch.Size([1536, 6144])
S torch.Size([24, 1536, 6144])
P:  torch.Size([6144, 1536])
S torch.Size([24, 6144, 1536])
step 01654/02088 (79.21%) | loss: 2.742302 | lrm: 0.42 | dt: 14589.65ms | tok/sec: 71,871 | bf16_mfu: 35.94 | epoch: 1 | total time: 399.78m | eta: 105.5m
kind=muon
kind=muon
kind=muon
kind=muon
P:  torch.Size([12, 32])
S torch.Size([12, 12, 32])
P:  torch.Size([1536, 1536])
S torch.Size([96, 1536, 1536])
P:  torch.Size([1536, 6144])
S torch.Size([24, 1536, 6144])
P:  torch.Size([6144, 1536])
S torch.Size([24, 6144, 1536])
step 01655/02088 (79.26%) | loss: 2.741970 | lrm: 0.41 | dt: 14588.46ms | tok/sec: 71,877 | bf16_mfu: 35.94 | epoch: 1 | total time: 400.02m | eta: 105.3m
kind=muon
kind=muon
kind=muon
kind=muon
P:  torch.Size([12, 32])
S torch.Size([12, 12, 32])
P:  torch.Size([1536, 1536])
S torch.Size([96, 1536, 1536])
P:  torch.Size([1536, 6144])
S torch.Size([24, 1536, 6144])
P:  torch.Size([6144, 1536])
S torch.Size([24, 6144, 1536])
step 01656/02088 (79.31%) | loss: 2.746840 | lrm: 0.41 | dt: 14591.66ms | tok/sec: 71,861 | bf16_mfu: 35.93 | epoch: 1 | total time: 400.27m | eta: 105.1m
kind=muon
kind=muon
kind=muon
kind=muon
P:  torch.Size([12, 32])
S torch.Size([12, 12, 32])
P:  torch.Size([1536, 1536])
S torch.Size([96, 1536, 1536])
P:  torch.Size([1536, 6144])
S torch.Size([24, 1536, 6144])
P:  torch.Size([6144, 1536])
S torch.Size([24, 6144, 1536])
step 01657/02088 (79.36%) | loss: 2.746754 | lrm: 0.41 | dt: 14591.80ms | tok/sec: 71,860 | bf16_mfu: 35.93 | epoch: 1 | total time: 400.51m | eta: 104.8m
kind=muon
kind=muon
kind=muon
kind=muon
P:  torch.Size([12, 32])
S torch.Size([12, 12, 32])
P:  torch.Size([1536, 1536])
S torch.Size([96, 1536, 1536])
P:  torch.Size([1536, 6144])
S torch.Size([24, 1536, 6144])
P:  torch.Size([6144, 1536])
S torch.Size([24, 6144, 1536])
step 01658/02088 (79.41%) | loss: 2.741689 | lrm: 0.41 | dt: 14593.28ms | tok/sec: 71,853 | bf16_mfu: 35.93 | epoch: 1 | total time: 400.75m | eta: 104.6m
kind=muon
kind=muon
kind=muon
kind=muon
P:  torch.Size([12, 32])
S torch.Size([12, 12, 32])
P:  torch.Size([1536, 1536])
S torch.Size([96, 1536, 1536])
P:  torch.Size([1536, 6144])
S torch.Size([24, 1536, 6144])
P:  torch.Size([6144, 1536])
S torch.Size([24, 6144, 1536])
step 01659/02088 (79.45%) | loss: 2.733120 | lrm: 0.41 | dt: 14588.16ms | tok/sec: 71,878 | bf16_mfu: 35.94 | epoch: 1 | total time: 400.99m | eta: 104.3m
kind=muon
kind=muon
kind=muon
kind=muon
P:  torch.Size([12, 32])
S torch.Size([12, 12, 32])
P:  torch.Size([1536, 1536])
S torch.Size([96, 1536, 1536])
P:  torch.Size([1536, 6144])
S torch.Size([24, 1536, 6144])
P:  torch.Size([6144, 1536])
S torch.Size([24, 6144, 1536])
step 01660/02088 (79.50%) | loss: 2.746959 | lrm: 0.41 | dt: 14590.59ms | tok/sec: 71,866 | bf16_mfu: 35.93 | epoch: 1 | total time: 401.24m | eta: 104.1m
kind=muon
kind=muon
kind=muon
kind=muon
P:  torch.Size([12, 32])
S torch.Size([12, 12, 32])
P:  torch.Size([1536, 1536])
S torch.Size([96, 1536, 1536])
P:  torch.Size([1536, 6144])
S torch.Size([24, 1536, 6144])
P:  torch.Size([6144, 1536])
S torch.Size([24, 6144, 1536])
step 01661/02088 (79.55%) | loss: 2.741679 | lrm: 0.41 | dt: 14584.68ms | tok/sec: 71,895 | bf16_mfu: 35.95 | epoch: 1 | total time: 401.48m | eta: 103.8m
kind=muon
kind=muon
kind=muon
kind=muon
P:  torch.Size([12, 32])
S torch.Size([12, 12, 32])
P:  torch.Size([1536, 1536])
S torch.Size([96, 1536, 1536])
P:  torch.Size([1536, 6144])
S torch.Size([24, 1536, 6144])
P:  torch.Size([6144, 1536])
S torch.Size([24, 6144, 1536])
step 01662/02088 (79.60%) | loss: 2.745230 | lrm: 0.41 | dt: 14592.28ms | tok/sec: 71,858 | bf16_mfu: 35.93 | epoch: 1 | total time: 401.72m | eta: 103.6m
kind=muon
kind=muon
kind=muon
kind=muon
P:  torch.Size([12, 32])
S torch.Size([12, 12, 32])
P:  torch.Size([1536, 1536])
S torch.Size([96, 1536, 1536])
P:  torch.Size([1536, 6144])
S torch.Size([24, 1536, 6144])
P:  torch.Size([6144, 1536])
S torch.Size([24, 6144, 1536])
step 01663/02088 (79.65%) | loss: 2.750394 | lrm: 0.41 | dt: 14591.19ms | tok/sec: 71,863 | bf16_mfu: 35.93 | epoch: 1 | total time: 401.97m | eta: 103.3m
kind=muon
kind=muon
kind=muon
kind=muon
P:  torch.Size([12, 32])
S torch.Size([12, 12, 32])
P:  torch.Size([1536, 1536])
S torch.Size([96, 1536, 1536])
P:  torch.Size([1536, 6144])
S torch.Size([24, 1536, 6144])
P:  torch.Size([6144, 1536])
S torch.Size([24, 6144, 1536])
step 01664/02088 (79.69%) | loss: 2.749523 | lrm: 0.41 | dt: 14586.88ms | tok/sec: 71,884 | bf16_mfu: 35.94 | epoch: 1 | total time: 402.21m | eta: 103.1m
kind=muon
kind=muon
kind=muon
kind=muon
P:  torch.Size([12, 32])
S torch.Size([12, 12, 32])
P:  torch.Size([1536, 1536])
S torch.Size([96, 1536, 1536])
P:  torch.Size([1536, 6144])
S torch.Size([24, 1536, 6144])
P:  torch.Size([6144, 1536])
S torch.Size([24, 6144, 1536])
step 01665/02088 (79.74%) | loss: 2.769089 | lrm: 0.41 | dt: 14584.57ms | tok/sec: 71,896 | bf16_mfu: 35.95 | epoch: 1 | total time: 402.45m | eta: 102.9m
kind=muon
kind=muon
kind=muon
kind=muon
P:  torch.Size([12, 32])
S torch.Size([12, 12, 32])
P:  torch.Size([1536, 1536])
S torch.Size([96, 1536, 1536])
P:  torch.Size([1536, 6144])
S torch.Size([24, 1536, 6144])
P:  torch.Size([6144, 1536])
S torch.Size([24, 6144, 1536])
step 01666/02088 (79.79%) | loss: 2.761289 | lrm: 0.40 | dt: 14587.98ms | tok/sec: 71,879 | bf16_mfu: 35.94 | epoch: 1 | total time: 402.70m | eta: 102.6m
kind=muon
kind=muon
kind=muon
kind=muon
P:  torch.Size([12, 32])
S torch.Size([12, 12, 32])
P:  torch.Size([1536, 1536])
S torch.Size([96, 1536, 1536])
P:  torch.Size([1536, 6144])
S torch.Size([24, 1536, 6144])
P:  torch.Size([6144, 1536])
S torch.Size([24, 6144, 1536])
step 01667/02088 (79.84%) | loss: 2.742696 | lrm: 0.40 | dt: 14586.83ms | tok/sec: 71,885 | bf16_mfu: 35.94 | epoch: 1 | total time: 402.94m | eta: 102.4m
kind=muon
kind=muon
kind=muon
kind=muon
P:  torch.Size([12, 32])
S torch.Size([12, 12, 32])
P:  torch.Size([1536, 1536])
S torch.Size([96, 1536, 1536])
P:  torch.Size([1536, 6144])
S torch.Size([24, 1536, 6144])
P:  torch.Size([6144, 1536])
S torch.Size([24, 6144, 1536])
step 01668/02088 (79.89%) | loss: 2.730084 | lrm: 0.40 | dt: 14588.61ms | tok/sec: 71,876 | bf16_mfu: 35.94 | epoch: 1 | total time: 403.18m | eta: 102.1m
kind=muon
kind=muon
kind=muon
kind=muon
P:  torch.Size([12, 32])
S torch.Size([12, 12, 32])
P:  torch.Size([1536, 1536])
S torch.Size([96, 1536, 1536])
P:  torch.Size([1536, 6144])
S torch.Size([24, 1536, 6144])
P:  torch.Size([6144, 1536])
S torch.Size([24, 6144, 1536])
step 01669/02088 (79.93%) | loss: 2.739550 | lrm: 0.40 | dt: 14592.87ms | tok/sec: 71,855 | bf16_mfu: 35.93 | epoch: 1 | total time: 403.43m | eta: 101.9m
kind=muon
kind=muon
kind=muon
kind=muon
P:  torch.Size([12, 32])
S torch.Size([12, 12, 32])
P:  torch.Size([1536, 1536])
S torch.Size([96, 1536, 1536])
P:  torch.Size([1536, 6144])
S torch.Size([24, 1536, 6144])
P:  torch.Size([6144, 1536])
S torch.Size([24, 6144, 1536])
step 01670/02088 (79.98%) | loss: 2.731123 | lrm: 0.40 | dt: 14593.18ms | tok/sec: 71,853 | bf16_mfu: 35.93 | epoch: 1 | total time: 403.67m | eta: 101.6m
kind=muon
kind=muon
kind=muon
kind=muon
P:  torch.Size([12, 32])
S torch.Size([12, 12, 32])
P:  torch.Size([1536, 1536])
S torch.Size([96, 1536, 1536])
P:  torch.Size([1536, 6144])
S torch.Size([24, 1536, 6144])
P:  torch.Size([6144, 1536])
S torch.Size([24, 6144, 1536])
step 01671/02088 (80.03%) | loss: 2.734792 | lrm: 0.40 | dt: 14586.14ms | tok/sec: 71,888 | bf16_mfu: 35.95 | epoch: 1 | total time: 403.91m | eta: 101.4m
kind=muon
kind=muon
kind=muon
kind=muon
P:  torch.Size([12, 32])
S torch.Size([12, 12, 32])
P:  torch.Size([1536, 1536])
S torch.Size([96, 1536, 1536])
P:  torch.Size([1536, 6144])
S torch.Size([24, 1536, 6144])
P:  torch.Size([6144, 1536])
S torch.Size([24, 6144, 1536])
step 01672/02088 (80.08%) | loss: 2.736473 | lrm: 0.40 | dt: 14587.07ms | tok/sec: 71,883 | bf16_mfu: 35.94 | epoch: 1 | total time: 404.16m | eta: 101.2m
kind=muon
kind=muon
kind=muon
kind=muon
P:  torch.Size([12, 32])
S torch.Size([12, 12, 32])
P:  torch.Size([1536, 1536])
S torch.Size([96, 1536, 1536])
P:  torch.Size([1536, 6144])
S torch.Size([24, 1536, 6144])
P:  torch.Size([6144, 1536])
S torch.Size([24, 6144, 1536])
step 01673/02088 (80.12%) | loss: 2.741534 | lrm: 0.40 | dt: 14583.06ms | tok/sec: 71,903 | bf16_mfu: 35.95 | epoch: 1 | total time: 404.40m | eta: 100.9m
kind=muon
kind=muon
kind=muon
kind=muon
P:  torch.Size([12, 32])
S torch.Size([12, 12, 32])
P:  torch.Size([1536, 1536])
S torch.Size([96, 1536, 1536])
P:  torch.Size([1536, 6144])
S torch.Size([24, 1536, 6144])
P:  torch.Size([6144, 1536])
S torch.Size([24, 6144, 1536])
step 01674/02088 (80.17%) | loss: 2.731668 | lrm: 0.40 | dt: 14588.23ms | tok/sec: 71,878 | bf16_mfu: 35.94 | epoch: 1 | total time: 404.64m | eta: 100.7m
kind=muon
kind=muon
kind=muon
kind=muon
P:  torch.Size([12, 32])
S torch.Size([12, 12, 32])
P:  torch.Size([1536, 1536])
S torch.Size([96, 1536, 1536])
P:  torch.Size([1536, 6144])
S torch.Size([24, 1536, 6144])
P:  torch.Size([6144, 1536])
S torch.Size([24, 6144, 1536])
step 01675/02088 (80.22%) | loss: 2.739560 | lrm: 0.40 | dt: 14592.42ms | tok/sec: 71,857 | bf16_mfu: 35.93 | epoch: 1 | total time: 404.89m | eta: 100.4m
kind=muon
kind=muon
kind=muon
kind=muon
P:  torch.Size([12, 32])
S torch.Size([12, 12, 32])
P:  torch.Size([1536, 1536])
S torch.Size([96, 1536, 1536])
P:  torch.Size([1536, 6144])
S torch.Size([24, 1536, 6144])
P:  torch.Size([6144, 1536])
S torch.Size([24, 6144, 1536])
step 01676/02088 (80.27%) | loss: 2.742924 | lrm: 0.39 | dt: 14588.00ms | tok/sec: 71,879 | bf16_mfu: 35.94 | epoch: 1 | total time: 405.13m | eta: 100.2m
kind=muon
kind=muon
kind=muon
kind=muon
P:  torch.Size([12, 32])
S torch.Size([12, 12, 32])
P:  torch.Size([1536, 1536])
S torch.Size([96, 1536, 1536])
P:  torch.Size([1536, 6144])
S torch.Size([24, 1536, 6144])
P:  torch.Size([6144, 1536])
S torch.Size([24, 6144, 1536])
step 01677/02088 (80.32%) | loss: 2.746491 | lrm: 0.39 | dt: 14589.19ms | tok/sec: 71,873 | bf16_mfu: 35.94 | epoch: 1 | total time: 405.37m | eta: 99.9m
kind=muon
kind=muon
kind=muon
kind=muon
P:  torch.Size([12, 32])
S torch.Size([12, 12, 32])
P:  torch.Size([1536, 1536])
S torch.Size([96, 1536, 1536])
P:  torch.Size([1536, 6144])
S torch.Size([24, 1536, 6144])
P:  torch.Size([6144, 1536])
S torch.Size([24, 6144, 1536])
step 01678/02088 (80.36%) | loss: 2.748479 | lrm: 0.39 | dt: 14591.21ms | tok/sec: 71,863 | bf16_mfu: 35.93 | epoch: 1 | total time: 405.61m | eta: 99.7m
kind=muon
kind=muon
kind=muon
kind=muon
P:  torch.Size([12, 32])
S torch.Size([12, 12, 32])
P:  torch.Size([1536, 1536])
S torch.Size([96, 1536, 1536])
P:  torch.Size([1536, 6144])
S torch.Size([24, 1536, 6144])
P:  torch.Size([6144, 1536])
S torch.Size([24, 6144, 1536])
step 01679/02088 (80.41%) | loss: 2.744894 | lrm: 0.39 | dt: 14585.58ms | tok/sec: 71,891 | bf16_mfu: 35.95 | epoch: 1 | total time: 405.86m | eta: 99.5m
kind=muon
kind=muon
kind=muon
kind=muon
P:  torch.Size([12, 32])
S torch.Size([12, 12, 32])
P:  torch.Size([1536, 1536])
S torch.Size([96, 1536, 1536])
P:  torch.Size([1536, 6144])
S torch.Size([24, 1536, 6144])
P:  torch.Size([6144, 1536])
S torch.Size([24, 6144, 1536])
step 01680/02088 (80.46%) | loss: 2.740374 | lrm: 0.39 | dt: 14584.79ms | tok/sec: 71,895 | bf16_mfu: 35.95 | epoch: 1 | total time: 406.10m | eta: 99.2m
kind=muon
kind=muon
kind=muon
kind=muon
P:  torch.Size([12, 32])
S torch.Size([12, 12, 32])
P:  torch.Size([1536, 1536])
S torch.Size([96, 1536, 1536])
P:  torch.Size([1536, 6144])
S torch.Size([24, 1536, 6144])
P:  torch.Size([6144, 1536])
S torch.Size([24, 6144, 1536])
step 01681/02088 (80.51%) | loss: 2.728686 | lrm: 0.39 | dt: 14585.61ms | tok/sec: 71,891 | bf16_mfu: 35.95 | epoch: 1 | total time: 406.34m | eta: 99.0m
kind=muon
kind=muon
kind=muon
kind=muon
P:  torch.Size([12, 32])
S torch.Size([12, 12, 32])
P:  torch.Size([1536, 1536])
S torch.Size([96, 1536, 1536])
P:  torch.Size([1536, 6144])
S torch.Size([24, 1536, 6144])
P:  torch.Size([6144, 1536])
S torch.Size([24, 6144, 1536])
step 01682/02088 (80.56%) | loss: 2.729653 | lrm: 0.39 | dt: 14593.55ms | tok/sec: 71,851 | bf16_mfu: 35.93 | epoch: 1 | total time: 406.59m | eta: 98.7m
kind=muon
kind=muon
kind=muon
kind=muon
P:  torch.Size([12, 32])
S torch.Size([12, 12, 32])
P:  torch.Size([1536, 1536])
S torch.Size([96, 1536, 1536])
P:  torch.Size([1536, 6144])
S torch.Size([24, 1536, 6144])
P:  torch.Size([6144, 1536])
S torch.Size([24, 6144, 1536])
step 01683/02088 (80.60%) | loss: 2.735847 | lrm: 0.39 | dt: 14588.01ms | tok/sec: 71,879 | bf16_mfu: 35.94 | epoch: 1 | total time: 406.83m | eta: 98.5m
kind=muon
kind=muon
kind=muon
kind=muon
P:  torch.Size([12, 32])
S torch.Size([12, 12, 32])
P:  torch.Size([1536, 1536])
S torch.Size([96, 1536, 1536])
P:  torch.Size([1536, 6144])
S torch.Size([24, 1536, 6144])
P:  torch.Size([6144, 1536])
S torch.Size([24, 6144, 1536])
step 01684/02088 (80.65%) | loss: 2.733784 | lrm: 0.39 | dt: 14588.94ms | tok/sec: 71,874 | bf16_mfu: 35.94 | epoch: 1 | total time: 407.07m | eta: 98.2m
kind=muon
kind=muon
kind=muon
kind=muon
P:  torch.Size([12, 32])
S torch.Size([12, 12, 32])
P:  torch.Size([1536, 1536])
S torch.Size([96, 1536, 1536])
P:  torch.Size([1536, 6144])
S torch.Size([24, 1536, 6144])
P:  torch.Size([6144, 1536])
S torch.Size([24, 6144, 1536])
step 01685/02088 (80.70%) | loss: 2.733268 | lrm: 0.39 | dt: 14586.49ms | tok/sec: 71,886 | bf16_mfu: 35.94 | epoch: 1 | total time: 407.32m | eta: 98.0m
kind=muon
kind=muon
kind=muon
kind=muon
P:  torch.Size([12, 32])
S torch.Size([12, 12, 32])
P:  torch.Size([1536, 1536])
S torch.Size([96, 1536, 1536])
P:  torch.Size([1536, 6144])
S torch.Size([24, 1536, 6144])
P:  torch.Size([6144, 1536])
S torch.Size([24, 6144, 1536])
step 01686/02088 (80.75%) | loss: 2.725757 | lrm: 0.39 | dt: 14590.27ms | tok/sec: 71,868 | bf16_mfu: 35.93 | epoch: 1 | total time: 407.56m | eta: 97.8m
kind=muon
kind=muon
kind=muon
kind=muon
P:  torch.Size([12, 32])
S torch.Size([12, 12, 32])
P:  torch.Size([1536, 1536])
S torch.Size([96, 1536, 1536])
P:  torch.Size([1536, 6144])
S torch.Size([24, 1536, 6144])
P:  torch.Size([6144, 1536])
S torch.Size([24, 6144, 1536])
step 01687/02088 (80.80%) | loss: 2.732048 | lrm: 0.38 | dt: 14583.17ms | tok/sec: 71,903 | bf16_mfu: 35.95 | epoch: 1 | total time: 407.80m | eta: 97.5m
kind=muon
kind=muon
kind=muon
kind=muon
P:  torch.Size([12, 32])
S torch.Size([12, 12, 32])
P:  torch.Size([1536, 1536])
S torch.Size([96, 1536, 1536])
P:  torch.Size([1536, 6144])
S torch.Size([24, 1536, 6144])
P:  torch.Size([6144, 1536])
S torch.Size([24, 6144, 1536])
step 01688/02088 (80.84%) | loss: 2.729556 | lrm: 0.38 | dt: 14583.38ms | tok/sec: 71,902 | bf16_mfu: 35.95 | epoch: 1 | total time: 408.05m | eta: 97.3m
kind=muon
kind=muon
kind=muon
kind=muon
P:  torch.Size([12, 32])
S torch.Size([12, 12, 32])
P:  torch.Size([1536, 1536])
S torch.Size([96, 1536, 1536])
P:  torch.Size([1536, 6144])
S torch.Size([24, 1536, 6144])
P:  torch.Size([6144, 1536])
S torch.Size([24, 6144, 1536])
step 01689/02088 (80.89%) | loss: 2.732502 | lrm: 0.38 | dt: 14585.17ms | tok/sec: 71,893 | bf16_mfu: 35.95 | epoch: 1 | total time: 408.29m | eta: 97.0m
kind=muon
kind=muon
kind=muon
kind=muon
P:  torch.Size([12, 32])
S torch.Size([12, 12, 32])
P:  torch.Size([1536, 1536])
S torch.Size([96, 1536, 1536])
P:  torch.Size([1536, 6144])
S torch.Size([24, 1536, 6144])
P:  torch.Size([6144, 1536])
S torch.Size([24, 6144, 1536])
step 01690/02088 (80.94%) | loss: 2.735088 | lrm: 0.38 | dt: 14595.75ms | tok/sec: 71,841 | bf16_mfu: 35.92 | epoch: 1 | total time: 408.53m | eta: 96.8m
kind=muon
kind=muon
kind=muon
kind=muon
P:  torch.Size([12, 32])
S torch.Size([12, 12, 32])
P:  torch.Size([1536, 1536])
S torch.Size([96, 1536, 1536])
P:  torch.Size([1536, 6144])
S torch.Size([24, 1536, 6144])
P:  torch.Size([6144, 1536])
S torch.Size([24, 6144, 1536])
step 01691/02088 (80.99%) | loss: 2.728781 | lrm: 0.38 | dt: 14591.38ms | tok/sec: 71,862 | bf16_mfu: 35.93 | epoch: 1 | total time: 408.78m | eta: 96.5m
kind=muon
kind=muon
kind=muon
kind=muon
P:  torch.Size([12, 32])
S torch.Size([12, 12, 32])
P:  torch.Size([1536, 1536])
S torch.Size([96, 1536, 1536])
P:  torch.Size([1536, 6144])
S torch.Size([24, 1536, 6144])
P:  torch.Size([6144, 1536])
S torch.Size([24, 6144, 1536])
step 01692/02088 (81.03%) | loss: 2.742051 | lrm: 0.38 | dt: 14591.84ms | tok/sec: 71,860 | bf16_mfu: 35.93 | epoch: 1 | total time: 409.02m | eta: 96.3m
kind=muon
kind=muon
kind=muon
kind=muon
P:  torch.Size([12, 32])
S torch.Size([12, 12, 32])
P:  torch.Size([1536, 1536])
S torch.Size([96, 1536, 1536])
P:  torch.Size([1536, 6144])
S torch.Size([24, 1536, 6144])
P:  torch.Size([6144, 1536])
S torch.Size([24, 6144, 1536])
step 01693/02088 (81.08%) | loss: 2.744561 | lrm: 0.38 | dt: 14591.94ms | tok/sec: 71,859 | bf16_mfu: 35.93 | epoch: 1 | total time: 409.26m | eta: 96.1m
kind=muon
kind=muon
kind=muon
kind=muon
P:  torch.Size([12, 32])
S torch.Size([12, 12, 32])
P:  torch.Size([1536, 1536])
S torch.Size([96, 1536, 1536])
P:  torch.Size([1536, 6144])
S torch.Size([24, 1536, 6144])
P:  torch.Size([6144, 1536])
S torch.Size([24, 6144, 1536])
step 01694/02088 (81.13%) | loss: 2.748443 | lrm: 0.38 | dt: 14583.77ms | tok/sec: 71,900 | bf16_mfu: 35.95 | epoch: 1 | total time: 409.50m | eta: 95.8m
kind=muon
kind=muon
kind=muon
kind=muon
P:  torch.Size([12, 32])
S torch.Size([12, 12, 32])
P:  torch.Size([1536, 1536])
S torch.Size([96, 1536, 1536])
P:  torch.Size([1536, 6144])
S torch.Size([24, 1536, 6144])
P:  torch.Size([6144, 1536])
S torch.Size([24, 6144, 1536])
step 01695/02088 (81.18%) | loss: 2.745429 | lrm: 0.38 | dt: 14584.25ms | tok/sec: 71,897 | bf16_mfu: 35.95 | epoch: 1 | total time: 409.75m | eta: 95.6m
kind=muon
kind=muon
kind=muon
kind=muon
P:  torch.Size([12, 32])
S torch.Size([12, 12, 32])
P:  torch.Size([1536, 1536])
S torch.Size([96, 1536, 1536])
P:  torch.Size([1536, 6144])
S torch.Size([24, 1536, 6144])
P:  torch.Size([6144, 1536])
S torch.Size([24, 6144, 1536])
step 01696/02088 (81.23%) | loss: 2.749535 | lrm: 0.38 | dt: 14588.01ms | tok/sec: 71,879 | bf16_mfu: 35.94 | epoch: 1 | total time: 409.99m | eta: 95.3m
kind=muon
kind=muon
kind=muon
kind=muon
P:  torch.Size([12, 32])
S torch.Size([12, 12, 32])
P:  torch.Size([1536, 1536])
S torch.Size([96, 1536, 1536])
P:  torch.Size([1536, 6144])
S torch.Size([24, 1536, 6144])
P:  torch.Size([6144, 1536])
S torch.Size([24, 6144, 1536])
step 01697/02088 (81.27%) | loss: 2.755185 | lrm: 0.37 | dt: 14588.23ms | tok/sec: 71,878 | bf16_mfu: 35.94 | epoch: 1 | total time: 410.23m | eta: 95.1m
kind=muon
kind=muon
kind=muon
kind=muon
P:  torch.Size([12, 32])
S torch.Size([12, 12, 32])
P:  torch.Size([1536, 1536])
S torch.Size([96, 1536, 1536])
P:  torch.Size([1536, 6144])
S torch.Size([24, 1536, 6144])
P:  torch.Size([6144, 1536])
S torch.Size([24, 6144, 1536])
step 01698/02088 (81.32%) | loss: 2.756819 | lrm: 0.37 | dt: 14590.92ms | tok/sec: 71,864 | bf16_mfu: 35.93 | epoch: 1 | total time: 410.48m | eta: 94.8m
kind=muon
kind=muon
kind=muon
kind=muon
P:  torch.Size([12, 32])
S torch.Size([12, 12, 32])
P:  torch.Size([1536, 1536])
S torch.Size([96, 1536, 1536])
P:  torch.Size([1536, 6144])
S torch.Size([24, 1536, 6144])
P:  torch.Size([6144, 1536])
S torch.Size([24, 6144, 1536])
step 01699/02088 (81.37%) | loss: 2.757713 | lrm: 0.37 | dt: 14590.92ms | tok/sec: 71,864 | bf16_mfu: 35.93 | epoch: 1 | total time: 410.72m | eta: 94.6m
kind=muon
kind=muon
kind=muon
kind=muon
P:  torch.Size([12, 32])
S torch.Size([12, 12, 32])
P:  torch.Size([1536, 1536])
S torch.Size([96, 1536, 1536])
P:  torch.Size([1536, 6144])
S torch.Size([24, 1536, 6144])
P:  torch.Size([6144, 1536])
S torch.Size([24, 6144, 1536])
step 01700/02088 (81.42%) | loss: 2.753686 | lrm: 0.37 | dt: 14591.74ms | tok/sec: 71,860 | bf16_mfu: 35.93 | epoch: 1 | total time: 410.96m | eta: 94.4m
kind=muon
kind=muon
kind=muon
kind=muon
P:  torch.Size([12, 32])
S torch.Size([12, 12, 32])
P:  torch.Size([1536, 1536])
S torch.Size([96, 1536, 1536])
P:  torch.Size([1536, 6144])
S torch.Size([24, 1536, 6144])
P:  torch.Size([6144, 1536])
S torch.Size([24, 6144, 1536])
step 01701/02088 (81.47%) | loss: 2.746402 | lrm: 0.37 | dt: 14593.16ms | tok/sec: 71,853 | bf16_mfu: 35.93 | epoch: 1 | total time: 411.21m | eta: 94.1m
kind=muon
kind=muon
kind=muon
kind=muon
P:  torch.Size([12, 32])
S torch.Size([12, 12, 32])
P:  torch.Size([1536, 1536])
S torch.Size([96, 1536, 1536])
P:  torch.Size([1536, 6144])
S torch.Size([24, 1536, 6144])
P:  torch.Size([6144, 1536])
S torch.Size([24, 6144, 1536])
step 01702/02088 (81.51%) | loss: 2.744178 | lrm: 0.37 | dt: 14593.69ms | tok/sec: 71,851 | bf16_mfu: 35.93 | epoch: 1 | total time: 411.45m | eta: 93.9m
kind=muon
kind=muon
kind=muon
kind=muon
P:  torch.Size([12, 32])
S torch.Size([12, 12, 32])
P:  torch.Size([1536, 1536])
S torch.Size([96, 1536, 1536])
P:  torch.Size([1536, 6144])
S torch.Size([24, 1536, 6144])
P:  torch.Size([6144, 1536])
S torch.Size([24, 6144, 1536])
step 01703/02088 (81.56%) | loss: 2.737248 | lrm: 0.37 | dt: 14587.73ms | tok/sec: 71,880 | bf16_mfu: 35.94 | epoch: 1 | total time: 411.69m | eta: 93.6m
kind=muon
kind=muon
kind=muon
kind=muon
P:  torch.Size([12, 32])
S torch.Size([12, 12, 32])
P:  torch.Size([1536, 1536])
S torch.Size([96, 1536, 1536])
P:  torch.Size([1536, 6144])
S torch.Size([24, 1536, 6144])
P:  torch.Size([6144, 1536])
S torch.Size([24, 6144, 1536])
step 01704/02088 (81.61%) | loss: 2.734958 | lrm: 0.37 | dt: 14592.04ms | tok/sec: 71,859 | bf16_mfu: 35.93 | epoch: 1 | total time: 411.94m | eta: 93.4m
kind=muon
kind=muon
kind=muon
kind=muon
P:  torch.Size([12, 32])
S torch.Size([12, 12, 32])
P:  torch.Size([1536, 1536])
S torch.Size([96, 1536, 1536])
P:  torch.Size([1536, 6144])
S torch.Size([24, 1536, 6144])
P:  torch.Size([6144, 1536])
S torch.Size([24, 6144, 1536])
step 01705/02088 (81.66%) | loss: 2.728547 | lrm: 0.37 | dt: 14587.08ms | tok/sec: 71,883 | bf16_mfu: 35.94 | epoch: 1 | total time: 412.18m | eta: 93.1m
kind=muon
kind=muon
kind=muon
kind=muon
P:  torch.Size([12, 32])
S torch.Size([12, 12, 32])
P:  torch.Size([1536, 1536])
S torch.Size([96, 1536, 1536])
P:  torch.Size([1536, 6144])
S torch.Size([24, 1536, 6144])
P:  torch.Size([6144, 1536])
S torch.Size([24, 6144, 1536])
step 01706/02088 (81.70%) | loss: 2.726478 | lrm: 0.37 | dt: 14593.36ms | tok/sec: 71,852 | bf16_mfu: 35.93 | epoch: 1 | total time: 412.42m | eta: 92.9m
kind=muon
kind=muon
kind=muon
kind=muon
P:  torch.Size([12, 32])
S torch.Size([12, 12, 32])
P:  torch.Size([1536, 1536])
S torch.Size([96, 1536, 1536])
P:  torch.Size([1536, 6144])
S torch.Size([24, 1536, 6144])
P:  torch.Size([6144, 1536])
S torch.Size([24, 6144, 1536])
step 01707/02088 (81.75%) | loss: 2.728302 | lrm: 0.36 | dt: 14585.18ms | tok/sec: 71,893 | bf16_mfu: 35.95 | epoch: 1 | total time: 412.67m | eta: 92.6m
kind=muon
kind=muon
kind=muon
kind=muon
P:  torch.Size([12, 32])
S torch.Size([12, 12, 32])
P:  torch.Size([1536, 1536])
S torch.Size([96, 1536, 1536])
P:  torch.Size([1536, 6144])
S torch.Size([24, 1536, 6144])
P:  torch.Size([6144, 1536])
S torch.Size([24, 6144, 1536])
step 01708/02088 (81.80%) | loss: 2.720113 | lrm: 0.36 | dt: 14589.97ms | tok/sec: 71,869 | bf16_mfu: 35.94 | epoch: 1 | total time: 412.91m | eta: 92.4m
kind=muon
kind=muon
kind=muon
kind=muon
P:  torch.Size([12, 32])
S torch.Size([12, 12, 32])
P:  torch.Size([1536, 1536])
S torch.Size([96, 1536, 1536])
P:  torch.Size([1536, 6144])
S torch.Size([24, 1536, 6144])
P:  torch.Size([6144, 1536])
S torch.Size([24, 6144, 1536])
step 01709/02088 (81.85%) | loss: 2.715439 | lrm: 0.36 | dt: 14588.64ms | tok/sec: 71,876 | bf16_mfu: 35.94 | epoch: 1 | total time: 413.15m | eta: 92.2m
kind=muon
kind=muon
kind=muon
kind=muon
P:  torch.Size([12, 32])
S torch.Size([12, 12, 32])
P:  torch.Size([1536, 1536])
S torch.Size([96, 1536, 1536])
P:  torch.Size([1536, 6144])
S torch.Size([24, 1536, 6144])
P:  torch.Size([6144, 1536])
S torch.Size([24, 6144, 1536])
step 01710/02088 (81.90%) | loss: 2.720041 | lrm: 0.36 | dt: 14591.61ms | tok/sec: 71,861 | bf16_mfu: 35.93 | epoch: 1 | total time: 413.40m | eta: 91.9m
kind=muon
kind=muon
kind=muon
kind=muon
P:  torch.Size([12, 32])
S torch.Size([12, 12, 32])
P:  torch.Size([1536, 1536])
S torch.Size([96, 1536, 1536])
P:  torch.Size([1536, 6144])
S torch.Size([24, 1536, 6144])
P:  torch.Size([6144, 1536])
S torch.Size([24, 6144, 1536])
step 01711/02088 (81.94%) | loss: 2.741098 | lrm: 0.36 | dt: 14592.01ms | tok/sec: 71,859 | bf16_mfu: 35.93 | epoch: 1 | total time: 413.64m | eta: 91.7m
kind=muon
kind=muon
kind=muon
kind=muon
P:  torch.Size([12, 32])
S torch.Size([12, 12, 32])
P:  torch.Size([1536, 1536])
S torch.Size([96, 1536, 1536])
P:  torch.Size([1536, 6144])
S torch.Size([24, 1536, 6144])
P:  torch.Size([6144, 1536])
S torch.Size([24, 6144, 1536])
step 01712/02088 (81.99%) | loss: 2.742550 | lrm: 0.36 | dt: 14591.18ms | tok/sec: 71,863 | bf16_mfu: 35.93 | epoch: 1 | total time: 413.88m | eta: 91.4m
kind=muon
kind=muon
kind=muon
kind=muon
P:  torch.Size([12, 32])
S torch.Size([12, 12, 32])
P:  torch.Size([1536, 1536])
S torch.Size([96, 1536, 1536])
P:  torch.Size([1536, 6144])
S torch.Size([24, 1536, 6144])
P:  torch.Size([6144, 1536])
S torch.Size([24, 6144, 1536])
step 01713/02088 (82.04%) | loss: 2.750359 | lrm: 0.36 | dt: 14585.12ms | tok/sec: 71,893 | bf16_mfu: 35.95 | epoch: 1 | total time: 414.12m | eta: 91.2m
kind=muon
kind=muon
kind=muon
kind=muon
P:  torch.Size([12, 32])
S torch.Size([12, 12, 32])
P:  torch.Size([1536, 1536])
S torch.Size([96, 1536, 1536])
P:  torch.Size([1536, 6144])
S torch.Size([24, 1536, 6144])
P:  torch.Size([6144, 1536])
S torch.Size([24, 6144, 1536])
step 01714/02088 (82.09%) | loss: 2.749356 | lrm: 0.36 | dt: 14590.99ms | tok/sec: 71,864 | bf16_mfu: 35.93 | epoch: 1 | total time: 414.37m | eta: 90.9m
kind=muon
kind=muon
kind=muon
kind=muon
P:  torch.Size([12, 32])
S torch.Size([12, 12, 32])
P:  torch.Size([1536, 1536])
S torch.Size([96, 1536, 1536])
P:  torch.Size([1536, 6144])
S torch.Size([24, 1536, 6144])
P:  torch.Size([6144, 1536])
S torch.Size([24, 6144, 1536])
step 01715/02088 (82.14%) | loss: 2.755609 | lrm: 0.36 | dt: 14590.66ms | tok/sec: 71,866 | bf16_mfu: 35.93 | epoch: 1 | total time: 414.61m | eta: 90.7m
kind=muon
kind=muon
kind=muon
kind=muon
P:  torch.Size([12, 32])
S torch.Size([12, 12, 32])
P:  torch.Size([1536, 1536])
S torch.Size([96, 1536, 1536])
P:  torch.Size([1536, 6144])
S torch.Size([24, 1536, 6144])
P:  torch.Size([6144, 1536])
S torch.Size([24, 6144, 1536])
step 01716/02088 (82.18%) | loss: 2.748841 | lrm: 0.36 | dt: 14584.31ms | tok/sec: 71,897 | bf16_mfu: 35.95 | epoch: 1 | total time: 414.85m | eta: 90.5m
kind=muon
kind=muon
kind=muon
kind=muon
P:  torch.Size([12, 32])
S torch.Size([12, 12, 32])
P:  torch.Size([1536, 1536])
S torch.Size([96, 1536, 1536])
P:  torch.Size([1536, 6144])
S torch.Size([24, 1536, 6144])
P:  torch.Size([6144, 1536])
S torch.Size([24, 6144, 1536])
step 01717/02088 (82.23%) | loss: 2.736473 | lrm: 0.36 | dt: 14590.39ms | tok/sec: 71,867 | bf16_mfu: 35.93 | epoch: 1 | total time: 415.10m | eta: 90.2m
kind=muon
kind=muon
kind=muon
kind=muon
P:  torch.Size([12, 32])
S torch.Size([12, 12, 32])
P:  torch.Size([1536, 1536])
S torch.Size([96, 1536, 1536])
P:  torch.Size([1536, 6144])
S torch.Size([24, 1536, 6144])
P:  torch.Size([6144, 1536])
S torch.Size([24, 6144, 1536])
step 01718/02088 (82.28%) | loss: 2.735286 | lrm: 0.35 | dt: 14594.83ms | tok/sec: 71,845 | bf16_mfu: 35.92 | epoch: 1 | total time: 415.34m | eta: 90.0m
kind=muon
kind=muon
kind=muon
kind=muon
P:  torch.Size([12, 32])
S torch.Size([12, 12, 32])
P:  torch.Size([1536, 1536])
S torch.Size([96, 1536, 1536])
P:  torch.Size([1536, 6144])
S torch.Size([24, 1536, 6144])
P:  torch.Size([6144, 1536])
S torch.Size([24, 6144, 1536])
step 01719/02088 (82.33%) | loss: 2.730481 | lrm: 0.35 | dt: 14583.05ms | tok/sec: 71,903 | bf16_mfu: 35.95 | epoch: 1 | total time: 415.58m | eta: 89.7m
kind=muon
kind=muon
kind=muon
kind=muon
P:  torch.Size([12, 32])
S torch.Size([12, 12, 32])
P:  torch.Size([1536, 1536])
S torch.Size([96, 1536, 1536])
P:  torch.Size([1536, 6144])
S torch.Size([24, 1536, 6144])
P:  torch.Size([6144, 1536])
S torch.Size([24, 6144, 1536])
step 01720/02088 (82.38%) | loss: 2.722456 | lrm: 0.35 | dt: 14594.91ms | tok/sec: 71,845 | bf16_mfu: 35.92 | epoch: 1 | total time: 415.83m | eta: 89.5m
kind=muon
kind=muon
kind=muon
kind=muon
P:  torch.Size([12, 32])
S torch.Size([12, 12, 32])
P:  torch.Size([1536, 1536])
S torch.Size([96, 1536, 1536])
P:  torch.Size([1536, 6144])
S torch.Size([24, 1536, 6144])
P:  torch.Size([6144, 1536])
S torch.Size([24, 6144, 1536])
step 01721/02088 (82.42%) | loss: 2.730906 | lrm: 0.35 | dt: 14585.63ms | tok/sec: 71,891 | bf16_mfu: 35.95 | epoch: 1 | total time: 416.07m | eta: 89.2m
kind=muon
kind=muon
kind=muon
kind=muon
P:  torch.Size([12, 32])
S torch.Size([12, 12, 32])
P:  torch.Size([1536, 1536])
S torch.Size([96, 1536, 1536])
P:  torch.Size([1536, 6144])
S torch.Size([24, 1536, 6144])
P:  torch.Size([6144, 1536])
S torch.Size([24, 6144, 1536])
step 01722/02088 (82.47%) | loss: 2.730747 | lrm: 0.35 | dt: 14588.09ms | tok/sec: 71,878 | bf16_mfu: 35.94 | epoch: 1 | total time: 416.31m | eta: 89.0m
kind=muon
kind=muon
kind=muon
kind=muon
P:  torch.Size([12, 32])
S torch.Size([12, 12, 32])
P:  torch.Size([1536, 1536])
S torch.Size([96, 1536, 1536])
P:  torch.Size([1536, 6144])
S torch.Size([24, 1536, 6144])
P:  torch.Size([6144, 1536])
S torch.Size([24, 6144, 1536])
step 01723/02088 (82.52%) | loss: 2.725677 | lrm: 0.35 | dt: 14588.13ms | tok/sec: 71,878 | bf16_mfu: 35.94 | epoch: 1 | total time: 416.56m | eta: 88.8m
kind=muon
kind=muon
kind=muon
kind=muon
P:  torch.Size([12, 32])
S torch.Size([12, 12, 32])
P:  torch.Size([1536, 1536])
S torch.Size([96, 1536, 1536])
P:  torch.Size([1536, 6144])
S torch.Size([24, 1536, 6144])
P:  torch.Size([6144, 1536])
S torch.Size([24, 6144, 1536])
step 01724/02088 (82.57%) | loss: 2.718454 | lrm: 0.35 | dt: 14587.94ms | tok/sec: 71,879 | bf16_mfu: 35.94 | epoch: 1 | total time: 416.80m | eta: 88.5m
kind=muon
kind=muon
kind=muon
kind=muon
P:  torch.Size([12, 32])
S torch.Size([12, 12, 32])
P:  torch.Size([1536, 1536])
S torch.Size([96, 1536, 1536])
P:  torch.Size([1536, 6144])
S torch.Size([24, 1536, 6144])
P:  torch.Size([6144, 1536])
S torch.Size([24, 6144, 1536])
step 01725/02088 (82.61%) | loss: 2.719620 | lrm: 0.35 | dt: 14589.41ms | tok/sec: 71,872 | bf16_mfu: 35.94 | epoch: 1 | total time: 417.04m | eta: 88.3m
kind=muon
kind=muon
kind=muon
kind=muon
P:  torch.Size([12, 32])
S torch.Size([12, 12, 32])
P:  torch.Size([1536, 1536])
S torch.Size([96, 1536, 1536])
P:  torch.Size([1536, 6144])
S torch.Size([24, 1536, 6144])
P:  torch.Size([6144, 1536])
S torch.Size([24, 6144, 1536])
step 01726/02088 (82.66%) | loss: 2.714983 | lrm: 0.35 | dt: 14586.10ms | tok/sec: 71,888 | bf16_mfu: 35.95 | epoch: 1 | total time: 417.29m | eta: 88.0m
kind=muon
kind=muon
kind=muon
kind=muon
P:  torch.Size([12, 32])
S torch.Size([12, 12, 32])
P:  torch.Size([1536, 1536])
S torch.Size([96, 1536, 1536])
P:  torch.Size([1536, 6144])
S torch.Size([24, 1536, 6144])
P:  torch.Size([6144, 1536])
S torch.Size([24, 6144, 1536])
step 01727/02088 (82.71%) | loss: 2.718868 | lrm: 0.35 | dt: 14590.63ms | tok/sec: 71,866 | bf16_mfu: 35.93 | epoch: 1 | total time: 417.53m | eta: 87.8m
kind=muon
kind=muon
kind=muon
kind=muon
P:  torch.Size([12, 32])
S torch.Size([12, 12, 32])
P:  torch.Size([1536, 1536])
S torch.Size([96, 1536, 1536])
P:  torch.Size([1536, 6144])
S torch.Size([24, 1536, 6144])
P:  torch.Size([6144, 1536])
S torch.Size([24, 6144, 1536])
step 01728/02088 (82.76%) | loss: 2.718220 | lrm: 0.34 | dt: 14589.18ms | tok/sec: 71,873 | bf16_mfu: 35.94 | epoch: 1 | total time: 417.77m | eta: 87.5m
kind=muon
kind=muon
kind=muon
kind=muon
P:  torch.Size([12, 32])
S torch.Size([12, 12, 32])
P:  torch.Size([1536, 1536])
S torch.Size([96, 1536, 1536])
P:  torch.Size([1536, 6144])
S torch.Size([24, 1536, 6144])
P:  torch.Size([6144, 1536])
S torch.Size([24, 6144, 1536])
step 01729/02088 (82.81%) | loss: 2.714440 | lrm: 0.34 | dt: 14588.63ms | tok/sec: 71,876 | bf16_mfu: 35.94 | epoch: 1 | total time: 418.02m | eta: 87.3m
kind=muon
kind=muon
kind=muon
kind=muon
P:  torch.Size([12, 32])
S torch.Size([12, 12, 32])
P:  torch.Size([1536, 1536])
S torch.Size([96, 1536, 1536])
P:  torch.Size([1536, 6144])
S torch.Size([24, 1536, 6144])
P:  torch.Size([6144, 1536])
S torch.Size([24, 6144, 1536])
step 01730/02088 (82.85%) | loss: 2.729043 | lrm: 0.34 | dt: 14592.28ms | tok/sec: 71,858 | bf16_mfu: 35.93 | epoch: 1 | total time: 418.26m | eta: 87.1m
kind=muon
kind=muon
kind=muon
kind=muon
P:  torch.Size([12, 32])
S torch.Size([12, 12, 32])
P:  torch.Size([1536, 1536])
S torch.Size([96, 1536, 1536])
P:  torch.Size([1536, 6144])
S torch.Size([24, 1536, 6144])
P:  torch.Size([6144, 1536])
S torch.Size([24, 6144, 1536])
step 01731/02088 (82.90%) | loss: 2.726990 | lrm: 0.34 | dt: 14594.70ms | tok/sec: 71,846 | bf16_mfu: 35.92 | epoch: 1 | total time: 418.50m | eta: 86.8m
kind=muon
kind=muon
kind=muon
kind=muon
P:  torch.Size([12, 32])
S torch.Size([12, 12, 32])
P:  torch.Size([1536, 1536])
S torch.Size([96, 1536, 1536])
P:  torch.Size([1536, 6144])
S torch.Size([24, 1536, 6144])
P:  torch.Size([6144, 1536])
S torch.Size([24, 6144, 1536])
step 01732/02088 (82.95%) | loss: 2.734901 | lrm: 0.34 | dt: 14586.19ms | tok/sec: 71,888 | bf16_mfu: 35.94 | epoch: 1 | total time: 418.74m | eta: 86.6m
kind=muon
kind=muon
kind=muon
kind=muon
P:  torch.Size([12, 32])
S torch.Size([12, 12, 32])
P:  torch.Size([1536, 1536])
S torch.Size([96, 1536, 1536])
P:  torch.Size([1536, 6144])
S torch.Size([24, 1536, 6144])
P:  torch.Size([6144, 1536])
S torch.Size([24, 6144, 1536])
step 01733/02088 (83.00%) | loss: 2.733699 | lrm: 0.34 | dt: 14589.29ms | tok/sec: 71,872 | bf16_mfu: 35.94 | epoch: 1 | total time: 418.99m | eta: 86.3m
kind=muon
kind=muon
kind=muon
kind=muon
P:  torch.Size([12, 32])
S torch.Size([12, 12, 32])
P:  torch.Size([1536, 1536])
S torch.Size([96, 1536, 1536])
P:  torch.Size([1536, 6144])
S torch.Size([24, 1536, 6144])
P:  torch.Size([6144, 1536])
S torch.Size([24, 6144, 1536])
step 01734/02088 (83.05%) | loss: 2.736971 | lrm: 0.34 | dt: 14584.78ms | tok/sec: 71,895 | bf16_mfu: 35.95 | epoch: 1 | total time: 419.23m | eta: 86.1m
kind=muon
kind=muon
kind=muon
kind=muon
P:  torch.Size([12, 32])
S torch.Size([12, 12, 32])
P:  torch.Size([1536, 1536])
S torch.Size([96, 1536, 1536])
P:  torch.Size([1536, 6144])
S torch.Size([24, 1536, 6144])
P:  torch.Size([6144, 1536])
S torch.Size([24, 6144, 1536])
step 01735/02088 (83.09%) | loss: 2.735032 | lrm: 0.34 | dt: 14589.21ms | tok/sec: 71,873 | bf16_mfu: 35.94 | epoch: 1 | total time: 419.47m | eta: 85.8m
kind=muon
kind=muon
kind=muon
kind=muon
P:  torch.Size([12, 32])
S torch.Size([12, 12, 32])
P:  torch.Size([1536, 1536])
S torch.Size([96, 1536, 1536])
P:  torch.Size([1536, 6144])
S torch.Size([24, 1536, 6144])
P:  torch.Size([6144, 1536])
S torch.Size([24, 6144, 1536])
step 01736/02088 (83.14%) | loss: 2.739434 | lrm: 0.34 | dt: 14591.81ms | tok/sec: 71,860 | bf16_mfu: 35.93 | epoch: 1 | total time: 419.72m | eta: 85.6m
kind=muon
kind=muon
kind=muon
kind=muon
P:  torch.Size([12, 32])
S torch.Size([12, 12, 32])
P:  torch.Size([1536, 1536])
S torch.Size([96, 1536, 1536])
P:  torch.Size([1536, 6144])
S torch.Size([24, 1536, 6144])
P:  torch.Size([6144, 1536])
S torch.Size([24, 6144, 1536])
step 01737/02088 (83.19%) | loss: 2.742083 | lrm: 0.34 | dt: 14581.75ms | tok/sec: 71,910 | bf16_mfu: 35.96 | epoch: 1 | total time: 419.96m | eta: 85.4m
kind=muon
kind=muon
kind=muon
kind=muon
P:  torch.Size([12, 32])
S torch.Size([12, 12, 32])
P:  torch.Size([1536, 1536])
S torch.Size([96, 1536, 1536])
P:  torch.Size([1536, 6144])
S torch.Size([24, 1536, 6144])
P:  torch.Size([6144, 1536])
S torch.Size([24, 6144, 1536])
step 01738/02088 (83.24%) | loss: 2.732071 | lrm: 0.34 | dt: 14585.33ms | tok/sec: 71,892 | bf16_mfu: 35.95 | epoch: 1 | total time: 420.20m | eta: 85.1m
kind=muon
kind=muon
kind=muon
kind=muon
P:  torch.Size([12, 32])
S torch.Size([12, 12, 32])
P:  torch.Size([1536, 1536])
S torch.Size([96, 1536, 1536])
P:  torch.Size([1536, 6144])
S torch.Size([24, 1536, 6144])
P:  torch.Size([6144, 1536])
S torch.Size([24, 6144, 1536])
step 01739/02088 (83.29%) | loss: 2.734640 | lrm: 0.33 | dt: 14592.70ms | tok/sec: 71,856 | bf16_mfu: 35.93 | epoch: 1 | total time: 420.45m | eta: 84.9m
kind=muon
kind=muon
kind=muon
kind=muon
P:  torch.Size([12, 32])
S torch.Size([12, 12, 32])
P:  torch.Size([1536, 1536])
S torch.Size([96, 1536, 1536])
P:  torch.Size([1536, 6144])
S torch.Size([24, 1536, 6144])
P:  torch.Size([6144, 1536])
S torch.Size([24, 6144, 1536])
step 01740/02088 (83.33%) | loss: 2.739718 | lrm: 0.33 | dt: 14585.72ms | tok/sec: 71,890 | bf16_mfu: 35.95 | epoch: 1 | total time: 420.69m | eta: 84.6m
kind=muon
kind=muon
kind=muon
kind=muon
P:  torch.Size([12, 32])
S torch.Size([12, 12, 32])
P:  torch.Size([1536, 1536])
S torch.Size([96, 1536, 1536])
P:  torch.Size([1536, 6144])
S torch.Size([24, 1536, 6144])
P:  torch.Size([6144, 1536])
S torch.Size([24, 6144, 1536])
step 01741/02088 (83.38%) | loss: 2.739956 | lrm: 0.33 | dt: 14584.86ms | tok/sec: 71,894 | bf16_mfu: 35.95 | epoch: 1 | total time: 420.93m | eta: 84.4m
kind=muon
kind=muon
kind=muon
kind=muon
P:  torch.Size([12, 32])
S torch.Size([12, 12, 32])
P:  torch.Size([1536, 1536])
S torch.Size([96, 1536, 1536])
P:  torch.Size([1536, 6144])
S torch.Size([24, 1536, 6144])
P:  torch.Size([6144, 1536])
S torch.Size([24, 6144, 1536])
step 01742/02088 (83.43%) | loss: 2.732301 | lrm: 0.33 | dt: 14595.88ms | tok/sec: 71,840 | bf16_mfu: 35.92 | epoch: 1 | total time: 421.18m | eta: 84.1m
kind=muon
kind=muon
kind=muon
kind=muon
P:  torch.Size([12, 32])
S torch.Size([12, 12, 32])
P:  torch.Size([1536, 1536])
S torch.Size([96, 1536, 1536])
P:  torch.Size([1536, 6144])
S torch.Size([24, 1536, 6144])
P:  torch.Size([6144, 1536])
S torch.Size([24, 6144, 1536])
step 01743/02088 (83.48%) | loss: 2.737170 | lrm: 0.33 | dt: 14592.49ms | tok/sec: 71,857 | bf16_mfu: 35.93 | epoch: 1 | total time: 421.42m | eta: 83.9m
kind=muon
kind=muon
kind=muon
kind=muon
P:  torch.Size([12, 32])
S torch.Size([12, 12, 32])
P:  torch.Size([1536, 1536])
S torch.Size([96, 1536, 1536])
P:  torch.Size([1536, 6144])
S torch.Size([24, 1536, 6144])
P:  torch.Size([6144, 1536])
S torch.Size([24, 6144, 1536])
step 01744/02088 (83.52%) | loss: 2.749315 | lrm: 0.33 | dt: 14592.31ms | tok/sec: 71,858 | bf16_mfu: 35.93 | epoch: 1 | total time: 421.66m | eta: 83.7m
kind=muon
kind=muon
kind=muon
kind=muon
P:  torch.Size([12, 32])
S torch.Size([12, 12, 32])
P:  torch.Size([1536, 1536])
S torch.Size([96, 1536, 1536])
P:  torch.Size([1536, 6144])
S torch.Size([24, 1536, 6144])
P:  torch.Size([6144, 1536])
S torch.Size([24, 6144, 1536])
step 01745/02088 (83.57%) | loss: 2.740824 | lrm: 0.33 | dt: 14587.48ms | tok/sec: 71,881 | bf16_mfu: 35.94 | epoch: 1 | total time: 421.91m | eta: 83.4m
kind=muon
kind=muon
kind=muon
kind=muon
P:  torch.Size([12, 32])
S torch.Size([12, 12, 32])
P:  torch.Size([1536, 1536])
S torch.Size([96, 1536, 1536])
P:  torch.Size([1536, 6144])
S torch.Size([24, 1536, 6144])
P:  torch.Size([6144, 1536])
S torch.Size([24, 6144, 1536])
step 01746/02088 (83.62%) | loss: 2.737612 | lrm: 0.33 | dt: 14587.18ms | tok/sec: 71,883 | bf16_mfu: 35.94 | epoch: 1 | total time: 422.15m | eta: 83.2m
kind=muon
kind=muon
kind=muon
kind=muon
P:  torch.Size([12, 32])
S torch.Size([12, 12, 32])
P:  torch.Size([1536, 1536])
S torch.Size([96, 1536, 1536])
P:  torch.Size([1536, 6144])
S torch.Size([24, 1536, 6144])
P:  torch.Size([6144, 1536])
S torch.Size([24, 6144, 1536])
step 01747/02088 (83.67%) | loss: 2.736731 | lrm: 0.33 | dt: 14590.25ms | tok/sec: 71,868 | bf16_mfu: 35.93 | epoch: 1 | total time: 422.39m | eta: 82.9m
kind=muon
kind=muon
kind=muon
kind=muon
P:  torch.Size([12, 32])
S torch.Size([12, 12, 32])
P:  torch.Size([1536, 1536])
S torch.Size([96, 1536, 1536])
P:  torch.Size([1536, 6144])
S torch.Size([24, 1536, 6144])
P:  torch.Size([6144, 1536])
S torch.Size([24, 6144, 1536])
step 01748/02088 (83.72%) | loss: 2.736929 | lrm: 0.33 | dt: 14593.12ms | tok/sec: 71,854 | bf16_mfu: 35.93 | epoch: 1 | total time: 422.64m | eta: 82.7m
kind=muon
kind=muon
kind=muon
kind=muon
P:  torch.Size([12, 32])
S torch.Size([12, 12, 32])
P:  torch.Size([1536, 1536])
S torch.Size([96, 1536, 1536])
P:  torch.Size([1536, 6144])
S torch.Size([24, 1536, 6144])
P:  torch.Size([6144, 1536])
S torch.Size([24, 6144, 1536])
step 01749/02088 (83.76%) | loss: 2.731571 | lrm: 0.32 | dt: 14593.40ms | tok/sec: 71,852 | bf16_mfu: 35.93 | epoch: 1 | total time: 422.88m | eta: 82.4m
Step 01750 | Validation bpb: 0.830419
kind=muon
kind=muon
kind=muon
kind=muon
P:  torch.Size([12, 32])
S torch.Size([12, 12, 32])
P:  torch.Size([1536, 1536])
S torch.Size([96, 1536, 1536])
P:  torch.Size([1536, 6144])
S torch.Size([24, 1536, 6144])
P:  torch.Size([6144, 1536])
S torch.Size([24, 6144, 1536])
step 01750/02088 (83.81%) | loss: 2.733794 | lrm: 0.32 | dt: 14579.58ms | tok/sec: 71,920 | bf16_mfu: 35.96 | epoch: 1 | total time: 423.12m | eta: 82.2m
kind=muon
kind=muon
kind=muon
kind=muon
P:  torch.Size([12, 32])
S torch.Size([12, 12, 32])
P:  torch.Size([1536, 1536])
S torch.Size([96, 1536, 1536])
P:  torch.Size([1536, 6144])
S torch.Size([24, 1536, 6144])
P:  torch.Size([6144, 1536])
S torch.Size([24, 6144, 1536])
step 01751/02088 (83.86%) | loss: 2.738326 | lrm: 0.32 | dt: 14590.62ms | tok/sec: 71,866 | bf16_mfu: 35.93 | epoch: 1 | total time: 423.36m | eta: 81.9m
kind=muon
kind=muon
kind=muon
kind=muon
P:  torch.Size([12, 32])
S torch.Size([12, 12, 32])
P:  torch.Size([1536, 1536])
S torch.Size([96, 1536, 1536])
P:  torch.Size([1536, 6144])
S torch.Size([24, 1536, 6144])
P:  torch.Size([6144, 1536])
S torch.Size([24, 6144, 1536])
step 01752/02088 (83.91%) | loss: 2.754487 | lrm: 0.32 | dt: 14584.76ms | tok/sec: 71,895 | bf16_mfu: 35.95 | epoch: 1 | total time: 423.61m | eta: 81.7m
kind=muon
kind=muon
kind=muon
kind=muon
P:  torch.Size([12, 32])
S torch.Size([12, 12, 32])
P:  torch.Size([1536, 1536])
S torch.Size([96, 1536, 1536])
P:  torch.Size([1536, 6144])
S torch.Size([24, 1536, 6144])
P:  torch.Size([6144, 1536])
S torch.Size([24, 6144, 1536])
step 01753/02088 (83.96%) | loss: 2.755942 | lrm: 0.32 | dt: 14591.20ms | tok/sec: 71,863 | bf16_mfu: 35.93 | epoch: 1 | total time: 423.85m | eta: 81.5m
kind=muon
kind=muon
kind=muon
kind=muon
P:  torch.Size([12, 32])
S torch.Size([12, 12, 32])
P:  torch.Size([1536, 1536])
S torch.Size([96, 1536, 1536])
P:  torch.Size([1536, 6144])
S torch.Size([24, 1536, 6144])
P:  torch.Size([6144, 1536])
S torch.Size([24, 6144, 1536])
step 01754/02088 (84.00%) | loss: 2.749682 | lrm: 0.32 | dt: 14590.23ms | tok/sec: 71,868 | bf16_mfu: 35.93 | epoch: 1 | total time: 424.09m | eta: 81.2m
kind=muon
kind=muon
kind=muon
kind=muon
P:  torch.Size([12, 32])
S torch.Size([12, 12, 32])
P:  torch.Size([1536, 1536])
S torch.Size([96, 1536, 1536])
P:  torch.Size([1536, 6144])
S torch.Size([24, 1536, 6144])
P:  torch.Size([6144, 1536])
S torch.Size([24, 6144, 1536])
step 01755/02088 (84.05%) | loss: 2.748541 | lrm: 0.32 | dt: 14590.75ms | tok/sec: 71,865 | bf16_mfu: 35.93 | epoch: 1 | total time: 424.34m | eta: 81.0m
kind=muon
kind=muon
kind=muon
kind=muon
P:  torch.Size([12, 32])
S torch.Size([12, 12, 32])
P:  torch.Size([1536, 1536])
S torch.Size([96, 1536, 1536])
P:  torch.Size([1536, 6144])
S torch.Size([24, 1536, 6144])
P:  torch.Size([6144, 1536])
S torch.Size([24, 6144, 1536])
step 01756/02088 (84.10%) | loss: 2.751230 | lrm: 0.32 | dt: 14589.83ms | tok/sec: 71,870 | bf16_mfu: 35.94 | epoch: 1 | total time: 424.58m | eta: 80.7m
kind=muon
kind=muon
kind=muon
kind=muon
P:  torch.Size([12, 32])
S torch.Size([12, 12, 32])
P:  torch.Size([1536, 1536])
S torch.Size([96, 1536, 1536])
P:  torch.Size([1536, 6144])
S torch.Size([24, 1536, 6144])
P:  torch.Size([6144, 1536])
S torch.Size([24, 6144, 1536])
step 01757/02088 (84.15%) | loss: 2.735225 | lrm: 0.32 | dt: 14586.14ms | tok/sec: 71,888 | bf16_mfu: 35.95 | epoch: 1 | total time: 424.82m | eta: 80.5m
kind=muon
kind=muon
kind=muon
kind=muon
P:  torch.Size([12, 32])
S torch.Size([12, 12, 32])
P:  torch.Size([1536, 1536])
S torch.Size([96, 1536, 1536])
P:  torch.Size([1536, 6144])
S torch.Size([24, 1536, 6144])
P:  torch.Size([6144, 1536])
S torch.Size([24, 6144, 1536])
step 01758/02088 (84.20%) | loss: 2.741338 | lrm: 0.32 | dt: 14592.86ms | tok/sec: 71,855 | bf16_mfu: 35.93 | epoch: 1 | total time: 425.07m | eta: 80.2m
kind=muon
kind=muon
kind=muon
kind=muon
P:  torch.Size([12, 32])
S torch.Size([12, 12, 32])
P:  torch.Size([1536, 1536])
S torch.Size([96, 1536, 1536])
P:  torch.Size([1536, 6144])
S torch.Size([24, 1536, 6144])
P:  torch.Size([6144, 1536])
S torch.Size([24, 6144, 1536])
step 01759/02088 (84.24%) | loss: 2.741454 | lrm: 0.32 | dt: 14587.95ms | tok/sec: 71,879 | bf16_mfu: 35.94 | epoch: 1 | total time: 425.31m | eta: 80.0m
kind=muon
kind=muon
kind=muon
kind=muon
P:  torch.Size([12, 32])
S torch.Size([12, 12, 32])
P:  torch.Size([1536, 1536])
S torch.Size([96, 1536, 1536])
P:  torch.Size([1536, 6144])
S torch.Size([24, 1536, 6144])
P:  torch.Size([6144, 1536])
S torch.Size([24, 6144, 1536])
step 01760/02088 (84.29%) | loss: 2.739205 | lrm: 0.31 | dt: 14592.92ms | tok/sec: 71,855 | bf16_mfu: 35.93 | epoch: 1 | total time: 425.55m | eta: 79.8m
kind=muon
kind=muon
kind=muon
kind=muon
P:  torch.Size([12, 32])
S torch.Size([12, 12, 32])
P:  torch.Size([1536, 1536])
S torch.Size([96, 1536, 1536])
P:  torch.Size([1536, 6144])
S torch.Size([24, 1536, 6144])
P:  torch.Size([6144, 1536])
S torch.Size([24, 6144, 1536])
step 01761/02088 (84.34%) | loss: 2.738604 | lrm: 0.31 | dt: 14585.26ms | tok/sec: 71,892 | bf16_mfu: 35.95 | epoch: 1 | total time: 425.80m | eta: 79.5m
kind=muon
kind=muon
kind=muon
kind=muon
P:  torch.Size([12, 32])
S torch.Size([12, 12, 32])
P:  torch.Size([1536, 1536])
S torch.Size([96, 1536, 1536])
P:  torch.Size([1536, 6144])
S torch.Size([24, 1536, 6144])
P:  torch.Size([6144, 1536])
S torch.Size([24, 6144, 1536])
step 01762/02088 (84.39%) | loss: 2.739127 | lrm: 0.31 | dt: 14594.45ms | tok/sec: 71,847 | bf16_mfu: 35.92 | epoch: 1 | total time: 426.04m | eta: 79.3m
kind=muon
kind=muon
kind=muon
kind=muon
P:  torch.Size([12, 32])
S torch.Size([12, 12, 32])
P:  torch.Size([1536, 1536])
S torch.Size([96, 1536, 1536])
P:  torch.Size([1536, 6144])
S torch.Size([24, 1536, 6144])
P:  torch.Size([6144, 1536])
S torch.Size([24, 6144, 1536])
step 01763/02088 (84.43%) | loss: 2.742411 | lrm: 0.31 | dt: 14587.27ms | tok/sec: 71,882 | bf16_mfu: 35.94 | epoch: 1 | total time: 426.28m | eta: 79.0m
kind=muon
kind=muon
kind=muon
kind=muon
P:  torch.Size([12, 32])
S torch.Size([12, 12, 32])
P:  torch.Size([1536, 1536])
S torch.Size([96, 1536, 1536])
P:  torch.Size([1536, 6144])
S torch.Size([24, 1536, 6144])
P:  torch.Size([6144, 1536])
S torch.Size([24, 6144, 1536])
step 01764/02088 (84.48%) | loss: 2.721844 | lrm: 0.31 | dt: 14592.39ms | tok/sec: 71,857 | bf16_mfu: 35.93 | epoch: 1 | total time: 426.53m | eta: 78.8m
kind=muon
kind=muon
kind=muon
kind=muon
P:  torch.Size([12, 32])
S torch.Size([12, 12, 32])
P:  torch.Size([1536, 1536])
S torch.Size([96, 1536, 1536])
P:  torch.Size([1536, 6144])
S torch.Size([24, 1536, 6144])
P:  torch.Size([6144, 1536])
S torch.Size([24, 6144, 1536])
step 01765/02088 (84.53%) | loss: 2.724715 | lrm: 0.31 | dt: 14592.42ms | tok/sec: 71,857 | bf16_mfu: 35.93 | epoch: 1 | total time: 426.77m | eta: 78.5m
kind=muon
kind=muon
kind=muon
kind=muon
P:  torch.Size([12, 32])
S torch.Size([12, 12, 32])
P:  torch.Size([1536, 1536])
S torch.Size([96, 1536, 1536])
P:  torch.Size([1536, 6144])
S torch.Size([24, 1536, 6144])
P:  torch.Size([6144, 1536])
S torch.Size([24, 6144, 1536])
step 01766/02088 (84.58%) | loss: 2.722046 | lrm: 0.31 | dt: 14591.12ms | tok/sec: 71,863 | bf16_mfu: 35.93 | epoch: 1 | total time: 427.01m | eta: 78.3m
kind=muon
kind=muon
kind=muon
kind=muon
P:  torch.Size([12, 32])
S torch.Size([12, 12, 32])
P:  torch.Size([1536, 1536])
S torch.Size([96, 1536, 1536])
P:  torch.Size([1536, 6144])
S torch.Size([24, 1536, 6144])
P:  torch.Size([6144, 1536])
S torch.Size([24, 6144, 1536])
step 01767/02088 (84.63%) | loss: 2.732700 | lrm: 0.31 | dt: 14586.17ms | tok/sec: 71,888 | bf16_mfu: 35.95 | epoch: 1 | total time: 427.26m | eta: 78.1m
kind=muon
kind=muon
kind=muon
kind=muon
P:  torch.Size([12, 32])
S torch.Size([12, 12, 32])
P:  torch.Size([1536, 1536])
S torch.Size([96, 1536, 1536])
P:  torch.Size([1536, 6144])
S torch.Size([24, 1536, 6144])
P:  torch.Size([6144, 1536])
S torch.Size([24, 6144, 1536])
step 01768/02088 (84.67%) | loss: 2.742943 | lrm: 0.31 | dt: 14584.19ms | tok/sec: 71,898 | bf16_mfu: 35.95 | epoch: 1 | total time: 427.50m | eta: 77.8m
kind=muon
kind=muon
kind=muon
kind=muon
P:  torch.Size([12, 32])
S torch.Size([12, 12, 32])
P:  torch.Size([1536, 1536])
S torch.Size([96, 1536, 1536])
P:  torch.Size([1536, 6144])
S torch.Size([24, 1536, 6144])
P:  torch.Size([6144, 1536])
S torch.Size([24, 6144, 1536])
step 01769/02088 (84.72%) | loss: 2.742658 | lrm: 0.31 | dt: 14586.18ms | tok/sec: 71,888 | bf16_mfu: 35.94 | epoch: 1 | total time: 427.74m | eta: 77.6m
kind=muon
kind=muon
kind=muon
kind=muon
P:  torch.Size([12, 32])
S torch.Size([12, 12, 32])
P:  torch.Size([1536, 1536])
S torch.Size([96, 1536, 1536])
P:  torch.Size([1536, 6144])
S torch.Size([24, 1536, 6144])
P:  torch.Size([6144, 1536])
S torch.Size([24, 6144, 1536])
step 01770/02088 (84.77%) | loss: 2.743931 | lrm: 0.30 | dt: 14587.18ms | tok/sec: 71,883 | bf16_mfu: 35.94 | epoch: 1 | total time: 427.98m | eta: 77.3m
kind=muon
kind=muon
kind=muon
kind=muon
P:  torch.Size([12, 32])
S torch.Size([12, 12, 32])
P:  torch.Size([1536, 1536])
S torch.Size([96, 1536, 1536])
P:  torch.Size([1536, 6144])
S torch.Size([24, 1536, 6144])
P:  torch.Size([6144, 1536])
S torch.Size([24, 6144, 1536])
step 01771/02088 (84.82%) | loss: 2.739021 | lrm: 0.30 | dt: 14595.18ms | tok/sec: 71,844 | bf16_mfu: 35.92 | epoch: 1 | total time: 428.23m | eta: 77.1m
kind=muon
kind=muon
kind=muon
kind=muon
P:  torch.Size([12, 32])
S torch.Size([12, 12, 32])
P:  torch.Size([1536, 1536])
S torch.Size([96, 1536, 1536])
P:  torch.Size([1536, 6144])
S torch.Size([24, 1536, 6144])
P:  torch.Size([6144, 1536])
S torch.Size([24, 6144, 1536])
step 01772/02088 (84.87%) | loss: 2.733538 | lrm: 0.30 | dt: 14588.70ms | tok/sec: 71,875 | bf16_mfu: 35.94 | epoch: 1 | total time: 428.47m | eta: 76.8m
kind=muon
kind=muon
kind=muon
kind=muon
P:  torch.Size([12, 32])
S torch.Size([12, 12, 32])
P:  torch.Size([1536, 1536])
S torch.Size([96, 1536, 1536])
P:  torch.Size([1536, 6144])
S torch.Size([24, 1536, 6144])
P:  torch.Size([6144, 1536])
S torch.Size([24, 6144, 1536])
step 01773/02088 (84.91%) | loss: 2.744803 | lrm: 0.30 | dt: 14593.84ms | tok/sec: 71,850 | bf16_mfu: 35.93 | epoch: 1 | total time: 428.71m | eta: 76.6m
kind=muon
kind=muon
kind=muon
kind=muon
P:  torch.Size([12, 32])
S torch.Size([12, 12, 32])
P:  torch.Size([1536, 1536])
S torch.Size([96, 1536, 1536])
P:  torch.Size([1536, 6144])
S torch.Size([24, 1536, 6144])
P:  torch.Size([6144, 1536])
S torch.Size([24, 6144, 1536])
step 01774/02088 (84.96%) | loss: 2.745464 | lrm: 0.30 | dt: 14591.92ms | tok/sec: 71,860 | bf16_mfu: 35.93 | epoch: 1 | total time: 428.96m | eta: 76.4m
kind=muon
kind=muon
kind=muon
kind=muon
P:  torch.Size([12, 32])
S torch.Size([12, 12, 32])
P:  torch.Size([1536, 1536])
S torch.Size([96, 1536, 1536])
P:  torch.Size([1536, 6144])
S torch.Size([24, 1536, 6144])
P:  torch.Size([6144, 1536])
S torch.Size([24, 6144, 1536])
step 01775/02088 (85.01%) | loss: 2.748008 | lrm: 0.30 | dt: 14584.34ms | tok/sec: 71,897 | bf16_mfu: 35.95 | epoch: 1 | total time: 429.20m | eta: 76.1m
kind=muon
kind=muon
kind=muon
kind=muon
P:  torch.Size([12, 32])
S torch.Size([12, 12, 32])
P:  torch.Size([1536, 1536])
S torch.Size([96, 1536, 1536])
P:  torch.Size([1536, 6144])
S torch.Size([24, 1536, 6144])
P:  torch.Size([6144, 1536])
S torch.Size([24, 6144, 1536])
step 01776/02088 (85.06%) | loss: 2.747480 | lrm: 0.30 | dt: 14587.49ms | tok/sec: 71,881 | bf16_mfu: 35.94 | epoch: 1 | total time: 429.44m | eta: 75.9m
kind=muon
kind=muon
kind=muon
kind=muon
P:  torch.Size([12, 32])
S torch.Size([12, 12, 32])
P:  torch.Size([1536, 1536])
S torch.Size([96, 1536, 1536])
P:  torch.Size([1536, 6144])
S torch.Size([24, 1536, 6144])
P:  torch.Size([6144, 1536])
S torch.Size([24, 6144, 1536])
step 01777/02088 (85.11%) | loss: 2.745852 | lrm: 0.30 | dt: 14587.04ms | tok/sec: 71,884 | bf16_mfu: 35.94 | epoch: 1 | total time: 429.69m | eta: 75.6m
kind=muon
kind=muon
kind=muon
kind=muon
P:  torch.Size([12, 32])
S torch.Size([12, 12, 32])
P:  torch.Size([1536, 1536])
S torch.Size([96, 1536, 1536])
P:  torch.Size([1536, 6144])
S torch.Size([24, 1536, 6144])
P:  torch.Size([6144, 1536])
S torch.Size([24, 6144, 1536])
step 01778/02088 (85.15%) | loss: 2.740111 | lrm: 0.30 | dt: 14583.66ms | tok/sec: 71,900 | bf16_mfu: 35.95 | epoch: 1 | total time: 429.93m | eta: 75.4m
kind=muon
kind=muon
kind=muon
kind=muon
P:  torch.Size([12, 32])
S torch.Size([12, 12, 32])
P:  torch.Size([1536, 1536])
S torch.Size([96, 1536, 1536])
P:  torch.Size([1536, 6144])
S torch.Size([24, 1536, 6144])
P:  torch.Size([6144, 1536])
S torch.Size([24, 6144, 1536])
step 01779/02088 (85.20%) | loss: 2.734964 | lrm: 0.30 | dt: 14595.80ms | tok/sec: 71,840 | bf16_mfu: 35.92 | epoch: 1 | total time: 430.17m | eta: 75.1m
kind=muon
kind=muon
kind=muon
kind=muon
P:  torch.Size([12, 32])
S torch.Size([12, 12, 32])
P:  torch.Size([1536, 1536])
S torch.Size([96, 1536, 1536])
P:  torch.Size([1536, 6144])
S torch.Size([24, 1536, 6144])
P:  torch.Size([6144, 1536])
S torch.Size([24, 6144, 1536])
step 01780/02088 (85.25%) | loss: 2.730705 | lrm: 0.30 | dt: 14582.95ms | tok/sec: 71,904 | bf16_mfu: 35.95 | epoch: 1 | total time: 430.42m | eta: 74.9m
kind=muon
kind=muon
kind=muon
kind=muon
P:  torch.Size([12, 32])
S torch.Size([12, 12, 32])
P:  torch.Size([1536, 1536])
S torch.Size([96, 1536, 1536])
P:  torch.Size([1536, 6144])
S torch.Size([24, 1536, 6144])
P:  torch.Size([6144, 1536])
S torch.Size([24, 6144, 1536])
step 01781/02088 (85.30%) | loss: 2.723033 | lrm: 0.29 | dt: 14595.97ms | tok/sec: 71,840 | bf16_mfu: 35.92 | epoch: 1 | total time: 430.66m | eta: 74.7m
kind=muon
kind=muon
kind=muon
kind=muon
P:  torch.Size([12, 32])
S torch.Size([12, 12, 32])
P:  torch.Size([1536, 1536])
S torch.Size([96, 1536, 1536])
P:  torch.Size([1536, 6144])
S torch.Size([24, 1536, 6144])
P:  torch.Size([6144, 1536])
S torch.Size([24, 6144, 1536])
step 01782/02088 (85.34%) | loss: 2.726387 | lrm: 0.29 | dt: 14588.64ms | tok/sec: 71,876 | bf16_mfu: 35.94 | epoch: 1 | total time: 430.90m | eta: 74.4m
kind=muon
kind=muon
kind=muon
kind=muon
P:  torch.Size([12, 32])
S torch.Size([12, 12, 32])
P:  torch.Size([1536, 1536])
S torch.Size([96, 1536, 1536])
P:  torch.Size([1536, 6144])
S torch.Size([24, 1536, 6144])
P:  torch.Size([6144, 1536])
S torch.Size([24, 6144, 1536])
step 01783/02088 (85.39%) | loss: 2.725226 | lrm: 0.29 | dt: 14586.26ms | tok/sec: 71,887 | bf16_mfu: 35.94 | epoch: 1 | total time: 431.15m | eta: 74.2m
kind=muon
kind=muon
kind=muon
kind=muon
P:  torch.Size([12, 32])
S torch.Size([12, 12, 32])
P:  torch.Size([1536, 1536])
S torch.Size([96, 1536, 1536])
P:  torch.Size([1536, 6144])
S torch.Size([24, 1536, 6144])
P:  torch.Size([6144, 1536])
S torch.Size([24, 6144, 1536])
step 01784/02088 (85.44%) | loss: 2.728689 | lrm: 0.29 | dt: 14587.07ms | tok/sec: 71,883 | bf16_mfu: 35.94 | epoch: 1 | total time: 431.39m | eta: 73.9m
kind=muon
kind=muon
kind=muon
kind=muon
P:  torch.Size([12, 32])
S torch.Size([12, 12, 32])
P:  torch.Size([1536, 1536])
S torch.Size([96, 1536, 1536])
P:  torch.Size([1536, 6144])
S torch.Size([24, 1536, 6144])
P:  torch.Size([6144, 1536])
S torch.Size([24, 6144, 1536])
step 01785/02088 (85.49%) | loss: 2.723236 | lrm: 0.29 | dt: 14588.04ms | tok/sec: 71,879 | bf16_mfu: 35.94 | epoch: 1 | total time: 431.63m | eta: 73.7m
kind=muon
kind=muon
kind=muon
kind=muon
P:  torch.Size([12, 32])
S torch.Size([12, 12, 32])
P:  torch.Size([1536, 1536])
S torch.Size([96, 1536, 1536])
P:  torch.Size([1536, 6144])
S torch.Size([24, 1536, 6144])
P:  torch.Size([6144, 1536])
S torch.Size([24, 6144, 1536])
step 01786/02088 (85.54%) | loss: 2.724617 | lrm: 0.29 | dt: 14588.78ms | tok/sec: 71,875 | bf16_mfu: 35.94 | epoch: 1 | total time: 431.87m | eta: 73.4m
kind=muon
kind=muon
kind=muon
kind=muon
P:  torch.Size([12, 32])
S torch.Size([12, 12, 32])
P:  torch.Size([1536, 1536])
S torch.Size([96, 1536, 1536])
P:  torch.Size([1536, 6144])
S torch.Size([24, 1536, 6144])
P:  torch.Size([6144, 1536])
S torch.Size([24, 6144, 1536])
step 01787/02088 (85.58%) | loss: 2.726982 | lrm: 0.29 | dt: 14587.04ms | tok/sec: 71,884 | bf16_mfu: 35.94 | epoch: 1 | total time: 432.12m | eta: 73.2m
kind=muon
kind=muon
kind=muon
kind=muon
P:  torch.Size([12, 32])
S torch.Size([12, 12, 32])
P:  torch.Size([1536, 1536])
S torch.Size([96, 1536, 1536])
P:  torch.Size([1536, 6144])
S torch.Size([24, 1536, 6144])
P:  torch.Size([6144, 1536])
S torch.Size([24, 6144, 1536])
step 01788/02088 (85.63%) | loss: 2.738659 | lrm: 0.29 | dt: 14592.30ms | tok/sec: 71,858 | bf16_mfu: 35.93 | epoch: 1 | total time: 432.36m | eta: 73.0m
kind=muon
kind=muon
kind=muon
kind=muon
P:  torch.Size([12, 32])
S torch.Size([12, 12, 32])
P:  torch.Size([1536, 1536])
S torch.Size([96, 1536, 1536])
P:  torch.Size([1536, 6144])
S torch.Size([24, 1536, 6144])
P:  torch.Size([6144, 1536])
S torch.Size([24, 6144, 1536])
step 01789/02088 (85.68%) | loss: 2.731111 | lrm: 0.29 | dt: 14589.45ms | tok/sec: 71,872 | bf16_mfu: 35.94 | epoch: 1 | total time: 432.60m | eta: 72.7m
kind=muon
kind=muon
kind=muon
kind=muon
P:  torch.Size([12, 32])
S torch.Size([12, 12, 32])
P:  torch.Size([1536, 1536])
S torch.Size([96, 1536, 1536])
P:  torch.Size([1536, 6144])
S torch.Size([24, 1536, 6144])
P:  torch.Size([6144, 1536])
S torch.Size([24, 6144, 1536])
step 01790/02088 (85.73%) | loss: 2.733201 | lrm: 0.29 | dt: 14591.23ms | tok/sec: 71,863 | bf16_mfu: 35.93 | epoch: 1 | total time: 432.85m | eta: 72.5m
kind=muon
kind=muon
kind=muon
kind=muon
P:  torch.Size([12, 32])
S torch.Size([12, 12, 32])
P:  torch.Size([1536, 1536])
S torch.Size([96, 1536, 1536])
P:  torch.Size([1536, 6144])
S torch.Size([24, 1536, 6144])
P:  torch.Size([6144, 1536])
S torch.Size([24, 6144, 1536])
step 01791/02088 (85.78%) | loss: 2.740847 | lrm: 0.28 | dt: 14582.55ms | tok/sec: 71,906 | bf16_mfu: 35.95 | epoch: 1 | total time: 433.09m | eta: 72.2m
kind=muon
kind=muon
kind=muon
kind=muon
P:  torch.Size([12, 32])
S torch.Size([12, 12, 32])
P:  torch.Size([1536, 1536])
S torch.Size([96, 1536, 1536])
P:  torch.Size([1536, 6144])
S torch.Size([24, 1536, 6144])
P:  torch.Size([6144, 1536])
S torch.Size([24, 6144, 1536])
step 01792/02088 (85.82%) | loss: 2.727749 | lrm: 0.28 | dt: 14588.46ms | tok/sec: 71,877 | bf16_mfu: 35.94 | epoch: 1 | total time: 433.33m | eta: 72.0m
kind=muon
kind=muon
kind=muon
kind=muon
P:  torch.Size([12, 32])
S torch.Size([12, 12, 32])
P:  torch.Size([1536, 1536])
S torch.Size([96, 1536, 1536])
P:  torch.Size([1536, 6144])
S torch.Size([24, 1536, 6144])
P:  torch.Size([6144, 1536])
S torch.Size([24, 6144, 1536])
step 01793/02088 (85.87%) | loss: 2.722049 | lrm: 0.28 | dt: 14587.55ms | tok/sec: 71,881 | bf16_mfu: 35.94 | epoch: 1 | total time: 433.58m | eta: 71.7m
kind=muon
kind=muon
kind=muon
kind=muon
P:  torch.Size([12, 32])
S torch.Size([12, 12, 32])
P:  torch.Size([1536, 1536])
S torch.Size([96, 1536, 1536])
P:  torch.Size([1536, 6144])
S torch.Size([24, 1536, 6144])
P:  torch.Size([6144, 1536])
S torch.Size([24, 6144, 1536])
step 01794/02088 (85.92%) | loss: 2.725364 | lrm: 0.28 | dt: 14587.51ms | tok/sec: 71,881 | bf16_mfu: 35.94 | epoch: 1 | total time: 433.82m | eta: 71.5m
kind=muon
kind=muon
kind=muon
kind=muon
P:  torch.Size([12, 32])
S torch.Size([12, 12, 32])
P:  torch.Size([1536, 1536])
S torch.Size([96, 1536, 1536])
P:  torch.Size([1536, 6144])
S torch.Size([24, 1536, 6144])
P:  torch.Size([6144, 1536])
S torch.Size([24, 6144, 1536])
step 01795/02088 (85.97%) | loss: 2.723574 | lrm: 0.28 | dt: 14584.71ms | tok/sec: 71,895 | bf16_mfu: 35.95 | epoch: 1 | total time: 434.06m | eta: 71.2m
kind=muon
kind=muon
kind=muon
kind=muon
P:  torch.Size([12, 32])
S torch.Size([12, 12, 32])
P:  torch.Size([1536, 1536])
S torch.Size([96, 1536, 1536])
P:  torch.Size([1536, 6144])
S torch.Size([24, 1536, 6144])
P:  torch.Size([6144, 1536])
S torch.Size([24, 6144, 1536])
step 01796/02088 (86.02%) | loss: 2.716090 | lrm: 0.28 | dt: 14588.70ms | tok/sec: 71,875 | bf16_mfu: 35.94 | epoch: 1 | total time: 434.31m | eta: 71.0m
kind=muon
kind=muon
kind=muon
kind=muon
P:  torch.Size([12, 32])
S torch.Size([12, 12, 32])
P:  torch.Size([1536, 1536])
S torch.Size([96, 1536, 1536])
P:  torch.Size([1536, 6144])
S torch.Size([24, 1536, 6144])
P:  torch.Size([6144, 1536])
S torch.Size([24, 6144, 1536])
step 01797/02088 (86.06%) | loss: 2.717047 | lrm: 0.28 | dt: 14590.62ms | tok/sec: 71,866 | bf16_mfu: 35.93 | epoch: 1 | total time: 434.55m | eta: 70.8m
kind=muon
kind=muon
kind=muon
kind=muon
P:  torch.Size([12, 32])
S torch.Size([12, 12, 32])
P:  torch.Size([1536, 1536])
S torch.Size([96, 1536, 1536])
P:  torch.Size([1536, 6144])
S torch.Size([24, 1536, 6144])
P:  torch.Size([6144, 1536])
S torch.Size([24, 6144, 1536])
step 01798/02088 (86.11%) | loss: 2.727568 | lrm: 0.28 | dt: 14591.43ms | tok/sec: 71,862 | bf16_mfu: 35.93 | epoch: 1 | total time: 434.79m | eta: 70.5m
kind=muon
kind=muon
kind=muon
kind=muon
P:  torch.Size([12, 32])
S torch.Size([12, 12, 32])
P:  torch.Size([1536, 1536])
S torch.Size([96, 1536, 1536])
P:  torch.Size([1536, 6144])
S torch.Size([24, 1536, 6144])
P:  torch.Size([6144, 1536])
S torch.Size([24, 6144, 1536])
step 01799/02088 (86.16%) | loss: 2.724376 | lrm: 0.28 | dt: 14586.62ms | tok/sec: 71,886 | bf16_mfu: 35.94 | epoch: 1 | total time: 435.04m | eta: 70.3m
kind=muon
kind=muon
kind=muon
kind=muon
P:  torch.Size([12, 32])
S torch.Size([12, 12, 32])
P:  torch.Size([1536, 1536])
S torch.Size([96, 1536, 1536])
P:  torch.Size([1536, 6144])
S torch.Size([24, 1536, 6144])
P:  torch.Size([6144, 1536])
S torch.Size([24, 6144, 1536])
step 01800/02088 (86.21%) | loss: 2.727704 | lrm: 0.28 | dt: 14593.67ms | tok/sec: 71,851 | bf16_mfu: 35.93 | epoch: 1 | total time: 435.28m | eta: 70.0m
kind=muon
kind=muon
kind=muon
kind=muon
P:  torch.Size([12, 32])
S torch.Size([12, 12, 32])
P:  torch.Size([1536, 1536])
S torch.Size([96, 1536, 1536])
P:  torch.Size([1536, 6144])
S torch.Size([24, 1536, 6144])
P:  torch.Size([6144, 1536])
S torch.Size([24, 6144, 1536])
step 01801/02088 (86.25%) | loss: 2.729340 | lrm: 0.27 | dt: 14587.08ms | tok/sec: 71,883 | bf16_mfu: 35.94 | epoch: 1 | total time: 435.52m | eta: 69.8m
kind=muon
kind=muon
kind=muon
kind=muon
P:  torch.Size([12, 32])
S torch.Size([12, 12, 32])
P:  torch.Size([1536, 1536])
S torch.Size([96, 1536, 1536])
P:  torch.Size([1536, 6144])
S torch.Size([24, 1536, 6144])
P:  torch.Size([6144, 1536])
S torch.Size([24, 6144, 1536])
step 01802/02088 (86.30%) | loss: 2.718988 | lrm: 0.27 | dt: 14586.29ms | tok/sec: 71,887 | bf16_mfu: 35.94 | epoch: 1 | total time: 435.77m | eta: 69.5m
kind=muon
kind=muon
kind=muon
kind=muon
P:  torch.Size([12, 32])
S torch.Size([12, 12, 32])
P:  torch.Size([1536, 1536])
S torch.Size([96, 1536, 1536])
P:  torch.Size([1536, 6144])
S torch.Size([24, 1536, 6144])
P:  torch.Size([6144, 1536])
S torch.Size([24, 6144, 1536])
step 01803/02088 (86.35%) | loss: 2.722225 | lrm: 0.27 | dt: 14590.09ms | tok/sec: 71,869 | bf16_mfu: 35.94 | epoch: 1 | total time: 436.01m | eta: 69.3m
kind=muon
kind=muon
kind=muon
kind=muon
P:  torch.Size([12, 32])
S torch.Size([12, 12, 32])
P:  torch.Size([1536, 1536])
S torch.Size([96, 1536, 1536])
P:  torch.Size([1536, 6144])
S torch.Size([24, 1536, 6144])
P:  torch.Size([6144, 1536])
S torch.Size([24, 6144, 1536])
step 01804/02088 (86.40%) | loss: 2.722346 | lrm: 0.27 | dt: 14589.44ms | tok/sec: 71,872 | bf16_mfu: 35.94 | epoch: 1 | total time: 436.25m | eta: 69.1m
kind=muon
kind=muon
kind=muon
kind=muon
P:  torch.Size([12, 32])
S torch.Size([12, 12, 32])
P:  torch.Size([1536, 1536])
S torch.Size([96, 1536, 1536])
P:  torch.Size([1536, 6144])
S torch.Size([24, 1536, 6144])
P:  torch.Size([6144, 1536])
S torch.Size([24, 6144, 1536])
step 01805/02088 (86.45%) | loss: 2.720561 | lrm: 0.27 | dt: 14588.15ms | tok/sec: 71,878 | bf16_mfu: 35.94 | epoch: 1 | total time: 436.49m | eta: 68.8m
kind=muon
kind=muon
kind=muon
kind=muon
P:  torch.Size([12, 32])
S torch.Size([12, 12, 32])
P:  torch.Size([1536, 1536])
S torch.Size([96, 1536, 1536])
P:  torch.Size([1536, 6144])
S torch.Size([24, 1536, 6144])
P:  torch.Size([6144, 1536])
S torch.Size([24, 6144, 1536])
step 01806/02088 (86.49%) | loss: 2.726409 | lrm: 0.27 | dt: 14586.33ms | tok/sec: 71,887 | bf16_mfu: 35.94 | epoch: 1 | total time: 436.74m | eta: 68.6m
kind=muon
kind=muon
kind=muon
kind=muon
P:  torch.Size([12, 32])
S torch.Size([12, 12, 32])
P:  torch.Size([1536, 1536])
S torch.Size([96, 1536, 1536])
P:  torch.Size([1536, 6144])
S torch.Size([24, 1536, 6144])
P:  torch.Size([6144, 1536])
S torch.Size([24, 6144, 1536])
step 01807/02088 (86.54%) | loss: 2.739456 | lrm: 0.27 | dt: 14593.75ms | tok/sec: 71,851 | bf16_mfu: 35.93 | epoch: 1 | total time: 436.98m | eta: 68.3m
kind=muon
kind=muon
kind=muon
kind=muon
P:  torch.Size([12, 32])
S torch.Size([12, 12, 32])
P:  torch.Size([1536, 1536])
S torch.Size([96, 1536, 1536])
P:  torch.Size([1536, 6144])
S torch.Size([24, 1536, 6144])
P:  torch.Size([6144, 1536])
S torch.Size([24, 6144, 1536])
step 01808/02088 (86.59%) | loss: 2.741631 | lrm: 0.27 | dt: 14577.86ms | tok/sec: 71,929 | bf16_mfu: 35.97 | epoch: 1 | total time: 437.22m | eta: 68.1m
kind=muon
kind=muon
kind=muon
kind=muon
P:  torch.Size([12, 32])
S torch.Size([12, 12, 32])
P:  torch.Size([1536, 1536])
S torch.Size([96, 1536, 1536])
P:  torch.Size([1536, 6144])
S torch.Size([24, 1536, 6144])
P:  torch.Size([6144, 1536])
S torch.Size([24, 6144, 1536])
step 01809/02088 (86.64%) | loss: 2.733636 | lrm: 0.27 | dt: 14586.49ms | tok/sec: 71,886 | bf16_mfu: 35.94 | epoch: 1 | total time: 437.47m | eta: 67.8m
kind=muon
kind=muon
kind=muon
kind=muon
P:  torch.Size([12, 32])
S torch.Size([12, 12, 32])
P:  torch.Size([1536, 1536])
S torch.Size([96, 1536, 1536])
P:  torch.Size([1536, 6144])
S torch.Size([24, 1536, 6144])
P:  torch.Size([6144, 1536])
S torch.Size([24, 6144, 1536])
step 01810/02088 (86.69%) | loss: 2.742087 | lrm: 0.27 | dt: 14591.12ms | tok/sec: 71,864 | bf16_mfu: 35.93 | epoch: 1 | total time: 437.71m | eta: 67.6m
kind=muon
kind=muon
kind=muon
kind=muon
P:  torch.Size([12, 32])
S torch.Size([12, 12, 32])
P:  torch.Size([1536, 1536])
S torch.Size([96, 1536, 1536])
P:  torch.Size([1536, 6144])
S torch.Size([24, 1536, 6144])
P:  torch.Size([6144, 1536])
S torch.Size([24, 6144, 1536])
step 01811/02088 (86.73%) | loss: 2.734376 | lrm: 0.27 | dt: 14588.16ms | tok/sec: 71,878 | bf16_mfu: 35.94 | epoch: 1 | total time: 437.95m | eta: 67.4m
kind=muon
kind=muon
kind=muon
kind=muon
P:  torch.Size([12, 32])
S torch.Size([12, 12, 32])
P:  torch.Size([1536, 1536])
S torch.Size([96, 1536, 1536])
P:  torch.Size([1536, 6144])
S torch.Size([24, 1536, 6144])
P:  torch.Size([6144, 1536])
S torch.Size([24, 6144, 1536])
step 01812/02088 (86.78%) | loss: 2.724495 | lrm: 0.26 | dt: 14589.46ms | tok/sec: 71,872 | bf16_mfu: 35.94 | epoch: 1 | total time: 438.20m | eta: 67.1m
kind=muon
kind=muon
kind=muon
kind=muon
P:  torch.Size([12, 32])
S torch.Size([12, 12, 32])
P:  torch.Size([1536, 1536])
S torch.Size([96, 1536, 1536])
P:  torch.Size([1536, 6144])
S torch.Size([24, 1536, 6144])
P:  torch.Size([6144, 1536])
S torch.Size([24, 6144, 1536])
step 01813/02088 (86.83%) | loss: 2.717185 | lrm: 0.26 | dt: 14594.62ms | tok/sec: 71,846 | bf16_mfu: 35.92 | epoch: 1 | total time: 438.44m | eta: 66.9m
kind=muon
kind=muon
kind=muon
kind=muon
P:  torch.Size([12, 32])
S torch.Size([12, 12, 32])
P:  torch.Size([1536, 1536])
S torch.Size([96, 1536, 1536])
P:  torch.Size([1536, 6144])
S torch.Size([24, 1536, 6144])
P:  torch.Size([6144, 1536])
S torch.Size([24, 6144, 1536])
step 01814/02088 (86.88%) | loss: 2.709105 | lrm: 0.26 | dt: 14593.97ms | tok/sec: 71,849 | bf16_mfu: 35.93 | epoch: 1 | total time: 438.68m | eta: 66.6m
kind=muon
kind=muon
kind=muon
kind=muon
P:  torch.Size([12, 32])
S torch.Size([12, 12, 32])
P:  torch.Size([1536, 1536])
S torch.Size([96, 1536, 1536])
P:  torch.Size([1536, 6144])
S torch.Size([24, 1536, 6144])
P:  torch.Size([6144, 1536])
S torch.Size([24, 6144, 1536])
step 01815/02088 (86.93%) | loss: 2.710617 | lrm: 0.26 | dt: 14590.70ms | tok/sec: 71,866 | bf16_mfu: 35.93 | epoch: 1 | total time: 438.93m | eta: 66.4m
kind=muon
kind=muon
kind=muon
kind=muon
P:  torch.Size([12, 32])
S torch.Size([12, 12, 32])
P:  torch.Size([1536, 1536])
S torch.Size([96, 1536, 1536])
P:  torch.Size([1536, 6144])
S torch.Size([24, 1536, 6144])
P:  torch.Size([6144, 1536])
S torch.Size([24, 6144, 1536])
step 01816/02088 (86.97%) | loss: 2.706805 | lrm: 0.26 | dt: 14596.07ms | tok/sec: 71,839 | bf16_mfu: 35.92 | epoch: 1 | total time: 439.17m | eta: 66.1m
kind=muon
kind=muon
kind=muon
kind=muon
P:  torch.Size([12, 32])
S torch.Size([12, 12, 32])
P:  torch.Size([1536, 1536])
S torch.Size([96, 1536, 1536])
P:  torch.Size([1536, 6144])
S torch.Size([24, 1536, 6144])
P:  torch.Size([6144, 1536])
S torch.Size([24, 6144, 1536])
step 01817/02088 (87.02%) | loss: 2.708627 | lrm: 0.26 | dt: 14594.60ms | tok/sec: 71,846 | bf16_mfu: 35.92 | epoch: 1 | total time: 439.41m | eta: 65.9m
kind=muon
kind=muon
kind=muon
kind=muon
P:  torch.Size([12, 32])
S torch.Size([12, 12, 32])
P:  torch.Size([1536, 1536])
S torch.Size([96, 1536, 1536])
P:  torch.Size([1536, 6144])
S torch.Size([24, 1536, 6144])
P:  torch.Size([6144, 1536])
S torch.Size([24, 6144, 1536])
step 01818/02088 (87.07%) | loss: 2.722484 | lrm: 0.26 | dt: 14593.74ms | tok/sec: 71,851 | bf16_mfu: 35.93 | epoch: 1 | total time: 439.66m | eta: 65.7m
kind=muon
kind=muon
kind=muon
kind=muon
P:  torch.Size([12, 32])
S torch.Size([12, 12, 32])
P:  torch.Size([1536, 1536])
S torch.Size([96, 1536, 1536])
P:  torch.Size([1536, 6144])
S torch.Size([24, 1536, 6144])
P:  torch.Size([6144, 1536])
S torch.Size([24, 6144, 1536])
step 01819/02088 (87.12%) | loss: 2.734876 | lrm: 0.26 | dt: 14590.78ms | tok/sec: 71,865 | bf16_mfu: 35.93 | epoch: 1 | total time: 439.90m | eta: 65.4m
kind=muon
kind=muon
kind=muon
kind=muon
P:  torch.Size([12, 32])
S torch.Size([12, 12, 32])
P:  torch.Size([1536, 1536])
S torch.Size([96, 1536, 1536])
P:  torch.Size([1536, 6144])
S torch.Size([24, 1536, 6144])
P:  torch.Size([6144, 1536])
S torch.Size([24, 6144, 1536])
step 01820/02088 (87.16%) | loss: 2.736410 | lrm: 0.26 | dt: 14594.08ms | tok/sec: 71,849 | bf16_mfu: 35.93 | epoch: 1 | total time: 440.14m | eta: 65.2m
kind=muon
kind=muon
kind=muon
kind=muon
P:  torch.Size([12, 32])
S torch.Size([12, 12, 32])
P:  torch.Size([1536, 1536])
S torch.Size([96, 1536, 1536])
P:  torch.Size([1536, 6144])
S torch.Size([24, 1536, 6144])
P:  torch.Size([6144, 1536])
S torch.Size([24, 6144, 1536])
step 01821/02088 (87.21%) | loss: 2.733311 | lrm: 0.26 | dt: 14590.58ms | tok/sec: 71,866 | bf16_mfu: 35.93 | epoch: 1 | total time: 440.39m | eta: 64.9m
kind=muon
kind=muon
kind=muon
kind=muon
P:  torch.Size([12, 32])
S torch.Size([12, 12, 32])
P:  torch.Size([1536, 1536])
S torch.Size([96, 1536, 1536])
P:  torch.Size([1536, 6144])
S torch.Size([24, 1536, 6144])
P:  torch.Size([6144, 1536])
S torch.Size([24, 6144, 1536])
step 01822/02088 (87.26%) | loss: 2.708764 | lrm: 0.25 | dt: 14591.23ms | tok/sec: 71,863 | bf16_mfu: 35.93 | epoch: 1 | total time: 440.63m | eta: 64.7m
kind=muon
kind=muon
kind=muon
kind=muon
P:  torch.Size([12, 32])
S torch.Size([12, 12, 32])
P:  torch.Size([1536, 1536])
S torch.Size([96, 1536, 1536])
P:  torch.Size([1536, 6144])
S torch.Size([24, 1536, 6144])
P:  torch.Size([6144, 1536])
S torch.Size([24, 6144, 1536])
step 01823/02088 (87.31%) | loss: 2.699774 | lrm: 0.25 | dt: 14587.08ms | tok/sec: 71,883 | bf16_mfu: 35.94 | epoch: 1 | total time: 440.87m | eta: 64.4m
kind=muon
kind=muon
kind=muon
kind=muon
P:  torch.Size([12, 32])
S torch.Size([12, 12, 32])
P:  torch.Size([1536, 1536])
S torch.Size([96, 1536, 1536])
P:  torch.Size([1536, 6144])
S torch.Size([24, 1536, 6144])
P:  torch.Size([6144, 1536])
S torch.Size([24, 6144, 1536])
step 01824/02088 (87.36%) | loss: 2.697316 | lrm: 0.25 | dt: 14592.14ms | tok/sec: 71,858 | bf16_mfu: 35.93 | epoch: 1 | total time: 441.12m | eta: 64.2m
kind=muon
kind=muon
kind=muon
kind=muon
P:  torch.Size([12, 32])
S torch.Size([12, 12, 32])
P:  torch.Size([1536, 1536])
S torch.Size([96, 1536, 1536])
P:  torch.Size([1536, 6144])
S torch.Size([24, 1536, 6144])
P:  torch.Size([6144, 1536])
S torch.Size([24, 6144, 1536])
step 01825/02088 (87.40%) | loss: 2.702526 | lrm: 0.25 | dt: 14595.11ms | tok/sec: 71,844 | bf16_mfu: 35.92 | epoch: 1 | total time: 441.36m | eta: 64.0m
kind=muon
kind=muon
kind=muon
kind=muon
P:  torch.Size([12, 32])
S torch.Size([12, 12, 32])
P:  torch.Size([1536, 1536])
S torch.Size([96, 1536, 1536])
P:  torch.Size([1536, 6144])
S torch.Size([24, 1536, 6144])
P:  torch.Size([6144, 1536])
S torch.Size([24, 6144, 1536])
step 01826/02088 (87.45%) | loss: 2.708361 | lrm: 0.25 | dt: 14590.83ms | tok/sec: 71,865 | bf16_mfu: 35.93 | epoch: 1 | total time: 441.60m | eta: 63.7m
kind=muon
kind=muon
kind=muon
kind=muon
P:  torch.Size([12, 32])
S torch.Size([12, 12, 32])
P:  torch.Size([1536, 1536])
S torch.Size([96, 1536, 1536])
P:  torch.Size([1536, 6144])
S torch.Size([24, 1536, 6144])
P:  torch.Size([6144, 1536])
S torch.Size([24, 6144, 1536])
step 01827/02088 (87.50%) | loss: 2.702732 | lrm: 0.25 | dt: 14591.88ms | tok/sec: 71,860 | bf16_mfu: 35.93 | epoch: 1 | total time: 441.84m | eta: 63.5m
kind=muon
kind=muon
kind=muon
kind=muon
P:  torch.Size([12, 32])
S torch.Size([12, 12, 32])
P:  torch.Size([1536, 1536])
S torch.Size([96, 1536, 1536])
P:  torch.Size([1536, 6144])
S torch.Size([24, 1536, 6144])
P:  torch.Size([6144, 1536])
S torch.Size([24, 6144, 1536])
step 01828/02088 (87.55%) | loss: 2.702486 | lrm: 0.25 | dt: 14585.43ms | tok/sec: 71,892 | bf16_mfu: 35.95 | epoch: 1 | total time: 442.09m | eta: 63.2m
kind=muon
kind=muon
kind=muon
kind=muon
P:  torch.Size([12, 32])
S torch.Size([12, 12, 32])
P:  torch.Size([1536, 1536])
S torch.Size([96, 1536, 1536])
P:  torch.Size([1536, 6144])
S torch.Size([24, 1536, 6144])
P:  torch.Size([6144, 1536])
S torch.Size([24, 6144, 1536])
step 01829/02088 (87.60%) | loss: 2.703550 | lrm: 0.25 | dt: 14587.29ms | tok/sec: 71,882 | bf16_mfu: 35.94 | epoch: 1 | total time: 442.33m | eta: 63.0m
kind=muon
kind=muon
kind=muon
kind=muon
P:  torch.Size([12, 32])
S torch.Size([12, 12, 32])
P:  torch.Size([1536, 1536])
S torch.Size([96, 1536, 1536])
P:  torch.Size([1536, 6144])
S torch.Size([24, 1536, 6144])
P:  torch.Size([6144, 1536])
S torch.Size([24, 6144, 1536])
step 01830/02088 (87.64%) | loss: 2.696142 | lrm: 0.25 | dt: 14584.46ms | tok/sec: 71,896 | bf16_mfu: 35.95 | epoch: 1 | total time: 442.57m | eta: 62.7m
kind=muon
kind=muon
kind=muon
kind=muon
P:  torch.Size([12, 32])
S torch.Size([12, 12, 32])
P:  torch.Size([1536, 1536])
S torch.Size([96, 1536, 1536])
P:  torch.Size([1536, 6144])
S torch.Size([24, 1536, 6144])
P:  torch.Size([6144, 1536])
S torch.Size([24, 6144, 1536])
step 01831/02088 (87.69%) | loss: 2.705620 | lrm: 0.25 | dt: 14583.85ms | tok/sec: 71,899 | bf16_mfu: 35.95 | epoch: 1 | total time: 442.82m | eta: 62.5m
kind=muon
kind=muon
kind=muon
kind=muon
P:  torch.Size([12, 32])
S torch.Size([12, 12, 32])
P:  torch.Size([1536, 1536])
S torch.Size([96, 1536, 1536])
P:  torch.Size([1536, 6144])
S torch.Size([24, 1536, 6144])
P:  torch.Size([6144, 1536])
S torch.Size([24, 6144, 1536])
step 01832/02088 (87.74%) | loss: 2.712076 | lrm: 0.25 | dt: 14592.56ms | tok/sec: 71,856 | bf16_mfu: 35.93 | epoch: 1 | total time: 443.06m | eta: 62.3m
kind=muon
kind=muon
kind=muon
kind=muon
P:  torch.Size([12, 32])
S torch.Size([12, 12, 32])
P:  torch.Size([1536, 1536])
S torch.Size([96, 1536, 1536])
P:  torch.Size([1536, 6144])
S torch.Size([24, 1536, 6144])
P:  torch.Size([6144, 1536])
S torch.Size([24, 6144, 1536])
step 01833/02088 (87.79%) | loss: 2.707888 | lrm: 0.24 | dt: 14589.07ms | tok/sec: 71,874 | bf16_mfu: 35.94 | epoch: 1 | total time: 443.30m | eta: 62.0m
kind=muon
kind=muon
kind=muon
kind=muon
P:  torch.Size([12, 32])
S torch.Size([12, 12, 32])
P:  torch.Size([1536, 1536])
S torch.Size([96, 1536, 1536])
P:  torch.Size([1536, 6144])
S torch.Size([24, 1536, 6144])
P:  torch.Size([6144, 1536])
S torch.Size([24, 6144, 1536])
step 01834/02088 (87.84%) | loss: 2.697132 | lrm: 0.24 | dt: 14593.41ms | tok/sec: 71,852 | bf16_mfu: 35.93 | epoch: 1 | total time: 443.55m | eta: 61.8m
kind=muon
kind=muon
kind=muon
kind=muon
P:  torch.Size([12, 32])
S torch.Size([12, 12, 32])
P:  torch.Size([1536, 1536])
S torch.Size([96, 1536, 1536])
P:  torch.Size([1536, 6144])
S torch.Size([24, 1536, 6144])
P:  torch.Size([6144, 1536])
S torch.Size([24, 6144, 1536])
step 01835/02088 (87.88%) | loss: 2.703267 | lrm: 0.24 | dt: 14591.01ms | tok/sec: 71,864 | bf16_mfu: 35.93 | epoch: 1 | total time: 443.79m | eta: 61.5m
kind=muon
kind=muon
kind=muon
kind=muon
P:  torch.Size([12, 32])
S torch.Size([12, 12, 32])
P:  torch.Size([1536, 1536])
S torch.Size([96, 1536, 1536])
P:  torch.Size([1536, 6144])
S torch.Size([24, 1536, 6144])
P:  torch.Size([6144, 1536])
S torch.Size([24, 6144, 1536])
step 01836/02088 (87.93%) | loss: 2.696715 | lrm: 0.24 | dt: 14589.39ms | tok/sec: 71,872 | bf16_mfu: 35.94 | epoch: 1 | total time: 444.03m | eta: 61.3m
kind=muon
kind=muon
kind=muon
kind=muon
P:  torch.Size([12, 32])
S torch.Size([12, 12, 32])
P:  torch.Size([1536, 1536])
S torch.Size([96, 1536, 1536])
P:  torch.Size([1536, 6144])
S torch.Size([24, 1536, 6144])
P:  torch.Size([6144, 1536])
S torch.Size([24, 6144, 1536])
step 01837/02088 (87.98%) | loss: 2.694313 | lrm: 0.24 | dt: 14588.84ms | tok/sec: 71,875 | bf16_mfu: 35.94 | epoch: 1 | total time: 444.28m | eta: 61.0m
kind=muon
kind=muon
kind=muon
kind=muon
P:  torch.Size([12, 32])
S torch.Size([12, 12, 32])
P:  torch.Size([1536, 1536])
S torch.Size([96, 1536, 1536])
P:  torch.Size([1536, 6144])
S torch.Size([24, 1536, 6144])
P:  torch.Size([6144, 1536])
S torch.Size([24, 6144, 1536])
step 01838/02088 (88.03%) | loss: 2.684289 | lrm: 0.24 | dt: 14592.84ms | tok/sec: 71,855 | bf16_mfu: 35.93 | epoch: 1 | total time: 444.52m | eta: 60.8m
kind=muon
kind=muon
kind=muon
kind=muon
P:  torch.Size([12, 32])
S torch.Size([12, 12, 32])
P:  torch.Size([1536, 1536])
S torch.Size([96, 1536, 1536])
P:  torch.Size([1536, 6144])
S torch.Size([24, 1536, 6144])
P:  torch.Size([6144, 1536])
S torch.Size([24, 6144, 1536])
step 01839/02088 (88.07%) | loss: 2.685238 | lrm: 0.24 | dt: 14590.22ms | tok/sec: 71,868 | bf16_mfu: 35.94 | epoch: 1 | total time: 444.76m | eta: 60.5m
kind=muon
kind=muon
kind=muon
kind=muon
P:  torch.Size([12, 32])
S torch.Size([12, 12, 32])
P:  torch.Size([1536, 1536])
S torch.Size([96, 1536, 1536])
P:  torch.Size([1536, 6144])
S torch.Size([24, 1536, 6144])
P:  torch.Size([6144, 1536])
S torch.Size([24, 6144, 1536])
step 01840/02088 (88.12%) | loss: 2.677183 | lrm: 0.24 | dt: 14592.14ms | tok/sec: 71,858 | bf16_mfu: 35.93 | epoch: 1 | total time: 445.01m | eta: 60.3m
kind=muon
kind=muon
kind=muon
kind=muon
P:  torch.Size([12, 32])
S torch.Size([12, 12, 32])
P:  torch.Size([1536, 1536])
S torch.Size([96, 1536, 1536])
P:  torch.Size([1536, 6144])
S torch.Size([24, 1536, 6144])
P:  torch.Size([6144, 1536])
S torch.Size([24, 6144, 1536])
step 01841/02088 (88.17%) | loss: 2.678953 | lrm: 0.24 | dt: 14585.61ms | tok/sec: 71,891 | bf16_mfu: 35.95 | epoch: 1 | total time: 445.25m | eta: 60.1m
kind=muon
kind=muon
kind=muon
kind=muon
P:  torch.Size([12, 32])
S torch.Size([12, 12, 32])
P:  torch.Size([1536, 1536])
S torch.Size([96, 1536, 1536])
P:  torch.Size([1536, 6144])
S torch.Size([24, 1536, 6144])
P:  torch.Size([6144, 1536])
S torch.Size([24, 6144, 1536])
step 01842/02088 (88.22%) | loss: 2.685004 | lrm: 0.24 | dt: 14592.74ms | tok/sec: 71,856 | bf16_mfu: 35.93 | epoch: 1 | total time: 445.49m | eta: 59.8m
kind=muon
kind=muon
kind=muon
kind=muon
P:  torch.Size([12, 32])
S torch.Size([12, 12, 32])
P:  torch.Size([1536, 1536])
S torch.Size([96, 1536, 1536])
P:  torch.Size([1536, 6144])
S torch.Size([24, 1536, 6144])
P:  torch.Size([6144, 1536])
S torch.Size([24, 6144, 1536])
step 01843/02088 (88.27%) | loss: 2.683619 | lrm: 0.23 | dt: 14587.93ms | tok/sec: 71,879 | bf16_mfu: 35.94 | epoch: 1 | total time: 445.74m | eta: 59.6m
kind=muon
kind=muon
kind=muon
kind=muon
P:  torch.Size([12, 32])
S torch.Size([12, 12, 32])
P:  torch.Size([1536, 1536])
S torch.Size([96, 1536, 1536])
P:  torch.Size([1536, 6144])
S torch.Size([24, 1536, 6144])
P:  torch.Size([6144, 1536])
S torch.Size([24, 6144, 1536])
step 01844/02088 (88.31%) | loss: 2.692287 | lrm: 0.23 | dt: 14585.37ms | tok/sec: 71,892 | bf16_mfu: 35.95 | epoch: 1 | total time: 445.98m | eta: 59.3m
kind=muon
kind=muon
kind=muon
kind=muon
P:  torch.Size([12, 32])
S torch.Size([12, 12, 32])
P:  torch.Size([1536, 1536])
S torch.Size([96, 1536, 1536])
P:  torch.Size([1536, 6144])
S torch.Size([24, 1536, 6144])
P:  torch.Size([6144, 1536])
S torch.Size([24, 6144, 1536])
step 01845/02088 (88.36%) | loss: 2.696720 | lrm: 0.23 | dt: 14592.02ms | tok/sec: 71,859 | bf16_mfu: 35.93 | epoch: 1 | total time: 446.22m | eta: 59.1m
kind=muon
kind=muon
kind=muon
kind=muon
P:  torch.Size([12, 32])
S torch.Size([12, 12, 32])
P:  torch.Size([1536, 1536])
S torch.Size([96, 1536, 1536])
P:  torch.Size([1536, 6144])
S torch.Size([24, 1536, 6144])
P:  torch.Size([6144, 1536])
S torch.Size([24, 6144, 1536])
step 01846/02088 (88.41%) | loss: 2.701130 | lrm: 0.23 | dt: 14591.57ms | tok/sec: 71,861 | bf16_mfu: 35.93 | epoch: 1 | total time: 446.46m | eta: 58.8m
kind=muon
kind=muon
kind=muon
kind=muon
P:  torch.Size([12, 32])
S torch.Size([12, 12, 32])
P:  torch.Size([1536, 1536])
S torch.Size([96, 1536, 1536])
P:  torch.Size([1536, 6144])
S torch.Size([24, 1536, 6144])
P:  torch.Size([6144, 1536])
S torch.Size([24, 6144, 1536])
step 01847/02088 (88.46%) | loss: 2.700543 | lrm: 0.23 | dt: 14590.49ms | tok/sec: 71,867 | bf16_mfu: 35.93 | epoch: 1 | total time: 446.71m | eta: 58.6m
kind=muon
kind=muon
kind=muon
kind=muon
P:  torch.Size([12, 32])
S torch.Size([12, 12, 32])
P:  torch.Size([1536, 1536])
S torch.Size([96, 1536, 1536])
P:  torch.Size([1536, 6144])
S torch.Size([24, 1536, 6144])
P:  torch.Size([6144, 1536])
S torch.Size([24, 6144, 1536])
step 01848/02088 (88.51%) | loss: 2.701371 | lrm: 0.23 | dt: 14590.14ms | tok/sec: 71,868 | bf16_mfu: 35.94 | epoch: 1 | total time: 446.95m | eta: 58.4m
kind=muon
kind=muon
kind=muon
kind=muon
P:  torch.Size([12, 32])
S torch.Size([12, 12, 32])
P:  torch.Size([1536, 1536])
S torch.Size([96, 1536, 1536])
P:  torch.Size([1536, 6144])
S torch.Size([24, 1536, 6144])
P:  torch.Size([6144, 1536])
S torch.Size([24, 6144, 1536])
step 01849/02088 (88.55%) | loss: 2.699456 | lrm: 0.23 | dt: 14588.84ms | tok/sec: 71,875 | bf16_mfu: 35.94 | epoch: 1 | total time: 447.19m | eta: 58.1m
kind=muon
kind=muon
kind=muon
kind=muon
P:  torch.Size([12, 32])
S torch.Size([12, 12, 32])
P:  torch.Size([1536, 1536])
S torch.Size([96, 1536, 1536])
P:  torch.Size([1536, 6144])
S torch.Size([24, 1536, 6144])
P:  torch.Size([6144, 1536])
S torch.Size([24, 6144, 1536])
step 01850/02088 (88.60%) | loss: 2.709081 | lrm: 0.23 | dt: 14596.14ms | tok/sec: 71,839 | bf16_mfu: 35.92 | epoch: 1 | total time: 447.44m | eta: 57.9m
kind=muon
kind=muon
kind=muon
kind=muon
P:  torch.Size([12, 32])
S torch.Size([12, 12, 32])
P:  torch.Size([1536, 1536])
S torch.Size([96, 1536, 1536])
P:  torch.Size([1536, 6144])
S torch.Size([24, 1536, 6144])
P:  torch.Size([6144, 1536])
S torch.Size([24, 6144, 1536])
step 01851/02088 (88.65%) | loss: 2.698388 | lrm: 0.23 | dt: 14593.89ms | tok/sec: 71,850 | bf16_mfu: 35.93 | epoch: 1 | total time: 447.68m | eta: 57.6m
kind=muon
kind=muon
kind=muon
kind=muon
P:  torch.Size([12, 32])
S torch.Size([12, 12, 32])
P:  torch.Size([1536, 1536])
S torch.Size([96, 1536, 1536])
P:  torch.Size([1536, 6144])
S torch.Size([24, 1536, 6144])
P:  torch.Size([6144, 1536])
S torch.Size([24, 6144, 1536])
step 01852/02088 (88.70%) | loss: 2.700161 | lrm: 0.23 | dt: 14583.87ms | tok/sec: 71,899 | bf16_mfu: 35.95 | epoch: 1 | total time: 447.92m | eta: 57.4m
kind=muon
kind=muon
kind=muon
kind=muon
P:  torch.Size([12, 32])
S torch.Size([12, 12, 32])
P:  torch.Size([1536, 1536])
S torch.Size([96, 1536, 1536])
P:  torch.Size([1536, 6144])
S torch.Size([24, 1536, 6144])
P:  torch.Size([6144, 1536])
S torch.Size([24, 6144, 1536])
step 01853/02088 (88.75%) | loss: 2.700002 | lrm: 0.23 | dt: 14588.44ms | tok/sec: 71,877 | bf16_mfu: 35.94 | epoch: 1 | total time: 448.17m | eta: 57.1m
kind=muon
kind=muon
kind=muon
kind=muon
P:  torch.Size([12, 32])
S torch.Size([12, 12, 32])
P:  torch.Size([1536, 1536])
S torch.Size([96, 1536, 1536])
P:  torch.Size([1536, 6144])
S torch.Size([24, 1536, 6144])
P:  torch.Size([6144, 1536])
S torch.Size([24, 6144, 1536])
step 01854/02088 (88.79%) | loss: 2.706915 | lrm: 0.22 | dt: 14592.39ms | tok/sec: 71,857 | bf16_mfu: 35.93 | epoch: 1 | total time: 448.41m | eta: 56.9m
kind=muon
kind=muon
kind=muon
kind=muon
P:  torch.Size([12, 32])
S torch.Size([12, 12, 32])
P:  torch.Size([1536, 1536])
S torch.Size([96, 1536, 1536])
P:  torch.Size([1536, 6144])
S torch.Size([24, 1536, 6144])
P:  torch.Size([6144, 1536])
S torch.Size([24, 6144, 1536])
step 01855/02088 (88.84%) | loss: 2.705280 | lrm: 0.22 | dt: 14587.18ms | tok/sec: 71,883 | bf16_mfu: 35.94 | epoch: 1 | total time: 448.65m | eta: 56.7m
kind=muon
kind=muon
kind=muon
kind=muon
P:  torch.Size([12, 32])
S torch.Size([12, 12, 32])
P:  torch.Size([1536, 1536])
S torch.Size([96, 1536, 1536])
P:  torch.Size([1536, 6144])
S torch.Size([24, 1536, 6144])
P:  torch.Size([6144, 1536])
S torch.Size([24, 6144, 1536])
step 01856/02088 (88.89%) | loss: 2.704244 | lrm: 0.22 | dt: 14584.86ms | tok/sec: 71,894 | bf16_mfu: 35.95 | epoch: 1 | total time: 448.90m | eta: 56.4m
kind=muon
kind=muon
kind=muon
kind=muon
P:  torch.Size([12, 32])
S torch.Size([12, 12, 32])
P:  torch.Size([1536, 1536])
S torch.Size([96, 1536, 1536])
P:  torch.Size([1536, 6144])
S torch.Size([24, 1536, 6144])
P:  torch.Size([6144, 1536])
S torch.Size([24, 6144, 1536])
step 01857/02088 (88.94%) | loss: 2.711961 | lrm: 0.22 | dt: 14588.38ms | tok/sec: 71,877 | bf16_mfu: 35.94 | epoch: 1 | total time: 449.14m | eta: 56.2m
kind=muon
kind=muon
kind=muon
kind=muon
P:  torch.Size([12, 32])
S torch.Size([12, 12, 32])
P:  torch.Size([1536, 1536])
S torch.Size([96, 1536, 1536])
P:  torch.Size([1536, 6144])
S torch.Size([24, 1536, 6144])
P:  torch.Size([6144, 1536])
S torch.Size([24, 6144, 1536])
step 01858/02088 (88.98%) | loss: 2.723843 | lrm: 0.22 | dt: 14592.58ms | tok/sec: 71,856 | bf16_mfu: 35.93 | epoch: 1 | total time: 449.38m | eta: 55.9m
kind=muon
kind=muon
kind=muon
kind=muon
P:  torch.Size([12, 32])
S torch.Size([12, 12, 32])
P:  torch.Size([1536, 1536])
S torch.Size([96, 1536, 1536])
P:  torch.Size([1536, 6144])
S torch.Size([24, 1536, 6144])
P:  torch.Size([6144, 1536])
S torch.Size([24, 6144, 1536])
step 01859/02088 (89.03%) | loss: 2.727029 | lrm: 0.22 | dt: 14593.17ms | tok/sec: 71,853 | bf16_mfu: 35.93 | epoch: 1 | total time: 449.63m | eta: 55.7m
kind=muon
kind=muon
kind=muon
kind=muon
P:  torch.Size([12, 32])
S torch.Size([12, 12, 32])
P:  torch.Size([1536, 1536])
S torch.Size([96, 1536, 1536])
P:  torch.Size([1536, 6144])
S torch.Size([24, 1536, 6144])
P:  torch.Size([6144, 1536])
S torch.Size([24, 6144, 1536])
step 01860/02088 (89.08%) | loss: 2.717689 | lrm: 0.22 | dt: 14588.89ms | tok/sec: 71,874 | bf16_mfu: 35.94 | epoch: 1 | total time: 449.87m | eta: 55.4m
kind=muon
kind=muon
kind=muon
kind=muon
P:  torch.Size([12, 32])
S torch.Size([12, 12, 32])
P:  torch.Size([1536, 1536])
S torch.Size([96, 1536, 1536])
P:  torch.Size([1536, 6144])
S torch.Size([24, 1536, 6144])
P:  torch.Size([6144, 1536])
S torch.Size([24, 6144, 1536])
step 01861/02088 (89.13%) | loss: 2.714753 | lrm: 0.22 | dt: 14587.70ms | tok/sec: 71,880 | bf16_mfu: 35.94 | epoch: 1 | total time: 450.11m | eta: 55.2m
kind=muon
kind=muon
kind=muon
kind=muon
P:  torch.Size([12, 32])
S torch.Size([12, 12, 32])
P:  torch.Size([1536, 1536])
S torch.Size([96, 1536, 1536])
P:  torch.Size([1536, 6144])
S torch.Size([24, 1536, 6144])
P:  torch.Size([6144, 1536])
S torch.Size([24, 6144, 1536])
step 01862/02088 (89.18%) | loss: 2.707304 | lrm: 0.22 | dt: 14587.39ms | tok/sec: 71,882 | bf16_mfu: 35.94 | epoch: 1 | total time: 450.36m | eta: 55.0m
kind=muon
kind=muon
kind=muon
kind=muon
P:  torch.Size([12, 32])
S torch.Size([12, 12, 32])
P:  torch.Size([1536, 1536])
S torch.Size([96, 1536, 1536])
P:  torch.Size([1536, 6144])
S torch.Size([24, 1536, 6144])
P:  torch.Size([6144, 1536])
S torch.Size([24, 6144, 1536])
step 01863/02088 (89.22%) | loss: 2.703931 | lrm: 0.22 | dt: 14588.38ms | tok/sec: 71,877 | bf16_mfu: 35.94 | epoch: 1 | total time: 450.60m | eta: 54.7m
kind=muon
kind=muon
kind=muon
kind=muon
P:  torch.Size([12, 32])
S torch.Size([12, 12, 32])
P:  torch.Size([1536, 1536])
S torch.Size([96, 1536, 1536])
P:  torch.Size([1536, 6144])
S torch.Size([24, 1536, 6144])
P:  torch.Size([6144, 1536])
S torch.Size([24, 6144, 1536])
step 01864/02088 (89.27%) | loss: 2.701617 | lrm: 0.21 | dt: 14590.85ms | tok/sec: 71,865 | bf16_mfu: 35.93 | epoch: 1 | total time: 450.84m | eta: 54.5m
kind=muon
kind=muon
kind=muon
kind=muon
P:  torch.Size([12, 32])
S torch.Size([12, 12, 32])
P:  torch.Size([1536, 1536])
S torch.Size([96, 1536, 1536])
P:  torch.Size([1536, 6144])
S torch.Size([24, 1536, 6144])
P:  torch.Size([6144, 1536])
S torch.Size([24, 6144, 1536])
step 01865/02088 (89.32%) | loss: 2.685664 | lrm: 0.21 | dt: 14595.75ms | tok/sec: 71,841 | bf16_mfu: 35.92 | epoch: 1 | total time: 451.08m | eta: 54.2m
kind=muon
kind=muon
kind=muon
kind=muon
P:  torch.Size([12, 32])
S torch.Size([12, 12, 32])
P:  torch.Size([1536, 1536])
S torch.Size([96, 1536, 1536])
P:  torch.Size([1536, 6144])
S torch.Size([24, 1536, 6144])
P:  torch.Size([6144, 1536])
S torch.Size([24, 6144, 1536])
step 01866/02088 (89.37%) | loss: 2.678843 | lrm: 0.21 | dt: 14587.34ms | tok/sec: 71,882 | bf16_mfu: 35.94 | epoch: 1 | total time: 451.33m | eta: 54.0m
kind=muon
kind=muon
kind=muon
kind=muon
P:  torch.Size([12, 32])
S torch.Size([12, 12, 32])
P:  torch.Size([1536, 1536])
S torch.Size([96, 1536, 1536])
P:  torch.Size([1536, 6144])
S torch.Size([24, 1536, 6144])
P:  torch.Size([6144, 1536])
S torch.Size([24, 6144, 1536])
step 01867/02088 (89.42%) | loss: 2.671662 | lrm: 0.21 | dt: 14586.77ms | tok/sec: 71,885 | bf16_mfu: 35.94 | epoch: 1 | total time: 451.57m | eta: 53.7m
kind=muon
kind=muon
kind=muon
kind=muon
P:  torch.Size([12, 32])
S torch.Size([12, 12, 32])
P:  torch.Size([1536, 1536])
S torch.Size([96, 1536, 1536])
P:  torch.Size([1536, 6144])
S torch.Size([24, 1536, 6144])
P:  torch.Size([6144, 1536])
S torch.Size([24, 6144, 1536])
step 01868/02088 (89.46%) | loss: 2.670583 | lrm: 0.21 | dt: 14592.01ms | tok/sec: 71,859 | bf16_mfu: 35.93 | epoch: 1 | total time: 451.81m | eta: 53.5m
kind=muon
kind=muon
kind=muon
kind=muon
P:  torch.Size([12, 32])
S torch.Size([12, 12, 32])
P:  torch.Size([1536, 1536])
S torch.Size([96, 1536, 1536])
P:  torch.Size([1536, 6144])
S torch.Size([24, 1536, 6144])
P:  torch.Size([6144, 1536])
S torch.Size([24, 6144, 1536])
step 01869/02088 (89.51%) | loss: 2.669833 | lrm: 0.21 | dt: 14593.74ms | tok/sec: 71,851 | bf16_mfu: 35.93 | epoch: 1 | total time: 452.06m | eta: 53.3m
kind=muon
kind=muon
kind=muon
kind=muon
P:  torch.Size([12, 32])
S torch.Size([12, 12, 32])
P:  torch.Size([1536, 1536])
S torch.Size([96, 1536, 1536])
P:  torch.Size([1536, 6144])
S torch.Size([24, 1536, 6144])
P:  torch.Size([6144, 1536])
S torch.Size([24, 6144, 1536])
step 01870/02088 (89.56%) | loss: 2.665412 | lrm: 0.21 | dt: 14587.27ms | tok/sec: 71,882 | bf16_mfu: 35.94 | epoch: 1 | total time: 452.30m | eta: 53.0m
kind=muon
kind=muon
kind=muon
kind=muon
P:  torch.Size([12, 32])
S torch.Size([12, 12, 32])
P:  torch.Size([1536, 1536])
S torch.Size([96, 1536, 1536])
P:  torch.Size([1536, 6144])
S torch.Size([24, 1536, 6144])
P:  torch.Size([6144, 1536])
S torch.Size([24, 6144, 1536])
step 01871/02088 (89.61%) | loss: 2.671139 | lrm: 0.21 | dt: 14587.81ms | tok/sec: 71,880 | bf16_mfu: 35.94 | epoch: 1 | total time: 452.54m | eta: 52.8m
kind=muon
kind=muon
kind=muon
kind=muon
P:  torch.Size([12, 32])
S torch.Size([12, 12, 32])
P:  torch.Size([1536, 1536])
S torch.Size([96, 1536, 1536])
P:  torch.Size([1536, 6144])
S torch.Size([24, 1536, 6144])
P:  torch.Size([6144, 1536])
S torch.Size([24, 6144, 1536])
step 01872/02088 (89.66%) | loss: 2.664500 | lrm: 0.21 | dt: 14590.06ms | tok/sec: 71,869 | bf16_mfu: 35.94 | epoch: 1 | total time: 452.79m | eta: 52.5m
kind=muon
kind=muon
kind=muon
kind=muon
P:  torch.Size([12, 32])
S torch.Size([12, 12, 32])
P:  torch.Size([1536, 1536])
S torch.Size([96, 1536, 1536])
P:  torch.Size([1536, 6144])
S torch.Size([24, 1536, 6144])
P:  torch.Size([6144, 1536])
S torch.Size([24, 6144, 1536])
step 01873/02088 (89.70%) | loss: 2.664969 | lrm: 0.21 | dt: 14591.72ms | tok/sec: 71,861 | bf16_mfu: 35.93 | epoch: 1 | total time: 453.03m | eta: 52.3m
kind=muon
kind=muon
kind=muon
kind=muon
P:  torch.Size([12, 32])
S torch.Size([12, 12, 32])
P:  torch.Size([1536, 1536])
S torch.Size([96, 1536, 1536])
P:  torch.Size([1536, 6144])
S torch.Size([24, 1536, 6144])
P:  torch.Size([6144, 1536])
S torch.Size([24, 6144, 1536])
step 01874/02088 (89.75%) | loss: 2.658011 | lrm: 0.20 | dt: 14592.91ms | tok/sec: 71,855 | bf16_mfu: 35.93 | epoch: 1 | total time: 453.27m | eta: 52.0m
kind=muon
kind=muon
kind=muon
kind=muon
P:  torch.Size([12, 32])
S torch.Size([12, 12, 32])
P:  torch.Size([1536, 1536])
S torch.Size([96, 1536, 1536])
P:  torch.Size([1536, 6144])
S torch.Size([24, 1536, 6144])
P:  torch.Size([6144, 1536])
S torch.Size([24, 6144, 1536])
step 01875/02088 (89.80%) | loss: 2.666748 | lrm: 0.20 | dt: 14589.60ms | tok/sec: 71,871 | bf16_mfu: 35.94 | epoch: 1 | total time: 453.52m | eta: 51.8m
kind=muon
kind=muon
kind=muon
kind=muon
P:  torch.Size([12, 32])
S torch.Size([12, 12, 32])
P:  torch.Size([1536, 1536])
S torch.Size([96, 1536, 1536])
P:  torch.Size([1536, 6144])
S torch.Size([24, 1536, 6144])
P:  torch.Size([6144, 1536])
S torch.Size([24, 6144, 1536])
step 01876/02088 (89.85%) | loss: 2.673820 | lrm: 0.20 | dt: 14590.25ms | tok/sec: 71,868 | bf16_mfu: 35.93 | epoch: 1 | total time: 453.76m | eta: 51.6m
kind=muon
kind=muon
kind=muon
kind=muon
P:  torch.Size([12, 32])
S torch.Size([12, 12, 32])
P:  torch.Size([1536, 1536])
S torch.Size([96, 1536, 1536])
P:  torch.Size([1536, 6144])
S torch.Size([24, 1536, 6144])
P:  torch.Size([6144, 1536])
S torch.Size([24, 6144, 1536])
step 01877/02088 (89.89%) | loss: 2.685491 | lrm: 0.20 | dt: 14593.39ms | tok/sec: 71,852 | bf16_mfu: 35.93 | epoch: 1 | total time: 454.00m | eta: 51.3m
kind=muon
kind=muon
kind=muon
kind=muon
P:  torch.Size([12, 32])
S torch.Size([12, 12, 32])
P:  torch.Size([1536, 1536])
S torch.Size([96, 1536, 1536])
P:  torch.Size([1536, 6144])
S torch.Size([24, 1536, 6144])
P:  torch.Size([6144, 1536])
S torch.Size([24, 6144, 1536])
step 01878/02088 (89.94%) | loss: 2.686346 | lrm: 0.20 | dt: 14586.60ms | tok/sec: 71,886 | bf16_mfu: 35.94 | epoch: 1 | total time: 454.25m | eta: 51.1m
kind=muon
kind=muon
kind=muon
kind=muon
P:  torch.Size([12, 32])
S torch.Size([12, 12, 32])
P:  torch.Size([1536, 1536])
S torch.Size([96, 1536, 1536])
P:  torch.Size([1536, 6144])
S torch.Size([24, 1536, 6144])
P:  torch.Size([6144, 1536])
S torch.Size([24, 6144, 1536])
step 01879/02088 (89.99%) | loss: 2.676224 | lrm: 0.20 | dt: 14585.59ms | tok/sec: 71,891 | bf16_mfu: 35.95 | epoch: 1 | total time: 454.49m | eta: 50.8m
kind=muon
kind=muon
kind=muon
kind=muon
P:  torch.Size([12, 32])
S torch.Size([12, 12, 32])
P:  torch.Size([1536, 1536])
S torch.Size([96, 1536, 1536])
P:  torch.Size([1536, 6144])
S torch.Size([24, 1536, 6144])
P:  torch.Size([6144, 1536])
S torch.Size([24, 6144, 1536])
step 01880/02088 (90.04%) | loss: 2.676434 | lrm: 0.20 | dt: 14589.55ms | tok/sec: 71,871 | bf16_mfu: 35.94 | epoch: 1 | total time: 454.73m | eta: 50.6m
kind=muon
kind=muon
kind=muon
kind=muon
P:  torch.Size([12, 32])
S torch.Size([12, 12, 32])
P:  torch.Size([1536, 1536])
S torch.Size([96, 1536, 1536])
P:  torch.Size([1536, 6144])
S torch.Size([24, 1536, 6144])
P:  torch.Size([6144, 1536])
S torch.Size([24, 6144, 1536])
step 01881/02088 (90.09%) | loss: 2.679732 | lrm: 0.20 | dt: 14587.09ms | tok/sec: 71,883 | bf16_mfu: 35.94 | epoch: 1 | total time: 454.98m | eta: 50.3m
kind=muon
kind=muon
kind=muon
kind=muon
P:  torch.Size([12, 32])
S torch.Size([12, 12, 32])
P:  torch.Size([1536, 1536])
S torch.Size([96, 1536, 1536])
P:  torch.Size([1536, 6144])
S torch.Size([24, 1536, 6144])
P:  torch.Size([6144, 1536])
S torch.Size([24, 6144, 1536])
step 01882/02088 (90.13%) | loss: 2.687583 | lrm: 0.20 | dt: 14583.20ms | tok/sec: 71,902 | bf16_mfu: 35.95 | epoch: 1 | total time: 455.22m | eta: 50.1m
kind=muon
kind=muon
kind=muon
kind=muon
P:  torch.Size([12, 32])
S torch.Size([12, 12, 32])
P:  torch.Size([1536, 1536])
S torch.Size([96, 1536, 1536])
P:  torch.Size([1536, 6144])
S torch.Size([24, 1536, 6144])
P:  torch.Size([6144, 1536])
S torch.Size([24, 6144, 1536])
step 01883/02088 (90.18%) | loss: 2.685223 | lrm: 0.20 | dt: 14592.78ms | tok/sec: 71,855 | bf16_mfu: 35.93 | epoch: 1 | total time: 455.46m | eta: 49.9m
kind=muon
kind=muon
kind=muon
kind=muon
P:  torch.Size([12, 32])
S torch.Size([12, 12, 32])
P:  torch.Size([1536, 1536])
S torch.Size([96, 1536, 1536])
P:  torch.Size([1536, 6144])
S torch.Size([24, 1536, 6144])
P:  torch.Size([6144, 1536])
S torch.Size([24, 6144, 1536])
step 01884/02088 (90.23%) | loss: 2.686297 | lrm: 0.20 | dt: 14586.67ms | tok/sec: 71,885 | bf16_mfu: 35.94 | epoch: 1 | total time: 455.70m | eta: 49.6m
kind=muon
kind=muon
kind=muon
kind=muon
P:  torch.Size([12, 32])
S torch.Size([12, 12, 32])
P:  torch.Size([1536, 1536])
S torch.Size([96, 1536, 1536])
P:  torch.Size([1536, 6144])
S torch.Size([24, 1536, 6144])
P:  torch.Size([6144, 1536])
S torch.Size([24, 6144, 1536])
step 01885/02088 (90.28%) | loss: 2.666883 | lrm: 0.19 | dt: 14586.49ms | tok/sec: 71,886 | bf16_mfu: 35.94 | epoch: 1 | total time: 455.95m | eta: 49.4m
kind=muon
kind=muon
kind=muon
kind=muon
P:  torch.Size([12, 32])
S torch.Size([12, 12, 32])
P:  torch.Size([1536, 1536])
S torch.Size([96, 1536, 1536])
P:  torch.Size([1536, 6144])
S torch.Size([24, 1536, 6144])
P:  torch.Size([6144, 1536])
S torch.Size([24, 6144, 1536])
step 01886/02088 (90.33%) | loss: 2.674863 | lrm: 0.19 | dt: 14587.68ms | tok/sec: 71,880 | bf16_mfu: 35.94 | epoch: 1 | total time: 456.19m | eta: 49.1m
kind=muon
kind=muon
kind=muon
kind=muon
P:  torch.Size([12, 32])
S torch.Size([12, 12, 32])
P:  torch.Size([1536, 1536])
S torch.Size([96, 1536, 1536])
P:  torch.Size([1536, 6144])
S torch.Size([24, 1536, 6144])
P:  torch.Size([6144, 1536])
S torch.Size([24, 6144, 1536])
step 01887/02088 (90.37%) | loss: 2.678974 | lrm: 0.19 | dt: 14589.43ms | tok/sec: 71,872 | bf16_mfu: 35.94 | epoch: 1 | total time: 456.43m | eta: 48.9m
kind=muon
kind=muon
kind=muon
kind=muon
P:  torch.Size([12, 32])
S torch.Size([12, 12, 32])
P:  torch.Size([1536, 1536])
S torch.Size([96, 1536, 1536])
P:  torch.Size([1536, 6144])
S torch.Size([24, 1536, 6144])
P:  torch.Size([6144, 1536])
S torch.Size([24, 6144, 1536])
step 01888/02088 (90.42%) | loss: 2.687015 | lrm: 0.19 | dt: 14591.46ms | tok/sec: 71,862 | bf16_mfu: 35.93 | epoch: 1 | total time: 456.68m | eta: 48.6m
kind=muon
kind=muon
kind=muon
kind=muon
P:  torch.Size([12, 32])
S torch.Size([12, 12, 32])
P:  torch.Size([1536, 1536])
S torch.Size([96, 1536, 1536])
P:  torch.Size([1536, 6144])
S torch.Size([24, 1536, 6144])
P:  torch.Size([6144, 1536])
S torch.Size([24, 6144, 1536])
step 01889/02088 (90.47%) | loss: 2.679320 | lrm: 0.19 | dt: 14586.86ms | tok/sec: 71,884 | bf16_mfu: 35.94 | epoch: 1 | total time: 456.92m | eta: 48.4m
kind=muon
kind=muon
kind=muon
kind=muon
P:  torch.Size([12, 32])
S torch.Size([12, 12, 32])
P:  torch.Size([1536, 1536])
S torch.Size([96, 1536, 1536])
P:  torch.Size([1536, 6144])
S torch.Size([24, 1536, 6144])
P:  torch.Size([6144, 1536])
S torch.Size([24, 6144, 1536])
step 01890/02088 (90.52%) | loss: 2.661408 | lrm: 0.19 | dt: 14591.39ms | tok/sec: 71,862 | bf16_mfu: 35.93 | epoch: 1 | total time: 457.16m | eta: 48.1m
kind=muon
kind=muon
kind=muon
kind=muon
P:  torch.Size([12, 32])
S torch.Size([12, 12, 32])
P:  torch.Size([1536, 1536])
S torch.Size([96, 1536, 1536])
P:  torch.Size([1536, 6144])
S torch.Size([24, 1536, 6144])
P:  torch.Size([6144, 1536])
S torch.Size([24, 6144, 1536])
step 01891/02088 (90.57%) | loss: 2.661879 | lrm: 0.19 | dt: 14590.65ms | tok/sec: 71,866 | bf16_mfu: 35.93 | epoch: 1 | total time: 457.41m | eta: 47.9m
kind=muon
kind=muon
kind=muon
kind=muon
P:  torch.Size([12, 32])
S torch.Size([12, 12, 32])
P:  torch.Size([1536, 1536])
S torch.Size([96, 1536, 1536])
P:  torch.Size([1536, 6144])
S torch.Size([24, 1536, 6144])
P:  torch.Size([6144, 1536])
S torch.Size([24, 6144, 1536])
step 01892/02088 (90.61%) | loss: 2.663014 | lrm: 0.19 | dt: 14592.70ms | tok/sec: 71,856 | bf16_mfu: 35.93 | epoch: 1 | total time: 457.65m | eta: 47.7m
kind=muon
kind=muon
kind=muon
kind=muon
P:  torch.Size([12, 32])
S torch.Size([12, 12, 32])
P:  torch.Size([1536, 1536])
S torch.Size([96, 1536, 1536])
P:  torch.Size([1536, 6144])
S torch.Size([24, 1536, 6144])
P:  torch.Size([6144, 1536])
S torch.Size([24, 6144, 1536])
step 01893/02088 (90.66%) | loss: 2.670201 | lrm: 0.19 | dt: 14589.52ms | tok/sec: 71,871 | bf16_mfu: 35.94 | epoch: 1 | total time: 457.89m | eta: 47.4m
kind=muon
kind=muon
kind=muon
kind=muon
P:  torch.Size([12, 32])
S torch.Size([12, 12, 32])
P:  torch.Size([1536, 1536])
S torch.Size([96, 1536, 1536])
P:  torch.Size([1536, 6144])
S torch.Size([24, 1536, 6144])
P:  torch.Size([6144, 1536])
S torch.Size([24, 6144, 1536])
step 01894/02088 (90.71%) | loss: 2.677287 | lrm: 0.19 | dt: 14591.51ms | tok/sec: 71,862 | bf16_mfu: 35.93 | epoch: 1 | total time: 458.14m | eta: 47.2m
kind=muon
kind=muon
kind=muon
kind=muon
P:  torch.Size([12, 32])
S torch.Size([12, 12, 32])
P:  torch.Size([1536, 1536])
S torch.Size([96, 1536, 1536])
P:  torch.Size([1536, 6144])
S torch.Size([24, 1536, 6144])
P:  torch.Size([6144, 1536])
S torch.Size([24, 6144, 1536])
step 01895/02088 (90.76%) | loss: 2.677672 | lrm: 0.18 | dt: 14589.68ms | tok/sec: 71,871 | bf16_mfu: 35.94 | epoch: 1 | total time: 458.38m | eta: 46.9m
kind=muon
kind=muon
kind=muon
kind=muon
P:  torch.Size([12, 32])
S torch.Size([12, 12, 32])
P:  torch.Size([1536, 1536])
S torch.Size([96, 1536, 1536])
P:  torch.Size([1536, 6144])
S torch.Size([24, 1536, 6144])
P:  torch.Size([6144, 1536])
S torch.Size([24, 6144, 1536])
step 01896/02088 (90.80%) | loss: 2.681491 | lrm: 0.18 | dt: 14594.24ms | tok/sec: 71,848 | bf16_mfu: 35.93 | epoch: 1 | total time: 458.62m | eta: 46.7m
kind=muon
kind=muon
kind=muon
kind=muon
P:  torch.Size([12, 32])
S torch.Size([12, 12, 32])
P:  torch.Size([1536, 1536])
S torch.Size([96, 1536, 1536])
P:  torch.Size([1536, 6144])
S torch.Size([24, 1536, 6144])
P:  torch.Size([6144, 1536])
S torch.Size([24, 6144, 1536])
step 01897/02088 (90.85%) | loss: 2.695607 | lrm: 0.18 | dt: 14588.37ms | tok/sec: 71,877 | bf16_mfu: 35.94 | epoch: 1 | total time: 458.87m | eta: 46.4m
kind=muon
kind=muon
kind=muon
kind=muon
P:  torch.Size([12, 32])
S torch.Size([12, 12, 32])
P:  torch.Size([1536, 1536])
S torch.Size([96, 1536, 1536])
P:  torch.Size([1536, 6144])
S torch.Size([24, 1536, 6144])
P:  torch.Size([6144, 1536])
S torch.Size([24, 6144, 1536])
step 01898/02088 (90.90%) | loss: 2.687435 | lrm: 0.18 | dt: 14592.47ms | tok/sec: 71,857 | bf16_mfu: 35.93 | epoch: 1 | total time: 459.11m | eta: 46.2m
kind=muon
kind=muon
kind=muon
kind=muon
P:  torch.Size([12, 32])
S torch.Size([12, 12, 32])
P:  torch.Size([1536, 1536])
S torch.Size([96, 1536, 1536])
P:  torch.Size([1536, 6144])
S torch.Size([24, 1536, 6144])
P:  torch.Size([6144, 1536])
S torch.Size([24, 6144, 1536])
step 01899/02088 (90.95%) | loss: 2.683701 | lrm: 0.18 | dt: 14585.31ms | tok/sec: 71,892 | bf16_mfu: 35.95 | epoch: 1 | total time: 459.35m | eta: 46.0m
kind=muon
kind=muon
kind=muon
kind=muon
P:  torch.Size([12, 32])
S torch.Size([12, 12, 32])
P:  torch.Size([1536, 1536])
S torch.Size([96, 1536, 1536])
P:  torch.Size([1536, 6144])
S torch.Size([24, 1536, 6144])
P:  torch.Size([6144, 1536])
S torch.Size([24, 6144, 1536])
step 01900/02088 (91.00%) | loss: 2.684695 | lrm: 0.18 | dt: 14586.11ms | tok/sec: 71,888 | bf16_mfu: 35.95 | epoch: 1 | total time: 459.60m | eta: 45.7m
kind=muon
kind=muon
kind=muon
kind=muon
P:  torch.Size([12, 32])
S torch.Size([12, 12, 32])
P:  torch.Size([1536, 1536])
S torch.Size([96, 1536, 1536])
P:  torch.Size([1536, 6144])
S torch.Size([24, 1536, 6144])
P:  torch.Size([6144, 1536])
S torch.Size([24, 6144, 1536])
step 01901/02088 (91.04%) | loss: 2.699447 | lrm: 0.18 | dt: 14589.28ms | tok/sec: 71,873 | bf16_mfu: 35.94 | epoch: 1 | total time: 459.84m | eta: 45.5m
kind=muon
kind=muon
kind=muon
kind=muon
P:  torch.Size([12, 32])
S torch.Size([12, 12, 32])
P:  torch.Size([1536, 1536])
S torch.Size([96, 1536, 1536])
P:  torch.Size([1536, 6144])
S torch.Size([24, 1536, 6144])
P:  torch.Size([6144, 1536])
S torch.Size([24, 6144, 1536])
step 01902/02088 (91.09%) | loss: 2.688790 | lrm: 0.18 | dt: 14590.19ms | tok/sec: 71,868 | bf16_mfu: 35.94 | epoch: 1 | total time: 460.08m | eta: 45.2m
kind=muon
kind=muon
kind=muon
kind=muon
P:  torch.Size([12, 32])
S torch.Size([12, 12, 32])
P:  torch.Size([1536, 1536])
S torch.Size([96, 1536, 1536])
P:  torch.Size([1536, 6144])
S torch.Size([24, 1536, 6144])
P:  torch.Size([6144, 1536])
S torch.Size([24, 6144, 1536])
step 01903/02088 (91.14%) | loss: 2.681440 | lrm: 0.18 | dt: 14584.55ms | tok/sec: 71,896 | bf16_mfu: 35.95 | epoch: 1 | total time: 460.32m | eta: 45.0m
kind=muon
kind=muon
kind=muon
kind=muon
P:  torch.Size([12, 32])
S torch.Size([12, 12, 32])
P:  torch.Size([1536, 1536])
S torch.Size([96, 1536, 1536])
P:  torch.Size([1536, 6144])
S torch.Size([24, 1536, 6144])
P:  torch.Size([6144, 1536])
S torch.Size([24, 6144, 1536])
step 01904/02088 (91.19%) | loss: 2.680397 | lrm: 0.18 | dt: 14585.65ms | tok/sec: 71,890 | bf16_mfu: 35.95 | epoch: 1 | total time: 460.57m | eta: 44.7m
kind=muon
kind=muon
kind=muon
kind=muon
P:  torch.Size([12, 32])
S torch.Size([12, 12, 32])
P:  torch.Size([1536, 1536])
S torch.Size([96, 1536, 1536])
P:  torch.Size([1536, 6144])
S torch.Size([24, 1536, 6144])
P:  torch.Size([6144, 1536])
S torch.Size([24, 6144, 1536])
step 01905/02088 (91.24%) | loss: 2.686934 | lrm: 0.18 | dt: 14587.01ms | tok/sec: 71,884 | bf16_mfu: 35.94 | epoch: 1 | total time: 460.81m | eta: 44.5m
kind=muon
kind=muon
kind=muon
kind=muon
P:  torch.Size([12, 32])
S torch.Size([12, 12, 32])
P:  torch.Size([1536, 1536])
S torch.Size([96, 1536, 1536])
P:  torch.Size([1536, 6144])
S torch.Size([24, 1536, 6144])
P:  torch.Size([6144, 1536])
S torch.Size([24, 6144, 1536])
step 01906/02088 (91.28%) | loss: 2.692808 | lrm: 0.17 | dt: 14585.45ms | tok/sec: 71,891 | bf16_mfu: 35.95 | epoch: 1 | total time: 461.05m | eta: 44.3m
kind=muon
kind=muon
kind=muon
kind=muon
P:  torch.Size([12, 32])
S torch.Size([12, 12, 32])
P:  torch.Size([1536, 1536])
S torch.Size([96, 1536, 1536])
P:  torch.Size([1536, 6144])
S torch.Size([24, 1536, 6144])
P:  torch.Size([6144, 1536])
S torch.Size([24, 6144, 1536])
step 01907/02088 (91.33%) | loss: 2.694213 | lrm: 0.17 | dt: 14593.33ms | tok/sec: 71,853 | bf16_mfu: 35.93 | epoch: 1 | total time: 461.30m | eta: 44.0m
kind=muon
kind=muon
kind=muon
kind=muon
P:  torch.Size([12, 32])
S torch.Size([12, 12, 32])
P:  torch.Size([1536, 1536])
S torch.Size([96, 1536, 1536])
P:  torch.Size([1536, 6144])
S torch.Size([24, 1536, 6144])
P:  torch.Size([6144, 1536])
S torch.Size([24, 6144, 1536])
step 01908/02088 (91.38%) | loss: 2.704286 | lrm: 0.17 | dt: 14588.39ms | tok/sec: 71,877 | bf16_mfu: 35.94 | epoch: 1 | total time: 461.54m | eta: 43.8m
kind=muon
kind=muon
kind=muon
kind=muon
P:  torch.Size([12, 32])
S torch.Size([12, 12, 32])
P:  torch.Size([1536, 1536])
S torch.Size([96, 1536, 1536])
P:  torch.Size([1536, 6144])
S torch.Size([24, 1536, 6144])
P:  torch.Size([6144, 1536])
S torch.Size([24, 6144, 1536])
step 01909/02088 (91.43%) | loss: 2.691119 | lrm: 0.17 | dt: 14589.63ms | tok/sec: 71,871 | bf16_mfu: 35.94 | epoch: 1 | total time: 461.78m | eta: 43.5m
kind=muon
kind=muon
kind=muon
kind=muon
P:  torch.Size([12, 32])
S torch.Size([12, 12, 32])
P:  torch.Size([1536, 1536])
S torch.Size([96, 1536, 1536])
P:  torch.Size([1536, 6144])
S torch.Size([24, 1536, 6144])
P:  torch.Size([6144, 1536])
S torch.Size([24, 6144, 1536])
step 01910/02088 (91.48%) | loss: 2.682120 | lrm: 0.17 | dt: 14595.68ms | tok/sec: 71,841 | bf16_mfu: 35.92 | epoch: 1 | total time: 462.03m | eta: 43.3m
kind=muon
kind=muon
kind=muon
kind=muon
P:  torch.Size([12, 32])
S torch.Size([12, 12, 32])
P:  torch.Size([1536, 1536])
S torch.Size([96, 1536, 1536])
P:  torch.Size([1536, 6144])
S torch.Size([24, 1536, 6144])
P:  torch.Size([6144, 1536])
S torch.Size([24, 6144, 1536])
step 01911/02088 (91.52%) | loss: 2.688408 | lrm: 0.17 | dt: 14584.54ms | tok/sec: 71,896 | bf16_mfu: 35.95 | epoch: 1 | total time: 462.27m | eta: 43.0m
kind=muon
kind=muon
kind=muon
kind=muon
P:  torch.Size([12, 32])
S torch.Size([12, 12, 32])
P:  torch.Size([1536, 1536])
S torch.Size([96, 1536, 1536])
P:  torch.Size([1536, 6144])
S torch.Size([24, 1536, 6144])
P:  torch.Size([6144, 1536])
S torch.Size([24, 6144, 1536])
step 01912/02088 (91.57%) | loss: 2.680139 | lrm: 0.17 | dt: 14587.02ms | tok/sec: 71,884 | bf16_mfu: 35.94 | epoch: 1 | total time: 462.51m | eta: 42.8m
kind=muon
kind=muon
kind=muon
kind=muon
P:  torch.Size([12, 32])
S torch.Size([12, 12, 32])
P:  torch.Size([1536, 1536])
S torch.Size([96, 1536, 1536])
P:  torch.Size([1536, 6144])
S torch.Size([24, 1536, 6144])
P:  torch.Size([6144, 1536])
S torch.Size([24, 6144, 1536])
step 01913/02088 (91.62%) | loss: 2.683369 | lrm: 0.17 | dt: 14588.82ms | tok/sec: 71,875 | bf16_mfu: 35.94 | epoch: 1 | total time: 462.76m | eta: 42.6m
kind=muon
kind=muon
kind=muon
kind=muon
P:  torch.Size([12, 32])
S torch.Size([12, 12, 32])
P:  torch.Size([1536, 1536])
S torch.Size([96, 1536, 1536])
P:  torch.Size([1536, 6144])
S torch.Size([24, 1536, 6144])
P:  torch.Size([6144, 1536])
S torch.Size([24, 6144, 1536])
step 01914/02088 (91.67%) | loss: 2.679711 | lrm: 0.17 | dt: 14588.09ms | tok/sec: 71,878 | bf16_mfu: 35.94 | epoch: 1 | total time: 463.00m | eta: 42.3m
kind=muon
kind=muon
kind=muon
kind=muon
P:  torch.Size([12, 32])
S torch.Size([12, 12, 32])
P:  torch.Size([1536, 1536])
S torch.Size([96, 1536, 1536])
P:  torch.Size([1536, 6144])
S torch.Size([24, 1536, 6144])
P:  torch.Size([6144, 1536])
S torch.Size([24, 6144, 1536])
step 01915/02088 (91.71%) | loss: 2.676833 | lrm: 0.17 | dt: 14593.33ms | tok/sec: 71,853 | bf16_mfu: 35.93 | epoch: 1 | total time: 463.24m | eta: 42.1m
kind=muon
kind=muon
kind=muon
kind=muon
P:  torch.Size([12, 32])
S torch.Size([12, 12, 32])
P:  torch.Size([1536, 1536])
S torch.Size([96, 1536, 1536])
P:  torch.Size([1536, 6144])
S torch.Size([24, 1536, 6144])
P:  torch.Size([6144, 1536])
S torch.Size([24, 6144, 1536])
step 01916/02088 (91.76%) | loss: 2.677709 | lrm: 0.16 | dt: 14588.18ms | tok/sec: 71,878 | bf16_mfu: 35.94 | epoch: 1 | total time: 463.49m | eta: 41.8m
kind=muon
kind=muon
kind=muon
kind=muon
P:  torch.Size([12, 32])
S torch.Size([12, 12, 32])
P:  torch.Size([1536, 1536])
S torch.Size([96, 1536, 1536])
P:  torch.Size([1536, 6144])
S torch.Size([24, 1536, 6144])
P:  torch.Size([6144, 1536])
S torch.Size([24, 6144, 1536])
step 01917/02088 (91.81%) | loss: 2.675735 | lrm: 0.16 | dt: 14591.74ms | tok/sec: 71,860 | bf16_mfu: 35.93 | epoch: 1 | total time: 463.73m | eta: 41.6m
kind=muon
kind=muon
kind=muon
kind=muon
P:  torch.Size([12, 32])
S torch.Size([12, 12, 32])
P:  torch.Size([1536, 1536])
S torch.Size([96, 1536, 1536])
P:  torch.Size([1536, 6144])
S torch.Size([24, 1536, 6144])
P:  torch.Size([6144, 1536])
S torch.Size([24, 6144, 1536])
step 01918/02088 (91.86%) | loss: 2.671885 | lrm: 0.16 | dt: 14587.04ms | tok/sec: 71,884 | bf16_mfu: 35.94 | epoch: 1 | total time: 463.97m | eta: 41.3m
kind=muon
kind=muon
kind=muon
kind=muon
P:  torch.Size([12, 32])
S torch.Size([12, 12, 32])
P:  torch.Size([1536, 1536])
S torch.Size([96, 1536, 1536])
P:  torch.Size([1536, 6144])
S torch.Size([24, 1536, 6144])
P:  torch.Size([6144, 1536])
S torch.Size([24, 6144, 1536])
step 01919/02088 (91.91%) | loss: 2.681652 | lrm: 0.16 | dt: 14590.40ms | tok/sec: 71,867 | bf16_mfu: 35.93 | epoch: 1 | total time: 464.22m | eta: 41.1m
kind=muon
kind=muon
kind=muon
kind=muon
P:  torch.Size([12, 32])
S torch.Size([12, 12, 32])
P:  torch.Size([1536, 1536])
S torch.Size([96, 1536, 1536])
P:  torch.Size([1536, 6144])
S torch.Size([24, 1536, 6144])
P:  torch.Size([6144, 1536])
S torch.Size([24, 6144, 1536])
step 01920/02088 (91.95%) | loss: 2.697094 | lrm: 0.16 | dt: 14590.09ms | tok/sec: 71,869 | bf16_mfu: 35.94 | epoch: 1 | total time: 464.46m | eta: 40.9m
kind=muon
kind=muon
kind=muon
kind=muon
P:  torch.Size([12, 32])
S torch.Size([12, 12, 32])
P:  torch.Size([1536, 1536])
S torch.Size([96, 1536, 1536])
P:  torch.Size([1536, 6144])
S torch.Size([24, 1536, 6144])
P:  torch.Size([6144, 1536])
S torch.Size([24, 6144, 1536])
step 01921/02088 (92.00%) | loss: 2.693896 | lrm: 0.16 | dt: 14589.37ms | tok/sec: 71,872 | bf16_mfu: 35.94 | epoch: 1 | total time: 464.70m | eta: 40.6m
kind=muon
kind=muon
kind=muon
kind=muon
P:  torch.Size([12, 32])
S torch.Size([12, 12, 32])
P:  torch.Size([1536, 1536])
S torch.Size([96, 1536, 1536])
P:  torch.Size([1536, 6144])
S torch.Size([24, 1536, 6144])
P:  torch.Size([6144, 1536])
S torch.Size([24, 6144, 1536])
step 01922/02088 (92.05%) | loss: 2.717050 | lrm: 0.16 | dt: 14587.99ms | tok/sec: 71,879 | bf16_mfu: 35.94 | epoch: 1 | total time: 464.94m | eta: 40.4m
kind=muon
kind=muon
kind=muon
kind=muon
P:  torch.Size([12, 32])
S torch.Size([12, 12, 32])
P:  torch.Size([1536, 1536])
S torch.Size([96, 1536, 1536])
P:  torch.Size([1536, 6144])
S torch.Size([24, 1536, 6144])
P:  torch.Size([6144, 1536])
S torch.Size([24, 6144, 1536])
step 01923/02088 (92.10%) | loss: 2.710489 | lrm: 0.16 | dt: 14591.09ms | tok/sec: 71,864 | bf16_mfu: 35.93 | epoch: 1 | total time: 465.19m | eta: 40.1m
kind=muon
kind=muon
kind=muon
kind=muon
P:  torch.Size([12, 32])
S torch.Size([12, 12, 32])
P:  torch.Size([1536, 1536])
S torch.Size([96, 1536, 1536])
P:  torch.Size([1536, 6144])
S torch.Size([24, 1536, 6144])
P:  torch.Size([6144, 1536])
S torch.Size([24, 6144, 1536])
step 01924/02088 (92.15%) | loss: 2.692863 | lrm: 0.16 | dt: 14589.22ms | tok/sec: 71,873 | bf16_mfu: 35.94 | epoch: 1 | total time: 465.43m | eta: 39.9m
kind=muon
kind=muon
kind=muon
kind=muon
P:  torch.Size([12, 32])
S torch.Size([12, 12, 32])
P:  torch.Size([1536, 1536])
S torch.Size([96, 1536, 1536])
P:  torch.Size([1536, 6144])
S torch.Size([24, 1536, 6144])
P:  torch.Size([6144, 1536])
S torch.Size([24, 6144, 1536])
step 01925/02088 (92.19%) | loss: 2.689606 | lrm: 0.16 | dt: 14595.00ms | tok/sec: 71,844 | bf16_mfu: 35.92 | epoch: 1 | total time: 465.67m | eta: 39.6m
kind=muon
kind=muon
kind=muon
kind=muon
P:  torch.Size([12, 32])
S torch.Size([12, 12, 32])
P:  torch.Size([1536, 1536])
S torch.Size([96, 1536, 1536])
P:  torch.Size([1536, 6144])
S torch.Size([24, 1536, 6144])
P:  torch.Size([6144, 1536])
S torch.Size([24, 6144, 1536])
step 01926/02088 (92.24%) | loss: 2.684387 | lrm: 0.16 | dt: 14590.50ms | tok/sec: 71,867 | bf16_mfu: 35.93 | epoch: 1 | total time: 465.92m | eta: 39.4m
kind=muon
kind=muon
kind=muon
kind=muon
P:  torch.Size([12, 32])
S torch.Size([12, 12, 32])
P:  torch.Size([1536, 1536])
S torch.Size([96, 1536, 1536])
P:  torch.Size([1536, 6144])
S torch.Size([24, 1536, 6144])
P:  torch.Size([6144, 1536])
S torch.Size([24, 6144, 1536])
step 01927/02088 (92.29%) | loss: 2.690432 | lrm: 0.15 | dt: 14589.10ms | tok/sec: 71,873 | bf16_mfu: 35.94 | epoch: 1 | total time: 466.16m | eta: 39.2m
kind=muon
kind=muon
kind=muon
kind=muon
P:  torch.Size([12, 32])
S torch.Size([12, 12, 32])
P:  torch.Size([1536, 1536])
S torch.Size([96, 1536, 1536])
P:  torch.Size([1536, 6144])
S torch.Size([24, 1536, 6144])
P:  torch.Size([6144, 1536])
S torch.Size([24, 6144, 1536])
step 01928/02088 (92.34%) | loss: 2.711162 | lrm: 0.15 | dt: 14596.57ms | tok/sec: 71,837 | bf16_mfu: 35.92 | epoch: 1 | total time: 466.40m | eta: 38.9m
kind=muon
kind=muon
kind=muon
kind=muon
P:  torch.Size([12, 32])
S torch.Size([12, 12, 32])
P:  torch.Size([1536, 1536])
S torch.Size([96, 1536, 1536])
P:  torch.Size([1536, 6144])
S torch.Size([24, 1536, 6144])
P:  torch.Size([6144, 1536])
S torch.Size([24, 6144, 1536])
step 01929/02088 (92.39%) | loss: 2.705729 | lrm: 0.15 | dt: 14592.19ms | tok/sec: 71,858 | bf16_mfu: 35.93 | epoch: 1 | total time: 466.65m | eta: 38.7m
kind=muon
kind=muon
kind=muon
kind=muon
P:  torch.Size([12, 32])
S torch.Size([12, 12, 32])
P:  torch.Size([1536, 1536])
S torch.Size([96, 1536, 1536])
P:  torch.Size([1536, 6144])
S torch.Size([24, 1536, 6144])
P:  torch.Size([6144, 1536])
S torch.Size([24, 6144, 1536])
step 01930/02088 (92.43%) | loss: 2.699488 | lrm: 0.15 | dt: 14583.44ms | tok/sec: 71,901 | bf16_mfu: 35.95 | epoch: 1 | total time: 466.89m | eta: 38.4m
kind=muon
kind=muon
kind=muon
kind=muon
P:  torch.Size([12, 32])
S torch.Size([12, 12, 32])
P:  torch.Size([1536, 1536])
S torch.Size([96, 1536, 1536])
P:  torch.Size([1536, 6144])
S torch.Size([24, 1536, 6144])
P:  torch.Size([6144, 1536])
S torch.Size([24, 6144, 1536])
step 01931/02088 (92.48%) | loss: 2.697369 | lrm: 0.15 | dt: 14589.96ms | tok/sec: 71,869 | bf16_mfu: 35.94 | epoch: 1 | total time: 467.13m | eta: 38.2m
kind=muon
kind=muon
kind=muon
kind=muon
P:  torch.Size([12, 32])
S torch.Size([12, 12, 32])
P:  torch.Size([1536, 1536])
S torch.Size([96, 1536, 1536])
P:  torch.Size([1536, 6144])
S torch.Size([24, 1536, 6144])
P:  torch.Size([6144, 1536])
S torch.Size([24, 6144, 1536])
step 01932/02088 (92.53%) | loss: 2.703271 | lrm: 0.15 | dt: 14594.59ms | tok/sec: 71,846 | bf16_mfu: 35.92 | epoch: 1 | total time: 467.38m | eta: 37.9m
kind=muon
kind=muon
kind=muon
kind=muon
P:  torch.Size([12, 32])
S torch.Size([12, 12, 32])
P:  torch.Size([1536, 1536])
S torch.Size([96, 1536, 1536])
P:  torch.Size([1536, 6144])
S torch.Size([24, 1536, 6144])
P:  torch.Size([6144, 1536])
S torch.Size([24, 6144, 1536])
step 01933/02088 (92.58%) | loss: 2.689659 | lrm: 0.15 | dt: 14592.36ms | tok/sec: 71,857 | bf16_mfu: 35.93 | epoch: 1 | total time: 467.62m | eta: 37.7m
kind=muon
kind=muon
kind=muon
kind=muon
P:  torch.Size([12, 32])
S torch.Size([12, 12, 32])
P:  torch.Size([1536, 1536])
S torch.Size([96, 1536, 1536])
P:  torch.Size([1536, 6144])
S torch.Size([24, 1536, 6144])
P:  torch.Size([6144, 1536])
S torch.Size([24, 6144, 1536])
step 01934/02088 (92.62%) | loss: 2.685608 | lrm: 0.15 | dt: 14590.03ms | tok/sec: 71,869 | bf16_mfu: 35.94 | epoch: 1 | total time: 467.86m | eta: 37.4m
kind=muon
kind=muon
kind=muon
kind=muon
P:  torch.Size([12, 32])
S torch.Size([12, 12, 32])
P:  torch.Size([1536, 1536])
S torch.Size([96, 1536, 1536])
P:  torch.Size([1536, 6144])
S torch.Size([24, 1536, 6144])
P:  torch.Size([6144, 1536])
S torch.Size([24, 6144, 1536])
step 01935/02088 (92.67%) | loss: 2.682491 | lrm: 0.15 | dt: 14591.35ms | tok/sec: 71,862 | bf16_mfu: 35.93 | epoch: 1 | total time: 468.11m | eta: 37.2m
kind=muon
kind=muon
kind=muon
kind=muon
P:  torch.Size([12, 32])
S torch.Size([12, 12, 32])
P:  torch.Size([1536, 1536])
S torch.Size([96, 1536, 1536])
P:  torch.Size([1536, 6144])
S torch.Size([24, 1536, 6144])
P:  torch.Size([6144, 1536])
S torch.Size([24, 6144, 1536])
step 01936/02088 (92.72%) | loss: 2.686991 | lrm: 0.15 | dt: 14583.10ms | tok/sec: 71,903 | bf16_mfu: 35.95 | epoch: 1 | total time: 468.35m | eta: 37.0m
kind=muon
kind=muon
kind=muon
kind=muon
P:  torch.Size([12, 32])
S torch.Size([12, 12, 32])
P:  torch.Size([1536, 1536])
S torch.Size([96, 1536, 1536])
P:  torch.Size([1536, 6144])
S torch.Size([24, 1536, 6144])
P:  torch.Size([6144, 1536])
S torch.Size([24, 6144, 1536])
step 01937/02088 (92.77%) | loss: 2.679870 | lrm: 0.14 | dt: 14591.20ms | tok/sec: 71,863 | bf16_mfu: 35.93 | epoch: 1 | total time: 468.59m | eta: 36.7m
kind=muon
kind=muon
kind=muon
kind=muon
P:  torch.Size([12, 32])
S torch.Size([12, 12, 32])
P:  torch.Size([1536, 1536])
S torch.Size([96, 1536, 1536])
P:  torch.Size([1536, 6144])
S torch.Size([24, 1536, 6144])
P:  torch.Size([6144, 1536])
S torch.Size([24, 6144, 1536])
step 01938/02088 (92.82%) | loss: 2.679110 | lrm: 0.14 | dt: 14581.67ms | tok/sec: 71,910 | bf16_mfu: 35.96 | epoch: 1 | total time: 468.84m | eta: 36.5m
kind=muon
kind=muon
kind=muon
kind=muon
P:  torch.Size([12, 32])
S torch.Size([12, 12, 32])
P:  torch.Size([1536, 1536])
S torch.Size([96, 1536, 1536])
P:  torch.Size([1536, 6144])
S torch.Size([24, 1536, 6144])
P:  torch.Size([6144, 1536])
S torch.Size([24, 6144, 1536])
step 01939/02088 (92.86%) | loss: 2.693707 | lrm: 0.14 | dt: 14590.65ms | tok/sec: 71,866 | bf16_mfu: 35.93 | epoch: 1 | total time: 469.08m | eta: 36.2m
kind=muon
kind=muon
kind=muon
kind=muon
P:  torch.Size([12, 32])
S torch.Size([12, 12, 32])
P:  torch.Size([1536, 1536])
S torch.Size([96, 1536, 1536])
P:  torch.Size([1536, 6144])
S torch.Size([24, 1536, 6144])
P:  torch.Size([6144, 1536])
S torch.Size([24, 6144, 1536])
step 01940/02088 (92.91%) | loss: 2.700669 | lrm: 0.14 | dt: 14590.42ms | tok/sec: 71,867 | bf16_mfu: 35.93 | epoch: 1 | total time: 469.32m | eta: 36.0m
kind=muon
kind=muon
kind=muon
kind=muon
P:  torch.Size([12, 32])
S torch.Size([12, 12, 32])
P:  torch.Size([1536, 1536])
S torch.Size([96, 1536, 1536])
P:  torch.Size([1536, 6144])
S torch.Size([24, 1536, 6144])
P:  torch.Size([6144, 1536])
S torch.Size([24, 6144, 1536])
step 01941/02088 (92.96%) | loss: 2.698084 | lrm: 0.14 | dt: 14588.83ms | tok/sec: 71,875 | bf16_mfu: 35.94 | epoch: 1 | total time: 469.56m | eta: 35.7m
kind=muon
kind=muon
kind=muon
kind=muon
P:  torch.Size([12, 32])
S torch.Size([12, 12, 32])
P:  torch.Size([1536, 1536])
S torch.Size([96, 1536, 1536])
P:  torch.Size([1536, 6144])
S torch.Size([24, 1536, 6144])
P:  torch.Size([6144, 1536])
S torch.Size([24, 6144, 1536])
step 01942/02088 (93.01%) | loss: 2.697999 | lrm: 0.14 | dt: 14591.18ms | tok/sec: 71,863 | bf16_mfu: 35.93 | epoch: 1 | total time: 469.81m | eta: 35.5m
kind=muon
kind=muon
kind=muon
kind=muon
P:  torch.Size([12, 32])
S torch.Size([12, 12, 32])
P:  torch.Size([1536, 1536])
S torch.Size([96, 1536, 1536])
P:  torch.Size([1536, 6144])
S torch.Size([24, 1536, 6144])
P:  torch.Size([6144, 1536])
S torch.Size([24, 6144, 1536])
step 01943/02088 (93.06%) | loss: 2.685919 | lrm: 0.14 | dt: 14587.21ms | tok/sec: 71,883 | bf16_mfu: 35.94 | epoch: 1 | total time: 470.05m | eta: 35.3m
kind=muon
kind=muon
kind=muon
kind=muon
P:  torch.Size([12, 32])
S torch.Size([12, 12, 32])
P:  torch.Size([1536, 1536])
S torch.Size([96, 1536, 1536])
P:  torch.Size([1536, 6144])
S torch.Size([24, 1536, 6144])
P:  torch.Size([6144, 1536])
S torch.Size([24, 6144, 1536])
step 01944/02088 (93.10%) | loss: 2.681292 | lrm: 0.14 | dt: 14589.22ms | tok/sec: 71,873 | bf16_mfu: 35.94 | epoch: 1 | total time: 470.29m | eta: 35.0m
kind=muon
kind=muon
kind=muon
kind=muon
P:  torch.Size([12, 32])
S torch.Size([12, 12, 32])
P:  torch.Size([1536, 1536])
S torch.Size([96, 1536, 1536])
P:  torch.Size([1536, 6144])
S torch.Size([24, 1536, 6144])
P:  torch.Size([6144, 1536])
S torch.Size([24, 6144, 1536])
step 01945/02088 (93.15%) | loss: 2.680999 | lrm: 0.14 | dt: 14585.80ms | tok/sec: 71,890 | bf16_mfu: 35.95 | epoch: 1 | total time: 470.54m | eta: 34.8m
kind=muon
kind=muon
kind=muon
kind=muon
P:  torch.Size([12, 32])
S torch.Size([12, 12, 32])
P:  torch.Size([1536, 1536])
S torch.Size([96, 1536, 1536])
P:  torch.Size([1536, 6144])
S torch.Size([24, 1536, 6144])
P:  torch.Size([6144, 1536])
S torch.Size([24, 6144, 1536])
step 01946/02088 (93.20%) | loss: 2.681121 | lrm: 0.14 | dt: 14593.64ms | tok/sec: 71,851 | bf16_mfu: 35.93 | epoch: 1 | total time: 470.78m | eta: 34.5m
kind=muon
kind=muon
kind=muon
kind=muon
P:  torch.Size([12, 32])
S torch.Size([12, 12, 32])
P:  torch.Size([1536, 1536])
S torch.Size([96, 1536, 1536])
P:  torch.Size([1536, 6144])
S torch.Size([24, 1536, 6144])
P:  torch.Size([6144, 1536])
S torch.Size([24, 6144, 1536])
step 01947/02088 (93.25%) | loss: 2.691787 | lrm: 0.14 | dt: 14589.95ms | tok/sec: 71,869 | bf16_mfu: 35.94 | epoch: 1 | total time: 471.02m | eta: 34.3m
kind=muon
kind=muon
kind=muon
kind=muon
P:  torch.Size([12, 32])
S torch.Size([12, 12, 32])
P:  torch.Size([1536, 1536])
S torch.Size([96, 1536, 1536])
P:  torch.Size([1536, 6144])
S torch.Size([24, 1536, 6144])
P:  torch.Size([6144, 1536])
S torch.Size([24, 6144, 1536])
step 01948/02088 (93.30%) | loss: 2.695519 | lrm: 0.13 | dt: 14592.89ms | tok/sec: 71,855 | bf16_mfu: 35.93 | epoch: 1 | total time: 471.27m | eta: 34.0m
kind=muon
kind=muon
kind=muon
kind=muon
P:  torch.Size([12, 32])
S torch.Size([12, 12, 32])
P:  torch.Size([1536, 1536])
S torch.Size([96, 1536, 1536])
P:  torch.Size([1536, 6144])
S torch.Size([24, 1536, 6144])
P:  torch.Size([6144, 1536])
S torch.Size([24, 6144, 1536])
step 01949/02088 (93.34%) | loss: 2.690642 | lrm: 0.13 | dt: 14590.08ms | tok/sec: 71,869 | bf16_mfu: 35.94 | epoch: 1 | total time: 471.51m | eta: 33.8m
kind=muon
kind=muon
kind=muon
kind=muon
P:  torch.Size([12, 32])
S torch.Size([12, 12, 32])
P:  torch.Size([1536, 1536])
S torch.Size([96, 1536, 1536])
P:  torch.Size([1536, 6144])
S torch.Size([24, 1536, 6144])
P:  torch.Size([6144, 1536])
S torch.Size([24, 6144, 1536])
step 01950/02088 (93.39%) | loss: 2.680928 | lrm: 0.13 | dt: 14591.90ms | tok/sec: 71,860 | bf16_mfu: 35.93 | epoch: 1 | total time: 471.75m | eta: 33.6m
kind=muon
kind=muon
kind=muon
kind=muon
P:  torch.Size([12, 32])
S torch.Size([12, 12, 32])
P:  torch.Size([1536, 1536])
S torch.Size([96, 1536, 1536])
P:  torch.Size([1536, 6144])
S torch.Size([24, 1536, 6144])
P:  torch.Size([6144, 1536])
S torch.Size([24, 6144, 1536])
step 01951/02088 (93.44%) | loss: 2.672374 | lrm: 0.13 | dt: 14586.32ms | tok/sec: 71,887 | bf16_mfu: 35.94 | epoch: 1 | total time: 472.00m | eta: 33.3m
kind=muon
kind=muon
kind=muon
kind=muon
P:  torch.Size([12, 32])
S torch.Size([12, 12, 32])
P:  torch.Size([1536, 1536])
S torch.Size([96, 1536, 1536])
P:  torch.Size([1536, 6144])
S torch.Size([24, 1536, 6144])
P:  torch.Size([6144, 1536])
S torch.Size([24, 6144, 1536])
step 01952/02088 (93.49%) | loss: 2.677379 | lrm: 0.13 | dt: 14588.56ms | tok/sec: 71,876 | bf16_mfu: 35.94 | epoch: 1 | total time: 472.24m | eta: 33.1m
kind=muon
kind=muon
kind=muon
kind=muon
P:  torch.Size([12, 32])
S torch.Size([12, 12, 32])
P:  torch.Size([1536, 1536])
S torch.Size([96, 1536, 1536])
P:  torch.Size([1536, 6144])
S torch.Size([24, 1536, 6144])
P:  torch.Size([6144, 1536])
S torch.Size([24, 6144, 1536])
step 01953/02088 (93.53%) | loss: 2.659462 | lrm: 0.13 | dt: 14588.01ms | tok/sec: 71,879 | bf16_mfu: 35.94 | epoch: 1 | total time: 472.48m | eta: 32.8m
kind=muon
kind=muon
kind=muon
kind=muon
P:  torch.Size([12, 32])
S torch.Size([12, 12, 32])
P:  torch.Size([1536, 1536])
S torch.Size([96, 1536, 1536])
P:  torch.Size([1536, 6144])
S torch.Size([24, 1536, 6144])
P:  torch.Size([6144, 1536])
S torch.Size([24, 6144, 1536])
step 01954/02088 (93.58%) | loss: 2.648871 | lrm: 0.13 | dt: 14592.98ms | tok/sec: 71,854 | bf16_mfu: 35.93 | epoch: 1 | total time: 472.73m | eta: 32.6m
kind=muon
kind=muon
kind=muon
kind=muon
P:  torch.Size([12, 32])
S torch.Size([12, 12, 32])
P:  torch.Size([1536, 1536])
S torch.Size([96, 1536, 1536])
P:  torch.Size([1536, 6144])
S torch.Size([24, 1536, 6144])
P:  torch.Size([6144, 1536])
S torch.Size([24, 6144, 1536])
step 01955/02088 (93.63%) | loss: 2.654871 | lrm: 0.13 | dt: 14585.44ms | tok/sec: 71,891 | bf16_mfu: 35.95 | epoch: 1 | total time: 472.97m | eta: 32.3m
kind=muon
kind=muon
kind=muon
kind=muon
P:  torch.Size([12, 32])
S torch.Size([12, 12, 32])
P:  torch.Size([1536, 1536])
S torch.Size([96, 1536, 1536])
P:  torch.Size([1536, 6144])
S torch.Size([24, 1536, 6144])
P:  torch.Size([6144, 1536])
S torch.Size([24, 6144, 1536])
step 01956/02088 (93.68%) | loss: 2.646365 | lrm: 0.13 | dt: 14593.47ms | tok/sec: 71,852 | bf16_mfu: 35.93 | epoch: 1 | total time: 473.21m | eta: 32.1m
kind=muon
kind=muon
kind=muon
kind=muon
P:  torch.Size([12, 32])
S torch.Size([12, 12, 32])
P:  torch.Size([1536, 1536])
S torch.Size([96, 1536, 1536])
P:  torch.Size([1536, 6144])
S torch.Size([24, 1536, 6144])
P:  torch.Size([6144, 1536])
S torch.Size([24, 6144, 1536])
step 01957/02088 (93.73%) | loss: 2.649326 | lrm: 0.13 | dt: 14580.18ms | tok/sec: 71,917 | bf16_mfu: 35.96 | epoch: 1 | total time: 473.46m | eta: 31.9m
kind=muon
kind=muon
kind=muon
kind=muon
P:  torch.Size([12, 32])
S torch.Size([12, 12, 32])
P:  torch.Size([1536, 1536])
S torch.Size([96, 1536, 1536])
P:  torch.Size([1536, 6144])
S torch.Size([24, 1536, 6144])
P:  torch.Size([6144, 1536])
S torch.Size([24, 6144, 1536])
step 01958/02088 (93.77%) | loss: 2.649797 | lrm: 0.12 | dt: 14588.68ms | tok/sec: 71,876 | bf16_mfu: 35.94 | epoch: 1 | total time: 473.70m | eta: 31.6m
kind=muon
kind=muon
kind=muon
kind=muon
P:  torch.Size([12, 32])
S torch.Size([12, 12, 32])
P:  torch.Size([1536, 1536])
S torch.Size([96, 1536, 1536])
P:  torch.Size([1536, 6144])
S torch.Size([24, 1536, 6144])
P:  torch.Size([6144, 1536])
S torch.Size([24, 6144, 1536])
step 01959/02088 (93.82%) | loss: 2.650789 | lrm: 0.12 | dt: 14591.03ms | tok/sec: 71,864 | bf16_mfu: 35.93 | epoch: 1 | total time: 473.94m | eta: 31.4m
kind=muon
kind=muon
kind=muon
kind=muon
P:  torch.Size([12, 32])
S torch.Size([12, 12, 32])
P:  torch.Size([1536, 1536])
S torch.Size([96, 1536, 1536])
P:  torch.Size([1536, 6144])
S torch.Size([24, 1536, 6144])
P:  torch.Size([6144, 1536])
S torch.Size([24, 6144, 1536])
step 01960/02088 (93.87%) | loss: 2.659168 | lrm: 0.12 | dt: 14592.44ms | tok/sec: 71,857 | bf16_mfu: 35.93 | epoch: 1 | total time: 474.18m | eta: 31.1m
kind=muon
kind=muon
kind=muon
kind=muon
P:  torch.Size([12, 32])
S torch.Size([12, 12, 32])
P:  torch.Size([1536, 1536])
S torch.Size([96, 1536, 1536])
P:  torch.Size([1536, 6144])
S torch.Size([24, 1536, 6144])
P:  torch.Size([6144, 1536])
S torch.Size([24, 6144, 1536])
step 01961/02088 (93.92%) | loss: 2.666342 | lrm: 0.12 | dt: 14594.43ms | tok/sec: 71,847 | bf16_mfu: 35.92 | epoch: 1 | total time: 474.43m | eta: 30.9m
kind=muon
kind=muon
kind=muon
kind=muon
P:  torch.Size([12, 32])
S torch.Size([12, 12, 32])
P:  torch.Size([1536, 1536])
S torch.Size([96, 1536, 1536])
P:  torch.Size([1536, 6144])
S torch.Size([24, 1536, 6144])
P:  torch.Size([6144, 1536])
S torch.Size([24, 6144, 1536])
step 01962/02088 (93.97%) | loss: 2.669903 | lrm: 0.12 | dt: 14591.81ms | tok/sec: 71,860 | bf16_mfu: 35.93 | epoch: 1 | total time: 474.67m | eta: 30.6m
kind=muon
kind=muon
kind=muon
kind=muon
P:  torch.Size([12, 32])
S torch.Size([12, 12, 32])
P:  torch.Size([1536, 1536])
S torch.Size([96, 1536, 1536])
P:  torch.Size([1536, 6144])
S torch.Size([24, 1536, 6144])
P:  torch.Size([6144, 1536])
S torch.Size([24, 6144, 1536])
step 01963/02088 (94.01%) | loss: 2.684826 | lrm: 0.12 | dt: 14583.75ms | tok/sec: 71,900 | bf16_mfu: 35.95 | epoch: 1 | total time: 474.91m | eta: 30.4m
kind=muon
kind=muon
kind=muon
kind=muon
P:  torch.Size([12, 32])
S torch.Size([12, 12, 32])
P:  torch.Size([1536, 1536])
S torch.Size([96, 1536, 1536])
P:  torch.Size([1536, 6144])
S torch.Size([24, 1536, 6144])
P:  torch.Size([6144, 1536])
S torch.Size([24, 6144, 1536])
step 01964/02088 (94.06%) | loss: 2.685050 | lrm: 0.12 | dt: 14591.82ms | tok/sec: 71,860 | bf16_mfu: 35.93 | epoch: 1 | total time: 475.16m | eta: 30.2m
kind=muon
kind=muon
kind=muon
kind=muon
P:  torch.Size([12, 32])
S torch.Size([12, 12, 32])
P:  torch.Size([1536, 1536])
S torch.Size([96, 1536, 1536])
P:  torch.Size([1536, 6144])
S torch.Size([24, 1536, 6144])
P:  torch.Size([6144, 1536])
S torch.Size([24, 6144, 1536])
step 01965/02088 (94.11%) | loss: 2.682652 | lrm: 0.12 | dt: 14595.53ms | tok/sec: 71,842 | bf16_mfu: 35.92 | epoch: 1 | total time: 475.40m | eta: 29.9m
kind=muon
kind=muon
kind=muon
kind=muon
P:  torch.Size([12, 32])
S torch.Size([12, 12, 32])
P:  torch.Size([1536, 1536])
S torch.Size([96, 1536, 1536])
P:  torch.Size([1536, 6144])
S torch.Size([24, 1536, 6144])
P:  torch.Size([6144, 1536])
S torch.Size([24, 6144, 1536])
step 01966/02088 (94.16%) | loss: 2.700049 | lrm: 0.12 | dt: 14593.72ms | tok/sec: 71,851 | bf16_mfu: 35.93 | epoch: 1 | total time: 475.64m | eta: 29.7m
kind=muon
kind=muon
kind=muon
kind=muon
P:  torch.Size([12, 32])
S torch.Size([12, 12, 32])
P:  torch.Size([1536, 1536])
S torch.Size([96, 1536, 1536])
P:  torch.Size([1536, 6144])
S torch.Size([24, 1536, 6144])
P:  torch.Size([6144, 1536])
S torch.Size([24, 6144, 1536])
step 01967/02088 (94.20%) | loss: 2.692808 | lrm: 0.12 | dt: 14587.36ms | tok/sec: 71,882 | bf16_mfu: 35.94 | epoch: 1 | total time: 475.89m | eta: 29.4m
kind=muon
kind=muon
kind=muon
kind=muon
P:  torch.Size([12, 32])
S torch.Size([12, 12, 32])
P:  torch.Size([1536, 1536])
S torch.Size([96, 1536, 1536])
P:  torch.Size([1536, 6144])
S torch.Size([24, 1536, 6144])
P:  torch.Size([6144, 1536])
S torch.Size([24, 6144, 1536])
step 01968/02088 (94.25%) | loss: 2.692436 | lrm: 0.11 | dt: 14596.01ms | tok/sec: 71,839 | bf16_mfu: 35.92 | epoch: 1 | total time: 476.13m | eta: 29.2m
kind=muon
kind=muon
kind=muon
kind=muon
P:  torch.Size([12, 32])
S torch.Size([12, 12, 32])
P:  torch.Size([1536, 1536])
S torch.Size([96, 1536, 1536])
P:  torch.Size([1536, 6144])
S torch.Size([24, 1536, 6144])
P:  torch.Size([6144, 1536])
S torch.Size([24, 6144, 1536])
step 01969/02088 (94.30%) | loss: 2.702463 | lrm: 0.11 | dt: 14589.98ms | tok/sec: 71,869 | bf16_mfu: 35.94 | epoch: 1 | total time: 476.37m | eta: 28.9m
kind=muon
kind=muon
kind=muon
kind=muon
P:  torch.Size([12, 32])
S torch.Size([12, 12, 32])
P:  torch.Size([1536, 1536])
S torch.Size([96, 1536, 1536])
P:  torch.Size([1536, 6144])
S torch.Size([24, 1536, 6144])
P:  torch.Size([6144, 1536])
S torch.Size([24, 6144, 1536])
step 01970/02088 (94.35%) | loss: 2.705041 | lrm: 0.11 | dt: 14589.39ms | tok/sec: 71,872 | bf16_mfu: 35.94 | epoch: 1 | total time: 476.62m | eta: 28.7m
kind=muon
kind=muon
kind=muon
kind=muon
P:  torch.Size([12, 32])
S torch.Size([12, 12, 32])
P:  torch.Size([1536, 1536])
S torch.Size([96, 1536, 1536])
P:  torch.Size([1536, 6144])
S torch.Size([24, 1536, 6144])
P:  torch.Size([6144, 1536])
S torch.Size([24, 6144, 1536])
step 01971/02088 (94.40%) | loss: 2.700630 | lrm: 0.11 | dt: 14589.60ms | tok/sec: 71,871 | bf16_mfu: 35.94 | epoch: 1 | total time: 476.86m | eta: 28.5m
kind=muon
kind=muon
kind=muon
kind=muon
P:  torch.Size([12, 32])
S torch.Size([12, 12, 32])
P:  torch.Size([1536, 1536])
S torch.Size([96, 1536, 1536])
P:  torch.Size([1536, 6144])
S torch.Size([24, 1536, 6144])
P:  torch.Size([6144, 1536])
S torch.Size([24, 6144, 1536])
step 01972/02088 (94.44%) | loss: 2.686644 | lrm: 0.11 | dt: 14585.87ms | tok/sec: 71,889 | bf16_mfu: 35.95 | epoch: 1 | total time: 477.10m | eta: 28.2m
kind=muon
kind=muon
kind=muon
kind=muon
P:  torch.Size([12, 32])
S torch.Size([12, 12, 32])
P:  torch.Size([1536, 1536])
S torch.Size([96, 1536, 1536])
P:  torch.Size([1536, 6144])
S torch.Size([24, 1536, 6144])
P:  torch.Size([6144, 1536])
S torch.Size([24, 6144, 1536])
step 01973/02088 (94.49%) | loss: 2.693338 | lrm: 0.11 | dt: 14599.53ms | tok/sec: 71,822 | bf16_mfu: 35.91 | epoch: 1 | total time: 477.35m | eta: 28.0m
kind=muon
kind=muon
kind=muon
kind=muon
P:  torch.Size([12, 32])
S torch.Size([12, 12, 32])
P:  torch.Size([1536, 1536])
S torch.Size([96, 1536, 1536])
P:  torch.Size([1536, 6144])
S torch.Size([24, 1536, 6144])
P:  torch.Size([6144, 1536])
S torch.Size([24, 6144, 1536])
step 01974/02088 (94.54%) | loss: 2.690132 | lrm: 0.11 | dt: 14597.82ms | tok/sec: 71,831 | bf16_mfu: 35.92 | epoch: 1 | total time: 477.59m | eta: 27.7m
kind=muon
kind=muon
kind=muon
kind=muon
P:  torch.Size([12, 32])
S torch.Size([12, 12, 32])
P:  torch.Size([1536, 1536])
S torch.Size([96, 1536, 1536])
P:  torch.Size([1536, 6144])
S torch.Size([24, 1536, 6144])
P:  torch.Size([6144, 1536])
S torch.Size([24, 6144, 1536])
step 01975/02088 (94.59%) | loss: 2.698008 | lrm: 0.11 | dt: 14608.65ms | tok/sec: 71,777 | bf16_mfu: 35.89 | epoch: 1 | total time: 477.83m | eta: 27.5m
kind=muon
kind=muon
kind=muon
kind=muon
P:  torch.Size([12, 32])
S torch.Size([12, 12, 32])
P:  torch.Size([1536, 1536])
S torch.Size([96, 1536, 1536])
P:  torch.Size([1536, 6144])
S torch.Size([24, 1536, 6144])
P:  torch.Size([6144, 1536])
S torch.Size([24, 6144, 1536])
step 01976/02088 (94.64%) | loss: 2.696274 | lrm: 0.11 | dt: 14615.66ms | tok/sec: 71,743 | bf16_mfu: 35.87 | epoch: 1 | total time: 478.08m | eta: 27.2m
kind=muon
kind=muon
kind=muon
kind=muon
P:  torch.Size([12, 32])
S torch.Size([12, 12, 32])
P:  torch.Size([1536, 1536])
S torch.Size([96, 1536, 1536])
P:  torch.Size([1536, 6144])
S torch.Size([24, 1536, 6144])
P:  torch.Size([6144, 1536])
S torch.Size([24, 6144, 1536])
step 01977/02088 (94.68%) | loss: 2.702637 | lrm: 0.11 | dt: 14607.94ms | tok/sec: 71,781 | bf16_mfu: 35.89 | epoch: 1 | total time: 478.32m | eta: 27.0m
kind=muon
kind=muon
kind=muon
kind=muon
P:  torch.Size([12, 32])
S torch.Size([12, 12, 32])
P:  torch.Size([1536, 1536])
S torch.Size([96, 1536, 1536])
P:  torch.Size([1536, 6144])
S torch.Size([24, 1536, 6144])
P:  torch.Size([6144, 1536])
S torch.Size([24, 6144, 1536])
step 01978/02088 (94.73%) | loss: 2.702979 | lrm: 0.11 | dt: 14606.99ms | tok/sec: 71,785 | bf16_mfu: 35.89 | epoch: 1 | total time: 478.56m | eta: 26.7m
kind=muon
kind=muon
kind=muon
kind=muon
P:  torch.Size([12, 32])
S torch.Size([12, 12, 32])
P:  torch.Size([1536, 1536])
S torch.Size([96, 1536, 1536])
P:  torch.Size([1536, 6144])
S torch.Size([24, 1536, 6144])
P:  torch.Size([6144, 1536])
S torch.Size([24, 6144, 1536])
step 01979/02088 (94.78%) | loss: 2.725090 | lrm: 0.10 | dt: 14598.77ms | tok/sec: 71,826 | bf16_mfu: 35.91 | epoch: 1 | total time: 478.81m | eta: 26.5m
kind=muon
kind=muon
kind=muon
kind=muon
P:  torch.Size([12, 32])
S torch.Size([12, 12, 32])
P:  torch.Size([1536, 1536])
S torch.Size([96, 1536, 1536])
P:  torch.Size([1536, 6144])
S torch.Size([24, 1536, 6144])
P:  torch.Size([6144, 1536])
S torch.Size([24, 6144, 1536])
step 01980/02088 (94.83%) | loss: 2.725790 | lrm: 0.10 | dt: 14608.78ms | tok/sec: 71,777 | bf16_mfu: 35.89 | epoch: 1 | total time: 479.05m | eta: 26.3m
kind=muon
kind=muon
kind=muon
kind=muon
P:  torch.Size([12, 32])
S torch.Size([12, 12, 32])
P:  torch.Size([1536, 1536])
S torch.Size([96, 1536, 1536])
P:  torch.Size([1536, 6144])
S torch.Size([24, 1536, 6144])
P:  torch.Size([6144, 1536])
S torch.Size([24, 6144, 1536])
step 01981/02088 (94.88%) | loss: 2.712169 | lrm: 0.10 | dt: 14611.08ms | tok/sec: 71,765 | bf16_mfu: 35.88 | epoch: 1 | total time: 479.29m | eta: 26.0m
kind=muon
kind=muon
kind=muon
kind=muon
P:  torch.Size([12, 32])
S torch.Size([12, 12, 32])
P:  torch.Size([1536, 1536])
S torch.Size([96, 1536, 1536])
P:  torch.Size([1536, 6144])
S torch.Size([24, 1536, 6144])
P:  torch.Size([6144, 1536])
S torch.Size([24, 6144, 1536])
step 01982/02088 (94.92%) | loss: 2.691482 | lrm: 0.10 | dt: 14605.64ms | tok/sec: 71,792 | bf16_mfu: 35.90 | epoch: 1 | total time: 479.54m | eta: 25.8m
kind=muon
kind=muon
kind=muon
kind=muon
P:  torch.Size([12, 32])
S torch.Size([12, 12, 32])
P:  torch.Size([1536, 1536])
S torch.Size([96, 1536, 1536])
P:  torch.Size([1536, 6144])
S torch.Size([24, 1536, 6144])
P:  torch.Size([6144, 1536])
S torch.Size([24, 6144, 1536])
step 01983/02088 (94.97%) | loss: 2.707779 | lrm: 0.10 | dt: 14611.36ms | tok/sec: 71,764 | bf16_mfu: 35.88 | epoch: 1 | total time: 479.78m | eta: 25.5m
kind=muon
kind=muon
kind=muon
kind=muon
P:  torch.Size([12, 32])
S torch.Size([12, 12, 32])
P:  torch.Size([1536, 1536])
S torch.Size([96, 1536, 1536])
P:  torch.Size([1536, 6144])
S torch.Size([24, 1536, 6144])
P:  torch.Size([6144, 1536])
S torch.Size([24, 6144, 1536])
step 01984/02088 (95.02%) | loss: 2.707582 | lrm: 0.10 | dt: 14603.71ms | tok/sec: 71,802 | bf16_mfu: 35.90 | epoch: 1 | total time: 480.02m | eta: 25.3m
kind=muon
kind=muon
kind=muon
kind=muon
P:  torch.Size([12, 32])
S torch.Size([12, 12, 32])
P:  torch.Size([1536, 1536])
S torch.Size([96, 1536, 1536])
P:  torch.Size([1536, 6144])
S torch.Size([24, 1536, 6144])
P:  torch.Size([6144, 1536])
S torch.Size([24, 6144, 1536])
step 01985/02088 (95.07%) | loss: 2.703224 | lrm: 0.10 | dt: 14606.78ms | tok/sec: 71,786 | bf16_mfu: 35.89 | epoch: 1 | total time: 480.27m | eta: 25.0m
kind=muon
kind=muon
kind=muon
kind=muon
P:  torch.Size([12, 32])
S torch.Size([12, 12, 32])
P:  torch.Size([1536, 1536])
S torch.Size([96, 1536, 1536])
P:  torch.Size([1536, 6144])
S torch.Size([24, 1536, 6144])
P:  torch.Size([6144, 1536])
S torch.Size([24, 6144, 1536])
step 01986/02088 (95.11%) | loss: 2.703800 | lrm: 0.10 | dt: 14611.34ms | tok/sec: 71,764 | bf16_mfu: 35.88 | epoch: 1 | total time: 480.51m | eta: 24.8m
kind=muon
kind=muon
kind=muon
kind=muon
P:  torch.Size([12, 32])
S torch.Size([12, 12, 32])
P:  torch.Size([1536, 1536])
S torch.Size([96, 1536, 1536])
P:  torch.Size([1536, 6144])
S torch.Size([24, 1536, 6144])
P:  torch.Size([6144, 1536])
S torch.Size([24, 6144, 1536])
step 01987/02088 (95.16%) | loss: 2.693387 | lrm: 0.10 | dt: 14610.53ms | tok/sec: 71,768 | bf16_mfu: 35.89 | epoch: 1 | total time: 480.75m | eta: 24.6m
kind=muon
kind=muon
kind=muon
kind=muon
P:  torch.Size([12, 32])
S torch.Size([12, 12, 32])
P:  torch.Size([1536, 1536])
S torch.Size([96, 1536, 1536])
P:  torch.Size([1536, 6144])
S torch.Size([24, 1536, 6144])
P:  torch.Size([6144, 1536])
S torch.Size([24, 6144, 1536])
step 01988/02088 (95.21%) | loss: 2.671464 | lrm: 0.10 | dt: 14603.36ms | tok/sec: 71,803 | bf16_mfu: 35.90 | epoch: 1 | total time: 481.00m | eta: 24.3m
kind=muon
kind=muon
kind=muon
kind=muon
P:  torch.Size([12, 32])
S torch.Size([12, 12, 32])
P:  torch.Size([1536, 1536])
S torch.Size([96, 1536, 1536])
P:  torch.Size([1536, 6144])
S torch.Size([24, 1536, 6144])
P:  torch.Size([6144, 1536])
S torch.Size([24, 6144, 1536])
step 01989/02088 (95.26%) | loss: 2.671034 | lrm: 0.09 | dt: 14611.59ms | tok/sec: 71,763 | bf16_mfu: 35.88 | epoch: 1 | total time: 481.24m | eta: 24.1m
kind=muon
kind=muon
kind=muon
kind=muon
P:  torch.Size([12, 32])
S torch.Size([12, 12, 32])
P:  torch.Size([1536, 1536])
S torch.Size([96, 1536, 1536])
P:  torch.Size([1536, 6144])
S torch.Size([24, 1536, 6144])
P:  torch.Size([6144, 1536])
S torch.Size([24, 6144, 1536])
step 01990/02088 (95.31%) | loss: 2.666023 | lrm: 0.09 | dt: 14613.84ms | tok/sec: 71,752 | bf16_mfu: 35.88 | epoch: 1 | total time: 481.49m | eta: 23.8m
kind=muon
kind=muon
kind=muon
kind=muon
P:  torch.Size([12, 32])
S torch.Size([12, 12, 32])
P:  torch.Size([1536, 1536])
S torch.Size([96, 1536, 1536])
P:  torch.Size([1536, 6144])
S torch.Size([24, 1536, 6144])
P:  torch.Size([6144, 1536])
S torch.Size([24, 6144, 1536])
step 01991/02088 (95.35%) | loss: 2.672099 | lrm: 0.09 | dt: 14608.55ms | tok/sec: 71,778 | bf16_mfu: 35.89 | epoch: 1 | total time: 481.73m | eta: 23.6m
kind=muon
kind=muon
kind=muon
kind=muon
P:  torch.Size([12, 32])
S torch.Size([12, 12, 32])
P:  torch.Size([1536, 1536])
S torch.Size([96, 1536, 1536])
P:  torch.Size([1536, 6144])
S torch.Size([24, 1536, 6144])
P:  torch.Size([6144, 1536])
S torch.Size([24, 6144, 1536])
step 01992/02088 (95.40%) | loss: 2.673450 | lrm: 0.09 | dt: 14592.04ms | tok/sec: 71,859 | bf16_mfu: 35.93 | epoch: 1 | total time: 481.97m | eta: 23.3m
kind=muon
kind=muon
kind=muon
kind=muon
P:  torch.Size([12, 32])
S torch.Size([12, 12, 32])
P:  torch.Size([1536, 1536])
S torch.Size([96, 1536, 1536])
P:  torch.Size([1536, 6144])
S torch.Size([24, 1536, 6144])
P:  torch.Size([6144, 1536])
S torch.Size([24, 6144, 1536])
step 01993/02088 (95.45%) | loss: 2.685740 | lrm: 0.09 | dt: 14597.94ms | tok/sec: 71,830 | bf16_mfu: 35.92 | epoch: 1 | total time: 482.21m | eta: 23.1m
kind=muon
kind=muon
kind=muon
kind=muon
P:  torch.Size([12, 32])
S torch.Size([12, 12, 32])
P:  torch.Size([1536, 1536])
S torch.Size([96, 1536, 1536])
P:  torch.Size([1536, 6144])
S torch.Size([24, 1536, 6144])
P:  torch.Size([6144, 1536])
S torch.Size([24, 6144, 1536])
step 01994/02088 (95.50%) | loss: 2.674879 | lrm: 0.09 | dt: 14592.99ms | tok/sec: 71,854 | bf16_mfu: 35.93 | epoch: 1 | total time: 482.46m | eta: 22.9m
kind=muon
kind=muon
kind=muon
kind=muon
P:  torch.Size([12, 32])
S torch.Size([12, 12, 32])
P:  torch.Size([1536, 1536])
S torch.Size([96, 1536, 1536])
P:  torch.Size([1536, 6144])
S torch.Size([24, 1536, 6144])
P:  torch.Size([6144, 1536])
S torch.Size([24, 6144, 1536])
step 01995/02088 (95.55%) | loss: 2.678513 | lrm: 0.09 | dt: 14594.20ms | tok/sec: 71,848 | bf16_mfu: 35.93 | epoch: 1 | total time: 482.70m | eta: 22.6m
kind=muon
kind=muon
kind=muon
kind=muon
P:  torch.Size([12, 32])
S torch.Size([12, 12, 32])
P:  torch.Size([1536, 1536])
S torch.Size([96, 1536, 1536])
P:  torch.Size([1536, 6144])
S torch.Size([24, 1536, 6144])
P:  torch.Size([6144, 1536])
S torch.Size([24, 6144, 1536])
step 01996/02088 (95.59%) | loss: 2.674977 | lrm: 0.09 | dt: 14585.61ms | tok/sec: 71,891 | bf16_mfu: 35.95 | epoch: 1 | total time: 482.94m | eta: 22.4m
kind=muon
kind=muon
kind=muon
kind=muon
P:  torch.Size([12, 32])
S torch.Size([12, 12, 32])
P:  torch.Size([1536, 1536])
S torch.Size([96, 1536, 1536])
P:  torch.Size([1536, 6144])
S torch.Size([24, 1536, 6144])
P:  torch.Size([6144, 1536])
S torch.Size([24, 6144, 1536])
step 01997/02088 (95.64%) | loss: 2.670947 | lrm: 0.09 | dt: 14601.43ms | tok/sec: 71,813 | bf16_mfu: 35.91 | epoch: 1 | total time: 483.19m | eta: 22.1m
kind=muon
kind=muon
kind=muon
kind=muon
P:  torch.Size([12, 32])
S torch.Size([12, 12, 32])
P:  torch.Size([1536, 1536])
S torch.Size([96, 1536, 1536])
P:  torch.Size([1536, 6144])
S torch.Size([24, 1536, 6144])
P:  torch.Size([6144, 1536])
S torch.Size([24, 6144, 1536])
step 01998/02088 (95.69%) | loss: 2.660551 | lrm: 0.09 | dt: 14591.82ms | tok/sec: 71,860 | bf16_mfu: 35.93 | epoch: 1 | total time: 483.43m | eta: 21.9m
kind=muon
kind=muon
kind=muon
kind=muon
P:  torch.Size([12, 32])
S torch.Size([12, 12, 32])
P:  torch.Size([1536, 1536])
S torch.Size([96, 1536, 1536])
P:  torch.Size([1536, 6144])
S torch.Size([24, 1536, 6144])
P:  torch.Size([6144, 1536])
S torch.Size([24, 6144, 1536])
step 01999/02088 (95.74%) | loss: 2.671847 | lrm: 0.09 | dt: 14586.68ms | tok/sec: 71,885 | bf16_mfu: 35.94 | epoch: 1 | total time: 483.67m | eta: 21.6m
Step 02000 | Validation bpb: 0.817831
Evaluating: hellaswag_zeroshot (0-shot, type: multiple_choice)... accuracy: 0.4240 | centered: 0.2320 | time: 7.04s
Evaluating: jeopardy (10-shot, type: language_modeling)... accuracy: 0.0580 | centered: 0.0580 | time: 6.77s
Evaluating: bigbench_qa_wikidata (10-shot, type: language_modeling)... accuracy: 0.4420 | centered: 0.4420 | time: 6.55s
Evaluating: arc_easy (10-shot, type: multiple_choice)... accuracy: 0.6440 | centered: 0.5253 | time: 7.91s
Evaluating: arc_challenge (10-shot, type: multiple_choice)... accuracy: 0.3080 | centered: 0.0773 | time: 7.97s
Evaluating: copa (0-shot, type: multiple_choice)... accuracy: 0.6200 | centered: 0.2400 | time: 1.32s
Evaluating: commonsense_qa (10-shot, type: multiple_choice)... accuracy: 0.3160 | centered: 0.1450 | time: 8.61s
Evaluating: piqa (10-shot, type: multiple_choice)... accuracy: 0.6640 | centered: 0.3280 | time: 7.61s
Evaluating: openbook_qa (0-shot, type: multiple_choice)... accuracy: 0.3460 | centered: 0.1280 | time: 6.32s
Evaluating: lambada_openai (0-shot, type: language_modeling)... accuracy: 0.3680 | centered: 0.3680 | time: 6.56s
Evaluating: hellaswag (10-shot, type: multiple_choice)... accuracy: 0.4280 | centered: 0.2373 | time: 14.83s
Evaluating: winograd (0-shot, type: schema)... accuracy: 0.5824 | centered: 0.1648 | time: 3.35s
Evaluating: winogrande (0-shot, type: schema)... accuracy: 0.5100 | centered: 0.0200 | time: 6.12s
Evaluating: bigbench_dyck_languages (10-shot, type: language_modeling)... accuracy: 0.1400 | centered: 0.1400 | time: 7.39s
Evaluating: agi_eval_lsat_ar (3-shot, type: multiple_choice)... accuracy: 0.2696 | centered: 0.0870 | time: 6.34s
Evaluating: bigbench_cs_algorithms (10-shot, type: language_modeling)... accuracy: 0.4500 | centered: 0.4500 | time: 6.76s
Evaluating: bigbench_operators (10-shot, type: language_modeling)... accuracy: 0.1476 | centered: 0.1476 | time: 2.87s
Evaluating: bigbench_repeat_copy_logic (10-shot, type: language_modeling)... accuracy: 0.0000 | centered: 0.0000 | time: 0.43s
Evaluating: squad (10-shot, type: language_modeling)... accuracy: 0.2040 | centered: 0.2040 | time: 13.86s
Evaluating: coqa (0-shot, type: language_modeling)... accuracy: 0.1760 | centered: 0.1760 | time: 6.75s
Evaluating: boolq (10-shot, type: multiple_choice)... accuracy: 0.4660 | centered: -0.4053 | time: 16.63s
Evaluating: bigbench_language_identification (10-shot, type: multiple_choice)... accuracy: 0.2320 | centered: 0.1551 | time: 27.89s
Step 02000 | CORE metric: 0.1782
<|bos|>The capital of France is Paris, and the country is divided into 7 regions. The capital of France
<|bos|>The chemical symbol of gold is Au. It is a soft, malleable, ductile metal. It
<|bos|>If yesterday was Friday, then tomorrow will be Saturday. If today was Saturday, then tomorrow will be Sunday. If tomorrow was
<|bos|>The opposite of hot is cold. The opposite of cold is warm. The opposite of hot is cold.
<|bos|>The planets of the solar system are: Mercury, Venus, Earth, Mars, Jupiter, Saturn, Uranus, Neptune
<|bos|>My favorite color is blue. I love it. I love it. I love it. I love
<|bos|>If 5*x + 3 = 13, then x is the number of times 5*x + 3 = 13.
If
kind=muon
kind=muon
kind=muon
kind=muon
P:  torch.Size([12, 32])
S torch.Size([12, 12, 32])
P:  torch.Size([1536, 1536])
S torch.Size([96, 1536, 1536])
P:  torch.Size([1536, 6144])
S torch.Size([24, 1536, 6144])
P:  torch.Size([6144, 1536])
S torch.Size([24, 6144, 1536])
step 02000/02088 (95.79%) | loss: 2.674611 | lrm: 0.08 | dt: 14567.28ms | tok/sec: 71,981 | bf16_mfu: 35.99 | epoch: 1 | total time: 483.92m | eta: 21.4m
kind=muon
kind=muon
kind=muon
kind=muon
P:  torch.Size([12, 32])
S torch.Size([12, 12, 32])
P:  torch.Size([1536, 1536])
S torch.Size([96, 1536, 1536])
P:  torch.Size([1536, 6144])
S torch.Size([24, 1536, 6144])
P:  torch.Size([6144, 1536])
S torch.Size([24, 6144, 1536])
step 02001/02088 (95.83%) | loss: 2.670683 | lrm: 0.08 | dt: 14586.19ms | tok/sec: 71,888 | bf16_mfu: 35.94 | epoch: 1 | total time: 484.16m | eta: 21.2m
kind=muon
kind=muon
kind=muon
kind=muon
P:  torch.Size([12, 32])
S torch.Size([12, 12, 32])
P:  torch.Size([1536, 1536])
S torch.Size([96, 1536, 1536])
P:  torch.Size([1536, 6144])
S torch.Size([24, 1536, 6144])
P:  torch.Size([6144, 1536])
S torch.Size([24, 6144, 1536])
step 02002/02088 (95.88%) | loss: 2.677581 | lrm: 0.08 | dt: 14587.02ms | tok/sec: 71,884 | bf16_mfu: 35.94 | epoch: 1 | total time: 484.40m | eta: 20.9m
kind=muon
kind=muon
kind=muon
kind=muon
P:  torch.Size([12, 32])
S torch.Size([12, 12, 32])
P:  torch.Size([1536, 1536])
S torch.Size([96, 1536, 1536])
P:  torch.Size([1536, 6144])
S torch.Size([24, 1536, 6144])
P:  torch.Size([6144, 1536])
S torch.Size([24, 6144, 1536])
step 02003/02088 (95.93%) | loss: 2.691357 | lrm: 0.08 | dt: 14584.41ms | tok/sec: 71,897 | bf16_mfu: 35.95 | epoch: 1 | total time: 484.65m | eta: 20.7m
kind=muon
kind=muon
kind=muon
kind=muon
P:  torch.Size([12, 32])
S torch.Size([12, 12, 32])
P:  torch.Size([1536, 1536])
S torch.Size([96, 1536, 1536])
P:  torch.Size([1536, 6144])
S torch.Size([24, 1536, 6144])
P:  torch.Size([6144, 1536])
S torch.Size([24, 6144, 1536])
step 02004/02088 (95.98%) | loss: 2.678952 | lrm: 0.08 | dt: 14588.47ms | tok/sec: 71,877 | bf16_mfu: 35.94 | epoch: 1 | total time: 484.89m | eta: 20.4m
kind=muon
kind=muon
kind=muon
kind=muon
P:  torch.Size([12, 32])
S torch.Size([12, 12, 32])
P:  torch.Size([1536, 1536])
S torch.Size([96, 1536, 1536])
P:  torch.Size([1536, 6144])
S torch.Size([24, 1536, 6144])
P:  torch.Size([6144, 1536])
S torch.Size([24, 6144, 1536])
step 02005/02088 (96.02%) | loss: 2.681259 | lrm: 0.08 | dt: 14590.81ms | tok/sec: 71,865 | bf16_mfu: 35.93 | epoch: 1 | total time: 485.13m | eta: 20.2m
kind=muon
kind=muon
kind=muon
kind=muon
P:  torch.Size([12, 32])
S torch.Size([12, 12, 32])
P:  torch.Size([1536, 1536])
S torch.Size([96, 1536, 1536])
P:  torch.Size([1536, 6144])
S torch.Size([24, 1536, 6144])
P:  torch.Size([6144, 1536])
S torch.Size([24, 6144, 1536])
step 02006/02088 (96.07%) | loss: 2.676110 | lrm: 0.08 | dt: 14587.93ms | tok/sec: 71,879 | bf16_mfu: 35.94 | epoch: 1 | total time: 485.38m | eta: 19.9m
kind=muon
kind=muon
kind=muon
kind=muon
P:  torch.Size([12, 32])
S torch.Size([12, 12, 32])
P:  torch.Size([1536, 1536])
S torch.Size([96, 1536, 1536])
P:  torch.Size([1536, 6144])
S torch.Size([24, 1536, 6144])
P:  torch.Size([6144, 1536])
S torch.Size([24, 6144, 1536])
step 02007/02088 (96.12%) | loss: 2.687123 | lrm: 0.08 | dt: 14590.15ms | tok/sec: 71,868 | bf16_mfu: 35.94 | epoch: 1 | total time: 485.62m | eta: 19.7m
kind=muon
kind=muon
kind=muon
kind=muon
P:  torch.Size([12, 32])
S torch.Size([12, 12, 32])
P:  torch.Size([1536, 1536])
S torch.Size([96, 1536, 1536])
P:  torch.Size([1536, 6144])
S torch.Size([24, 1536, 6144])
P:  torch.Size([6144, 1536])
S torch.Size([24, 6144, 1536])
step 02008/02088 (96.17%) | loss: 2.691849 | lrm: 0.08 | dt: 14588.92ms | tok/sec: 71,874 | bf16_mfu: 35.94 | epoch: 1 | total time: 485.86m | eta: 19.5m
kind=muon
kind=muon
kind=muon
kind=muon
P:  torch.Size([12, 32])
S torch.Size([12, 12, 32])
P:  torch.Size([1536, 1536])
S torch.Size([96, 1536, 1536])
P:  torch.Size([1536, 6144])
S torch.Size([24, 1536, 6144])
P:  torch.Size([6144, 1536])
S torch.Size([24, 6144, 1536])
step 02009/02088 (96.22%) | loss: 2.680484 | lrm: 0.08 | dt: 14593.25ms | tok/sec: 71,853 | bf16_mfu: 35.93 | epoch: 1 | total time: 486.11m | eta: 19.2m
kind=muon
kind=muon
kind=muon
kind=muon
P:  torch.Size([12, 32])
S torch.Size([12, 12, 32])
P:  torch.Size([1536, 1536])
S torch.Size([96, 1536, 1536])
P:  torch.Size([1536, 6144])
S torch.Size([24, 1536, 6144])
P:  torch.Size([6144, 1536])
S torch.Size([24, 6144, 1536])
step 02010/02088 (96.26%) | loss: 2.679720 | lrm: 0.07 | dt: 14590.88ms | tok/sec: 71,865 | bf16_mfu: 35.93 | epoch: 1 | total time: 486.35m | eta: 19.0m
kind=muon
kind=muon
kind=muon
kind=muon
P:  torch.Size([12, 32])
S torch.Size([12, 12, 32])
P:  torch.Size([1536, 1536])
S torch.Size([96, 1536, 1536])
P:  torch.Size([1536, 6144])
S torch.Size([24, 1536, 6144])
P:  torch.Size([6144, 1536])
S torch.Size([24, 6144, 1536])
step 02011/02088 (96.31%) | loss: 2.671081 | lrm: 0.07 | dt: 14589.63ms | tok/sec: 71,871 | bf16_mfu: 35.94 | epoch: 1 | total time: 486.59m | eta: 18.7m
kind=muon
kind=muon
kind=muon
kind=muon
P:  torch.Size([12, 32])
S torch.Size([12, 12, 32])
P:  torch.Size([1536, 1536])
S torch.Size([96, 1536, 1536])
P:  torch.Size([1536, 6144])
S torch.Size([24, 1536, 6144])
P:  torch.Size([6144, 1536])
S torch.Size([24, 6144, 1536])
step 02012/02088 (96.36%) | loss: 2.675205 | lrm: 0.07 | dt: 14590.59ms | tok/sec: 71,866 | bf16_mfu: 35.93 | epoch: 1 | total time: 486.83m | eta: 18.5m
kind=muon
kind=muon
kind=muon
kind=muon
P:  torch.Size([12, 32])
S torch.Size([12, 12, 32])
P:  torch.Size([1536, 1536])
S torch.Size([96, 1536, 1536])
P:  torch.Size([1536, 6144])
S torch.Size([24, 1536, 6144])
P:  torch.Size([6144, 1536])
S torch.Size([24, 6144, 1536])
step 02013/02088 (96.41%) | loss: 2.674360 | lrm: 0.07 | dt: 14594.72ms | tok/sec: 71,846 | bf16_mfu: 35.92 | epoch: 1 | total time: 487.08m | eta: 18.2m
kind=muon
kind=muon
kind=muon
kind=muon
P:  torch.Size([12, 32])
S torch.Size([12, 12, 32])
P:  torch.Size([1536, 1536])
S torch.Size([96, 1536, 1536])
P:  torch.Size([1536, 6144])
S torch.Size([24, 1536, 6144])
P:  torch.Size([6144, 1536])
S torch.Size([24, 6144, 1536])
step 02014/02088 (96.46%) | loss: 2.681606 | lrm: 0.07 | dt: 14595.23ms | tok/sec: 71,843 | bf16_mfu: 35.92 | epoch: 1 | total time: 487.32m | eta: 18.0m
kind=muon
kind=muon
kind=muon
kind=muon
P:  torch.Size([12, 32])
S torch.Size([12, 12, 32])
P:  torch.Size([1536, 1536])
S torch.Size([96, 1536, 1536])
P:  torch.Size([1536, 6144])
S torch.Size([24, 1536, 6144])
P:  torch.Size([6144, 1536])
S torch.Size([24, 6144, 1536])
step 02015/02088 (96.50%) | loss: 2.682689 | lrm: 0.07 | dt: 14593.40ms | tok/sec: 71,852 | bf16_mfu: 35.93 | epoch: 1 | total time: 487.56m | eta: 17.8m
kind=muon
kind=muon
kind=muon
kind=muon
P:  torch.Size([12, 32])
S torch.Size([12, 12, 32])
P:  torch.Size([1536, 1536])
S torch.Size([96, 1536, 1536])
P:  torch.Size([1536, 6144])
S torch.Size([24, 1536, 6144])
P:  torch.Size([6144, 1536])
S torch.Size([24, 6144, 1536])
step 02016/02088 (96.55%) | loss: 2.688861 | lrm: 0.07 | dt: 14591.15ms | tok/sec: 71,863 | bf16_mfu: 35.93 | epoch: 1 | total time: 487.81m | eta: 17.5m
kind=muon
kind=muon
kind=muon
kind=muon
P:  torch.Size([12, 32])
S torch.Size([12, 12, 32])
P:  torch.Size([1536, 1536])
S torch.Size([96, 1536, 1536])
P:  torch.Size([1536, 6144])
S torch.Size([24, 1536, 6144])
P:  torch.Size([6144, 1536])
S torch.Size([24, 6144, 1536])
step 02017/02088 (96.60%) | loss: 2.687839 | lrm: 0.07 | dt: 14592.59ms | tok/sec: 71,856 | bf16_mfu: 35.93 | epoch: 1 | total time: 488.05m | eta: 17.3m
kind=muon
kind=muon
kind=muon
kind=muon
P:  torch.Size([12, 32])
S torch.Size([12, 12, 32])
P:  torch.Size([1536, 1536])
S torch.Size([96, 1536, 1536])
P:  torch.Size([1536, 6144])
S torch.Size([24, 1536, 6144])
P:  torch.Size([6144, 1536])
S torch.Size([24, 6144, 1536])
step 02018/02088 (96.65%) | loss: 2.687605 | lrm: 0.07 | dt: 14586.61ms | tok/sec: 71,886 | bf16_mfu: 35.94 | epoch: 1 | total time: 488.29m | eta: 17.0m
kind=muon
kind=muon
kind=muon
kind=muon
P:  torch.Size([12, 32])
S torch.Size([12, 12, 32])
P:  torch.Size([1536, 1536])
S torch.Size([96, 1536, 1536])
P:  torch.Size([1536, 6144])
S torch.Size([24, 1536, 6144])
P:  torch.Size([6144, 1536])
S torch.Size([24, 6144, 1536])
step 02019/02088 (96.70%) | loss: 2.690312 | lrm: 0.07 | dt: 14590.18ms | tok/sec: 71,868 | bf16_mfu: 35.94 | epoch: 1 | total time: 488.54m | eta: 16.8m
kind=muon
kind=muon
kind=muon
kind=muon
P:  torch.Size([12, 32])
S torch.Size([12, 12, 32])
P:  torch.Size([1536, 1536])
S torch.Size([96, 1536, 1536])
P:  torch.Size([1536, 6144])
S torch.Size([24, 1536, 6144])
P:  torch.Size([6144, 1536])
S torch.Size([24, 6144, 1536])
step 02020/02088 (96.74%) | loss: 2.699227 | lrm: 0.07 | dt: 14587.84ms | tok/sec: 71,880 | bf16_mfu: 35.94 | epoch: 1 | total time: 488.78m | eta: 16.5m
kind=muon
kind=muon
kind=muon
kind=muon
P:  torch.Size([12, 32])
S torch.Size([12, 12, 32])
P:  torch.Size([1536, 1536])
S torch.Size([96, 1536, 1536])
P:  torch.Size([1536, 6144])
S torch.Size([24, 1536, 6144])
P:  torch.Size([6144, 1536])
S torch.Size([24, 6144, 1536])
step 02021/02088 (96.79%) | loss: 2.696048 | lrm: 0.06 | dt: 14593.39ms | tok/sec: 71,852 | bf16_mfu: 35.93 | epoch: 1 | total time: 489.02m | eta: 16.3m
kind=muon
kind=muon
kind=muon
kind=muon
P:  torch.Size([12, 32])
S torch.Size([12, 12, 32])
P:  torch.Size([1536, 1536])
S torch.Size([96, 1536, 1536])
P:  torch.Size([1536, 6144])
S torch.Size([24, 1536, 6144])
P:  torch.Size([6144, 1536])
S torch.Size([24, 6144, 1536])
step 02022/02088 (96.84%) | loss: 2.697171 | lrm: 0.06 | dt: 14590.77ms | tok/sec: 71,865 | bf16_mfu: 35.93 | epoch: 1 | total time: 489.27m | eta: 16.0m
kind=muon
kind=muon
kind=muon
kind=muon
P:  torch.Size([12, 32])
S torch.Size([12, 12, 32])
P:  torch.Size([1536, 1536])
S torch.Size([96, 1536, 1536])
P:  torch.Size([1536, 6144])
S torch.Size([24, 1536, 6144])
P:  torch.Size([6144, 1536])
S torch.Size([24, 6144, 1536])
step 02023/02088 (96.89%) | loss: 2.692824 | lrm: 0.06 | dt: 14594.23ms | tok/sec: 71,848 | bf16_mfu: 35.93 | epoch: 1 | total time: 489.51m | eta: 15.8m
kind=muon
kind=muon
kind=muon
kind=muon
P:  torch.Size([12, 32])
S torch.Size([12, 12, 32])
P:  torch.Size([1536, 1536])
S torch.Size([96, 1536, 1536])
P:  torch.Size([1536, 6144])
S torch.Size([24, 1536, 6144])
P:  torch.Size([6144, 1536])
S torch.Size([24, 6144, 1536])
step 02024/02088 (96.93%) | loss: 2.687682 | lrm: 0.06 | dt: 14589.29ms | tok/sec: 71,872 | bf16_mfu: 35.94 | epoch: 1 | total time: 489.75m | eta: 15.6m
kind=muon
kind=muon
kind=muon
kind=muon
P:  torch.Size([12, 32])
S torch.Size([12, 12, 32])
P:  torch.Size([1536, 1536])
S torch.Size([96, 1536, 1536])
P:  torch.Size([1536, 6144])
S torch.Size([24, 1536, 6144])
P:  torch.Size([6144, 1536])
S torch.Size([24, 6144, 1536])
step 02025/02088 (96.98%) | loss: 2.679810 | lrm: 0.06 | dt: 14593.40ms | tok/sec: 71,852 | bf16_mfu: 35.93 | epoch: 1 | total time: 490.00m | eta: 15.3m
kind=muon
kind=muon
kind=muon
kind=muon
P:  torch.Size([12, 32])
S torch.Size([12, 12, 32])
P:  torch.Size([1536, 1536])
S torch.Size([96, 1536, 1536])
P:  torch.Size([1536, 6144])
S torch.Size([24, 1536, 6144])
P:  torch.Size([6144, 1536])
S torch.Size([24, 6144, 1536])
step 02026/02088 (97.03%) | loss: 2.676179 | lrm: 0.06 | dt: 14591.69ms | tok/sec: 71,861 | bf16_mfu: 35.93 | epoch: 1 | total time: 490.24m | eta: 15.1m
kind=muon
kind=muon
kind=muon
kind=muon
P:  torch.Size([12, 32])
S torch.Size([12, 12, 32])
P:  torch.Size([1536, 1536])
S torch.Size([96, 1536, 1536])
P:  torch.Size([1536, 6144])
S torch.Size([24, 1536, 6144])
P:  torch.Size([6144, 1536])
S torch.Size([24, 6144, 1536])
step 02027/02088 (97.08%) | loss: 2.669004 | lrm: 0.06 | dt: 14592.32ms | tok/sec: 71,858 | bf16_mfu: 35.93 | epoch: 1 | total time: 490.48m | eta: 14.8m
kind=muon
kind=muon
kind=muon
kind=muon
P:  torch.Size([12, 32])
S torch.Size([12, 12, 32])
P:  torch.Size([1536, 1536])
S torch.Size([96, 1536, 1536])
P:  torch.Size([1536, 6144])
S torch.Size([24, 1536, 6144])
P:  torch.Size([6144, 1536])
S torch.Size([24, 6144, 1536])
step 02028/02088 (97.13%) | loss: 2.675254 | lrm: 0.06 | dt: 14593.85ms | tok/sec: 71,850 | bf16_mfu: 35.93 | epoch: 1 | total time: 490.73m | eta: 14.6m
kind=muon
kind=muon
kind=muon
kind=muon
P:  torch.Size([12, 32])
S torch.Size([12, 12, 32])
P:  torch.Size([1536, 1536])
S torch.Size([96, 1536, 1536])
P:  torch.Size([1536, 6144])
S torch.Size([24, 1536, 6144])
P:  torch.Size([6144, 1536])
S torch.Size([24, 6144, 1536])
step 02029/02088 (97.17%) | loss: 2.680895 | lrm: 0.06 | dt: 14590.33ms | tok/sec: 71,867 | bf16_mfu: 35.93 | epoch: 1 | total time: 490.97m | eta: 14.3m
kind=muon
kind=muon
kind=muon
kind=muon
P:  torch.Size([12, 32])
S torch.Size([12, 12, 32])
P:  torch.Size([1536, 1536])
S torch.Size([96, 1536, 1536])
P:  torch.Size([1536, 6144])
S torch.Size([24, 1536, 6144])
P:  torch.Size([6144, 1536])
S torch.Size([24, 6144, 1536])
step 02030/02088 (97.22%) | loss: 2.667506 | lrm: 0.06 | dt: 14589.84ms | tok/sec: 71,870 | bf16_mfu: 35.94 | epoch: 1 | total time: 491.21m | eta: 14.1m
kind=muon
kind=muon
kind=muon
kind=muon
P:  torch.Size([12, 32])
S torch.Size([12, 12, 32])
P:  torch.Size([1536, 1536])
S torch.Size([96, 1536, 1536])
P:  torch.Size([1536, 6144])
S torch.Size([24, 1536, 6144])
P:  torch.Size([6144, 1536])
S torch.Size([24, 6144, 1536])
step 02031/02088 (97.27%) | loss: 2.667552 | lrm: 0.05 | dt: 14589.35ms | tok/sec: 71,872 | bf16_mfu: 35.94 | epoch: 1 | total time: 491.46m | eta: 13.9m
kind=muon
kind=muon
kind=muon
kind=muon
P:  torch.Size([12, 32])
S torch.Size([12, 12, 32])
P:  torch.Size([1536, 1536])
S torch.Size([96, 1536, 1536])
P:  torch.Size([1536, 6144])
S torch.Size([24, 1536, 6144])
P:  torch.Size([6144, 1536])
S torch.Size([24, 6144, 1536])
step 02032/02088 (97.32%) | loss: 2.660434 | lrm: 0.05 | dt: 14593.81ms | tok/sec: 71,850 | bf16_mfu: 35.93 | epoch: 1 | total time: 491.70m | eta: 13.6m
kind=muon
kind=muon
kind=muon
kind=muon
P:  torch.Size([12, 32])
S torch.Size([12, 12, 32])
P:  torch.Size([1536, 1536])
S torch.Size([96, 1536, 1536])
P:  torch.Size([1536, 6144])
S torch.Size([24, 1536, 6144])
P:  torch.Size([6144, 1536])
S torch.Size([24, 6144, 1536])
step 02033/02088 (97.37%) | loss: 2.656898 | lrm: 0.05 | dt: 14594.00ms | tok/sec: 71,849 | bf16_mfu: 35.93 | epoch: 1 | total time: 491.94m | eta: 13.4m
kind=muon
kind=muon
kind=muon
kind=muon
P:  torch.Size([12, 32])
S torch.Size([12, 12, 32])
P:  torch.Size([1536, 1536])
S torch.Size([96, 1536, 1536])
P:  torch.Size([1536, 6144])
S torch.Size([24, 1536, 6144])
P:  torch.Size([6144, 1536])
S torch.Size([24, 6144, 1536])
step 02034/02088 (97.41%) | loss: 2.659773 | lrm: 0.05 | dt: 14592.53ms | tok/sec: 71,857 | bf16_mfu: 35.93 | epoch: 1 | total time: 492.19m | eta: 13.1m
kind=muon
kind=muon
kind=muon
kind=muon
P:  torch.Size([12, 32])
S torch.Size([12, 12, 32])
P:  torch.Size([1536, 1536])
S torch.Size([96, 1536, 1536])
P:  torch.Size([1536, 6144])
S torch.Size([24, 1536, 6144])
P:  torch.Size([6144, 1536])
S torch.Size([24, 6144, 1536])
step 02035/02088 (97.46%) | loss: 2.651527 | lrm: 0.05 | dt: 14591.01ms | tok/sec: 71,864 | bf16_mfu: 35.93 | epoch: 1 | total time: 492.43m | eta: 12.9m
kind=muon
kind=muon
kind=muon
kind=muon
P:  torch.Size([12, 32])
S torch.Size([12, 12, 32])
P:  torch.Size([1536, 1536])
S torch.Size([96, 1536, 1536])
P:  torch.Size([1536, 6144])
S torch.Size([24, 1536, 6144])
P:  torch.Size([6144, 1536])
S torch.Size([24, 6144, 1536])
step 02036/02088 (97.51%) | loss: 2.652537 | lrm: 0.05 | dt: 14594.39ms | tok/sec: 71,847 | bf16_mfu: 35.92 | epoch: 1 | total time: 492.67m | eta: 12.6m
kind=muon
kind=muon
kind=muon
kind=muon
P:  torch.Size([12, 32])
S torch.Size([12, 12, 32])
P:  torch.Size([1536, 1536])
S torch.Size([96, 1536, 1536])
P:  torch.Size([1536, 6144])
S torch.Size([24, 1536, 6144])
P:  torch.Size([6144, 1536])
S torch.Size([24, 6144, 1536])
step 02037/02088 (97.56%) | loss: 2.653484 | lrm: 0.05 | dt: 14585.33ms | tok/sec: 71,892 | bf16_mfu: 35.95 | epoch: 1 | total time: 492.91m | eta: 12.4m
kind=muon
kind=muon
kind=muon
kind=muon
P:  torch.Size([12, 32])
S torch.Size([12, 12, 32])
P:  torch.Size([1536, 1536])
S torch.Size([96, 1536, 1536])
P:  torch.Size([1536, 6144])
S torch.Size([24, 1536, 6144])
P:  torch.Size([6144, 1536])
S torch.Size([24, 6144, 1536])
step 02038/02088 (97.61%) | loss: 2.660606 | lrm: 0.05 | dt: 14596.68ms | tok/sec: 71,836 | bf16_mfu: 35.92 | epoch: 1 | total time: 493.16m | eta: 12.2m
kind=muon
kind=muon
kind=muon
kind=muon
P:  torch.Size([12, 32])
S torch.Size([12, 12, 32])
P:  torch.Size([1536, 1536])
S torch.Size([96, 1536, 1536])
P:  torch.Size([1536, 6144])
S torch.Size([24, 1536, 6144])
P:  torch.Size([6144, 1536])
S torch.Size([24, 6144, 1536])
step 02039/02088 (97.65%) | loss: 2.656088 | lrm: 0.05 | dt: 14592.30ms | tok/sec: 71,858 | bf16_mfu: 35.93 | epoch: 1 | total time: 493.40m | eta: 11.9m
kind=muon
kind=muon
kind=muon
kind=muon
P:  torch.Size([12, 32])
S torch.Size([12, 12, 32])
P:  torch.Size([1536, 1536])
S torch.Size([96, 1536, 1536])
P:  torch.Size([1536, 6144])
S torch.Size([24, 1536, 6144])
P:  torch.Size([6144, 1536])
S torch.Size([24, 6144, 1536])
step 02040/02088 (97.70%) | loss: 2.640239 | lrm: 0.05 | dt: 14590.62ms | tok/sec: 71,866 | bf16_mfu: 35.93 | epoch: 1 | total time: 493.64m | eta: 11.7m
kind=muon
kind=muon
kind=muon
kind=muon
P:  torch.Size([12, 32])
S torch.Size([12, 12, 32])
P:  torch.Size([1536, 1536])
S torch.Size([96, 1536, 1536])
P:  torch.Size([1536, 6144])
S torch.Size([24, 1536, 6144])
P:  torch.Size([6144, 1536])
S torch.Size([24, 6144, 1536])
step 02041/02088 (97.75%) | loss: 2.641113 | lrm: 0.05 | dt: 14593.97ms | tok/sec: 71,849 | bf16_mfu: 35.93 | epoch: 1 | total time: 493.89m | eta: 11.4m
kind=muon
kind=muon
kind=muon
kind=muon
P:  torch.Size([12, 32])
S torch.Size([12, 12, 32])
P:  torch.Size([1536, 1536])
S torch.Size([96, 1536, 1536])
P:  torch.Size([1536, 6144])
S torch.Size([24, 1536, 6144])
P:  torch.Size([6144, 1536])
S torch.Size([24, 6144, 1536])
step 02042/02088 (97.80%) | loss: 2.645552 | lrm: 0.04 | dt: 14587.52ms | tok/sec: 71,881 | bf16_mfu: 35.94 | epoch: 1 | total time: 494.13m | eta: 11.2m
kind=muon
kind=muon
kind=muon
kind=muon
P:  torch.Size([12, 32])
S torch.Size([12, 12, 32])
P:  torch.Size([1536, 1536])
S torch.Size([96, 1536, 1536])
P:  torch.Size([1536, 6144])
S torch.Size([24, 1536, 6144])
P:  torch.Size([6144, 1536])
S torch.Size([24, 6144, 1536])
step 02043/02088 (97.84%) | loss: 2.653782 | lrm: 0.04 | dt: 14592.77ms | tok/sec: 71,855 | bf16_mfu: 35.93 | epoch: 1 | total time: 494.37m | eta: 10.9m
kind=muon
kind=muon
kind=muon
kind=muon
P:  torch.Size([12, 32])
S torch.Size([12, 12, 32])
P:  torch.Size([1536, 1536])
S torch.Size([96, 1536, 1536])
P:  torch.Size([1536, 6144])
S torch.Size([24, 1536, 6144])
P:  torch.Size([6144, 1536])
S torch.Size([24, 6144, 1536])
step 02044/02088 (97.89%) | loss: 2.646294 | lrm: 0.04 | dt: 14596.72ms | tok/sec: 71,836 | bf16_mfu: 35.92 | epoch: 1 | total time: 494.62m | eta: 10.7m
kind=muon
kind=muon
kind=muon
kind=muon
P:  torch.Size([12, 32])
S torch.Size([12, 12, 32])
P:  torch.Size([1536, 1536])
S torch.Size([96, 1536, 1536])
P:  torch.Size([1536, 6144])
S torch.Size([24, 1536, 6144])
P:  torch.Size([6144, 1536])
S torch.Size([24, 6144, 1536])
step 02045/02088 (97.94%) | loss: 2.658082 | lrm: 0.04 | dt: 14589.27ms | tok/sec: 71,873 | bf16_mfu: 35.94 | epoch: 1 | total time: 494.86m | eta: 10.5m
kind=muon
kind=muon
kind=muon
kind=muon
P:  torch.Size([12, 32])
S torch.Size([12, 12, 32])
P:  torch.Size([1536, 1536])
S torch.Size([96, 1536, 1536])
P:  torch.Size([1536, 6144])
S torch.Size([24, 1536, 6144])
P:  torch.Size([6144, 1536])
S torch.Size([24, 6144, 1536])
step 02046/02088 (97.99%) | loss: 2.660888 | lrm: 0.04 | dt: 14593.00ms | tok/sec: 71,854 | bf16_mfu: 35.93 | epoch: 1 | total time: 495.10m | eta: 10.2m
kind=muon
kind=muon
kind=muon
kind=muon
P:  torch.Size([12, 32])
S torch.Size([12, 12, 32])
P:  torch.Size([1536, 1536])
S torch.Size([96, 1536, 1536])
P:  torch.Size([1536, 6144])
S torch.Size([24, 1536, 6144])
P:  torch.Size([6144, 1536])
S torch.Size([24, 6144, 1536])
step 02047/02088 (98.04%) | loss: 2.660930 | lrm: 0.04 | dt: 14589.18ms | tok/sec: 71,873 | bf16_mfu: 35.94 | epoch: 1 | total time: 495.35m | eta: 10.0m
kind=muon
kind=muon
kind=muon
kind=muon
P:  torch.Size([12, 32])
S torch.Size([12, 12, 32])
P:  torch.Size([1536, 1536])
S torch.Size([96, 1536, 1536])
P:  torch.Size([1536, 6144])
S torch.Size([24, 1536, 6144])
P:  torch.Size([6144, 1536])
S torch.Size([24, 6144, 1536])
step 02048/02088 (98.08%) | loss: 2.658415 | lrm: 0.04 | dt: 14589.11ms | tok/sec: 71,873 | bf16_mfu: 35.94 | epoch: 1 | total time: 495.59m | eta: 9.7m
kind=muon
kind=muon
kind=muon
kind=muon
P:  torch.Size([12, 32])
S torch.Size([12, 12, 32])
P:  torch.Size([1536, 1536])
S torch.Size([96, 1536, 1536])
P:  torch.Size([1536, 6144])
S torch.Size([24, 1536, 6144])
P:  torch.Size([6144, 1536])
S torch.Size([24, 6144, 1536])
step 02049/02088 (98.13%) | loss: 2.661942 | lrm: 0.04 | dt: 14591.22ms | tok/sec: 71,863 | bf16_mfu: 35.93 | epoch: 1 | total time: 495.83m | eta: 9.5m
kind=muon
kind=muon
kind=muon
kind=muon
P:  torch.Size([12, 32])
S torch.Size([12, 12, 32])
P:  torch.Size([1536, 1536])
S torch.Size([96, 1536, 1536])
P:  torch.Size([1536, 6144])
S torch.Size([24, 1536, 6144])
P:  torch.Size([6144, 1536])
S torch.Size([24, 6144, 1536])
step 02050/02088 (98.18%) | loss: 2.665062 | lrm: 0.04 | dt: 14594.57ms | tok/sec: 71,846 | bf16_mfu: 35.92 | epoch: 1 | total time: 496.08m | eta: 9.2m
kind=muon
kind=muon
kind=muon
kind=muon
P:  torch.Size([12, 32])
S torch.Size([12, 12, 32])
P:  torch.Size([1536, 1536])
S torch.Size([96, 1536, 1536])
P:  torch.Size([1536, 6144])
S torch.Size([24, 1536, 6144])
P:  torch.Size([6144, 1536])
S torch.Size([24, 6144, 1536])
step 02051/02088 (98.23%) | loss: 2.669629 | lrm: 0.04 | dt: 14593.20ms | tok/sec: 71,853 | bf16_mfu: 35.93 | epoch: 1 | total time: 496.32m | eta: 9.0m
kind=muon
kind=muon
kind=muon
kind=muon
P:  torch.Size([12, 32])
S torch.Size([12, 12, 32])
P:  torch.Size([1536, 1536])
S torch.Size([96, 1536, 1536])
P:  torch.Size([1536, 6144])
S torch.Size([24, 1536, 6144])
P:  torch.Size([6144, 1536])
S torch.Size([24, 6144, 1536])
step 02052/02088 (98.28%) | loss: 2.672846 | lrm: 0.03 | dt: 14591.30ms | tok/sec: 71,863 | bf16_mfu: 35.93 | epoch: 1 | total time: 496.56m | eta: 8.8m
kind=muon
kind=muon
kind=muon
kind=muon
P:  torch.Size([12, 32])
S torch.Size([12, 12, 32])
P:  torch.Size([1536, 1536])
S torch.Size([96, 1536, 1536])
P:  torch.Size([1536, 6144])
S torch.Size([24, 1536, 6144])
P:  torch.Size([6144, 1536])
S torch.Size([24, 6144, 1536])
step 02053/02088 (98.32%) | loss: 2.661352 | lrm: 0.03 | dt: 14594.86ms | tok/sec: 71,845 | bf16_mfu: 35.92 | epoch: 1 | total time: 496.81m | eta: 8.5m
kind=muon
kind=muon
kind=muon
kind=muon
P:  torch.Size([12, 32])
S torch.Size([12, 12, 32])
P:  torch.Size([1536, 1536])
S torch.Size([96, 1536, 1536])
P:  torch.Size([1536, 6144])
S torch.Size([24, 1536, 6144])
P:  torch.Size([6144, 1536])
S torch.Size([24, 6144, 1536])
step 02054/02088 (98.37%) | loss: 2.669760 | lrm: 0.03 | dt: 14589.28ms | tok/sec: 71,873 | bf16_mfu: 35.94 | epoch: 1 | total time: 497.05m | eta: 8.3m
kind=muon
kind=muon
kind=muon
kind=muon
P:  torch.Size([12, 32])
S torch.Size([12, 12, 32])
P:  torch.Size([1536, 1536])
S torch.Size([96, 1536, 1536])
P:  torch.Size([1536, 6144])
S torch.Size([24, 1536, 6144])
P:  torch.Size([6144, 1536])
S torch.Size([24, 6144, 1536])
step 02055/02088 (98.42%) | loss: 2.672213 | lrm: 0.03 | dt: 14590.81ms | tok/sec: 71,865 | bf16_mfu: 35.93 | epoch: 1 | total time: 497.29m | eta: 8.0m
kind=muon
kind=muon
kind=muon
kind=muon
P:  torch.Size([12, 32])
S torch.Size([12, 12, 32])
P:  torch.Size([1536, 1536])
S torch.Size([96, 1536, 1536])
P:  torch.Size([1536, 6144])
S torch.Size([24, 1536, 6144])
P:  torch.Size([6144, 1536])
S torch.Size([24, 6144, 1536])
step 02056/02088 (98.47%) | loss: 2.671385 | lrm: 0.03 | dt: 14593.99ms | tok/sec: 71,849 | bf16_mfu: 35.93 | epoch: 1 | total time: 497.54m | eta: 7.8m
kind=muon
kind=muon
kind=muon
kind=muon
P:  torch.Size([12, 32])
S torch.Size([12, 12, 32])
P:  torch.Size([1536, 1536])
S torch.Size([96, 1536, 1536])
P:  torch.Size([1536, 6144])
S torch.Size([24, 1536, 6144])
P:  torch.Size([6144, 1536])
S torch.Size([24, 6144, 1536])
step 02057/02088 (98.52%) | loss: 2.682197 | lrm: 0.03 | dt: 14586.16ms | tok/sec: 71,888 | bf16_mfu: 35.95 | epoch: 1 | total time: 497.78m | eta: 7.5m
kind=muon
kind=muon
kind=muon
kind=muon
P:  torch.Size([12, 32])
S torch.Size([12, 12, 32])
P:  torch.Size([1536, 1536])
S torch.Size([96, 1536, 1536])
P:  torch.Size([1536, 6144])
S torch.Size([24, 1536, 6144])
P:  torch.Size([6144, 1536])
S torch.Size([24, 6144, 1536])
step 02058/02088 (98.56%) | loss: 2.684838 | lrm: 0.03 | dt: 14592.20ms | tok/sec: 71,858 | bf16_mfu: 35.93 | epoch: 1 | total time: 498.02m | eta: 7.3m
kind=muon
kind=muon
kind=muon
kind=muon
P:  torch.Size([12, 32])
S torch.Size([12, 12, 32])
P:  torch.Size([1536, 1536])
S torch.Size([96, 1536, 1536])
P:  torch.Size([1536, 6144])
S torch.Size([24, 1536, 6144])
P:  torch.Size([6144, 1536])
S torch.Size([24, 6144, 1536])
step 02059/02088 (98.61%) | loss: 2.687167 | lrm: 0.03 | dt: 14590.72ms | tok/sec: 71,865 | bf16_mfu: 35.93 | epoch: 1 | total time: 498.26m | eta: 7.1m
kind=muon
kind=muon
kind=muon
kind=muon
P:  torch.Size([12, 32])
S torch.Size([12, 12, 32])
P:  torch.Size([1536, 1536])
S torch.Size([96, 1536, 1536])
P:  torch.Size([1536, 6144])
S torch.Size([24, 1536, 6144])
P:  torch.Size([6144, 1536])
S torch.Size([24, 6144, 1536])
step 02060/02088 (98.66%) | loss: 2.684201 | lrm: 0.03 | dt: 14594.33ms | tok/sec: 71,848 | bf16_mfu: 35.92 | epoch: 1 | total time: 498.51m | eta: 6.8m
kind=muon
kind=muon
kind=muon
kind=muon
P:  torch.Size([12, 32])
S torch.Size([12, 12, 32])
P:  torch.Size([1536, 1536])
S torch.Size([96, 1536, 1536])
P:  torch.Size([1536, 6144])
S torch.Size([24, 1536, 6144])
P:  torch.Size([6144, 1536])
S torch.Size([24, 6144, 1536])
step 02061/02088 (98.71%) | loss: 2.672267 | lrm: 0.03 | dt: 14590.43ms | tok/sec: 71,867 | bf16_mfu: 35.93 | epoch: 1 | total time: 498.75m | eta: 6.6m
kind=muon
kind=muon
kind=muon
kind=muon
P:  torch.Size([12, 32])
S torch.Size([12, 12, 32])
P:  torch.Size([1536, 1536])
S torch.Size([96, 1536, 1536])
P:  torch.Size([1536, 6144])
S torch.Size([24, 1536, 6144])
P:  torch.Size([6144, 1536])
S torch.Size([24, 6144, 1536])
step 02062/02088 (98.75%) | loss: 2.668855 | lrm: 0.02 | dt: 14589.59ms | tok/sec: 71,871 | bf16_mfu: 35.94 | epoch: 1 | total time: 498.99m | eta: 6.3m
kind=muon
kind=muon
kind=muon
kind=muon
P:  torch.Size([12, 32])
S torch.Size([12, 12, 32])
P:  torch.Size([1536, 1536])
S torch.Size([96, 1536, 1536])
P:  torch.Size([1536, 6144])
S torch.Size([24, 1536, 6144])
P:  torch.Size([6144, 1536])
S torch.Size([24, 6144, 1536])
step 02063/02088 (98.80%) | loss: 2.661452 | lrm: 0.02 | dt: 14590.10ms | tok/sec: 71,869 | bf16_mfu: 35.94 | epoch: 1 | total time: 499.24m | eta: 6.1m
kind=muon
kind=muon
kind=muon
kind=muon
P:  torch.Size([12, 32])
S torch.Size([12, 12, 32])
P:  torch.Size([1536, 1536])
S torch.Size([96, 1536, 1536])
P:  torch.Size([1536, 6144])
S torch.Size([24, 1536, 6144])
P:  torch.Size([6144, 1536])
S torch.Size([24, 6144, 1536])
step 02064/02088 (98.85%) | loss: 2.660564 | lrm: 0.02 | dt: 14592.01ms | tok/sec: 71,859 | bf16_mfu: 35.93 | epoch: 1 | total time: 499.48m | eta: 5.8m
kind=muon
kind=muon
kind=muon
kind=muon
P:  torch.Size([12, 32])
S torch.Size([12, 12, 32])
P:  torch.Size([1536, 1536])
S torch.Size([96, 1536, 1536])
P:  torch.Size([1536, 6144])
S torch.Size([24, 1536, 6144])
P:  torch.Size([6144, 1536])
S torch.Size([24, 6144, 1536])
step 02065/02088 (98.90%) | loss: 2.658574 | lrm: 0.02 | dt: 14582.70ms | tok/sec: 71,905 | bf16_mfu: 35.95 | epoch: 1 | total time: 499.72m | eta: 5.6m
kind=muon
kind=muon
kind=muon
kind=muon
P:  torch.Size([12, 32])
S torch.Size([12, 12, 32])
P:  torch.Size([1536, 1536])
S torch.Size([96, 1536, 1536])
P:  torch.Size([1536, 6144])
S torch.Size([24, 1536, 6144])
P:  torch.Size([6144, 1536])
S torch.Size([24, 6144, 1536])
step 02066/02088 (98.95%) | loss: 2.661870 | lrm: 0.02 | dt: 14594.12ms | tok/sec: 71,849 | bf16_mfu: 35.93 | epoch: 1 | total time: 499.97m | eta: 5.3m
kind=muon
kind=muon
kind=muon
kind=muon
P:  torch.Size([12, 32])
S torch.Size([12, 12, 32])
P:  torch.Size([1536, 1536])
S torch.Size([96, 1536, 1536])
P:  torch.Size([1536, 6144])
S torch.Size([24, 1536, 6144])
P:  torch.Size([6144, 1536])
S torch.Size([24, 6144, 1536])
step 02067/02088 (98.99%) | loss: 2.661064 | lrm: 0.02 | dt: 14586.11ms | tok/sec: 71,888 | bf16_mfu: 35.95 | epoch: 1 | total time: 500.21m | eta: 5.1m
kind=muon
kind=muon
kind=muon
kind=muon
P:  torch.Size([12, 32])
S torch.Size([12, 12, 32])
P:  torch.Size([1536, 1536])
S torch.Size([96, 1536, 1536])
P:  torch.Size([1536, 6144])
S torch.Size([24, 1536, 6144])
P:  torch.Size([6144, 1536])
S torch.Size([24, 6144, 1536])
step 02068/02088 (99.04%) | loss: 2.662728 | lrm: 0.02 | dt: 14592.95ms | tok/sec: 71,854 | bf16_mfu: 35.93 | epoch: 1 | total time: 500.45m | eta: 4.9m
kind=muon
kind=muon
kind=muon
kind=muon
P:  torch.Size([12, 32])
S torch.Size([12, 12, 32])
P:  torch.Size([1536, 1536])
S torch.Size([96, 1536, 1536])
P:  torch.Size([1536, 6144])
S torch.Size([24, 1536, 6144])
P:  torch.Size([6144, 1536])
S torch.Size([24, 6144, 1536])
step 02069/02088 (99.09%) | loss: 2.664265 | lrm: 0.02 | dt: 14594.07ms | tok/sec: 71,849 | bf16_mfu: 35.93 | epoch: 1 | total time: 500.70m | eta: 4.6m
kind=muon
kind=muon
kind=muon
kind=muon
P:  torch.Size([12, 32])
S torch.Size([12, 12, 32])
P:  torch.Size([1536, 1536])
S torch.Size([96, 1536, 1536])
P:  torch.Size([1536, 6144])
S torch.Size([24, 1536, 6144])
P:  torch.Size([6144, 1536])
S torch.Size([24, 6144, 1536])
step 02070/02088 (99.14%) | loss: 2.668376 | lrm: 0.02 | dt: 14590.97ms | tok/sec: 71,864 | bf16_mfu: 35.93 | epoch: 1 | total time: 500.94m | eta: 4.4m
kind=muon
kind=muon
kind=muon
kind=muon
P:  torch.Size([12, 32])
S torch.Size([12, 12, 32])
P:  torch.Size([1536, 1536])
S torch.Size([96, 1536, 1536])
P:  torch.Size([1536, 6144])
S torch.Size([24, 1536, 6144])
P:  torch.Size([6144, 1536])
S torch.Size([24, 6144, 1536])
step 02071/02088 (99.19%) | loss: 2.681841 | lrm: 0.02 | dt: 14594.13ms | tok/sec: 71,849 | bf16_mfu: 35.93 | epoch: 1 | total time: 501.18m | eta: 4.1m
kind=muon
kind=muon
kind=muon
kind=muon
P:  torch.Size([12, 32])
S torch.Size([12, 12, 32])
P:  torch.Size([1536, 1536])
S torch.Size([96, 1536, 1536])
P:  torch.Size([1536, 6144])
S torch.Size([24, 1536, 6144])
P:  torch.Size([6144, 1536])
S torch.Size([24, 6144, 1536])
step 02072/02088 (99.23%) | loss: 2.683665 | lrm: 0.02 | dt: 14588.60ms | tok/sec: 71,876 | bf16_mfu: 35.94 | epoch: 1 | total time: 501.43m | eta: 3.9m
kind=muon
kind=muon
kind=muon
kind=muon
P:  torch.Size([12, 32])
S torch.Size([12, 12, 32])
P:  torch.Size([1536, 1536])
S torch.Size([96, 1536, 1536])
P:  torch.Size([1536, 6144])
S torch.Size([24, 1536, 6144])
P:  torch.Size([6144, 1536])
S torch.Size([24, 6144, 1536])
step 02073/02088 (99.28%) | loss: 2.684963 | lrm: 0.01 | dt: 14596.20ms | tok/sec: 71,838 | bf16_mfu: 35.92 | epoch: 1 | total time: 501.67m | eta: 3.6m
kind=muon
kind=muon
kind=muon
kind=muon
P:  torch.Size([12, 32])
S torch.Size([12, 12, 32])
P:  torch.Size([1536, 1536])
S torch.Size([96, 1536, 1536])
P:  torch.Size([1536, 6144])
S torch.Size([24, 1536, 6144])
P:  torch.Size([6144, 1536])
S torch.Size([24, 6144, 1536])
step 02074/02088 (99.33%) | loss: 2.686686 | lrm: 0.01 | dt: 14591.94ms | tok/sec: 71,859 | bf16_mfu: 35.93 | epoch: 1 | total time: 501.91m | eta: 3.4m
kind=muon
kind=muon
kind=muon
kind=muon
P:  torch.Size([12, 32])
S torch.Size([12, 12, 32])
P:  torch.Size([1536, 1536])
S torch.Size([96, 1536, 1536])
P:  torch.Size([1536, 6144])
S torch.Size([24, 1536, 6144])
P:  torch.Size([6144, 1536])
S torch.Size([24, 6144, 1536])
step 02075/02088 (99.38%) | loss: 2.697284 | lrm: 0.01 | dt: 14591.47ms | tok/sec: 71,862 | bf16_mfu: 35.93 | epoch: 1 | total time: 502.16m | eta: 3.2m
kind=muon
kind=muon
kind=muon
kind=muon
P:  torch.Size([12, 32])
S torch.Size([12, 12, 32])
P:  torch.Size([1536, 1536])
S torch.Size([96, 1536, 1536])
P:  torch.Size([1536, 6144])
S torch.Size([24, 1536, 6144])
P:  torch.Size([6144, 1536])
S torch.Size([24, 6144, 1536])
step 02076/02088 (99.43%) | loss: 2.697668 | lrm: 0.01 | dt: 14597.80ms | tok/sec: 71,831 | bf16_mfu: 35.92 | epoch: 1 | total time: 502.40m | eta: 2.9m
kind=muon
kind=muon
kind=muon
kind=muon
P:  torch.Size([12, 32])
S torch.Size([12, 12, 32])
P:  torch.Size([1536, 1536])
S torch.Size([96, 1536, 1536])
P:  torch.Size([1536, 6144])
S torch.Size([24, 1536, 6144])
P:  torch.Size([6144, 1536])
S torch.Size([24, 6144, 1536])
step 02077/02088 (99.47%) | loss: 2.700574 | lrm: 0.01 | dt: 14592.36ms | tok/sec: 71,857 | bf16_mfu: 35.93 | epoch: 1 | total time: 502.64m | eta: 2.7m
kind=muon
kind=muon
kind=muon
kind=muon
P:  torch.Size([12, 32])
S torch.Size([12, 12, 32])
P:  torch.Size([1536, 1536])
S torch.Size([96, 1536, 1536])
P:  torch.Size([1536, 6144])
S torch.Size([24, 1536, 6144])
P:  torch.Size([6144, 1536])
S torch.Size([24, 6144, 1536])
step 02078/02088 (99.52%) | loss: 2.696309 | lrm: 0.01 | dt: 14593.47ms | tok/sec: 71,852 | bf16_mfu: 35.93 | epoch: 1 | total time: 502.89m | eta: 2.4m
kind=muon
kind=muon
kind=muon
kind=muon
P:  torch.Size([12, 32])
S torch.Size([12, 12, 32])
P:  torch.Size([1536, 1536])
S torch.Size([96, 1536, 1536])
P:  torch.Size([1536, 6144])
S torch.Size([24, 1536, 6144])
P:  torch.Size([6144, 1536])
S torch.Size([24, 6144, 1536])
step 02079/02088 (99.57%) | loss: 2.688714 | lrm: 0.01 | dt: 14589.89ms | tok/sec: 71,870 | bf16_mfu: 35.94 | epoch: 1 | total time: 503.13m | eta: 2.2m
kind=muon
kind=muon
kind=muon
kind=muon
P:  torch.Size([12, 32])
S torch.Size([12, 12, 32])
P:  torch.Size([1536, 1536])
S torch.Size([96, 1536, 1536])
P:  torch.Size([1536, 6144])
S torch.Size([24, 1536, 6144])
P:  torch.Size([6144, 1536])
S torch.Size([24, 6144, 1536])
step 02080/02088 (99.62%) | loss: 2.694391 | lrm: 0.01 | dt: 14593.51ms | tok/sec: 71,852 | bf16_mfu: 35.93 | epoch: 1 | total time: 503.37m | eta: 1.9m
kind=muon
kind=muon
kind=muon
kind=muon
P:  torch.Size([12, 32])
S torch.Size([12, 12, 32])
P:  torch.Size([1536, 1536])
S torch.Size([96, 1536, 1536])
P:  torch.Size([1536, 6144])
S torch.Size([24, 1536, 6144])
P:  torch.Size([6144, 1536])
S torch.Size([24, 6144, 1536])
step 02081/02088 (99.66%) | loss: 2.702875 | lrm: 0.01 | dt: 14587.95ms | tok/sec: 71,879 | bf16_mfu: 35.94 | epoch: 1 | total time: 503.62m | eta: 1.7m
kind=muon
kind=muon
kind=muon
kind=muon
P:  torch.Size([12, 32])
S torch.Size([12, 12, 32])
P:  torch.Size([1536, 1536])
S torch.Size([96, 1536, 1536])
P:  torch.Size([1536, 6144])
S torch.Size([24, 1536, 6144])
P:  torch.Size([6144, 1536])
S torch.Size([24, 6144, 1536])
step 02082/02088 (99.71%) | loss: 2.706352 | lrm: 0.01 | dt: 14596.40ms | tok/sec: 71,838 | bf16_mfu: 35.92 | epoch: 1 | total time: 503.86m | eta: 1.5m
kind=muon
kind=muon
kind=muon
kind=muon
P:  torch.Size([12, 32])
S torch.Size([12, 12, 32])
P:  torch.Size([1536, 1536])
S torch.Size([96, 1536, 1536])
P:  torch.Size([1536, 6144])
S torch.Size([24, 1536, 6144])
P:  torch.Size([6144, 1536])
S torch.Size([24, 6144, 1536])
step 02083/02088 (99.76%) | loss: 2.690252 | lrm: 0.00 | dt: 14604.49ms | tok/sec: 71,798 | bf16_mfu: 35.90 | epoch: 1 | total time: 504.10m | eta: 1.2m
kind=muon
kind=muon
kind=muon
kind=muon
P:  torch.Size([12, 32])
S torch.Size([12, 12, 32])
P:  torch.Size([1536, 1536])
S torch.Size([96, 1536, 1536])
P:  torch.Size([1536, 6144])
S torch.Size([24, 1536, 6144])
P:  torch.Size([6144, 1536])
S torch.Size([24, 6144, 1536])
step 02084/02088 (99.81%) | loss: 2.700862 | lrm: 0.00 | dt: 14608.17ms | tok/sec: 71,780 | bf16_mfu: 35.89 | epoch: 1 | total time: 504.35m | eta: 1.0m
kind=muon
kind=muon
kind=muon
kind=muon
P:  torch.Size([12, 32])
S torch.Size([12, 12, 32])
P:  torch.Size([1536, 1536])
S torch.Size([96, 1536, 1536])
P:  torch.Size([1536, 6144])
S torch.Size([24, 1536, 6144])
P:  torch.Size([6144, 1536])
S torch.Size([24, 6144, 1536])
step 02085/02088 (99.86%) | loss: 2.705404 | lrm: 0.00 | dt: 14610.86ms | tok/sec: 71,766 | bf16_mfu: 35.88 | epoch: 1 | total time: 504.59m | eta: 0.7m
kind=muon
kind=muon
kind=muon
kind=muon
P:  torch.Size([12, 32])
S torch.Size([12, 12, 32])
P:  torch.Size([1536, 1536])
S torch.Size([96, 1536, 1536])
P:  torch.Size([1536, 6144])
S torch.Size([24, 1536, 6144])
P:  torch.Size([6144, 1536])
S torch.Size([24, 6144, 1536])
step 02086/02088 (99.90%) | loss: 2.692640 | lrm: 0.00 | dt: 14608.64ms | tok/sec: 71,777 | bf16_mfu: 35.89 | epoch: 1 | total time: 504.83m | eta: 0.5m
kind=muon
kind=muon
kind=muon
kind=muon
P:  torch.Size([12, 32])
S torch.Size([12, 12, 32])
P:  torch.Size([1536, 1536])
S torch.Size([96, 1536, 1536])
P:  torch.Size([1536, 6144])
S torch.Size([24, 1536, 6144])
P:  torch.Size([6144, 1536])
S torch.Size([24, 6144, 1536])
step 02087/02088 (99.95%) | loss: 2.690863 | lrm: 0.00 | dt: 14609.74ms | tok/sec: 71,772 | bf16_mfu: 35.89 | epoch: 1 | total time: 505.08m | eta: 0.2m
Step 02088 | Validation bpb: 0.815911
Evaluating: hellaswag_zeroshot (0-shot, type: multiple_choice)... accuracy: 0.4260 | centered: 0.2347 | time: 6.67s
Evaluating: jeopardy (10-shot, type: language_modeling)... accuracy: 0.0620 | centered: 0.0620 | time: 6.83s
Evaluating: bigbench_qa_wikidata (10-shot, type: language_modeling)... accuracy: 0.4380 | centered: 0.4380 | time: 6.70s
Evaluating: arc_easy (10-shot, type: multiple_choice)... accuracy: 0.6400 | centered: 0.5200 | time: 7.60s
Evaluating: arc_challenge (10-shot, type: multiple_choice)... accuracy: 0.3180 | centered: 0.0907 | time: 8.03s
Evaluating: copa (0-shot, type: multiple_choice)... accuracy: 0.6100 | centered: 0.2200 | time: 1.29s
Evaluating: commonsense_qa (10-shot, type: multiple_choice)... accuracy: 0.3140 | centered: 0.1425 | time: 8.79s
Evaluating: piqa (10-shot, type: multiple_choice)... accuracy: 0.6740 | centered: 0.3480 | time: 7.12s
Evaluating: openbook_qa (0-shot, type: multiple_choice)... accuracy: 0.3480 | centered: 0.1307 | time: 6.48s
Evaluating: lambada_openai (0-shot, type: language_modeling)... accuracy: 0.3600 | centered: 0.3600 | time: 6.57s
Evaluating: hellaswag (10-shot, type: multiple_choice)... accuracy: 0.4260 | centered: 0.2347 | time: 14.91s
Evaluating: winograd (0-shot, type: schema)... accuracy: 0.5788 | centered: 0.1575 | time: 3.48s
Evaluating: winogrande (0-shot, type: schema)... accuracy: 0.4960 | centered: -0.0080 | time: 6.40s
Evaluating: bigbench_dyck_languages (10-shot, type: language_modeling)... accuracy: 0.1400 | centered: 0.1400 | time: 7.17s
Evaluating: agi_eval_lsat_ar (3-shot, type: multiple_choice)... accuracy: 0.2870 | centered: 0.1087 | time: 6.42s
Evaluating: bigbench_cs_algorithms (10-shot, type: language_modeling)... accuracy: 0.4440 | centered: 0.4440 | time: 6.93s
Evaluating: bigbench_operators (10-shot, type: language_modeling)... accuracy: 0.1667 | centered: 0.1667 | time: 2.83s
Evaluating: bigbench_repeat_copy_logic (10-shot, type: language_modeling)... accuracy: 0.0000 | centered: 0.0000 | time: 0.43s
Evaluating: squad (10-shot, type: language_modeling)... accuracy: 0.1980 | centered: 0.1980 | time: 13.25s
Evaluating: coqa (0-shot, type: language_modeling)... accuracy: 0.1860 | centered: 0.1860 | time: 6.70s
Evaluating: boolq (10-shot, type: multiple_choice)... accuracy: 0.4580 | centered: -0.4263 | time: 16.48s
Evaluating: bigbench_language_identification (10-shot, type: multiple_choice)... accuracy: 0.2280 | centered: 0.1507 | time: 28.01s
Step 02088 | CORE metric: 0.1772
<|bos|>The capital of France is Paris. It is the largest city in the country and the most populous city in
<|bos|>The chemical symbol of gold is Au. It is a soft, malleable, ductile metal. It
<|bos|>If yesterday was Friday, then tomorrow will be Saturday. If today is Saturday, then tomorrow will be Saturday. If tomorrow is
<|bos|>The opposite of hot is cold. The opposite of cold is warm. The opposite of hot is cold.
<|bos|>The planets of the solar system are: Mercury, Venus, Earth, Mars, Jupiter, Saturn, Uranus, Neptune
<|bos|>My favorite color is blue. I love it. I love it. I love it. I love
<|bos|>If 5*x + 3 = 13, then x is the number of times 5*x + 3 = 13.
If
2026-08-24 03:01:20,304 - nanochat.checkpoint_manager - [32m[1mINFO[0m - Saved model parameters to: /storage/home/hcoda1/7/clinder9/r-mtao8-0/.cache/nanochat/speedruns/base_checkpoints/FULLRUN_MUON/model_002088.pt
2026-08-24 03:01:20,308 - nanochat.checkpoint_manager - [32m[1mINFO[0m - Saved metadata to: /storage/home/hcoda1/7/clinder9/r-mtao8-0/.cache/nanochat/speedruns/base_checkpoints/FULLRUN_MUON/meta_002088.json
2026-08-24 03:01:28,824 - nanochat.checkpoint_manager - [32m[1mINFO[0m - Saved optimizer state to: /storage/home/hcoda1/7/clinder9/r-mtao8-0/.cache/nanochat/speedruns/base_checkpoints/FULLRUN_MUON/optim_002088_rank0.pt
Peak memory usage: 54765.37MiB
Total training time: 505.08m
Minimum validation bpb: 0.815911
2026-08-24 03:01:41,659 - httpx - [32m[1mINFO[0m - HTTP Request: GET https://huggingface.co/api/organizations/varunneal/overview "HTTP/1.1 404 Not Found"
Autodetected device type: cuda
2026-08-24 03:01:42,557 - nanochat.common - [32m[1mINFO[0m - Distributed world size: 1
2026-08-24 03:01:42,559 - nanochat.checkpoint_manager - [32m[1mINFO[0m - No model tag provided, guessing model tag: FULLRUN_MUON
2026-08-24 03:01:42,561 - nanochat.checkpoint_manager - [32m[1mINFO[0m - Loading model from /storage/home/hcoda1/7/clinder9/r-mtao8-0/.cache/nanochat/speedruns/base_checkpoints/FULLRUN_MUON with step 2088
2026-08-24 03:01:49,539 - nanochat.checkpoint_manager - [32m[1mINFO[0m - Building model with config: {'sequence_len': 2048, 'vocab_size': 32768, 'n_layer': 24, 'n_head': 12, 'n_kv_head': 12, 'n_embd': 1536, 'window_pattern': 'SSSL'}
Evaluating model: base_model (step 2088)
Eval modes: bpb, core, sample

================================================================================
Model Samples
================================================================================

Conditioned samples:
--------------------------------------------------------------------------------
<|bos|>The capital of France is Paris. It is the largest city in the country and the most populous city in
--------------------------------------------------------------------------------
<|bos|>The chemical symbol of gold is Au. It is a soft, malleable, ductile metal. It
--------------------------------------------------------------------------------
<|bos|>If yesterday was Friday, then tomorrow will be Saturday. If today is Saturday, then tomorrow will be Saturday. If tomorrow is
--------------------------------------------------------------------------------
<|bos|>The opposite of hot is cold. The opposite of cold is warm. The opposite of hot is cold.
--------------------------------------------------------------------------------
<|bos|>The planets of the solar system are: Mercury, Venus, Earth, Mars, Jupiter, Saturn, Uranus, Neptune
--------------------------------------------------------------------------------
<|bos|>My favorite color is blue. I love it. I love it. I love it. I love
--------------------------------------------------------------------------------
<|bos|>If 5*x + 3 = 13, then x is the number of times 5*x + 3 = 13.
If

Unconditioned samples:
--------------------------------------------------------------------------------
<|bos|>The Summary can be formatting or presentation in the format and manner for the purpose of describing and analyzing the culture gathered by a certain group of people or an experiment. Volumes Vengeance on myths losing their value and turn themselves into mythology that can stay with them until they turn into mythology lost to their hesitate. All myths advantages and disadvantages crosschecked. Literally myth is simply a story to fuel a strong emotion in you but in a one sided argument, one individual draws out their particular myth and fills it into the social imagery constructs a myth country by country in brittany pippins most contemporary publication per their interest in the
--------------------------------------------------------------------------------
<|bos|>New phenomenon revealed by the World Health Organization
A phenomenon that is taking place in the Caribbean.
SNOWVIGRE, the island, at an elevation of 375 feet, moves seasonally, and almost nobody is familiar with it. Fortunately, the Cayman Islands has had its fair share of both.
Extremely warm temperatures, and calm seas in general, have made it the preferred destination as far back as the 1800s. Independent engineers, biologists, sea explorers, adventurers, and adventurers have made it their home. We have witnessed three of these made the trip to the Bahamas and South Florida during
--------------------------------------------------------------------------------
<|bos|>Inquiry Based Learning in a Montessori Program for Kids
17/11/14 CultureClub Videos
A new culture of learning emerges
Every school child is interested and engaged in the experiences of the school. It is important for the child to know new things and practice the skills that she has learned in the program, so that she will develop the same high level of attention and commitment and hopefulness that she had in the program. In the next year of school, new skills, attitudes and behaviors will have built in, building the child's foundations for lifelong success. The Tajala program appeals to the child and the interest she has
--------------------------------------------------------------------------------
<|bos|>Civil war 1861, or the "Burning of Washington," essay
(co-led by editor assistant james elis years after the Civil War begins, society and the press agreed that many slaves were eager to pursue felix donohubieta on indian indians were in a consistent state of war with the kanse for and we are grateful for their contributing editor summaries editor lives: the human cost of war this article provides critical. The civil war in 1861, the end of a period of divided decision-making and some visions of humanity's future go quite deeply into the present.
War: the primary textbook
--------------------------------------------------------------------------------
<|bos|>Dialysis means to replace or clean the blood in the human body. Urine is produced only when the kidneys are working correctly. Normally, the kidneys hold a tiny amount of waste products, such as protein and salts. Hemodialysis cleans these waste products from the blood and cleans them back into the body via a dialysis machine. The cleaned blood is circulated through a tube, called a catheter, to the dialysis machine. The blood then flows back into the body through a large vein called the main artery.
The main artery that supplies most (78%) of the blood in the body is in your arm, usually in the back of your
--------------------------------------------------------------------------------
<|bos|>Freedom by association. “. . . the decision to give your child a child, a toddler, or a dog, can cause them to be exposed to a literal Marxist-Leninist world view.” Researchers from Universidade Federal do Rio Grande do Sul’s School of Social Psychology found that “in a top-down way [condo de população placement law” enacted in 2008] half of adolescents reported being exposed to oppositional view of gender and operated on a homophobic world view; and slower-response students were receiving support on a non-transmissible world view, often because of discrimination of being
--------------------------------------------------------------------------------
<|bos|>SANEYLNIE WAS A SECRET RESTORE FAMILY OF SKIFAD AND STONE EARLY MINUTE
GRAY by Scott Stoltzfus
It’s the Bracewell-Gissels Road Valley Grablestone-Fedora Coronagh farm that is famous around the world! As well known as spectacular cliff stones in Swindon, which can be visited with days off, or close to summer-fair for travelers, and tourist-friendly and visited regularly by tourists in the whole of England, the limestone quarry on the to the north side of the valley
--------------------------------------------------------------------------------
<|bos|>The bladder is located in the lower urinary tract, so it is part of a complex structure. The bladder stores urine until it leaves the kidneys, by storing it and then moving it to a place where it is expelled by the kidneys. The bladder stores urine until bacteria or other organisms (streptococcus that have been fitted with a needle) are detected or enough bacteria are detected to allow it to cause a urine infection .
Deep Vein Thrombosis (DVT)
Doctor Leigh Encke must explain the idea that Deep Venous Thrombosis is a different type of blood clot from DVT due to certain circumstances.


================================================================================
BPB Evaluation
================================================================================
train bpb: 0.815983
val bpb: 0.815615

================================================================================
CORE Evaluation
================================================================================
Evaluating: hellaswag_zeroshot (0-shot, type: multiple_choice)... accuracy: 0.4198 | centered: 0.2264 | time: 129.71s
Evaluating: jeopardy (10-shot, type: language_modeling)... accuracy: 0.0548 | centered: 0.0548 | time: 28.62s
Evaluating: bigbench_qa_wikidata (10-shot, type: language_modeling)... accuracy: 0.4204 | centered: 0.4204 | time: 281.24s
Evaluating: arc_easy (10-shot, type: multiple_choice)... accuracy: 0.6124 | centered: 0.4832 | time: 35.66s
Evaluating: arc_challenge (10-shot, type: multiple_choice)... accuracy: 0.3251 | centered: 0.1001 | time: 18.87s
Evaluating: copa (0-shot, type: multiple_choice)... accuracy: 0.6100 | centered: 0.2200 | time: 1.36s
Evaluating: commonsense_qa (10-shot, type: multiple_choice)... accuracy: 0.2973 | centered: 0.1216 | time: 21.55s
Evaluating: piqa (10-shot, type: multiple_choice)... accuracy: 0.6839 | centered: 0.3678 | time: 26.77s
Evaluating: openbook_qa (0-shot, type: multiple_choice)... accuracy: 0.3480 | centered: 0.1307 | time: 6.44s
Evaluating: lambada_openai (0-shot, type: language_modeling)... accuracy: 0.3567 | centered: 0.3567 | time: 66.73s
Evaluating: hellaswag (10-shot, type: multiple_choice)... accuracy: 0.4172 | centered: 0.2230 | time: 292.35s
Evaluating: winograd (0-shot, type: schema)... accuracy: 0.5788 | centered: 0.1575 | time: 3.43s
Evaluating: winogrande (0-shot, type: schema)... accuracy: 0.5146 | centered: 0.0292 | time: 15.88s
Evaluating: bigbench_dyck_languages (10-shot, type: language_modeling)... accuracy: 0.1390 | centered: 0.1390 | time: 14.68s
Evaluating: agi_eval_lsat_ar (3-shot, type: multiple_choice)... accuracy: 0.2870 | centered: 0.1087 | time: 6.40s
Evaluating: bigbench_cs_algorithms (10-shot, type: language_modeling)... accuracy: 0.4235 | centered: 0.4235 | time: 18.06s
Evaluating: bigbench_operators (10-shot, type: language_modeling)... accuracy: 0.1667 | centered: 0.1667 | time: 2.98s
Evaluating: bigbench_repeat_copy_logic (10-shot, type: language_modeling)... accuracy: 0.0000 | centered: 0.0000 | time: 0.44s
Evaluating: squad (10-shot, type: language_modeling)... accuracy: 0.1914 | centered: 0.1914 | time: 288.36s
Evaluating: coqa (0-shot, type: language_modeling)... accuracy: 0.1834 | centered: 0.1834 | time: 108.24s
Evaluating: boolq (10-shot, type: multiple_choice)... accuracy: 0.4804 | centered: -0.3673 | time: 106.56s
Evaluating: bigbench_language_identification (10-shot, type: multiple_choice)... accuracy: 0.2512 | centered: 0.1762 | time: 597.75s

Results written to: /storage/home/hcoda1/7/clinder9/r-mtao8-0/.cache/nanochat/speedruns/base_eval/base_model_002088.csv
CORE metric: 0.1779
Generating report to /storage/home/hcoda1/7/clinder9/r-mtao8-0/.cache/nanochat/speedruns/report/report.md
Warning: /storage/home/hcoda1/7/clinder9/r-mtao8-0/.cache/nanochat/speedruns/report/base-model-loss.md does not exist, skipping
Warning: /storage/home/hcoda1/7/clinder9/r-mtao8-0/.cache/nanochat/speedruns/report/chat-sft.md does not exist, skipping
Warning: /storage/home/hcoda1/7/clinder9/r-mtao8-0/.cache/nanochat/speedruns/report/chat-evaluation-sft.md does not exist, skipping
Warning: /storage/home/hcoda1/7/clinder9/r-mtao8-0/.cache/nanochat/speedruns/report/chat-rl.md does not exist, skipping
Warning: /storage/home/hcoda1/7/clinder9/r-mtao8-0/.cache/nanochat/speedruns/report/chat-evaluation-rl.md does not exist, skipping
Copying report.md to current directory for convenience
---------------------------------------
Begin Slurm Epilog: Aug-24-2026 03:42:02
Job ID:        12232940
User ID:       clinder9
Account:       gts-mtao8
Job name:      speedrun-gpt
Resources:     cpu=8,gres/gpu:h100=1,mem=100G,node=1
Rsrc Used:     cput=3-04:34:56,vmem=0,walltime=09:34:22,mem=21672800K,energy_used=0
Partition:     gpu-h100
QOS:           inferno
Nodes:         atl1-1-03-008-22-0
---------------------------------------
