---------------------------------------
Begin Slurm Prolog: Aug-21-2026 21:27:52
Job ID:    12207628
User ID:   clinder9
Account:   gts-mtao8
Job name:  speedrun-gpt
Partition: gpu-h100
QOS:       inferno
---------------------------------------
Audited 139 packages in 64ms
Reset report and wrote header to /storage/home/hcoda1/7/clinder9/r-mtao8-0/.cache/nanochat/TEST/report/header.md
Downloading 8 shards using 4 workers...
Target directory: /storage/home/hcoda1/7/clinder9/r-mtao8-0/.cache/nanochat/TEST/base_data

Skipping /storage/home/hcoda1/7/clinder9/r-mtao8-0/.cache/nanochat/TEST/base_data/shard_00000.parquet (already exists)
Skipping /storage/home/hcoda1/7/clinder9/r-mtao8-0/.cache/nanochat/TEST/base_data/shard_00004.parquet (already exists)
Skipping /storage/home/hcoda1/7/clinder9/r-mtao8-0/.cache/nanochat/TEST/base_data/shard_00001.parquet (already exists)
Skipping /storage/home/hcoda1/7/clinder9/r-mtao8-0/.cache/nanochat/TEST/base_data/shard_00005.parquet (already exists)
Skipping /storage/home/hcoda1/7/clinder9/r-mtao8-0/.cache/nanochat/TEST/base_data/shard_00003.parquet (already exists)
Skipping /storage/home/hcoda1/7/clinder9/r-mtao8-0/.cache/nanochat/TEST/base_data/shard_00006.parquet (already exists)
Skipping /storage/home/hcoda1/7/clinder9/r-mtao8-0/.cache/nanochat/TEST/base_data/shard_00002.parquet (already exists)
Skipping /storage/home/hcoda1/7/clinder9/r-mtao8-0/.cache/nanochat/TEST/base_data/shard_00007.parquet (already exists)
Done! Downloaded: 8/8 shards to /storage/home/hcoda1/7/clinder9/r-mtao8-0/.cache/nanochat/TEST/base_data
Downloading 370 shards using 4 workers...
Target directory: /storage/home/hcoda1/7/clinder9/r-mtao8-0/.cache/nanochat/TEST/base_data

Skipping /storage/home/hcoda1/7/clinder9/r-mtao8-0/.cache/nanochat/TEST/base_data/shard_00000.parquet (already exists)
Skipping /storage/home/hcoda1/7/clinder9/r-mtao8-0/.cache/nanochat/TEST/base_data/shard_00001.parquet (already exists)
Skipping /storage/home/hcoda1/7/clinder9/r-mtao8-0/.cache/nanochat/TEST/base_data/shard_00002.parquet (already exists)
Skipping /storage/home/hcoda1/7/clinder9/r-mtao8-0/.cache/nanochat/TEST/base_data/shard_00003.parquet (already exists)
Skipping /storage/home/hcoda1/7/clinder9/r-mtao8-0/.cache/nanochat/TEST/base_data/shard_00004.parquet (already exists)
Skipping /storage/home/hcoda1/7/clinder9/r-mtao8-0/.cache/nanochat/TEST/base_data/shard_00005.parquet (already exists)
Skipping /storage/home/hcoda1/7/clinder9/r-mtao8-0/.cache/nanochat/TEST/base_data/shard_00006.parquet (already exists)
Skipping /storage/home/hcoda1/7/clinder9/r-mtao8-0/.cache/nanochat/TEST/base_data/shard_00007.parquet (already exists)
Skipping /storage/home/hcoda1/7/clinder9/r-mtao8-0/.cache/nanochat/TEST/base_data/shard_00008.parquet (already exists)
Skipping /storage/home/hcoda1/7/clinder9/r-mtao8-0/.cache/nanochat/TEST/base_data/shard_00009.parquet (already exists)
Skipping /storage/home/hcoda1/7/clinder9/r-mtao8-0/.cache/nanochat/TEST/base_data/shard_00010.parquet (already exists)
Skipping /storage/home/hcoda1/7/clinder9/r-mtao8-0/.cache/nanochat/TEST/base_data/shard_00011.parquet (already exists)
Skipping /storage/home/hcoda1/7/clinder9/r-mtao8-0/.cache/nanochat/TEST/base_data/shard_00012.parquet (already exists)
Skipping /storage/home/hcoda1/7/clinder9/r-mtao8-0/.cache/nanochat/TEST/base_data/shard_00013.parquet (already exists)
Skipping /storage/home/hcoda1/7/clinder9/r-mtao8-0/.cache/nanochat/TEST/base_data/shard_00014.parquet (already exists)
Skipping /storage/home/hcoda1/7/clinder9/r-mtao8-0/.cache/nanochat/TEST/base_data/shard_00015.parquet (already exists)
Skipping /storage/home/hcoda1/7/clinder9/r-mtao8-0/.cache/nanochat/TEST/base_data/shard_00016.parquet (already exists)
Skipping /storage/home/hcoda1/7/clinder9/r-mtao8-0/.cache/nanochat/TEST/base_data/shard_00017.parquet (already exists)
Skipping /storage/home/hcoda1/7/clinder9/r-mtao8-0/.cache/nanochat/TEST/base_data/shard_00018.parquet (already exists)
Skipping /storage/home/hcoda1/7/clinder9/r-mtao8-0/.cache/nanochat/TEST/base_data/shard_00019.parquet (already exists)
Skipping /storage/home/hcoda1/7/clinder9/r-mtao8-0/.cache/nanochat/TEST/base_data/shard_00020.parquet (already exists)
Skipping /storage/home/hcoda1/7/clinder9/r-mtao8-0/.cache/nanochat/TEST/base_data/shard_00021.parquet (already exists)
Skipping /storage/home/hcoda1/7/clinder9/r-mtao8-0/.cache/nanochat/TEST/base_data/shard_00022.parquet (already exists)
Skipping /storage/home/hcoda1/7/clinder9/r-mtao8-0/.cache/nanochat/TEST/base_data/shard_00023.parquet (already exists)
Skipping /storage/home/hcoda1/7/clinder9/r-mtao8-0/.cache/nanochat/TEST/base_data/shard_00096.parquet (already exists)
Skipping /storage/home/hcoda1/7/clinder9/r-mtao8-0/.cache/nanochat/TEST/base_data/shard_00097.parquet (already exists)
Skipping /storage/home/hcoda1/7/clinder9/r-mtao8-0/.cache/nanochat/TEST/base_data/shard_00098.parquet (already exists)
Skipping /storage/home/hcoda1/7/clinder9/r-mtao8-0/.cache/nanochat/TEST/base_data/shard_00099.parquet (already exists)
Skipping /storage/home/hcoda1/7/clinder9/r-mtao8-0/.cache/nanochat/TEST/base_data/shard_00100.parquet (already exists)
Skipping /storage/home/hcoda1/7/clinder9/r-mtao8-0/.cache/nanochat/TEST/base_data/shard_00101.parquet (already exists)
Skipping /storage/home/hcoda1/7/clinder9/r-mtao8-0/.cache/nanochat/TEST/base_data/shard_00102.parquet (already exists)
Skipping /storage/home/hcoda1/7/clinder9/r-mtao8-0/.cache/nanochat/TEST/base_data/shard_00103.parquet (already exists)
Skipping /storage/home/hcoda1/7/clinder9/r-mtao8-0/.cache/nanochat/TEST/base_data/shard_00104.parquet (already exists)
Skipping /storage/home/hcoda1/7/clinder9/r-mtao8-0/.cache/nanochat/TEST/base_data/shard_00105.parquet (already exists)
Skipping /storage/home/hcoda1/7/clinder9/r-mtao8-0/.cache/nanochat/TEST/base_data/shard_00106.parquet (already exists)
Skipping /storage/home/hcoda1/7/clinder9/r-mtao8-0/.cache/nanochat/TEST/base_data/shard_00107.parquet (already exists)
Skipping /storage/home/hcoda1/7/clinder9/r-mtao8-0/.cache/nanochat/TEST/base_data/shard_00108.parquet (already exists)
Skipping /storage/home/hcoda1/7/clinder9/r-mtao8-0/.cache/nanochat/TEST/base_data/shard_00109.parquet (already exists)
Skipping /storage/home/hcoda1/7/clinder9/r-mtao8-0/.cache/nanochat/TEST/base_data/shard_00110.parquet (already exists)
Skipping /storage/home/hcoda1/7/clinder9/r-mtao8-0/.cache/nanochat/TEST/base_data/shard_00111.parquet (already exists)
Skipping /storage/home/hcoda1/7/clinder9/r-mtao8-0/.cache/nanochat/TEST/base_data/shard_00112.parquet (already exists)
Skipping /storage/home/hcoda1/7/clinder9/r-mtao8-0/.cache/nanochat/TEST/base_data/shard_00113.parquet (already exists)
Skipping /storage/home/hcoda1/7/clinder9/r-mtao8-0/.cache/nanochat/TEST/base_data/shard_00114.parquet (already exists)
Skipping /storage/home/hcoda1/7/clinder9/r-mtao8-0/.cache/nanochat/TEST/base_data/shard_00115.parquet (already exists)
Skipping /storage/home/hcoda1/7/clinder9/r-mtao8-0/.cache/nanochat/TEST/base_data/shard_00116.parquet (already exists)
Skipping /storage/home/hcoda1/7/clinder9/r-mtao8-0/.cache/nanochat/TEST/base_data/shard_00117.parquet (already exists)
Skipping /storage/home/hcoda1/7/clinder9/r-mtao8-0/.cache/nanochat/TEST/base_data/shard_00118.parquet (already exists)
Skipping /storage/home/hcoda1/7/clinder9/r-mtao8-0/.cache/nanochat/TEST/base_data/shard_00119.parquet (already exists)
Skipping /storage/home/hcoda1/7/clinder9/r-mtao8-0/.cache/nanochat/TEST/base_data/shard_00192.parquet (already exists)
Skipping /storage/home/hcoda1/7/clinder9/r-mtao8-0/.cache/nanochat/TEST/base_data/shard_00193.parquet (already exists)
Skipping /storage/home/hcoda1/7/clinder9/r-mtao8-0/.cache/nanochat/TEST/base_data/shard_00194.parquet (already exists)
Skipping /storage/home/hcoda1/7/clinder9/r-mtao8-0/.cache/nanochat/TEST/base_data/shard_00195.parquet (already exists)
Skipping /storage/home/hcoda1/7/clinder9/r-mtao8-0/.cache/nanochat/TEST/base_data/shard_00196.parquet (already exists)
Skipping /storage/home/hcoda1/7/clinder9/r-mtao8-0/.cache/nanochat/TEST/base_data/shard_00197.parquet (already exists)
Skipping /storage/home/hcoda1/7/clinder9/r-mtao8-0/.cache/nanochat/TEST/base_data/shard_00198.parquet (already exists)
Skipping /storage/home/hcoda1/7/clinder9/r-mtao8-0/.cache/nanochat/TEST/base_data/shard_00199.parquet (already exists)
Skipping /storage/home/hcoda1/7/clinder9/r-mtao8-0/.cache/nanochat/TEST/base_data/shard_00200.parquet (already exists)
Skipping /storage/home/hcoda1/7/clinder9/r-mtao8-0/.cache/nanochat/TEST/base_data/shard_00201.parquet (already exists)
Skipping /storage/home/hcoda1/7/clinder9/r-mtao8-0/.cache/nanochat/TEST/base_data/shard_00202.parquet (already exists)
Skipping /storage/home/hcoda1/7/clinder9/r-mtao8-0/.cache/nanochat/TEST/base_data/shard_00203.parquet (already exists)
Skipping /storage/home/hcoda1/7/clinder9/r-mtao8-0/.cache/nanochat/TEST/base_data/shard_00204.parquet (already exists)
Skipping /storage/home/hcoda1/7/clinder9/r-mtao8-0/.cache/nanochat/TEST/base_data/shard_00205.parquet (already exists)
Skipping /storage/home/hcoda1/7/clinder9/r-mtao8-0/.cache/nanochat/TEST/base_data/shard_00206.parquet (already exists)
Skipping /storage/home/hcoda1/7/clinder9/r-mtao8-0/.cache/nanochat/TEST/base_data/shard_00207.parquet (already exists)
Skipping /storage/home/hcoda1/7/clinder9/r-mtao8-0/.cache/nanochat/TEST/base_data/shard_00208.parquet (already exists)
Skipping /storage/home/hcoda1/7/clinder9/r-mtao8-0/.cache/nanochat/TEST/base_data/shard_00209.parquet (already exists)
Skipping /storage/home/hcoda1/7/clinder9/r-mtao8-0/.cache/nanochat/TEST/base_data/shard_00210.parquet (already exists)
Skipping /storage/home/hcoda1/7/clinder9/r-mtao8-0/.cache/nanochat/TEST/base_data/shard_00211.parquet (already exists)
Skipping /storage/home/hcoda1/7/clinder9/r-mtao8-0/.cache/nanochat/TEST/base_data/shard_00212.parquet (already exists)
Skipping /storage/home/hcoda1/7/clinder9/r-mtao8-0/.cache/nanochat/TEST/base_data/shard_00213.parquet (already exists)
Skipping /storage/home/hcoda1/7/clinder9/r-mtao8-0/.cache/nanochat/TEST/base_data/shard_00214.parquet (already exists)
Skipping /storage/home/hcoda1/7/clinder9/r-mtao8-0/.cache/nanochat/TEST/base_data/shard_00215.parquet (already exists)
Skipping /storage/home/hcoda1/7/clinder9/r-mtao8-0/.cache/nanochat/TEST/base_data/shard_00288.parquet (already exists)
Skipping /storage/home/hcoda1/7/clinder9/r-mtao8-0/.cache/nanochat/TEST/base_data/shard_00289.parquet (already exists)
Skipping /storage/home/hcoda1/7/clinder9/r-mtao8-0/.cache/nanochat/TEST/base_data/shard_00290.parquet (already exists)
Skipping /storage/home/hcoda1/7/clinder9/r-mtao8-0/.cache/nanochat/TEST/base_data/shard_00291.parquet (already exists)
Skipping /storage/home/hcoda1/7/clinder9/r-mtao8-0/.cache/nanochat/TEST/base_data/shard_00292.parquet (already exists)
Skipping /storage/home/hcoda1/7/clinder9/r-mtao8-0/.cache/nanochat/TEST/base_data/shard_00293.parquet (already exists)
Skipping /storage/home/hcoda1/7/clinder9/r-mtao8-0/.cache/nanochat/TEST/base_data/shard_00294.parquet (already exists)
Skipping /storage/home/hcoda1/7/clinder9/r-mtao8-0/.cache/nanochat/TEST/base_data/shard_00295.parquet (already exists)
Skipping /storage/home/hcoda1/7/clinder9/r-mtao8-0/.cache/nanochat/TEST/base_data/shard_00296.parquet (already exists)
Skipping /storage/home/hcoda1/7/clinder9/r-mtao8-0/.cache/nanochat/TEST/base_data/shard_00297.parquet (already exists)
Skipping /storage/home/hcoda1/7/clinder9/r-mtao8-0/.cache/nanochat/TEST/base_data/shard_00298.parquet (already exists)
Skipping /storage/home/hcoda1/7/clinder9/r-mtao8-0/.cache/nanochat/TEST/base_data/shard_00299.parquet (already exists)
Skipping /storage/home/hcoda1/7/clinder9/r-mtao8-0/.cache/nanochat/TEST/base_data/shard_00300.parquet (already exists)
Skipping /storage/home/hcoda1/7/clinder9/r-mtao8-0/.cache/nanochat/TEST/base_data/shard_00301.parquet (already exists)
Skipping /storage/home/hcoda1/7/clinder9/r-mtao8-0/.cache/nanochat/TEST/base_data/shard_00302.parquet (already exists)
Skipping /storage/home/hcoda1/7/clinder9/r-mtao8-0/.cache/nanochat/TEST/base_data/shard_00303.parquet (already exists)
Skipping /storage/home/hcoda1/7/clinder9/r-mtao8-0/.cache/nanochat/TEST/base_data/shard_00304.parquet (already exists)
Skipping /storage/home/hcoda1/7/clinder9/r-mtao8-0/.cache/nanochat/TEST/base_data/shard_00305.parquet (already exists)
Skipping /storage/home/hcoda1/7/clinder9/r-mtao8-0/.cache/nanochat/TEST/base_data/shard_00306.parquet (already exists)
Skipping /storage/home/hcoda1/7/clinder9/r-mtao8-0/.cache/nanochat/TEST/base_data/shard_00307.parquet (already exists)
Skipping /storage/home/hcoda1/7/clinder9/r-mtao8-0/.cache/nanochat/TEST/base_data/shard_00308.parquet (already exists)
Skipping /storage/home/hcoda1/7/clinder9/r-mtao8-0/.cache/nanochat/TEST/base_data/shard_00309.parquet (already exists)
Skipping /storage/home/hcoda1/7/clinder9/r-mtao8-0/.cache/nanochat/TEST/base_data/shard_00310.parquet (already exists)
Skipping /storage/home/hcoda1/7/clinder9/r-mtao8-0/.cache/nanochat/TEST/base_data/shard_00311.parquet (already exists)
Skipping /storage/home/hcoda1/7/clinder9/r-mtao8-0/.cache/nanochat/TEST/base_data/shard_00048.parquet (already exists)
Skipping /storage/home/hcoda1/7/clinder9/r-mtao8-0/.cache/nanochat/TEST/base_data/shard_00049.parquet (already exists)
Skipping /storage/home/hcoda1/7/clinder9/r-mtao8-0/.cache/nanochat/TEST/base_data/shard_00050.parquet (already exists)
Skipping /storage/home/hcoda1/7/clinder9/r-mtao8-0/.cache/nanochat/TEST/base_data/shard_00051.parquet (already exists)
Skipping /storage/home/hcoda1/7/clinder9/r-mtao8-0/.cache/nanochat/TEST/base_data/shard_00052.parquet (already exists)
Skipping /storage/home/hcoda1/7/clinder9/r-mtao8-0/.cache/nanochat/TEST/base_data/shard_00053.parquet (already exists)
Skipping /storage/home/hcoda1/7/clinder9/r-mtao8-0/.cache/nanochat/TEST/base_data/shard_00054.parquet (already exists)
Skipping /storage/home/hcoda1/7/clinder9/r-mtao8-0/.cache/nanochat/TEST/base_data/shard_00055.parquet (already exists)
Skipping /storage/home/hcoda1/7/clinder9/r-mtao8-0/.cache/nanochat/TEST/base_data/shard_00056.parquet (already exists)
Skipping /storage/home/hcoda1/7/clinder9/r-mtao8-0/.cache/nanochat/TEST/base_data/shard_00057.parquet (already exists)
Skipping /storage/home/hcoda1/7/clinder9/r-mtao8-0/.cache/nanochat/TEST/base_data/shard_00058.parquet (already exists)
Skipping /storage/home/hcoda1/7/clinder9/r-mtao8-0/.cache/nanochat/TEST/base_data/shard_00059.parquet (already exists)
Skipping /storage/home/hcoda1/7/clinder9/r-mtao8-0/.cache/nanochat/TEST/base_data/shard_00060.parquet (already exists)
Skipping /storage/home/hcoda1/7/clinder9/r-mtao8-0/.cache/nanochat/TEST/base_data/shard_00061.parquet (already exists)
Skipping /storage/home/hcoda1/7/clinder9/r-mtao8-0/.cache/nanochat/TEST/base_data/shard_00062.parquet (already exists)
Skipping /storage/home/hcoda1/7/clinder9/r-mtao8-0/.cache/nanochat/TEST/base_data/shard_00063.parquet (already exists)
Skipping /storage/home/hcoda1/7/clinder9/r-mtao8-0/.cache/nanochat/TEST/base_data/shard_00064.parquet (already exists)
Skipping /storage/home/hcoda1/7/clinder9/r-mtao8-0/.cache/nanochat/TEST/base_data/shard_00065.parquet (already exists)
Skipping /storage/home/hcoda1/7/clinder9/r-mtao8-0/.cache/nanochat/TEST/base_data/shard_00066.parquet (already exists)
Skipping /storage/home/hcoda1/7/clinder9/r-mtao8-0/.cache/nanochat/TEST/base_data/shard_00067.parquet (already exists)
Skipping /storage/home/hcoda1/7/clinder9/r-mtao8-0/.cache/nanochat/TEST/base_data/shard_00068.parquet (already exists)
Skipping /storage/home/hcoda1/7/clinder9/r-mtao8-0/.cache/nanochat/TEST/base_data/shard_00069.parquet (already exists)
Skipping /storage/home/hcoda1/7/clinder9/r-mtao8-0/.cache/nanochat/TEST/base_data/shard_00070.parquet (already exists)
Skipping /storage/home/hcoda1/7/clinder9/r-mtao8-0/.cache/nanochat/TEST/base_data/shard_00071.parquet (already exists)
Skipping /storage/home/hcoda1/7/clinder9/r-mtao8-0/.cache/nanochat/TEST/base_data/shard_00144.parquet (already exists)
Skipping /storage/home/hcoda1/7/clinder9/r-mtao8-0/.cache/nanochat/TEST/base_data/shard_00145.parquet (already exists)
Skipping /storage/home/hcoda1/7/clinder9/r-mtao8-0/.cache/nanochat/TEST/base_data/shard_00146.parquet (already exists)
Skipping /storage/home/hcoda1/7/clinder9/r-mtao8-0/.cache/nanochat/TEST/base_data/shard_00147.parquet (already exists)
Skipping /storage/home/hcoda1/7/clinder9/r-mtao8-0/.cache/nanochat/TEST/base_data/shard_00148.parquet (already exists)
Skipping /storage/home/hcoda1/7/clinder9/r-mtao8-0/.cache/nanochat/TEST/base_data/shard_00149.parquet (already exists)
Skipping /storage/home/hcoda1/7/clinder9/r-mtao8-0/.cache/nanochat/TEST/base_data/shard_00150.parquet (already exists)
Skipping /storage/home/hcoda1/7/clinder9/r-mtao8-0/.cache/nanochat/TEST/base_data/shard_00151.parquet (already exists)
Skipping /storage/home/hcoda1/7/clinder9/r-mtao8-0/.cache/nanochat/TEST/base_data/shard_00152.parquet (already exists)
Skipping /storage/home/hcoda1/7/clinder9/r-mtao8-0/.cache/nanochat/TEST/base_data/shard_00153.parquet (already exists)
Skipping /storage/home/hcoda1/7/clinder9/r-mtao8-0/.cache/nanochat/TEST/base_data/shard_00154.parquet (already exists)
Skipping /storage/home/hcoda1/7/clinder9/r-mtao8-0/.cache/nanochat/TEST/base_data/shard_00155.parquet (already exists)
Skipping /storage/home/hcoda1/7/clinder9/r-mtao8-0/.cache/nanochat/TEST/base_data/shard_00156.parquet (already exists)
Skipping /storage/home/hcoda1/7/clinder9/r-mtao8-0/.cache/nanochat/TEST/base_data/shard_00157.parquet (already exists)
Skipping /storage/home/hcoda1/7/clinder9/r-mtao8-0/.cache/nanochat/TEST/base_data/shard_00158.parquet (already exists)
Skipping /storage/home/hcoda1/7/clinder9/r-mtao8-0/.cache/nanochat/TEST/base_data/shard_00159.parquet (already exists)
Skipping /storage/home/hcoda1/7/clinder9/r-mtao8-0/.cache/nanochat/TEST/base_data/shard_00160.parquet (already exists)
Skipping /storage/home/hcoda1/7/clinder9/r-mtao8-0/.cache/nanochat/TEST/base_data/shard_00161.parquet (already exists)
Skipping /storage/home/hcoda1/7/clinder9/r-mtao8-0/.cache/nanochat/TEST/base_data/shard_00162.parquet (already exists)
Skipping /storage/home/hcoda1/7/clinder9/r-mtao8-0/.cache/nanochat/TEST/base_data/shard_00163.parquet (already exists)
Skipping /storage/home/hcoda1/7/clinder9/r-mtao8-0/.cache/nanochat/TEST/base_data/shard_00164.parquet (already exists)
Skipping /storage/home/hcoda1/7/clinder9/r-mtao8-0/.cache/nanochat/TEST/base_data/shard_00165.parquet (already exists)
Skipping /storage/home/hcoda1/7/clinder9/r-mtao8-0/.cache/nanochat/TEST/base_data/shard_00166.parquet (already exists)
Skipping /storage/home/hcoda1/7/clinder9/r-mtao8-0/.cache/nanochat/TEST/base_data/shard_00167.parquet (already exists)
Skipping /storage/home/hcoda1/7/clinder9/r-mtao8-0/.cache/nanochat/TEST/base_data/shard_00216.parquet (already exists)
Skipping /storage/home/hcoda1/7/clinder9/r-mtao8-0/.cache/nanochat/TEST/base_data/shard_00217.parquet (already exists)
Skipping /storage/home/hcoda1/7/clinder9/r-mtao8-0/.cache/nanochat/TEST/base_data/shard_00218.parquet (already exists)
Skipping /storage/home/hcoda1/7/clinder9/r-mtao8-0/.cache/nanochat/TEST/base_data/shard_00219.parquet (already exists)
Skipping /storage/home/hcoda1/7/clinder9/r-mtao8-0/.cache/nanochat/TEST/base_data/shard_00220.parquet (already exists)
Skipping /storage/home/hcoda1/7/clinder9/r-mtao8-0/.cache/nanochat/TEST/base_data/shard_00221.parquet (already exists)
Skipping /storage/home/hcoda1/7/clinder9/r-mtao8-0/.cache/nanochat/TEST/base_data/shard_00222.parquet (already exists)
Skipping /storage/home/hcoda1/7/clinder9/r-mtao8-0/.cache/nanochat/TEST/base_data/shard_00223.parquet (already exists)
Skipping /storage/home/hcoda1/7/clinder9/r-mtao8-0/.cache/nanochat/TEST/base_data/shard_00224.parquet (already exists)
Skipping /storage/home/hcoda1/7/clinder9/r-mtao8-0/.cache/nanochat/TEST/base_data/shard_00225.parquet (already exists)
Skipping /storage/home/hcoda1/7/clinder9/r-mtao8-0/.cache/nanochat/TEST/base_data/shard_00226.parquet (already exists)
Skipping /storage/home/hcoda1/7/clinder9/r-mtao8-0/.cache/nanochat/TEST/base_data/shard_00227.parquet (already exists)
Skipping /storage/home/hcoda1/7/clinder9/r-mtao8-0/.cache/nanochat/TEST/base_data/shard_00228.parquet (already exists)
Skipping /storage/home/hcoda1/7/clinder9/r-mtao8-0/.cache/nanochat/TEST/base_data/shard_00229.parquet (already exists)
Skipping /storage/home/hcoda1/7/clinder9/r-mtao8-0/.cache/nanochat/TEST/base_data/shard_00230.parquet (already exists)
Skipping /storage/home/hcoda1/7/clinder9/r-mtao8-0/.cache/nanochat/TEST/base_data/shard_00231.parquet (already exists)
Skipping /storage/home/hcoda1/7/clinder9/r-mtao8-0/.cache/nanochat/TEST/base_data/shard_00232.parquet (already exists)
Skipping /storage/home/hcoda1/7/clinder9/r-mtao8-0/.cache/nanochat/TEST/base_data/shard_00233.parquet (already exists)
Skipping /storage/home/hcoda1/7/clinder9/r-mtao8-0/.cache/nanochat/TEST/base_data/shard_00234.parquet (already exists)
Skipping /storage/home/hcoda1/7/clinder9/r-mtao8-0/.cache/nanochat/TEST/base_data/shard_00235.parquet (already exists)
Skipping /storage/home/hcoda1/7/clinder9/r-mtao8-0/.cache/nanochat/TEST/base_data/shard_00236.parquet (already exists)
Skipping /storage/home/hcoda1/7/clinder9/r-mtao8-0/.cache/nanochat/TEST/base_data/shard_00237.parquet (already exists)
Skipping /storage/home/hcoda1/7/clinder9/r-mtao8-0/.cache/nanochat/TEST/base_data/shard_00238.parquet (already exists)
Skipping /storage/home/hcoda1/7/clinder9/r-mtao8-0/.cache/nanochat/TEST/base_data/shard_00239.parquet (already exists)
Skipping /storage/home/hcoda1/7/clinder9/r-mtao8-0/.cache/nanochat/TEST/base_data/shard_00360.parquet (already exists)
Skipping /storage/home/hcoda1/7/clinder9/r-mtao8-0/.cache/nanochat/TEST/base_data/shard_00361.parquet (already exists)
Skipping /storage/home/hcoda1/7/clinder9/r-mtao8-0/.cache/nanochat/TEST/base_data/shard_00362.parquet (already exists)
Skipping /storage/home/hcoda1/7/clinder9/r-mtao8-0/.cache/nanochat/TEST/base_data/shard_00363.parquet (already exists)
Skipping /storage/home/hcoda1/7/clinder9/r-mtao8-0/.cache/nanochat/TEST/base_data/shard_00364.parquet (already exists)
Skipping /storage/home/hcoda1/7/clinder9/r-mtao8-0/.cache/nanochat/TEST/base_data/shard_00365.parquet (already exists)
Skipping /storage/home/hcoda1/7/clinder9/r-mtao8-0/.cache/nanochat/TEST/base_data/shard_00366.parquet (already exists)
Skipping /storage/home/hcoda1/7/clinder9/r-mtao8-0/.cache/nanochat/TEST/base_data/shard_00367.parquet (already exists)
Skipping /storage/home/hcoda1/7/clinder9/r-mtao8-0/.cache/nanochat/TEST/base_data/shard_00368.parquet (already exists)
Skipping /storage/home/hcoda1/7/clinder9/r-mtao8-0/.cache/nanochat/TEST/base_data/shard_00369.parquet (already exists)
Skipping /storage/home/hcoda1/7/clinder9/r-mtao8-0/.cache/nanochat/TEST/base_data/shard_00072.parquet (already exists)
Skipping /storage/home/hcoda1/7/clinder9/r-mtao8-0/.cache/nanochat/TEST/base_data/shard_00073.parquet (already exists)
Skipping /storage/home/hcoda1/7/clinder9/r-mtao8-0/.cache/nanochat/TEST/base_data/shard_00074.parquet (already exists)
Skipping /storage/home/hcoda1/7/clinder9/r-mtao8-0/.cache/nanochat/TEST/base_data/shard_00075.parquet (already exists)
Skipping /storage/home/hcoda1/7/clinder9/r-mtao8-0/.cache/nanochat/TEST/base_data/shard_00076.parquet (already exists)
Skipping /storage/home/hcoda1/7/clinder9/r-mtao8-0/.cache/nanochat/TEST/base_data/shard_00077.parquet (already exists)
Skipping /storage/home/hcoda1/7/clinder9/r-mtao8-0/.cache/nanochat/TEST/base_data/shard_00078.parquet (already exists)
Skipping /storage/home/hcoda1/7/clinder9/r-mtao8-0/.cache/nanochat/TEST/base_data/shard_00079.parquet (already exists)
Skipping /storage/home/hcoda1/7/clinder9/r-mtao8-0/.cache/nanochat/TEST/base_data/shard_00080.parquet (already exists)
Skipping /storage/home/hcoda1/7/clinder9/r-mtao8-0/.cache/nanochat/TEST/base_data/shard_00081.parquet (already exists)
Skipping /storage/home/hcoda1/7/clinder9/r-mtao8-0/.cache/nanochat/TEST/base_data/shard_00082.parquet (already exists)
Skipping /storage/home/hcoda1/7/clinder9/r-mtao8-0/.cache/nanochat/TEST/base_data/shard_00083.parquet (already exists)
Skipping /storage/home/hcoda1/7/clinder9/r-mtao8-0/.cache/nanochat/TEST/base_data/shard_00084.parquet (already exists)
Skipping /storage/home/hcoda1/7/clinder9/r-mtao8-0/.cache/nanochat/TEST/base_data/shard_00085.parquet (already exists)
Skipping /storage/home/hcoda1/7/clinder9/r-mtao8-0/.cache/nanochat/TEST/base_data/shard_00086.parquet (already exists)
Skipping /storage/home/hcoda1/7/clinder9/r-mtao8-0/.cache/nanochat/TEST/base_data/shard_00087.parquet (already exists)
Skipping /storage/home/hcoda1/7/clinder9/r-mtao8-0/.cache/nanochat/TEST/base_data/shard_00088.parquet (already exists)
Skipping /storage/home/hcoda1/7/clinder9/r-mtao8-0/.cache/nanochat/TEST/base_data/shard_00089.parquet (already exists)
Skipping /storage/home/hcoda1/7/clinder9/r-mtao8-0/.cache/nanochat/TEST/base_data/shard_00090.parquet (already exists)
Skipping /storage/home/hcoda1/7/clinder9/r-mtao8-0/.cache/nanochat/TEST/base_data/shard_00091.parquet (already exists)
Skipping /storage/home/hcoda1/7/clinder9/r-mtao8-0/.cache/nanochat/TEST/base_data/shard_00092.parquet (already exists)
Skipping /storage/home/hcoda1/7/clinder9/r-mtao8-0/.cache/nanochat/TEST/base_data/shard_00093.parquet (already exists)
Skipping /storage/home/hcoda1/7/clinder9/r-mtao8-0/.cache/nanochat/TEST/base_data/shard_00094.parquet (already exists)
Skipping /storage/home/hcoda1/7/clinder9/r-mtao8-0/.cache/nanochat/TEST/base_data/shard_00095.parquet (already exists)
Skipping /storage/home/hcoda1/7/clinder9/r-mtao8-0/.cache/nanochat/TEST/base_data/shard_00168.parquet (already exists)
Skipping /storage/home/hcoda1/7/clinder9/r-mtao8-0/.cache/nanochat/TEST/base_data/shard_00169.parquet (already exists)
Skipping /storage/home/hcoda1/7/clinder9/r-mtao8-0/.cache/nanochat/TEST/base_data/shard_00170.parquet (already exists)
Skipping /storage/home/hcoda1/7/clinder9/r-mtao8-0/.cache/nanochat/TEST/base_data/shard_00171.parquet (already exists)
Skipping /storage/home/hcoda1/7/clinder9/r-mtao8-0/.cache/nanochat/TEST/base_data/shard_00172.parquet (already exists)
Skipping /storage/home/hcoda1/7/clinder9/r-mtao8-0/.cache/nanochat/TEST/base_data/shard_00173.parquet (already exists)
Skipping /storage/home/hcoda1/7/clinder9/r-mtao8-0/.cache/nanochat/TEST/base_data/shard_00174.parquet (already exists)
Skipping /storage/home/hcoda1/7/clinder9/r-mtao8-0/.cache/nanochat/TEST/base_data/shard_00175.parquet (already exists)
Skipping /storage/home/hcoda1/7/clinder9/r-mtao8-0/.cache/nanochat/TEST/base_data/shard_00176.parquet (already exists)
Skipping /storage/home/hcoda1/7/clinder9/r-mtao8-0/.cache/nanochat/TEST/base_data/shard_00177.parquet (already exists)
Skipping /storage/home/hcoda1/7/clinder9/r-mtao8-0/.cache/nanochat/TEST/base_data/shard_00178.parquet (already exists)
Skipping /storage/home/hcoda1/7/clinder9/r-mtao8-0/.cache/nanochat/TEST/base_data/shard_00179.parquet (already exists)
Skipping /storage/home/hcoda1/7/clinder9/r-mtao8-0/.cache/nanochat/TEST/base_data/shard_00180.parquet (already exists)
Skipping /storage/home/hcoda1/7/clinder9/r-mtao8-0/.cache/nanochat/TEST/base_data/shard_00181.parquet (already exists)
Skipping /storage/home/hcoda1/7/clinder9/r-mtao8-0/.cache/nanochat/TEST/base_data/shard_00182.parquet (already exists)
Skipping /storage/home/hcoda1/7/clinder9/r-mtao8-0/.cache/nanochat/TEST/base_data/shard_00183.parquet (already exists)
Skipping /storage/home/hcoda1/7/clinder9/r-mtao8-0/.cache/nanochat/TEST/base_data/shard_00184.parquet (already exists)
Skipping /storage/home/hcoda1/7/clinder9/r-mtao8-0/.cache/nanochat/TEST/base_data/shard_00185.parquet (already exists)
Skipping /storage/home/hcoda1/7/clinder9/r-mtao8-0/.cache/nanochat/TEST/base_data/shard_00186.parquet (already exists)
Skipping /storage/home/hcoda1/7/clinder9/r-mtao8-0/.cache/nanochat/TEST/base_data/shard_00187.parquet (already exists)
Skipping /storage/home/hcoda1/7/clinder9/r-mtao8-0/.cache/nanochat/TEST/base_data/shard_00188.parquet (already exists)
Skipping /storage/home/hcoda1/7/clinder9/r-mtao8-0/.cache/nanochat/TEST/base_data/shard_00189.parquet (already exists)
Skipping /storage/home/hcoda1/7/clinder9/r-mtao8-0/.cache/nanochat/TEST/base_data/shard_00190.parquet (already exists)
Skipping /storage/home/hcoda1/7/clinder9/r-mtao8-0/.cache/nanochat/TEST/base_data/shard_00191.parquet (already exists)
Skipping /storage/home/hcoda1/7/clinder9/r-mtao8-0/.cache/nanochat/TDone! Downloaded: 370/370 shards to /storage/home/hcoda1/7/clinder9/r-mtao8-0/.cache/nanochat/TEST/base_data
2026-08-21 21:28:01,495 - rustbpe - [32m[1mINFO[0m - Processing sequences from iterator (buffer_size: 8192)
2026-08-21 21:28:37,950 - rustbpe - [32m[1mINFO[0m - Processed 532496 sequences total, 2233873 unique
2026-08-21 21:28:38,118 - rustbpe - [32m[1mINFO[0m - Starting BPE training: 32503 merges to compute
2026-08-21 21:28:38,118 - rustbpe - [32m[1mINFO[0m - Computing initial pair counts from 2233873 unique sequences
2026-08-21 21:28:39,976 - rustbpe - [32m[1mINFO[0m - Building heap with 18337 unique pairs
2026-08-21 21:28:39,977 - rustbpe - [32m[1mINFO[0m - Starting merge loop
2026-08-21 21:28:42,842 - rustbpe - [32m[1mINFO[0m - Progress: [1m1%[0m (326/32503 merges) - Last merge: (284, 405) -> 581 (frequency: 585677)
2026-08-21 21:28:43,343 - rustbpe - [32m[1mINFO[0m - Progress: [1m2%[0m (651/32503 merges) - Last merge: (585, 268) -> 906 (frequency: 256195)
2026-08-21 21:28:43,580 - rustbpe - [32m[1mINFO[0m - Progress: [1m3%[0m (976/32503 merges) - Last merge: (45, 115) -> 1231 (frequency: 154731)
2026-08-21 21:28:43,795 - rustbpe - [32m[1mINFO[0m - Progress: [1m4%[0m (1301/32503 merges) - Last merge: (931, 680) -> 1556 (frequency: 110577)
2026-08-21 21:28:43,928 - rustbpe - [32m[1mINFO[0m - Progress: [1m5%[0m (1626/32503 merges) - Last merge: (267, 647) -> 1881 (frequency: 85010)
2026-08-21 21:28:44,067 - rustbpe - [32m[1mINFO[0m - Progress: [1m6%[0m (1951/32503 merges) - Last merge: (439, 1414) -> 2206 (frequency: 67531)
2026-08-21 21:28:44,194 - rustbpe - [32m[1mINFO[0m - Progress: [1m7%[0m (2276/32503 merges) - Last merge: (104, 797) -> 2531 (frequency: 55888)
2026-08-21 21:28:44,300 - rustbpe - [32m[1mINFO[0m - Progress: [1m8%[0m (2601/32503 merges) - Last merge: (270, 450) -> 2856 (frequency: 46671)
2026-08-21 21:28:44,455 - rustbpe - [32m[1mINFO[0m - Progress: [1m9%[0m (2926/32503 merges) - Last merge: (100, 268) -> 3181 (frequency: 39854)
2026-08-21 21:28:44,526 - rustbpe - [32m[1mINFO[0m - Progress: [1m10%[0m (3251/32503 merges) - Last merge: (1628, 965) -> 3506 (frequency: 34925)
2026-08-21 21:28:44,615 - rustbpe - [32m[1mINFO[0m - Progress: [1m11%[0m (3576/32503 merges) - Last merge: (275, 322) -> 3831 (frequency: 30658)
2026-08-21 21:28:44,693 - rustbpe - [32m[1mINFO[0m - Progress: [1m12%[0m (3901/32503 merges) - Last merge: (3024, 274) -> 4156 (frequency: 27336)
2026-08-21 21:28:44,745 - rustbpe - [32m[1mINFO[0m - Progress: [1m13%[0m (4226/32503 merges) - Last merge: (707, 112) -> 4481 (frequency: 24581)
2026-08-21 21:28:44,809 - rustbpe - [32m[1mINFO[0m - Progress: [1m14%[0m (4551/32503 merges) - Last merge: (278, 761) -> 4806 (frequency: 22262)
2026-08-21 21:28:44,896 - rustbpe - [32m[1mINFO[0m - Progress: [1m15%[0m (4876/32503 merges) - Last merge: (4166, 316) -> 5131 (frequency: 20149)
2026-08-21 21:28:44,988 - rustbpe - [32m[1mINFO[0m - Progress: [1m16%[0m (5201/32503 merges) - Last merge: (503, 2032) -> 5456 (frequency: 18484)
2026-08-21 21:28:45,049 - rustbpe - [32m[1mINFO[0m - Progress: [1m17%[0m (5526/32503 merges) - Last merge: (98, 419) -> 5781 (frequency: 16993)
2026-08-21 21:28:45,109 - rustbpe - [32m[1mINFO[0m - Progress: [1m18%[0m (5851/32503 merges) - Last merge: (1768, 121) -> 6106 (frequency: 15636)
2026-08-21 21:28:45,170 - rustbpe - [32m[1mINFO[0m - Progress: [1m19%[0m (6176/32503 merges) - Last merge: (945, 520) -> 6431 (frequency: 14422)
2026-08-21 21:28:45,237 - rustbpe - [32m[1mINFO[0m - Progress: [1m20%[0m (6501/32503 merges) - Last merge: (3634, 310) -> 6756 (frequency: 13425)
2026-08-21 21:28:45,279 - rustbpe - [32m[1mINFO[0m - Progress: [1m21%[0m (6826/32503 merges) - Last merge: (928, 3435) -> 7081 (frequency: 12538)
2026-08-21 21:28:45,324 - rustbpe - [32m[1mINFO[0m - Progress: [1m22%[0m (7151/32503 merges) - Last merge: (598, 1542) -> 7406 (frequency: 11705)
2026-08-21 21:28:45,378 - rustbpe - [32m[1mINFO[0m - Progress: [1m23%[0m (7476/32503 merges) - Last merge: (541, 1426) -> 7731 (frequency: 10908)
2026-08-21 21:28:45,424 - rustbpe - [32m[1mINFO[0m - Progress: [1m24%[0m (7801/32503 merges) - Last merge: (2379, 2312) -> 8056 (frequency: 10265)
2026-08-21 21:28:45,461 - rustbpe - [32m[1mINFO[0m - Progress: [1m25%[0m (8126/32503 merges) - Last merge: (261, 6131) -> 8381 (frequency: 9610)
2026-08-21 21:28:45,499 - rustbpe - [32m[1mINFO[0m - Progress: [1m26%[0m (8451/32503 merges) - Last merge: (300, 305) -> 8706 (frequency: 9038)
2026-08-21 21:28:45,541 - rustbpe - [32m[1mINFO[0m - Progress: [1m27%[0m (8776/32503 merges) - Last merge: (5277, 738) -> 9031 (frequency: 8508)
2026-08-21 21:28:45,587 - rustbpe - [32m[1mINFO[0m - Progress: [1m28%[0m (9101/32503 merges) - Last merge: (3821, 2883) -> 9356 (frequency: 8062)
2026-08-21 21:28:45,632 - rustbpe - [32m[1mINFO[0m - Progress: [1m29%[0m (9426/32503 merges) - Last merge: (5812, 274) -> 9681 (frequency: 7645)
2026-08-21 21:28:45,662 - rustbpe - [32m[1mINFO[0m - Progress: [1m30%[0m (9751/32503 merges) - Last merge: (336, 110) -> 10006 (frequency: 7259)
2026-08-21 21:28:45,701 - rustbpe - [32m[1mINFO[0m - Progress: [1m31%[0m (10076/32503 merges) - Last merge: (2985, 419) -> 10331 (frequency: 6881)
2026-08-21 21:28:45,735 - rustbpe - [32m[1mINFO[0m - Progress: [1m32%[0m (10401/32503 merges) - Last merge: (314, 610) -> 10656 (frequency: 6555)
2026-08-21 21:28:45,772 - rustbpe - [32m[1mINFO[0m - Progress: [1m33%[0m (10726/32503 merges) - Last merge: (2216, 291) -> 10981 (frequency: 6238)
2026-08-21 21:28:45,801 - rustbpe - [32m[1mINFO[0m - Progress: [1m34%[0m (11052/32503 merges) - Last merge: (5721, 262) -> 11307 (frequency: 5937)
2026-08-21 21:28:45,848 - rustbpe - [32m[1mINFO[0m - Progress: [1m35%[0m (11377/32503 merges) - Last merge: (7497, 3176) -> 11632 (frequency: 5680)
2026-08-21 21:28:45,874 - rustbpe - [32m[1mINFO[0m - Progress: [1m36%[0m (11702/32503 merges) - Last merge: (86, 68) -> 11957 (frequency: 5405)
2026-08-21 21:28:45,900 - rustbpe - [32m[1mINFO[0m - Progress: [1m37%[0m (12027/32503 merges) - Last merge: (117, 298) -> 12282 (frequency: 5190)
2026-08-21 21:28:45,929 - rustbpe - [32m[1mINFO[0m - Progress: [1m38%[0m (12352/32503 merges) - Last merge: (4277, 424) -> 12607 (frequency: 5004)
2026-08-21 21:28:45,948 - rustbpe - [32m[1mINFO[0m - Progress: [1m39%[0m (12677/32503 merges) - Last merge: (401, 10606) -> 12932 (frequency: 4803)
2026-08-21 21:28:45,976 - rustbpe - [32m[1mINFO[0m - Progress: [1m40%[0m (13002/32503 merges) - Last merge: (277, 269) -> 13257 (frequency: 4620)
2026-08-21 21:28:46,000 - rustbpe - [32m[1mINFO[0m - Progress: [1m41%[0m (13327/32503 merges) - Last merge: (2606, 291) -> 13582 (frequency: 4459)
2026-08-21 21:28:46,034 - rustbpe - [32m[1mINFO[0m - Progress: [1m42%[0m (13652/32503 merges) - Last merge: (439, 2375) -> 13907 (frequency: 4298)
2026-08-21 21:28:46,080 - rustbpe - [32m[1mINFO[0m - Progress: [1m43%[0m (13977/32503 merges) - Last merge: (270, 5666) -> 14232 (frequency: 4153)
2026-08-21 21:28:46,107 - rustbpe - [32m[1mINFO[0m - Progress: [1m44%[0m (14302/32503 merges) - Last merge: (2748, 115) -> 14557 (frequency: 3989)
2026-08-21 21:28:46,129 - rustbpe - [32m[1mINFO[0m - Progress: [1m45%[0m (14627/32503 merges) - Last merge: (1536, 11527) -> 14882 (frequency: 3848)
2026-08-21 21:28:46,147 - rustbpe - [32m[1mINFO[0m - Progress: [1m46%[0m (14952/32503 merges) - Last merge: (678, 280) -> 15207 (frequency: 3724)
2026-08-21 21:28:46,187 - rustbpe - [32m[1mINFO[0m - Progress: [1m47%[0m (15277/32503 merges) - Last merge: (422, 76) -> 15532 (frequency: 3599)
2026-08-21 21:28:46,210 - rustbpe - [32m[1mINFO[0m - Progress: [1m48%[0m (15602/32503 merges) - Last merge: (2919, 258) -> 15857 (frequency: 3474)
2026-08-21 21:28:46,234 - rustbpe - [32m[1mINFO[0m - Progress: [1m49%[0m (15927/32503 merges) - Last merge: (388, 8285) -> 16182 (frequency: 3352)
2026-08-21 21:28:46,270 - rustbpe - [32m[1mINFO[0m - Progress: [1m50%[0m (16252/32503 merges) - Last merge: (578, 5157) -> 16507 (frequency: 3247)
2026-08-21 21:28:46,309 - rustbpe - [32m[1mINFO[0m - Progress: [1m51%[0m (16577/32503 merges) - Last merge: (9118, 111) -> 16832 (frequency: 3141)
2026-08-21 21:28:46,354 - rustbpe - [32m[1mINFO[0m - Progress: [1m52%[0m (16902/32503 merges) - Last merge: (1568, 367) -> 17157 (frequency: 3048)
2026-08-21 21:28:46,384 - rustbpe - [32m[1mINFO[0m - Progress: [1m53%[0m (17227/32503 merges) - Last merge: (470, 289) -> 17482 (frequency: 2955)
2026-08-21 21:28:46,404 - rustbpe - [32m[1mINFO[0m - Progress: [1m54%[0m (17552/32503 merges) - Last merge: (388, 5080) -> 17807 (frequency: 2869)
2026-08-21 21:28:46,438 - rustbpe - [32m[1mINFO[0m - Progress: [1m55%[0m (17877/32503 merges) - Last merge: (527, 399) -> 18132 (frequency: 2790)
2026-08-21 21:28:46,459 - rustbpe - [32m[1mINFO[0m - Progress: [1m56%[0m (18202/32503 merges) - Last merge: (11741, 538) -> 18457 (frequency: 2718)
2026-08-21 21:28:46,479 - rustbpe - [32m[1mINFO[0m - Progress: [1m57%[0m (18527/32503 merges) - Last merge: (6662, 1329) -> 18782 (frequency: 2638)
2026-08-21 21:28:46,507 - rustbpe - [32m[1mINFO[0m - Progress: [1m58%[0m (18852/32503 merges) - Last merge: (1115, 109) -> 19107 (frequency: 2565)
2026-08-21 21:28:46,524 - rustbpe - [32m[1mINFO[0m - Progress: [1m59%[0m (19177/32503 merges) - Last merge: (1533, 4311) -> 19432 (frequency: 2492)
2026-08-21 21:28:46,543 - rustbpe - [32m[1mINFO[0m - Progress: [1m60%[0m (19502/32503 merges) - Last merge: (1635, 11936) -> 19757 (frequency: 2418)
2026-08-21 21:28:46,560 - rustbpe - [32m[1mINFO[0m - Progress: [1m61%[0m (19827/32503 merges) - Last merge: (12142, 1188) -> 20082 (frequency: 2353)
2026-08-21 21:28:46,574 - rustbpe - [32m[1mINFO[0m - Progress: [1m62%[0m (20152/32503 merges) - Last merge: (7558, 280) -> 20407 (frequency: 2293)
2026-08-21 21:28:46,590 - rustbpe - [32m[1mINFO[0m - Progress: [1m63%[0m (20477/32503 merges) - Last merge: (542, 20109) -> 20732 (frequency: 2229)
2026-08-21 21:28:46,612 - rustbpe - [32m[1mINFO[0m - Progress: [1m64%[0m (20802/32503 merges) - Last merge: (403, 4708) -> 21057 (frequency: 2169)
2026-08-21 21:28:46,629 - rustbpe - [32m[1mINFO[0m - Progress: [1m65%[0m (21127/32503 merges) - Last merge: (1386, 323) -> 21382 (frequency: 2117)
2026-08-21 21:28:46,646 - rustbpe - [32m[1mINFO[0m - Progress: [1m66%[0m (21452/32503 merges) - Last merge: (1736, 111) -> 21707 (frequency: 2063)
2026-08-21 21:28:46,666 - rustbpe - [32m[1mINFO[0m - Progress: [1m67%[0m (21778/32503 merges) - Last merge: (388, 2341) -> 22033 (frequency: 2007)
2026-08-21 21:28:46,678 - rustbpe - [32m[1mINFO[0m - Progress: [1m68%[0m (22103/32503 merges) - Last merge: (3070, 360) -> 22358 (frequency: 1957)
2026-08-21 21:28:46,694 - rustbpe - [32m[1mINFO[0m - Progress: [1m69%[0m (22428/32503 merges) - Last merge: (504, 6556) -> 22683 (frequency: 1915)
2026-08-21 21:28:46,714 - rustbpe - [32m[1mINFO[0m - Progress: [1m70%[0m (22753/32503 merges) - Last merge: (508, 59) -> 23008 (frequency: 1863)
2026-08-21 21:28:46,728 - rustbpe - [32m[1mINFO[0m - Progress: [1m71%[0m (23078/32503 merges) - Last merge: (257, 21115) -> 23333 (frequency: 1817)
2026-08-21 21:28:46,741 - rustbpe - [32m[1mINFO[0m - Progress: [1m72%[0m (23403/32503 merges) - Last merge: (4042, 1223) -> 23658 (frequency: 1772)
2026-08-21 21:28:46,758 - rustbpe - [32m[1mINFO[0m - Progress: [1m73%[0m (23728/32503 merges) - Last merge: (407, 16539) -> 23983 (frequency: 1726)
2026-08-21 21:28:46,780 - rustbpe - [32m[1mINFO[0m - Progress: [1m74%[0m (24053/32503 merges) - Last merge: (282, 282) -> 24308 (frequency: 1684)
2026-08-21 21:28:46,796 - rustbpe - [32m[1mINFO[0m - Progress: [1m75%[0m (24378/32503 merges) - Last merge: (16262, 685) -> 24633 (frequency: 1646)
2026-08-21 21:28:46,808 - rustbpe - [32m[1mINFO[0m - Progress: [1m76%[0m (24703/32503 merges) - Last merge: (597, 528) -> 24958 (frequency: 1608)
2026-08-21 21:28:46,823 - rustbpe - [32m[1mINFO[0m - Progress: [1m77%[0m (25028/32503 merges) - Last merge: (81, 601) -> 25283 (frequency: 1573)
2026-08-21 21:28:46,844 - rustbpe - [32m[1mINFO[0m - Progress: [1m78%[0m (25353/32503 merges) - Last merge: (5456, 6445) -> 25608 (frequency: 1535)
2026-08-21 21:28:46,856 - rustbpe - [32m[1mINFO[0m - Progress: [1m79%[0m (25678/32503 merges) - Last merge: (320, 274) -> 25933 (frequency: 1504)
2026-08-21 21:28:46,870 - rustbpe - [32m[1mINFO[0m - Progress: [1m80%[0m (26003/32503 merges) - Last merge: (1983, 269) -> 26258 (frequency: 1471)
2026-08-21 21:28:46,890 - rustbpe - [32m[1mINFO[0m - Progress: [1m81%[0m (26328/32503 merges) - Last merge: (7096, 23226) -> 26583 (frequency: 1442)
2026-08-21 21:28:46,907 - rustbpe - [32m[1mINFO[0m - Progress: [1m82%[0m (26653/32503 merges) - Last merge: (532, 1613) -> 26908 (frequency: 1413)
2026-08-21 21:28:46,925 - rustbpe - [32m[1mINFO[0m - Progress: [1m83%[0m (26978/32503 merges) - Last merge: (446, 3835) -> 27233 (frequency: 1381)
2026-08-21 21:28:46,945 - rustbpe - [32m[1mINFO[0m - Progress: [1m84%[0m (27303/32503 merges) - Last merge: (8627, 3935) -> 27558 (frequency: 1353)
2026-08-21 21:28:46,960 - rustbpe - [32m[1mINFO[0m - Progress: [1m85%[0m (27628/32503 merges) - Last merge: (1594, 8679) -> 27883 (frequency: 1325)
2026-08-21 21:28:46,977 - rustbpe - [32m[1mINFO[0m - Progress: [1m86%[0m (27953/32503 merges) - Last merge: (4809, 280) -> 28208 (frequency: 1299)
2026-08-21 21:28:46,992 - rustbpe - [32m[1mINFO[0m - Progress: [1m87%[0m (28278/32503 merges) - Last merge: (11266, 1071) -> 28533 (frequency: 1271)
2026-08-21 21:28:47,006 - rustbpe - [32m[1mINFO[0m - Progress: [1m88%[0m (28603/32503 merges) - Last merge: (3994, 870) -> 28858 (frequency: 1244)
2026-08-21 21:28:47,028 - rustbpe - [32m[1mINFO[0m - Progress: [1m89%[0m (28928/32503 merges) - Last merge: (13424, 802) -> 29183 (frequency: 1219)
2026-08-21 21:28:47,045 - rustbpe - [32m[1mINFO[0m - Progress: [1m90%[0m (29253/32503 merges) - Last merge: (8659, 390) -> 29508 (frequency: 1198)
2026-08-21 21:28:47,054 - rustbpe - [32m[1mINFO[0m - Progress: [1m91%[0m (29578/32503 merges) - Last merge: (4105, 1571) -> 29833 (frequency: 1177)
2026-08-21 21:28:47,075 - rustbpe - [32m[1mINFO[0m - Progress: [1m92%[0m (29903/32503 merges) - Last merge: (11903, 364) -> 30158 (frequency: 1154)
2026-08-21 21:28:47,085 - rustbpe - [32m[1mINFO[0m - Progress: [1m93%[0m (30228/32503 merges) - Last merge: (1609, 373) -> 30483 (frequency: 1131)
2026-08-21 21:28:47,097 - rustbpe - [32m[1mINFO[0m - Progress: [1m94%[0m (30553/32503 merges) - Last merge: (585, 8745) -> 30808 (frequency: 1109)
2026-08-21 21:28:47,109 - rustbpe - [32m[1mINFO[0m - Progress: [1m95%[0m (30878/32503 merges) - Last merge: (1027, 99) -> 31133 (frequency: 1088)
2026-08-21 21:28:47,125 - rustbpe - [32m[1mINFO[0m - Progress: [1m96%[0m (31203/32503 merges) - Last merge: (3540, 6667) -> 31458 (frequency: 1069)
2026-08-21 21:28:47,136 - rustbpe - [32m[1mINFO[0m - Progress: [1m97%[0m (31528/32503 merges) - Last merge: (19950, 1783) -> 31783 (frequency: 1052)
2026-08-21 21:28:47,146 - rustbpe - [32m[1mINFO[0m - Progress: [1m98%[0m (31853/32503 merges) - Last merge: (590, 20112) -> 32108 (frequency: 1032)
2026-08-21 21:28:47,162 - rustbpe - [32m[1mINFO[0m - Progress: [1m99%[0m (32178/32503 merges) - Last merge: (821, 1306) -> 32433 (frequency: 1014)
2026-08-21 21:28:47,171 - rustbpe - [32m[1mINFO[0m - Progress: [1m100%[0m (32503/32503 merges) - Last merge: (26099, 522) -> 32758 (frequency: 997)
2026-08-21 21:28:47,171 - rustbpe - [32m[1mINFO[0m - Finished training: 32503 merges completed
max_chars: 2,000,000,000
doc_cap: 10,000
vocab_size: 32,768
Training time: 46.18s
Saved tokenizer encoding to /storage/home/hcoda1/7/clinder9/r-mtao8-0/.cache/nanochat/TEST/tokenizer/tokenizer.pkl
Saved token_bytes to /storage/home/hcoda1/7/clinder9/r-mtao8-0/.cache/nanochat/TEST/tokenizer/token_bytes.pt

Vocab sizes:
GPT-2: 50257
GPT-4: 100277
Ours: 32768

Comparison with GPT-2:
===============================================================================================
Text Type  Bytes    GPT-2           Ours            Relative     Better    
                    Tokens  Ratio   Tokens  Ratio   Diff %      
-----------------------------------------------------------------------------------------------
news       1819     [91m404    [0m [91m4.50   [0m [92m403    [0m [92m4.51   [0m [92m   +0.2%[0m     Ours      
korean     893      [92m745    [0m [92m1.20   [0m [91m797    [0m [91m1.12   [0m [91m   -7.0%[0m     GPT-2     
code       1259     [92m576    [0m [92m2.19   [0m [91m620    [0m [91m2.03   [0m [91m   -7.6%[0m     GPT-2     
math       1834     [92m936    [0m [92m1.96   [0m [91m1025   [0m [91m1.79   [0m [91m   -9.5%[0m     GPT-2     
science    1112     [91m260    [0m [91m4.28   [0m [92m258    [0m [92m4.31   [0m [92m   +0.8%[0m     Ours      
fwe-train  4208518  [91m900364 [0m [91m4.67   [0m [92m892476 [0m [92m4.72   [0m [92m   +0.9%[0m     Ours      
fwe-val    4768657  [91m1027270[0m [91m4.64   [0m [92m1023546[0m [92m4.66   [0m [92m   +0.4%[0m     Ours      

Comparison with GPT-4:
===============================================================================================
Text Type  Bytes    GPT-4           Ours            Relative     Better    
                    Tokens  Ratio   Tokens  Ratio   Diff %      
-----------------------------------------------------------------------------------------------
news       1819     [92m387    [0m [92m4.70   [0m [91m403    [0m [91m4.51   [0m [91m   -4.1%[0m     GPT-4     
korean     893      [92m364    [0m [92m2.45   [0m [91m797    [0m [91m1.12   [0m [91m -119.0%[0m     GPT-4     
code       1259     [92m309    [0m [92m4.07   [0m [91m620    [0m [91m2.03   [0m [91m -100.6%[0m     GPT-4     
math       1834     [92m832    [0m [92m2.20   [0m [91m1025   [0m [91m1.79   [0m [91m  -23.2%[0m     GPT-4     
science    1112     [92m249    [0m [92m4.47   [0m [91m258    [0m [91m4.31   [0m [91m   -3.6%[0m     GPT-4     
fwe-train  4208518  [92m874799 [0m [92m4.81   [0m [91m892476 [0m [91m4.72   [0m [91m   -2.0%[0m     GPT-4     
fwe-val    4768657  [92m1001442[0m [92m4.76   [0m [91m1023546[0m [91m4.66   [0m [91m   -2.2%[0m     GPT-4     
Waiting for dataset download to complete...
2026-08-21 21:29:04,373 - httpx - [32m[1mINFO[0m - HTTP Request: GET https://huggingface.co/api/organizations/varunneal/overview "HTTP/1.1 404 Not Found"

                                                       █████                █████
                                                      ░░███                ░░███
     ████████    ██████   ████████    ██████   ██████  ░███████    ██████  ███████
    ░░███░░███  ░░░░░███ ░░███░░███  ███░░███ ███░░███ ░███░░███  ░░░░░███░░░███░
     ░███ ░███   ███████  ░███ ░███ ░███ ░███░███ ░░░  ░███ ░███   ███████  ░███
     ░███ ░███  ███░░███  ░███ ░███ ░███ ░███░███  ███ ░███ ░███  ███░░███  ░███ ███
     ████ █████░░████████ ████ █████░░██████ ░░██████  ████ █████░░███████  ░░█████
    ░░░░ ░░░░░  ░░░░░░░░ ░░░░ ░░░░░  ░░░░░░   ░░░░░░  ░░░░ ░░░░░  ░░░░░░░░   ░░░░░
    
Autodetected device type: cuda
2026-08-21 21:29:05,069 - nanochat.common - [32m[1mINFO[0m - Distributed world size: 1
GPU: NVIDIA H100 80GB HBM3 | Peak FLOPS (BF16): 9.89e+14
!!!!!!!!!!!!!!!!!!!!!!!!!!!!!!!!!!!!!!!!!!!!!!!!!!!!!!!!!!!!!!!!!!!!!!!!!!!!!!!!
WARNING: Flash Attention 3 not available, using PyTorch SDPA fallback
WARNING: Training will be less efficient without FA3
WARNING: SDPA has no support for sliding window attention (window_pattern='SSSL'). Your GPU utilization will be terrible.
WARNING: Recommend using --window-pattern L for full context attention without alternating sliding window patterns.
!!!!!!!!!!!!!!!!!!!!!!!!!!!!!!!!!!!!!!!!!!!!!!!!!!!!!!!!!!!!!!!!!!!!!!!!!!!!!!!!
Vocab size: 32,768
Model config:
{
  "sequence_len": 2048,
  "vocab_size": 32768,
  "n_layer": 26,
  "n_head": 13,
  "n_kv_head": 13,
  "n_embd": 1664,
  "window_pattern": "SSSL"
}
✓ FP8 training enabled (tensorwise scaling) - converted 157 layers, skipped 13 (dims not divisible by 16)
Parameter counts:
wte                     : 54,525,952
value_embeds            : 708,837,376
lm_head                 : 54,525,952
transformer_matrices    : 863,900,960
scalars                 : 52
total                   : 1,681,790,292
Estimated FLOPs per token: 6.185320e+09
Auto-computed optimal batch size: 1,048,576 tokens
Scaling LRs by 1.4142 for batch size 1,048,576 (reference: 524,288)
Scaling weight decay from 0.200000 to 0.033907 for depth 26
init AdamWMuon and StiefelAdam optimizers
Using user-provided number of iterations: 500
Total number of training tokens: 524,288,000
Tokens : Scaling params ratio: 0.57
Total training FLOPs estimate: 3.242889e+18
Tokens / micro-batch / rank: 16 x 2048 = 32,768
Tokens / micro-batch: 32,768
Total batch size 1,048,576 => gradient accumulation steps: 32
Step 00000 | Validation bpb: 3.175718
kind=muon
kind=muon
kind=muon
kind=muon
P:  torch.Size([13, 32])
S torch.Size([13, 13, 32])
P:  torch.Size([1664, 1664])
S torch.Size([26, 1664, 1664])
P:  torch.Size([1664, 6656])
S torch.Size([26, 1664, 6656])
P:  torch.Size([6656, 1664])
S torch.Size([26, 6656, 1664])
STIEFEL
kind=stiefel
step 00000/00500 (0.00%) | loss: 10.398161 | lrm: 1.00 | dt: 167407.15ms | tok/sec: 6,263 | bf16_mfu: 3.92 | epoch: 1 | total time: 0.00m
kind=muon
kind=muon
kind=muon
kind=muon
P:  torch.Size([13, 32])
S torch.Size([13, 13, 32])
P:  torch.Size([1664, 1664])
S torch.Size([26, 1664, 1664])
P:  torch.Size([1664, 6656])
S torch.Size([26, 1664, 6656])
P:  torch.Size([6656, 1664])
S torch.Size([26, 6656, 1664])
STIEFEL
kind=stiefel
step 00001/00500 (0.20%) | loss: 10.011337 | lrm: 1.00 | dt: 17633.88ms | tok/sec: 59,463 | bf16_mfu: 37.19 | epoch: 1 | total time: 0.00m
kind=muon
kind=muon
kind=muon
kind=muon
P:  torch.Size([13, 32])
S torch.Size([13, 13, 32])
P:  torch.Size([1664, 1664])
S torch.Size([26, 1664, 1664])
P:  torch.Size([1664, 6656])
S torch.Size([26, 1664, 6656])
P:  torch.Size([6656, 1664])
S torch.Size([26, 6656, 1664])
STIEFEL
kind=stiefel
step 00002/00500 (0.40%) | loss: 9.288996 | lrm: 1.00 | dt: 17684.80ms | tok/sec: 59,292 | bf16_mfu: 37.08 | epoch: 1 | total time: 0.00m
kind=muon
kind=muon
kind=muon
kind=muon
P:  torch.Size([13, 32])
S torch.Size([13, 13, 32])
P:  torch.Size([1664, 1664])
S torch.Size([26, 1664, 1664])
P:  torch.Size([1664, 6656])
S torch.Size([26, 1664, 6656])
P:  torch.Size([6656, 1664])
S torch.Size([26, 6656, 1664])
STIEFEL
kind=stiefel
step 00003/00500 (0.60%) | loss: 9.434150 | lrm: 1.00 | dt: 17645.38ms | tok/sec: 59,424 | bf16_mfu: 37.17 | epoch: 1 | total time: 0.00m
kind=muon
kind=muon
kind=muon
kind=muon
P:  torch.Size([13, 32])
S torch.Size([13, 13, 32])
P:  torch.Size([1664, 1664])
S torch.Size([26, 1664, 1664])
P:  torch.Size([1664, 6656])
S torch.Size([26, 1664, 6656])
P:  torch.Size([6656, 1664])
S torch.Size([26, 6656, 1664])
STIEFEL
kind=stiefel
step 00004/00500 (0.80%) | loss: 8.911228 | lrm: 1.00 | dt: 17650.08ms | tok/sec: 59,409 | bf16_mfu: 37.16 | epoch: 1 | total time: 0.00m
kind=muon
kind=muon
kind=muon
kind=muon
P:  torch.Size([13, 32])
S torch.Size([13, 13, 32])
P:  torch.Size([1664, 1664])
S torch.Size([26, 1664, 1664])
P:  torch.Size([1664, 6656])
S torch.Size([26, 1664, 6656])
P:  torch.Size([6656, 1664])
S torch.Size([26, 6656, 1664])
STIEFEL
kind=stiefel
step 00005/00500 (1.00%) | loss: 8.466915 | lrm: 1.00 | dt: 17681.49ms | tok/sec: 59,303 | bf16_mfu: 37.09 | epoch: 1 | total time: 0.00m
kind=muon
kind=muon
kind=muon
kind=muon
P:  torch.Size([13, 32])
S torch.Size([13, 13, 32])
P:  torch.Size([1664, 1664])
S torch.Size([26, 1664, 1664])
P:  torch.Size([1664, 6656])
S torch.Size([26, 1664, 6656])
P:  torch.Size([6656, 1664])
S torch.Size([26, 6656, 1664])
STIEFEL
kind=stiefel
step 00006/00500 (1.20%) | loss: 8.131719 | lrm: 1.00 | dt: 17674.95ms | tok/sec: 59,325 | bf16_mfu: 37.10 | epoch: 1 | total time: 0.00m
kind=muon
kind=muon
kind=muon
kind=muon
P:  torch.Size([13, 32])
S torch.Size([13, 13, 32])
P:  torch.Size([1664, 1664])
S torch.Size([26, 1664, 1664])
P:  torch.Size([1664, 6656])
S torch.Size([26, 1664, 6656])
P:  torch.Size([6656, 1664])
S torch.Size([26, 6656, 1664])
STIEFEL
kind=stiefel
step 00007/00500 (1.40%) | loss: 7.851581 | lrm: 1.00 | dt: 17678.41ms | tok/sec: 59,313 | bf16_mfu: 37.10 | epoch: 1 | total time: 0.00m
kind=muon
kind=muon
kind=muon
kind=muon
P:  torch.Size([13, 32])
S torch.Size([13, 13, 32])
P:  torch.Size([1664, 1664])
S torch.Size([26, 1664, 1664])
P:  torch.Size([1664, 6656])
S torch.Size([26, 1664, 6656])
P:  torch.Size([6656, 1664])
S torch.Size([26, 6656, 1664])
STIEFEL
kind=stiefel
step 00008/00500 (1.60%) | loss: 7.616621 | lrm: 1.00 | dt: 17686.34ms | tok/sec: 59,287 | bf16_mfu: 37.08 | epoch: 1 | total time: 0.00m
kind=muon
kind=muon
kind=muon
kind=muon
P:  torch.Size([13, 32])
S torch.Size([13, 13, 32])
P:  torch.Size([1664, 1664])
S torch.Size([26, 1664, 1664])
P:  torch.Size([1664, 6656])
S torch.Size([26, 1664, 6656])
P:  torch.Size([6656, 1664])
S torch.Size([26, 6656, 1664])
STIEFEL
kind=stiefel
step 00009/00500 (1.80%) | loss: 7.410970 | lrm: 1.00 | dt: 17684.51ms | tok/sec: 59,293 | bf16_mfu: 37.08 | epoch: 1 | total time: 0.00m
kind=muon
kind=muon
kind=muon
kind=muon
P:  torch.Size([13, 32])
S torch.Size([13, 13, 32])
P:  torch.Size([1664, 1664])
S torch.Size([26, 1664, 1664])
P:  torch.Size([1664, 6656])
S torch.Size([26, 1664, 6656])
P:  torch.Size([6656, 1664])
S torch.Size([26, 6656, 1664])
STIEFEL
kind=stiefel
step 00010/00500 (2.00%) | loss: 7.217509 | lrm: 1.00 | dt: 17684.70ms | tok/sec: 59,292 | bf16_mfu: 37.08 | epoch: 1 | total time: 0.00m
kind=muon
kind=muon
kind=muon
kind=muon
P:  torch.Size([13, 32])
S torch.Size([13, 13, 32])
P:  torch.Size([1664, 1664])
S torch.Size([26, 1664, 1664])
P:  torch.Size([1664, 6656])
S torch.Size([26, 1664, 6656])
P:  torch.Size([6656, 1664])
S torch.Size([26, 6656, 1664])
STIEFEL
kind=stiefel
step 00011/00500 (2.20%) | loss: 7.065421 | lrm: 1.00 | dt: 17677.97ms | tok/sec: 59,315 | bf16_mfu: 37.10 | epoch: 1 | total time: 0.29m | eta: 144.1m
kind=muon
kind=muon
kind=muon
kind=muon
P:  torch.Size([13, 32])
S torch.Size([13, 13, 32])
P:  torch.Size([1664, 1664])
S torch.Size([26, 1664, 1664])
P:  torch.Size([1664, 6656])
S torch.Size([26, 1664, 6656])
P:  torch.Size([6656, 1664])
S torch.Size([26, 6656, 1664])
STIEFEL
kind=stiefel
step 00012/00500 (2.40%) | loss: 6.935592 | lrm: 1.00 | dt: 17684.79ms | tok/sec: 59,292 | bf16_mfu: 37.08 | epoch: 1 | total time: 0.59m | eta: 143.8m
kind=muon
kind=muon
kind=muon
kind=muon
P:  torch.Size([13, 32])
S torch.Size([13, 13, 32])
P:  torch.Size([1664, 1664])
S torch.Size([26, 1664, 1664])
P:  torch.Size([1664, 6656])
S torch.Size([26, 1664, 6656])
P:  torch.Size([6656, 1664])
S torch.Size([26, 6656, 1664])
STIEFEL
kind=stiefel
step 00013/00500 (2.60%) | loss: 6.831281 | lrm: 1.00 | dt: 17687.16ms | tok/sec: 59,284 | bf16_mfu: 37.08 | epoch: 1 | total time: 0.88m | eta: 143.5m
kind=muon
kind=muon
kind=muon
kind=muon
P:  torch.Size([13, 32])
S torch.Size([13, 13, 32])
P:  torch.Size([1664, 1664])
S torch.Size([26, 1664, 1664])
P:  torch.Size([1664, 6656])
S torch.Size([26, 1664, 6656])
P:  torch.Size([6656, 1664])
S torch.Size([26, 6656, 1664])
STIEFEL
kind=stiefel
step 00014/00500 (2.80%) | loss: 6.734149 | lrm: 1.00 | dt: 17681.46ms | tok/sec: 59,303 | bf16_mfu: 37.09 | epoch: 1 | total time: 1.18m | eta: 143.2m
kind=muon
kind=muon
kind=muon
kind=muon
P:  torch.Size([13, 32])
S torch.Size([13, 13, 32])
P:  torch.Size([1664, 1664])
S torch.Size([26, 1664, 1664])
P:  torch.Size([1664, 6656])
S torch.Size([26, 1664, 6656])
P:  torch.Size([6656, 1664])
S torch.Size([26, 6656, 1664])
STIEFEL
kind=stiefel
step 00015/00500 (3.00%) | loss: 6.644618 | lrm: 1.00 | dt: 17689.35ms | tok/sec: 59,277 | bf16_mfu: 37.07 | epoch: 1 | total time: 1.47m | eta: 142.9m
kind=muon
kind=muon
kind=muon
kind=muon
P:  torch.Size([13, 32])
S torch.Size([13, 13, 32])
P:  torch.Size([1664, 1664])
S torch.Size([26, 1664, 1664])
P:  torch.Size([1664, 6656])
S torch.Size([26, 1664, 6656])
P:  torch.Size([6656, 1664])
S torch.Size([26, 6656, 1664])
STIEFEL
kind=stiefel
step 00016/00500 (3.20%) | loss: 6.562456 | lrm: 1.00 | dt: 17693.82ms | tok/sec: 59,262 | bf16_mfu: 37.06 | epoch: 1 | total time: 1.77m | eta: 142.7m
kind=muon
kind=muon
kind=muon
kind=muon
P:  torch.Size([13, 32])
S torch.Size([13, 13, 32])
P:  torch.Size([1664, 1664])
S torch.Size([26, 1664, 1664])
P:  torch.Size([1664, 6656])
S torch.Size([26, 1664, 6656])
P:  torch.Size([6656, 1664])
S torch.Size([26, 6656, 1664])
STIEFEL
kind=stiefel
step 00017/00500 (3.40%) | loss: 6.491585 | lrm: 1.00 | dt: 17686.54ms | tok/sec: 59,286 | bf16_mfu: 37.08 | epoch: 1 | total time: 2.06m | eta: 142.4m
kind=muon
kind=muon
kind=muon
kind=muon
P:  torch.Size([13, 32])
S torch.Size([13, 13, 32])
P:  torch.Size([1664, 1664])
S torch.Size([26, 1664, 1664])
P:  torch.Size([1664, 6656])
S torch.Size([26, 1664, 6656])
P:  torch.Size([6656, 1664])
S torch.Size([26, 6656, 1664])
STIEFEL
kind=stiefel
step 00018/00500 (3.60%) | loss: 6.429160 | lrm: 1.00 | dt: 17677.09ms | tok/sec: 59,318 | bf16_mfu: 37.10 | epoch: 1 | total time: 2.36m | eta: 142.1m
kind=muon
kind=muon
kind=muon
kind=muon
P:  torch.Size([13, 32])
S torch.Size([13, 13, 32])
P:  torch.Size([1664, 1664])
S torch.Size([26, 1664, 1664])
P:  torch.Size([1664, 6656])
S torch.Size([26, 1664, 6656])
P:  torch.Size([6656, 1664])
S torch.Size([26, 6656, 1664])
STIEFEL
kind=stiefel
step 00019/00500 (3.80%) | loss: 6.366794 | lrm: 1.00 | dt: 17688.71ms | tok/sec: 59,279 | bf16_mfu: 37.07 | epoch: 1 | total time: 2.65m | eta: 141.8m
kind=muon
kind=muon
kind=muon
kind=muon
P:  torch.Size([13, 32])
S torch.Size([13, 13, 32])
P:  torch.Size([1664, 1664])
S torch.Size([26, 1664, 1664])
P:  torch.Size([1664, 6656])
S torch.Size([26, 1664, 6656])
P:  torch.Size([6656, 1664])
S torch.Size([26, 6656, 1664])
STIEFEL
kind=stiefel
step 00020/00500 (4.00%) | loss: 6.318667 | lrm: 1.00 | dt: 17687.47ms | tok/sec: 59,283 | bf16_mfu: 37.08 | epoch: 1 | total time: 2.95m | eta: 141.5m
kind=muon
kind=muon
kind=muon
kind=muon
P:  torch.Size([13, 32])
S torch.Size([13, 13, 32])
P:  torch.Size([1664, 1664])
S torch.Size([26, 1664, 1664])
P:  torch.Size([1664, 6656])
S torch.Size([26, 1664, 6656])
P:  torch.Size([6656, 1664])
S torch.Size([26, 6656, 1664])
STIEFEL
kind=stiefel
step 00021/00500 (4.20%) | loss: 6.260516 | lrm: 1.00 | dt: 17683.28ms | tok/sec: 59,297 | bf16_mfu: 37.09 | epoch: 1 | total time: 3.24m | eta: 141.2m
kind=muon
kind=muon
kind=muon
kind=muon
P:  torch.Size([13, 32])
S torch.Size([13, 13, 32])
P:  torch.Size([1664, 1664])
S torch.Size([26, 1664, 1664])
P:  torch.Size([1664, 6656])
S torch.Size([26, 1664, 6656])
P:  torch.Size([6656, 1664])
S torch.Size([26, 6656, 1664])
STIEFEL
kind=stiefel
step 00022/00500 (4.40%) | loss: 6.214286 | lrm: 1.00 | dt: 17680.06ms | tok/sec: 59,308 | bf16_mfu: 37.09 | epoch: 1 | total time: 3.54m | eta: 140.9m
kind=muon
kind=muon
kind=muon
kind=muon
P:  torch.Size([13, 32])
S torch.Size([13, 13, 32])
P:  torch.Size([1664, 1664])
S torch.Size([26, 1664, 1664])
P:  torch.Size([1664, 6656])
S torch.Size([26, 1664, 6656])
P:  torch.Size([6656, 1664])
S torch.Size([26, 6656, 1664])
STIEFEL
kind=stiefel
step 00023/00500 (4.60%) | loss: 6.183296 | lrm: 1.00 | dt: 17683.71ms | tok/sec: 59,296 | bf16_mfu: 37.08 | epoch: 1 | total time: 3.83m | eta: 140.6m
kind=muon
kind=muon
kind=muon
kind=muon
P:  torch.Size([13, 32])
S torch.Size([13, 13, 32])
P:  torch.Size([1664, 1664])
S torch.Size([26, 1664, 1664])
P:  torch.Size([1664, 6656])
S torch.Size([26, 1664, 6656])
P:  torch.Size([6656, 1664])
S torch.Size([26, 6656, 1664])
STIEFEL
kind=stiefel
step 00024/00500 (4.80%) | loss: 6.139644 | lrm: 1.00 | dt: 17692.80ms | tok/sec: 59,265 | bf16_mfu: 37.07 | epoch: 1 | total time: 4.13m | eta: 140.3m
kind=muon
kind=muon
kind=muon
kind=muon
P:  torch.Size([13, 32])
S torch.Size([13, 13, 32])
P:  torch.Size([1664, 1664])
S torch.Size([26, 1664, 1664])
P:  torch.Size([1664, 6656])
S torch.Size([26, 1664, 6656])
P:  torch.Size([6656, 1664])
S torch.Size([26, 6656, 1664])
STIEFEL
kind=stiefel
step 00025/00500 (5.00%) | loss: 6.101403 | lrm: 1.00 | dt: 17696.43ms | tok/sec: 59,253 | bf16_mfu: 37.06 | epoch: 1 | total time: 4.42m | eta: 140.0m
kind=muon
kind=muon
kind=muon
kind=muon
P:  torch.Size([13, 32])
S torch.Size([13, 13, 32])
P:  torch.Size([1664, 1664])
S torch.Size([26, 1664, 1664])
P:  torch.Size([1664, 6656])
S torch.Size([26, 1664, 6656])
P:  torch.Size([6656, 1664])
S torch.Size([26, 6656, 1664])
STIEFEL
kind=stiefel
step 00026/00500 (5.20%) | loss: 6.073737 | lrm: 1.00 | dt: 17689.05ms | tok/sec: 59,278 | bf16_mfu: 37.07 | epoch: 1 | total time: 4.72m | eta: 139.7m
kind=muon
kind=muon
kind=muon
kind=muon
P:  torch.Size([13, 32])
S torch.Size([13, 13, 32])
P:  torch.Size([1664, 1664])
S torch.Size([26, 1664, 1664])
P:  torch.Size([1664, 6656])
S torch.Size([26, 1664, 6656])
P:  torch.Size([6656, 1664])
S torch.Size([26, 6656, 1664])
STIEFEL
kind=stiefel
step 00027/00500 (5.40%) | loss: 6.040330 | lrm: 1.00 | dt: 17695.61ms | tok/sec: 59,256 | bf16_mfu: 37.06 | epoch: 1 | total time: 5.01m | eta: 139.4m
kind=muon
kind=muon
kind=muon
kind=muon
P:  torch.Size([13, 32])
S torch.Size([13, 13, 32])
P:  torch.Size([1664, 1664])
S torch.Size([26, 1664, 1664])
P:  torch.Size([1664, 6656])
S torch.Size([26, 1664, 6656])
P:  torch.Size([6656, 1664])
S torch.Size([26, 6656, 1664])
STIEFEL
kind=stiefel
step 00028/00500 (5.60%) | loss: 6.017187 | lrm: 1.00 | dt: 17688.01ms | tok/sec: 59,281 | bf16_mfu: 37.08 | epoch: 1 | total time: 5.31m | eta: 139.1m
kind=muon
kind=muon
kind=muon
kind=muon
P:  torch.Size([13, 32])
S torch.Size([13, 13, 32])
P:  torch.Size([1664, 1664])
S torch.Size([26, 1664, 1664])
P:  torch.Size([1664, 6656])
S torch.Size([26, 1664, 6656])
P:  torch.Size([6656, 1664])
S torch.Size([26, 6656, 1664])
STIEFEL
kind=stiefel
step 00029/00500 (5.80%) | loss: 5.997527 | lrm: 1.00 | dt: 17691.55ms | tok/sec: 59,269 | bf16_mfu: 37.07 | epoch: 1 | total time: 5.60m | eta: 138.8m
kind=muon
kind=muon
kind=muon
kind=muon
P:  torch.Size([13, 32])
S torch.Size([13, 13, 32])
P:  torch.Size([1664, 1664])
S torch.Size([26, 1664, 1664])
P:  torch.Size([1664, 6656])
S torch.Size([26, 1664, 6656])
P:  torch.Size([6656, 1664])
S torch.Size([26, 6656, 1664])
STIEFEL
kind=stiefel
step 00030/00500 (6.00%) | loss: 5.980738 | lrm: 1.00 | dt: 17689.93ms | tok/sec: 59,275 | bf16_mfu: 37.07 | epoch: 1 | total time: 5.90m | eta: 138.6m
kind=muon
kind=muon
kind=muon
kind=muon
P:  torch.Size([13, 32])
S torch.Size([13, 13, 32])
P:  torch.Size([1664, 1664])
S torch.Size([26, 1664, 1664])
P:  torch.Size([1664, 6656])
S torch.Size([26, 1664, 6656])
P:  torch.Size([6656, 1664])
S torch.Size([26, 6656, 1664])
STIEFEL
kind=stiefel
step 00031/00500 (6.20%) | loss: 5.961889 | lrm: 1.00 | dt: 17694.54ms | tok/sec: 59,259 | bf16_mfu: 37.06 | epoch: 1 | total time: 6.19m | eta: 138.3m
kind=muon
kind=muon
kind=muon
kind=muon
P:  torch.Size([13, 32])
S torch.Size([13, 13, 32])
P:  torch.Size([1664, 1664])
S torch.Size([26, 1664, 1664])
P:  torch.Size([1664, 6656])
S torch.Size([26, 1664, 6656])
P:  torch.Size([6656, 1664])
S torch.Size([26, 6656, 1664])
STIEFEL
kind=stiefel
step 00032/00500 (6.40%) | loss: 5.942107 | lrm: 1.00 | dt: 17697.09ms | tok/sec: 59,251 | bf16_mfu: 37.06 | epoch: 1 | total time: 6.49m | eta: 138.0m
kind=muon
kind=muon
kind=muon
kind=muon
P:  torch.Size([13, 32])
S torch.Size([13, 13, 32])
P:  torch.Size([1664, 1664])
S torch.Size([26, 1664, 1664])
P:  torch.Size([1664, 6656])
S torch.Size([26, 1664, 6656])
P:  torch.Size([6656, 1664])
S torch.Size([26, 6656, 1664])
STIEFEL
kind=stiefel
step 00033/00500 (6.60%) | loss: 5.930362 | lrm: 1.00 | dt: 17689.47ms | tok/sec: 59,276 | bf16_mfu: 37.07 | epoch: 1 | total time: 6.78m | eta: 137.7m
kind=muon
kind=muon
kind=muon
kind=muon
P:  torch.Size([13, 32])
S torch.Size([13, 13, 32])
P:  torch.Size([1664, 1664])
S torch.Size([26, 1664, 1664])
P:  torch.Size([1664, 6656])
S torch.Size([26, 1664, 6656])
P:  torch.Size([6656, 1664])
S torch.Size([26, 6656, 1664])
STIEFEL
kind=stiefel
step 00034/00500 (6.80%) | loss: 5.920302 | lrm: 1.00 | dt: 17689.03ms | tok/sec: 59,278 | bf16_mfu: 37.07 | epoch: 1 | total time: 7.08m | eta: 137.4m
kind=muon
kind=muon
kind=muon
kind=muon
P:  torch.Size([13, 32])
S torch.Size([13, 13, 32])
P:  torch.Size([1664, 1664])
S torch.Size([26, 1664, 1664])
P:  torch.Size([1664, 6656])
S torch.Size([26, 1664, 6656])
P:  torch.Size([6656, 1664])
S torch.Size([26, 6656, 1664])
STIEFEL
kind=stiefel
step 00035/00500 (7.00%) | loss: 5.890491 | lrm: 1.00 | dt: 17693.35ms | tok/sec: 59,263 | bf16_mfu: 37.06 | epoch: 1 | total time: 7.37m | eta: 137.1m
kind=muon
kind=muon
kind=muon
kind=muon
P:  torch.Size([13, 32])
S torch.Size([13, 13, 32])
P:  torch.Size([1664, 1664])
S torch.Size([26, 1664, 1664])
P:  torch.Size([1664, 6656])
S torch.Size([26, 1664, 6656])
P:  torch.Size([6656, 1664])
S torch.Size([26, 6656, 1664])
STIEFEL
kind=stiefel
step 00036/00500 (7.20%) | loss: 5.874770 | lrm: 1.00 | dt: 17694.60ms | tok/sec: 59,259 | bf16_mfu: 37.06 | epoch: 1 | total time: 7.67m | eta: 136.8m
kind=muon
kind=muon
kind=muon
kind=muon
P:  torch.Size([13, 32])
S torch.Size([13, 13, 32])
P:  torch.Size([1664, 1664])
S torch.Size([26, 1664, 1664])
P:  torch.Size([1664, 6656])
S torch.Size([26, 1664, 6656])
P:  torch.Size([6656, 1664])
S torch.Size([26, 6656, 1664])
STIEFEL
kind=stiefel
step 00037/00500 (7.40%) | loss: 5.859941 | lrm: 1.00 | dt: 17692.62ms | tok/sec: 59,266 | bf16_mfu: 37.07 | epoch: 1 | total time: 7.96m | eta: 136.5m
kind=muon
kind=muon
kind=muon
kind=muon
P:  torch.Size([13, 32])
S torch.Size([13, 13, 32])
P:  torch.Size([1664, 1664])
S torch.Size([26, 1664, 1664])
P:  torch.Size([1664, 6656])
S torch.Size([26, 1664, 6656])
P:  torch.Size([6656, 1664])
S torch.Size([26, 6656, 1664])
STIEFEL
kind=stiefel
step 00038/00500 (7.60%) | loss: 5.845543 | lrm: 1.00 | dt: 17685.12ms | tok/sec: 59,291 | bf16_mfu: 37.08 | epoch: 1 | total time: 8.25m | eta: 136.2m
kind=muon
kind=muon
kind=muon
kind=muon
P:  torch.Size([13, 32])
S torch.Size([13, 13, 32])
P:  torch.Size([1664, 1664])
S torch.Size([26, 1664, 1664])
P:  torch.Size([1664, 6656])
S torch.Size([26, 1664, 6656])
P:  torch.Size([6656, 1664])
S torch.Size([26, 6656, 1664])
STIEFEL
kind=stiefel
step 00039/00500 (7.80%) | loss: 5.831313 | lrm: 1.00 | dt: 17696.78ms | tok/sec: 59,252 | bf16_mfu: 37.06 | epoch: 1 | total time: 8.55m | eta: 135.9m
kind=muon
kind=muon
kind=muon
kind=muon
P:  torch.Size([13, 32])
S torch.Size([13, 13, 32])
P:  torch.Size([1664, 1664])
S torch.Size([26, 1664, 1664])
P:  torch.Size([1664, 6656])
S torch.Size([26, 1664, 6656])
P:  torch.Size([6656, 1664])
S torch.Size([26, 6656, 1664])
STIEFEL
kind=stiefel
step 00040/00500 (8.00%) | loss: 5.819296 | lrm: 1.00 | dt: 17689.75ms | tok/sec: 59,275 | bf16_mfu: 37.07 | epoch: 1 | total time: 8.84m | eta: 135.6m
kind=muon
kind=muon
kind=muon
kind=muon
P:  torch.Size([13, 32])
S torch.Size([13, 13, 32])
P:  torch.Size([1664, 1664])
S torch.Size([26, 1664, 1664])
P:  torch.Size([1664, 6656])
S torch.Size([26, 1664, 6656])
P:  torch.Size([6656, 1664])
S torch.Size([26, 6656, 1664])
STIEFEL
kind=stiefel
step 00041/00500 (8.20%) | loss: 5.813979 | lrm: 1.00 | dt: 17695.04ms | tok/sec: 59,258 | bf16_mfu: 37.06 | epoch: 1 | total time: 9.14m | eta: 135.3m
kind=muon
kind=muon
kind=muon
kind=muon
P:  torch.Size([13, 32])
S torch.Size([13, 13, 32])
P:  torch.Size([1664, 1664])
S torch.Size([26, 1664, 1664])
P:  torch.Size([1664, 6656])
S torch.Size([26, 1664, 6656])
P:  torch.Size([6656, 1664])
S torch.Size([26, 6656, 1664])
STIEFEL
kind=stiefel
step 00042/00500 (8.40%) | loss: 5.795292 | lrm: 1.00 | dt: 17700.19ms | tok/sec: 59,240 | bf16_mfu: 37.05 | epoch: 1 | total time: 9.43m | eta: 135.0m
kind=muon
kind=muon
kind=muon
kind=muon
P:  torch.Size([13, 32])
S torch.Size([13, 13, 32])
P:  torch.Size([1664, 1664])
S torch.Size([26, 1664, 1664])
P:  torch.Size([1664, 6656])
S torch.Size([26, 1664, 6656])
P:  torch.Size([6656, 1664])
S torch.Size([26, 6656, 1664])
STIEFEL
kind=stiefel
step 00043/00500 (8.60%) | loss: 5.787494 | lrm: 1.00 | dt: 17700.07ms | tok/sec: 59,241 | bf16_mfu: 37.05 | epoch: 1 | total time: 9.73m | eta: 134.7m
kind=muon
kind=muon
kind=muon
kind=muon
P:  torch.Size([13, 32])
S torch.Size([13, 13, 32])
P:  torch.Size([1664, 1664])
S torch.Size([26, 1664, 1664])
P:  torch.Size([1664, 6656])
S torch.Size([26, 1664, 6656])
P:  torch.Size([6656, 1664])
S torch.Size([26, 6656, 1664])
STIEFEL
kind=stiefel
step 00044/00500 (8.80%) | loss: 5.774815 | lrm: 1.00 | dt: 17690.56ms | tok/sec: 59,273 | bf16_mfu: 37.07 | epoch: 1 | total time: 10.02m | eta: 134.4m
kind=muon
kind=muon
kind=muon
kind=muon
P:  torch.Size([13, 32])
S torch.Size([13, 13, 32])
P:  torch.Size([1664, 1664])
S torch.Size([26, 1664, 1664])
P:  torch.Size([1664, 6656])
S torch.Size([26, 1664, 6656])
P:  torch.Size([6656, 1664])
S torch.Size([26, 6656, 1664])
STIEFEL
kind=stiefel
step 00045/00500 (9.00%) | loss: 5.772279 | lrm: 1.00 | dt: 17693.93ms | tok/sec: 59,261 | bf16_mfu: 37.06 | epoch: 1 | total time: 10.32m | eta: 134.1m
kind=muon
kind=muon
kind=muon
kind=muon
P:  torch.Size([13, 32])
S torch.Size([13, 13, 32])
P:  torch.Size([1664, 1664])
S torch.Size([26, 1664, 1664])
P:  torch.Size([1664, 6656])
S torch.Size([26, 1664, 6656])
P:  torch.Size([6656, 1664])
S torch.Size([26, 6656, 1664])
STIEFEL
kind=stiefel
step 00046/00500 (9.20%) | loss: 5.749119 | lrm: 1.00 | dt: 17693.38ms | tok/sec: 59,263 | bf16_mfu: 37.06 | epoch: 1 | total time: 10.61m | eta: 133.9m
kind=muon
kind=muon
kind=muon
kind=muon
P:  torch.Size([13, 32])
S torch.Size([13, 13, 32])
P:  torch.Size([1664, 1664])
S torch.Size([26, 1664, 1664])
P:  torch.Size([1664, 6656])
S torch.Size([26, 1664, 6656])
P:  torch.Size([6656, 1664])
S torch.Size([26, 6656, 1664])
STIEFEL
kind=stiefel
step 00047/00500 (9.40%) | loss: 5.728614 | lrm: 1.00 | dt: 17697.22ms | tok/sec: 59,250 | bf16_mfu: 37.06 | epoch: 1 | total time: 10.91m | eta: 133.6m
kind=muon
kind=muon
kind=muon
kind=muon
P:  torch.Size([13, 32])
S torch.Size([13, 13, 32])
P:  torch.Size([1664, 1664])
S torch.Size([26, 1664, 1664])
P:  torch.Size([1664, 6656])
S torch.Size([26, 1664, 6656])
P:  torch.Size([6656, 1664])
S torch.Size([26, 6656, 1664])
STIEFEL
kind=stiefel
step 00048/00500 (9.60%) | loss: 5.724576 | lrm: 1.00 | dt: 17697.88ms | tok/sec: 59,248 | bf16_mfu: 37.05 | epoch: 1 | total time: 11.20m | eta: 133.3m
kind=muon
kind=muon
kind=muon
kind=muon
P:  torch.Size([13, 32])
S torch.Size([13, 13, 32])
P:  torch.Size([1664, 1664])
S torch.Size([26, 1664, 1664])
P:  torch.Size([1664, 6656])
S torch.Size([26, 1664, 6656])
P:  torch.Size([6656, 1664])
S torch.Size([26, 6656, 1664])
STIEFEL
kind=stiefel
step 00049/00500 (9.80%) | loss: 5.720294 | lrm: 1.00 | dt: 17699.03ms | tok/sec: 59,244 | bf16_mfu: 37.05 | epoch: 1 | total time: 11.50m | eta: 133.0m
kind=muon
kind=muon
kind=muon
kind=muon
P:  torch.Size([13, 32])
S torch.Size([13, 13, 32])
P:  torch.Size([1664, 1664])
S torch.Size([26, 1664, 1664])
P:  torch.Size([1664, 6656])
S torch.Size([26, 1664, 6656])
P:  torch.Size([6656, 1664])
S torch.Size([26, 6656, 1664])
STIEFEL
kind=stiefel
step 00050/00500 (10.00%) | loss: 5.706144 | lrm: 1.00 | dt: 17698.73ms | tok/sec: 59,245 | bf16_mfu: 37.05 | epoch: 1 | total time: 11.79m | eta: 132.7m
kind=muon
kind=muon
kind=muon
kind=muon
P:  torch.Size([13, 32])
S torch.Size([13, 13, 32])
P:  torch.Size([1664, 1664])
S torch.Size([26, 1664, 1664])
P:  torch.Size([1664, 6656])
S torch.Size([26, 1664, 6656])
P:  torch.Size([6656, 1664])
S torch.Size([26, 6656, 1664])
STIEFEL
kind=stiefel
step 00051/00500 (10.20%) | loss: 5.705473 | lrm: 1.00 | dt: 17691.10ms | tok/sec: 59,271 | bf16_mfu: 37.07 | epoch: 1 | total time: 12.09m | eta: 132.4m
kind=muon
kind=muon
kind=muon
kind=muon
P:  torch.Size([13, 32])
S torch.Size([13, 13, 32])
P:  torch.Size([1664, 1664])
S torch.Size([26, 1664, 1664])
P:  torch.Size([1664, 6656])
S torch.Size([26, 1664, 6656])
P:  torch.Size([6656, 1664])
S torch.Size([26, 6656, 1664])
STIEFEL
kind=stiefel
step 00052/00500 (10.40%) | loss: 5.695756 | lrm: 1.00 | dt: 17699.29ms | tok/sec: 59,243 | bf16_mfu: 37.05 | epoch: 1 | total time: 12.38m | eta: 132.1m
kind=muon
kind=muon
kind=muon
kind=muon
P:  torch.Size([13, 32])
S torch.Size([13, 13, 32])
P:  torch.Size([1664, 1664])
S torch.Size([26, 1664, 1664])
P:  torch.Size([1664, 6656])
S torch.Size([26, 1664, 6656])
P:  torch.Size([6656, 1664])
S torch.Size([26, 6656, 1664])
STIEFEL
kind=stiefel
step 00053/00500 (10.60%) | loss: 5.683424 | lrm: 1.00 | dt: 17692.41ms | tok/sec: 59,266 | bf16_mfu: 37.07 | epoch: 1 | total time: 12.68m | eta: 131.8m
kind=muon
kind=muon
kind=muon
kind=muon
P:  torch.Size([13, 32])
S torch.Size([13, 13, 32])
P:  torch.Size([1664, 1664])
S torch.Size([26, 1664, 1664])
P:  torch.Size([1664, 6656])
S torch.Size([26, 1664, 6656])
P:  torch.Size([6656, 1664])
S torch.Size([26, 6656, 1664])
STIEFEL
kind=stiefel
step 00054/00500 (10.80%) | loss: 5.671116 | lrm: 1.00 | dt: 17691.83ms | tok/sec: 59,268 | bf16_mfu: 37.07 | epoch: 1 | total time: 12.97m | eta: 131.5m
kind=muon
kind=muon
kind=muon
kind=muon
P:  torch.Size([13, 32])
S torch.Size([13, 13, 32])
P:  torch.Size([1664, 1664])
S torch.Size([26, 1664, 1664])
P:  torch.Size([1664, 6656])
S torch.Size([26, 1664, 6656])
P:  torch.Size([6656, 1664])
S torch.Size([26, 6656, 1664])
STIEFEL
kind=stiefel
step 00055/00500 (11.00%) | loss: 5.667310 | lrm: 1.00 | dt: 17699.49ms | tok/sec: 59,243 | bf16_mfu: 37.05 | epoch: 1 | total time: 13.27m | eta: 131.2m
kind=muon
kind=muon
kind=muon
kind=muon
P:  torch.Size([13, 32])
S torch.Size([13, 13, 32])
P:  torch.Size([1664, 1664])
S torch.Size([26, 1664, 1664])
P:  torch.Size([1664, 6656])
S torch.Size([26, 1664, 6656])
P:  torch.Size([6656, 1664])
S torch.Size([26, 6656, 1664])
STIEFEL
kind=stiefel
step 00056/00500 (11.20%) | loss: 5.650931 | lrm: 1.00 | dt: 17690.94ms | tok/sec: 59,271 | bf16_mfu: 37.07 | epoch: 1 | total time: 13.56m | eta: 130.9m
kind=muon
kind=muon
kind=muon
kind=muon
P:  torch.Size([13, 32])
S torch.Size([13, 13, 32])
P:  torch.Size([1664, 1664])
S torch.Size([26, 1664, 1664])
P:  torch.Size([1664, 6656])
S torch.Size([26, 1664, 6656])
P:  torch.Size([6656, 1664])
S torch.Size([26, 6656, 1664])
STIEFEL
kind=stiefel
step 00057/00500 (11.40%) | loss: 5.652023 | lrm: 1.00 | dt: 17698.44ms | tok/sec: 59,246 | bf16_mfu: 37.05 | epoch: 1 | total time: 13.86m | eta: 130.6m
kind=muon
kind=muon
kind=muon
kind=muon
P:  torch.Size([13, 32])
S torch.Size([13, 13, 32])
P:  torch.Size([1664, 1664])
S torch.Size([26, 1664, 1664])
P:  torch.Size([1664, 6656])
S torch.Size([26, 1664, 6656])
P:  torch.Size([6656, 1664])
S torch.Size([26, 6656, 1664])
STIEFEL
kind=stiefel
step 00058/00500 (11.60%) | loss: 5.646394 | lrm: 1.00 | dt: 17693.66ms | tok/sec: 59,262 | bf16_mfu: 37.06 | epoch: 1 | total time: 14.15m | eta: 130.3m
kind=muon
kind=muon
kind=muon
kind=muon
P:  torch.Size([13, 32])
S torch.Size([13, 13, 32])
P:  torch.Size([1664, 1664])
S torch.Size([26, 1664, 1664])
P:  torch.Size([1664, 6656])
S torch.Size([26, 1664, 6656])
P:  torch.Size([6656, 1664])
S torch.Size([26, 6656, 1664])
STIEFEL
kind=stiefel
step 00059/00500 (11.80%) | loss: 5.640138 | lrm: 1.00 | dt: 17694.61ms | tok/sec: 59,259 | bf16_mfu: 37.06 | epoch: 1 | total time: 14.45m | eta: 130.0m
kind=muon
kind=muon
kind=muon
kind=muon
P:  torch.Size([13, 32])
S torch.Size([13, 13, 32])
P:  torch.Size([1664, 1664])
S torch.Size([26, 1664, 1664])
P:  torch.Size([1664, 6656])
S torch.Size([26, 1664, 6656])
P:  torch.Size([6656, 1664])
S torch.Size([26, 6656, 1664])
STIEFEL
kind=stiefel
step 00060/00500 (12.00%) | loss: 5.635790 | lrm: 1.00 | dt: 17696.83ms | tok/sec: 59,252 | bf16_mfu: 37.06 | epoch: 1 | total time: 14.74m | eta: 129.7m
kind=muon
kind=muon
kind=muon
kind=muon
P:  torch.Size([13, 32])
S torch.Size([13, 13, 32])
P:  torch.Size([1664, 1664])
S torch.Size([26, 1664, 1664])
P:  torch.Size([1664, 6656])
S torch.Size([26, 1664, 6656])
P:  torch.Size([6656, 1664])
S torch.Size([26, 6656, 1664])
STIEFEL
kind=stiefel
step 00061/00500 (12.20%) | loss: 5.636167 | lrm: 1.00 | dt: 17677.71ms | tok/sec: 59,316 | bf16_mfu: 37.10 | epoch: 1 | total time: 15.04m | eta: 129.4m
kind=muon
kind=muon
kind=muon
kind=muon
P:  torch.Size([13, 32])
S torch.Size([13, 13, 32])
P:  torch.Size([1664, 1664])
S torch.Size([26, 1664, 1664])
P:  torch.Size([1664, 6656])
S torch.Size([26, 1664, 6656])
P:  torch.Size([6656, 1664])
S torch.Size([26, 6656, 1664])
STIEFEL
kind=stiefel
step 00062/00500 (12.40%) | loss: 5.635964 | lrm: 1.00 | dt: 17671.97ms | tok/sec: 59,335 | bf16_mfu: 37.11 | epoch: 1 | total time: 15.33m | eta: 129.1m
kind=muon
kind=muon
kind=muon
kind=muon
P:  torch.Size([13, 32])
S torch.Size([13, 13, 32])
P:  torch.Size([1664, 1664])
S torch.Size([26, 1664, 1664])
P:  torch.Size([1664, 6656])
S torch.Size([26, 1664, 6656])
P:  torch.Size([6656, 1664])
S torch.Size([26, 6656, 1664])
STIEFEL
kind=stiefel
step 00063/00500 (12.60%) | loss: 5.628667 | lrm: 1.00 | dt: 17686.85ms | tok/sec: 59,285 | bf16_mfu: 37.08 | epoch: 1 | total time: 15.63m | eta: 128.8m
kind=muon
kind=muon
kind=muon
kind=muon
P:  torch.Size([13, 32])
S torch.Size([13, 13, 32])
P:  torch.Size([1664, 1664])
S torch.Size([26, 1664, 1664])
P:  torch.Size([1664, 6656])
S torch.Size([26, 1664, 6656])
P:  torch.Size([6656, 1664])
S torch.Size([26, 6656, 1664])
STIEFEL
kind=stiefel
step 00064/00500 (12.80%) | loss: 5.626741 | lrm: 1.00 | dt: 17707.09ms | tok/sec: 59,217 | bf16_mfu: 37.04 | epoch: 1 | total time: 15.92m | eta: 128.6m
kind=muon
kind=muon
kind=muon
kind=muon
P:  torch.Size([13, 32])
S torch.Size([13, 13, 32])
P:  torch.Size([1664, 1664])
S torch.Size([26, 1664, 1664])
P:  torch.Size([1664, 6656])
S torch.Size([26, 1664, 6656])
P:  torch.Size([6656, 1664])
S torch.Size([26, 6656, 1664])
STIEFEL
kind=stiefel
step 00065/00500 (13.00%) | loss: 5.623990 | lrm: 1.00 | dt: 17692.89ms | tok/sec: 59,265 | bf16_mfu: 37.07 | epoch: 1 | total time: 16.22m | eta: 128.3m
kind=muon
kind=muon
kind=muon
kind=muon
P:  torch.Size([13, 32])
S torch.Size([13, 13, 32])
P:  torch.Size([1664, 1664])
S torch.Size([26, 1664, 1664])
P:  torch.Size([1664, 6656])
S torch.Size([26, 1664, 6656])
P:  torch.Size([6656, 1664])
S torch.Size([26, 6656, 1664])
STIEFEL
kind=stiefel
step 00066/00500 (13.20%) | loss: 5.631017 | lrm: 1.00 | dt: 17697.83ms | tok/sec: 59,248 | bf16_mfu: 37.05 | epoch: 1 | total time: 16.51m | eta: 128.0m
kind=muon
kind=muon
kind=muon
kind=muon
P:  torch.Size([13, 32])
S torch.Size([13, 13, 32])
P:  torch.Size([1664, 1664])
S torch.Size([26, 1664, 1664])
P:  torch.Size([1664, 6656])
S torch.Size([26, 1664, 6656])
P:  torch.Size([6656, 1664])
S torch.Size([26, 6656, 1664])
STIEFEL
kind=stiefel
step 00067/00500 (13.40%) | loss: 5.630523 | lrm: 1.00 | dt: 17696.15ms | tok/sec: 59,254 | bf16_mfu: 37.06 | epoch: 1 | total time: 16.81m | eta: 127.7m
kind=muon
kind=muon
kind=muon
kind=muon
P:  torch.Size([13, 32])
S torch.Size([13, 13, 32])
P:  torch.Size([1664, 1664])
S torch.Size([26, 1664, 1664])
P:  torch.Size([1664, 6656])
S torch.Size([26, 1664, 6656])
P:  torch.Size([6656, 1664])
S torch.Size([26, 6656, 1664])
STIEFEL
kind=stiefel
step 00068/00500 (13.60%) | loss: 5.631200 | lrm: 1.00 | dt: 17691.88ms | tok/sec: 59,268 | bf16_mfu: 37.07 | epoch: 1 | total time: 17.10m | eta: 127.4m
kind=muon
kind=muon
kind=muon
kind=muon
P:  torch.Size([13, 32])
S torch.Size([13, 13, 32])
P:  torch.Size([1664, 1664])
S torch.Size([26, 1664, 1664])
P:  torch.Size([1664, 6656])
S torch.Size([26, 1664, 6656])
P:  torch.Size([6656, 1664])
S torch.Size([26, 6656, 1664])
STIEFEL
kind=stiefel
step 00069/00500 (13.80%) | loss: 5.630550 | lrm: 1.00 | dt: 17694.55ms | tok/sec: 59,259 | bf16_mfu: 37.06 | epoch: 1 | total time: 17.40m | eta: 127.1m
kind=muon
kind=muon
kind=muon
kind=muon
P:  torch.Size([13, 32])
S torch.Size([13, 13, 32])
P:  torch.Size([1664, 1664])
S torch.Size([26, 1664, 1664])
P:  torch.Size([1664, 6656])
S torch.Size([26, 1664, 6656])
P:  torch.Size([6656, 1664])
S torch.Size([26, 6656, 1664])
STIEFEL
kind=stiefel
step 00070/00500 (14.00%) | loss: 5.627135 | lrm: 1.00 | dt: 17708.40ms | tok/sec: 59,213 | bf16_mfu: 37.03 | epoch: 1 | total time: 17.69m | eta: 126.8m
kind=muon
kind=muon
kind=muon
kind=muon
P:  torch.Size([13, 32])
S torch.Size([13, 13, 32])
P:  torch.Size([1664, 1664])
S torch.Size([26, 1664, 1664])
P:  torch.Size([1664, 6656])
S torch.Size([26, 1664, 6656])
P:  torch.Size([6656, 1664])
S torch.Size([26, 6656, 1664])
STIEFEL
kind=stiefel
step 00071/00500 (14.20%) | loss: 5.609520 | lrm: 1.00 | dt: 17702.76ms | tok/sec: 59,232 | bf16_mfu: 37.04 | epoch: 1 | total time: 17.99m | eta: 126.5m
kind=muon
kind=muon
kind=muon
kind=muon
P:  torch.Size([13, 32])
S torch.Size([13, 13, 32])
P:  torch.Size([1664, 1664])
S torch.Size([26, 1664, 1664])
P:  torch.Size([1664, 6656])
S torch.Size([26, 1664, 6656])
P:  torch.Size([6656, 1664])
S torch.Size([26, 6656, 1664])
STIEFEL
kind=stiefel
step 00072/00500 (14.40%) | loss: 5.609010 | lrm: 1.00 | dt: 17703.56ms | tok/sec: 59,229 | bf16_mfu: 37.04 | epoch: 1 | total time: 18.28m | eta: 126.2m
kind=muon
kind=muon
kind=muon
kind=muon
P:  torch.Size([13, 32])
S torch.Size([13, 13, 32])
P:  torch.Size([1664, 1664])
S torch.Size([26, 1664, 1664])
P:  torch.Size([1664, 6656])
S torch.Size([26, 1664, 6656])
P:  torch.Size([6656, 1664])
S torch.Size([26, 6656, 1664])
STIEFEL
kind=stiefel
step 00073/00500 (14.60%) | loss: 5.597381 | lrm: 1.00 | dt: 17698.79ms | tok/sec: 59,245 | bf16_mfu: 37.05 | epoch: 1 | total time: 18.58m | eta: 125.9m
kind=muon
kind=muon
kind=muon
kind=muon
P:  torch.Size([13, 32])
S torch.Size([13, 13, 32])
P:  torch.Size([1664, 1664])
S torch.Size([26, 1664, 1664])
P:  torch.Size([1664, 6656])
S torch.Size([26, 1664, 6656])
P:  torch.Size([6656, 1664])
S torch.Size([26, 6656, 1664])
STIEFEL
kind=stiefel
step 00074/00500 (14.80%) | loss: 5.585769 | lrm: 1.00 | dt: 17695.89ms | tok/sec: 59,255 | bf16_mfu: 37.06 | epoch: 1 | total time: 18.87m | eta: 125.6m
kind=muon
kind=muon
kind=muon
kind=muon
P:  torch.Size([13, 32])
S torch.Size([13, 13, 32])
P:  torch.Size([1664, 1664])
S torch.Size([26, 1664, 1664])
P:  torch.Size([1664, 6656])
S torch.Size([26, 1664, 6656])
P:  torch.Size([6656, 1664])
S torch.Size([26, 6656, 1664])
STIEFEL
kind=stiefel
step 00075/00500 (15.00%) | loss: 5.577679 | lrm: 1.00 | dt: 17696.32ms | tok/sec: 59,253 | bf16_mfu: 37.06 | epoch: 1 | total time: 19.17m | eta: 125.3m
kind=muon
kind=muon
kind=muon
kind=muon
P:  torch.Size([13, 32])
S torch.Size([13, 13, 32])
P:  torch.Size([1664, 1664])
S torch.Size([26, 1664, 1664])
P:  torch.Size([1664, 6656])
S torch.Size([26, 1664, 6656])
P:  torch.Size([6656, 1664])
S torch.Size([26, 6656, 1664])
STIEFEL
kind=stiefel
step 00076/00500 (15.20%) | loss: 5.565659 | lrm: 1.00 | dt: 17689.36ms | tok/sec: 59,277 | bf16_mfu: 37.07 | epoch: 1 | total time: 19.46m | eta: 125.0m
kind=muon
kind=muon
kind=muon
kind=muon
P:  torch.Size([13, 32])
S torch.Size([13, 13, 32])
P:  torch.Size([1664, 1664])
S torch.Size([26, 1664, 1664])
P:  torch.Size([1664, 6656])
S torch.Size([26, 1664, 6656])
P:  torch.Size([6656, 1664])
S torch.Size([26, 6656, 1664])
STIEFEL
kind=stiefel
step 00077/00500 (15.40%) | loss: 5.546282 | lrm: 1.00 | dt: 17695.75ms | tok/sec: 59,255 | bf16_mfu: 37.06 | epoch: 1 | total time: 19.76m | eta: 124.7m
kind=muon
kind=muon
kind=muon
kind=muon
P:  torch.Size([13, 32])
S torch.Size([13, 13, 32])
P:  torch.Size([1664, 1664])
S torch.Size([26, 1664, 1664])
P:  torch.Size([1664, 6656])
S torch.Size([26, 1664, 6656])
P:  torch.Size([6656, 1664])
S torch.Size([26, 6656, 1664])
STIEFEL
kind=stiefel
step 00078/00500 (15.60%) | loss: 5.538244 | lrm: 1.00 | dt: 17700.22ms | tok/sec: 59,240 | bf16_mfu: 37.05 | epoch: 1 | total time: 20.05m | eta: 124.4m
kind=muon
kind=muon
kind=muon
kind=muon
P:  torch.Size([13, 32])
S torch.Size([13, 13, 32])
P:  torch.Size([1664, 1664])
S torch.Size([26, 1664, 1664])
P:  torch.Size([1664, 6656])
S torch.Size([26, 1664, 6656])
P:  torch.Size([6656, 1664])
S torch.Size([26, 6656, 1664])
STIEFEL
kind=stiefel
step 00079/00500 (15.80%) | loss: 5.534157 | lrm: 1.00 | dt: 17699.07ms | tok/sec: 59,244 | bf16_mfu: 37.05 | epoch: 1 | total time: 20.35m | eta: 124.1m
kind=muon
kind=muon
kind=muon
kind=muon
P:  torch.Size([13, 32])
S torch.Size([13, 13, 32])
P:  torch.Size([1664, 1664])
S torch.Size([26, 1664, 1664])
P:  torch.Size([1664, 6656])
S torch.Size([26, 1664, 6656])
P:  torch.Size([6656, 1664])
S torch.Size([26, 6656, 1664])
STIEFEL
kind=stiefel
step 00080/00500 (16.00%) | loss: 5.535403 | lrm: 1.00 | dt: 17700.33ms | tok/sec: 59,240 | bf16_mfu: 37.05 | epoch: 1 | total time: 20.64m | eta: 123.8m
kind=muon
kind=muon
kind=muon
kind=muon
P:  torch.Size([13, 32])
S torch.Size([13, 13, 32])
P:  torch.Size([1664, 1664])
S torch.Size([26, 1664, 1664])
P:  torch.Size([1664, 6656])
S torch.Size([26, 1664, 6656])
P:  torch.Size([6656, 1664])
S torch.Size([26, 6656, 1664])
STIEFEL
kind=stiefel
step 00081/00500 (16.20%) | loss: 5.526092 | lrm: 1.00 | dt: 17698.40ms | tok/sec: 59,246 | bf16_mfu: 37.05 | epoch: 1 | total time: 20.94m | eta: 123.6m
kind=muon
kind=muon
kind=muon
kind=muon
P:  torch.Size([13, 32])
S torch.Size([13, 13, 32])
P:  torch.Size([1664, 1664])
S torch.Size([26, 1664, 1664])
P:  torch.Size([1664, 6656])
S torch.Size([26, 1664, 6656])
P:  torch.Size([6656, 1664])
S torch.Size([26, 6656, 1664])
STIEFEL
kind=stiefel
step 00082/00500 (16.40%) | loss: 5.517902 | lrm: 1.00 | dt: 17702.83ms | tok/sec: 59,232 | bf16_mfu: 37.04 | epoch: 1 | total time: 21.23m | eta: 123.3m
kind=muon
kind=muon
kind=muon
kind=muon
P:  torch.Size([13, 32])
S torch.Size([13, 13, 32])
P:  torch.Size([1664, 1664])
S torch.Size([26, 1664, 1664])
P:  torch.Size([1664, 6656])
S torch.Size([26, 1664, 6656])
P:  torch.Size([6656, 1664])
S torch.Size([26, 6656, 1664])
STIEFEL
kind=stiefel
step 00083/00500 (16.60%) | loss: 5.509488 | lrm: 1.00 | dt: 17693.19ms | tok/sec: 59,264 | bf16_mfu: 37.06 | epoch: 1 | total time: 21.53m | eta: 123.0m
kind=muon
kind=muon
kind=muon
kind=muon
P:  torch.Size([13, 32])
S torch.Size([13, 13, 32])
P:  torch.Size([1664, 1664])
S torch.Size([26, 1664, 1664])
P:  torch.Size([1664, 6656])
S torch.Size([26, 1664, 6656])
P:  torch.Size([6656, 1664])
S torch.Size([26, 6656, 1664])
STIEFEL
kind=stiefel
step 00084/00500 (16.80%) | loss: 5.503449 | lrm: 1.00 | dt: 17691.95ms | tok/sec: 59,268 | bf16_mfu: 37.07 | epoch: 1 | total time: 21.82m | eta: 122.7m
kind=muon
kind=muon
kind=muon
kind=muon
P:  torch.Size([13, 32])
S torch.Size([13, 13, 32])
P:  torch.Size([1664, 1664])
S torch.Size([26, 1664, 1664])
P:  torch.Size([1664, 6656])
S torch.Size([26, 1664, 6656])
P:  torch.Size([6656, 1664])
S torch.Size([26, 6656, 1664])
STIEFEL
kind=stiefel
step 00085/00500 (17.00%) | loss: 5.493081 | lrm: 1.00 | dt: 17693.08ms | tok/sec: 59,264 | bf16_mfu: 37.06 | epoch: 1 | total time: 22.12m | eta: 122.4m
kind=muon
kind=muon
kind=muon
kind=muon
P:  torch.Size([13, 32])
S torch.Size([13, 13, 32])
P:  torch.Size([1664, 1664])
S torch.Size([26, 1664, 1664])
P:  torch.Size([1664, 6656])
S torch.Size([26, 1664, 6656])
P:  torch.Size([6656, 1664])
S torch.Size([26, 6656, 1664])
STIEFEL
kind=stiefel
step 00086/00500 (17.20%) | loss: 5.476756 | lrm: 1.00 | dt: 17701.14ms | tok/sec: 59,237 | bf16_mfu: 37.05 | epoch: 1 | total time: 22.41m | eta: 122.1m
kind=muon
kind=muon
kind=muon
kind=muon
P:  torch.Size([13, 32])
S torch.Size([13, 13, 32])
P:  torch.Size([1664, 1664])
S torch.Size([26, 1664, 1664])
P:  torch.Size([1664, 6656])
S torch.Size([26, 1664, 6656])
P:  torch.Size([6656, 1664])
S torch.Size([26, 6656, 1664])
STIEFEL
kind=stiefel
step 00087/00500 (17.40%) | loss: 5.474313 | lrm: 1.00 | dt: 17693.83ms | tok/sec: 59,262 | bf16_mfu: 37.06 | epoch: 1 | total time: 22.71m | eta: 121.8m
kind=muon
kind=muon
kind=muon
kind=muon
P:  torch.Size([13, 32])
S torch.Size([13, 13, 32])
P:  torch.Size([1664, 1664])
S torch.Size([26, 1664, 1664])
P:  torch.Size([1664, 6656])
S torch.Size([26, 1664, 6656])
P:  torch.Size([6656, 1664])
S torch.Size([26, 6656, 1664])
STIEFEL
kind=stiefel
step 00088/00500 (17.60%) | loss: 5.462785 | lrm: 1.00 | dt: 17704.97ms | tok/sec: 59,224 | bf16_mfu: 37.04 | epoch: 1 | total time: 23.00m | eta: 121.5m
kind=muon
kind=muon
kind=muon
kind=muon
P:  torch.Size([13, 32])
S torch.Size([13, 13, 32])
P:  torch.Size([1664, 1664])
S torch.Size([26, 1664, 1664])
P:  torch.Size([1664, 6656])
S torch.Size([26, 1664, 6656])
P:  torch.Size([6656, 1664])
S torch.Size([26, 6656, 1664])
STIEFEL
kind=stiefel
step 00089/00500 (17.80%) | loss: 5.465806 | lrm: 1.00 | dt: 17701.78ms | tok/sec: 59,235 | bf16_mfu: 37.05 | epoch: 1 | total time: 23.30m | eta: 121.2m
kind=muon
kind=muon
kind=muon
kind=muon
P:  torch.Size([13, 32])
S torch.Size([13, 13, 32])
P:  torch.Size([1664, 1664])
S torch.Size([26, 1664, 1664])
P:  torch.Size([1664, 6656])
S torch.Size([26, 1664, 6656])
P:  torch.Size([6656, 1664])
S torch.Size([26, 6656, 1664])
STIEFEL
kind=stiefel
step 00090/00500 (18.00%) | loss: 5.453927 | lrm: 1.00 | dt: 17699.52ms | tok/sec: 59,243 | bf16_mfu: 37.05 | epoch: 1 | total time: 23.59m | eta: 120.9m
kind=muon
kind=muon
kind=muon
kind=muon
P:  torch.Size([13, 32])
S torch.Size([13, 13, 32])
P:  torch.Size([1664, 1664])
S torch.Size([26, 1664, 1664])
P:  torch.Size([1664, 6656])
S torch.Size([26, 1664, 6656])
P:  torch.Size([6656, 1664])
S torch.Size([26, 6656, 1664])
STIEFEL
kind=stiefel
step 00091/00500 (18.20%) | loss: 5.457867 | lrm: 1.00 | dt: 17695.12ms | tok/sec: 59,257 | bf16_mfu: 37.06 | epoch: 1 | total time: 23.89m | eta: 120.6m
kind=muon
kind=muon
kind=muon
kind=muon
P:  torch.Size([13, 32])
S torch.Size([13, 13, 32])
P:  torch.Size([1664, 1664])
S torch.Size([26, 1664, 1664])
P:  torch.Size([1664, 6656])
S torch.Size([26, 1664, 6656])
P:  torch.Size([6656, 1664])
S torch.Size([26, 6656, 1664])
STIEFEL
kind=stiefel
step 00092/00500 (18.40%) | loss: 5.451017 | lrm: 1.00 | dt: 17692.23ms | tok/sec: 59,267 | bf16_mfu: 37.07 | epoch: 1 | total time: 24.18m | eta: 120.3m
kind=muon
kind=muon
kind=muon
kind=muon
P:  torch.Size([13, 32])
S torch.Size([13, 13, 32])
P:  torch.Size([1664, 1664])
S torch.Size([26, 1664, 1664])
P:  torch.Size([1664, 6656])
S torch.Size([26, 1664, 6656])
P:  torch.Size([6656, 1664])
S torch.Size([26, 6656, 1664])
STIEFEL
kind=stiefel
step 00093/00500 (18.60%) | loss: 5.439677 | lrm: 1.00 | dt: 17698.69ms | tok/sec: 59,245 | bf16_mfu: 37.05 | epoch: 1 | total time: 24.48m | eta: 120.0m
kind=muon
kind=muon
kind=muon
kind=muon
P:  torch.Size([13, 32])
S torch.Size([13, 13, 32])
P:  torch.Size([1664, 1664])
S torch.Size([26, 1664, 1664])
P:  torch.Size([1664, 6656])
S torch.Size([26, 1664, 6656])
P:  torch.Size([6656, 1664])
S torch.Size([26, 6656, 1664])
STIEFEL
kind=stiefel
step 00094/00500 (18.80%) | loss: 5.437340 | lrm: 1.00 | dt: 17692.02ms | tok/sec: 59,268 | bf16_mfu: 37.07 | epoch: 1 | total time: 24.77m | eta: 119.7m
kind=muon
kind=muon
kind=muon
kind=muon
P:  torch.Size([13, 32])
S torch.Size([13, 13, 32])
P:  torch.Size([1664, 1664])
S torch.Size([26, 1664, 1664])
P:  torch.Size([1664, 6656])
S torch.Size([26, 1664, 6656])
P:  torch.Size([6656, 1664])
S torch.Size([26, 6656, 1664])
STIEFEL
kind=stiefel
step 00095/00500 (19.00%) | loss: 5.424601 | lrm: 1.00 | dt: 17699.67ms | tok/sec: 59,242 | bf16_mfu: 37.05 | epoch: 1 | total time: 25.07m | eta: 119.4m
kind=muon
kind=muon
kind=muon
kind=muon
P:  torch.Size([13, 32])
S torch.Size([13, 13, 32])
P:  torch.Size([1664, 1664])
S torch.Size([26, 1664, 1664])
P:  torch.Size([1664, 6656])
S torch.Size([26, 1664, 6656])
P:  torch.Size([6656, 1664])
S torch.Size([26, 6656, 1664])
STIEFEL
kind=stiefel
step 00096/00500 (19.20%) | loss: 5.411839 | lrm: 1.00 | dt: 17694.39ms | tok/sec: 59,260 | bf16_mfu: 37.06 | epoch: 1 | total time: 25.36m | eta: 119.1m
kind=muon
kind=muon
kind=muon
kind=muon
P:  torch.Size([13, 32])
S torch.Size([13, 13, 32])
P:  torch.Size([1664, 1664])
S torch.Size([26, 1664, 1664])
P:  torch.Size([1664, 6656])
S torch.Size([26, 1664, 6656])
P:  torch.Size([6656, 1664])
S torch.Size([26, 6656, 1664])
STIEFEL
kind=stiefel
step 00097/00500 (19.40%) | loss: 5.413667 | lrm: 1.00 | dt: 17694.82ms | tok/sec: 59,258 | bf16_mfu: 37.06 | epoch: 1 | total time: 25.66m | eta: 118.8m
kind=muon
kind=muon
kind=muon
kind=muon
P:  torch.Size([13, 32])
S torch.Size([13, 13, 32])
P:  torch.Size([1664, 1664])
S torch.Size([26, 1664, 1664])
P:  torch.Size([1664, 6656])
S torch.Size([26, 1664, 6656])
P:  torch.Size([6656, 1664])
S torch.Size([26, 6656, 1664])
STIEFEL
kind=stiefel
step 00098/00500 (19.60%) | loss: 5.397291 | lrm: 1.00 | dt: 17692.29ms | tok/sec: 59,267 | bf16_mfu: 37.07 | epoch: 1 | total time: 25.95m | eta: 118.5m
kind=muon
kind=muon
kind=muon
kind=muon
P:  torch.Size([13, 32])
S torch.Size([13, 13, 32])
P:  torch.Size([1664, 1664])
S torch.Size([26, 1664, 1664])
P:  torch.Size([1664, 6656])
S torch.Size([26, 1664, 6656])
P:  torch.Size([6656, 1664])
S torch.Size([26, 6656, 1664])
STIEFEL
kind=stiefel
step 00099/00500 (19.80%) | loss: 5.399735 | lrm: 1.00 | dt: 17693.80ms | tok/sec: 59,262 | bf16_mfu: 37.06 | epoch: 1 | total time: 26.25m | eta: 118.3m
kind=muon
kind=muon
kind=muon
kind=muon
P:  torch.Size([13, 32])
S torch.Size([13, 13, 32])
P:  torch.Size([1664, 1664])
S torch.Size([26, 1664, 1664])
P:  torch.Size([1664, 6656])
S torch.Size([26, 1664, 6656])
P:  torch.Size([6656, 1664])
S torch.Size([26, 6656, 1664])
STIEFEL
kind=stiefel
step 00100/00500 (20.00%) | loss: 5.385914 | lrm: 1.00 | dt: 17697.32ms | tok/sec: 59,250 | bf16_mfu: 37.06 | epoch: 1 | total time: 26.54m | eta: 118.0m
kind=muon
kind=muon
kind=muon
kind=muon
P:  torch.Size([13, 32])
S torch.Size([13, 13, 32])
P:  torch.Size([1664, 1664])
S torch.Size([26, 1664, 1664])
P:  torch.Size([1664, 6656])
S torch.Size([26, 1664, 6656])
P:  torch.Size([6656, 1664])
S torch.Size([26, 6656, 1664])
STIEFEL
kind=stiefel
step 00101/00500 (20.20%) | loss: 5.380602 | lrm: 1.00 | dt: 17701.72ms | tok/sec: 59,235 | bf16_mfu: 37.05 | epoch: 1 | total time: 26.84m | eta: 117.7m
kind=muon
kind=muon
kind=muon
kind=muon
P:  torch.Size([13, 32])
S torch.Size([13, 13, 32])
P:  torch.Size([1664, 1664])
S torch.Size([26, 1664, 1664])
P:  torch.Size([1664, 6656])
S torch.Size([26, 1664, 6656])
P:  torch.Size([6656, 1664])
S torch.Size([26, 6656, 1664])
STIEFEL
kind=stiefel
step 00102/00500 (20.40%) | loss: 5.381586 | lrm: 1.00 | dt: 17691.01ms | tok/sec: 59,271 | bf16_mfu: 37.07 | epoch: 1 | total time: 27.13m | eta: 117.4m
kind=muon
kind=muon
kind=muon
kind=muon
P:  torch.Size([13, 32])
S torch.Size([13, 13, 32])
P:  torch.Size([1664, 1664])
S torch.Size([26, 1664, 1664])
P:  torch.Size([1664, 6656])
S torch.Size([26, 1664, 6656])
P:  torch.Size([6656, 1664])
S torch.Size([26, 6656, 1664])
STIEFEL
kind=stiefel
step 00103/00500 (20.60%) | loss: 5.365177 | lrm: 1.00 | dt: 17696.58ms | tok/sec: 59,253 | bf16_mfu: 37.06 | epoch: 1 | total time: 27.43m | eta: 117.1m
kind=muon
kind=muon
kind=muon
kind=muon
P:  torch.Size([13, 32])
S torch.Size([13, 13, 32])
P:  torch.Size([1664, 1664])
S torch.Size([26, 1664, 1664])
P:  torch.Size([1664, 6656])
S torch.Size([26, 1664, 6656])
P:  torch.Size([6656, 1664])
S torch.Size([26, 6656, 1664])
STIEFEL
kind=stiefel
step 00104/00500 (20.80%) | loss: 5.362740 | lrm: 1.00 | dt: 17692.38ms | tok/sec: 59,267 | bf16_mfu: 37.07 | epoch: 1 | total time: 27.72m | eta: 116.8m
kind=muon
kind=muon
kind=muon
kind=muon
P:  torch.Size([13, 32])
S torch.Size([13, 13, 32])
P:  torch.Size([1664, 1664])
S torch.Size([26, 1664, 1664])
P:  torch.Size([1664, 6656])
S torch.Size([26, 1664, 6656])
P:  torch.Size([6656, 1664])
S torch.Size([26, 6656, 1664])
STIEFEL
kind=stiefel
step 00105/00500 (21.00%) | loss: 5.358954 | lrm: 1.00 | dt: 17688.04ms | tok/sec: 59,281 | bf16_mfu: 37.08 | epoch: 1 | total time: 28.01m | eta: 116.5m
kind=muon
kind=muon
kind=muon
kind=muon
P:  torch.Size([13, 32])
S torch.Size([13, 13, 32])
P:  torch.Size([1664, 1664])
S torch.Size([26, 1664, 1664])
P:  torch.Size([1664, 6656])
S torch.Size([26, 1664, 6656])
P:  torch.Size([6656, 1664])
S torch.Size([26, 6656, 1664])
STIEFEL
kind=stiefel
step 00106/00500 (21.20%) | loss: 5.355982 | lrm: 1.00 | dt: 17696.07ms | tok/sec: 59,254 | bf16_mfu: 37.06 | epoch: 1 | total time: 28.31m | eta: 116.2m
kind=muon
kind=muon
kind=muon
kind=muon
P:  torch.Size([13, 32])
S torch.Size([13, 13, 32])
P:  torch.Size([1664, 1664])
S torch.Size([26, 1664, 1664])
P:  torch.Size([1664, 6656])
S torch.Size([26, 1664, 6656])
P:  torch.Size([6656, 1664])
S torch.Size([26, 6656, 1664])
STIEFEL
kind=stiefel
step 00107/00500 (21.40%) | loss: 5.355156 | lrm: 1.00 | dt: 17691.39ms | tok/sec: 59,270 | bf16_mfu: 37.07 | epoch: 1 | total time: 28.60m | eta: 115.9m
kind=muon
kind=muon
kind=muon
kind=muon
P:  torch.Size([13, 32])
S torch.Size([13, 13, 32])
P:  torch.Size([1664, 1664])
S torch.Size([26, 1664, 1664])
P:  torch.Size([1664, 6656])
S torch.Size([26, 1664, 6656])
P:  torch.Size([6656, 1664])
S torch.Size([26, 6656, 1664])
STIEFEL
kind=stiefel
step 00108/00500 (21.60%) | loss: 5.343893 | lrm: 1.00 | dt: 17691.70ms | tok/sec: 59,269 | bf16_mfu: 37.07 | epoch: 1 | total time: 28.90m | eta: 115.6m
kind=muon
kind=muon
kind=muon
kind=muon
P:  torch.Size([13, 32])
S torch.Size([13, 13, 32])
P:  torch.Size([1664, 1664])
S torch.Size([26, 1664, 1664])
P:  torch.Size([1664, 6656])
S torch.Size([26, 1664, 6656])
P:  torch.Size([6656, 1664])
S torch.Size([26, 6656, 1664])
STIEFEL
kind=stiefel
step 00109/00500 (21.80%) | loss: 5.328848 | lrm: 1.00 | dt: 17691.80ms | tok/sec: 59,269 | bf16_mfu: 37.07 | epoch: 1 | total time: 29.19m | eta: 115.3m
kind=muon
kind=muon
kind=muon
kind=muon
P:  torch.Size([13, 32])
S torch.Size([13, 13, 32])
P:  torch.Size([1664, 1664])
S torch.Size([26, 1664, 1664])
P:  torch.Size([1664, 6656])
S torch.Size([26, 1664, 6656])
P:  torch.Size([6656, 1664])
S torch.Size([26, 6656, 1664])
STIEFEL
kind=stiefel
step 00110/00500 (22.00%) | loss: 5.330924 | lrm: 1.00 | dt: 17688.78ms | tok/sec: 59,279 | bf16_mfu: 37.07 | epoch: 1 | total time: 29.49m | eta: 115.0m
kind=muon
kind=muon
kind=muon
kind=muon
P:  torch.Size([13, 32])
S torch.Size([13, 13, 32])
P:  torch.Size([1664, 1664])
S torch.Size([26, 1664, 1664])
P:  torch.Size([1664, 6656])
S torch.Size([26, 1664, 6656])
P:  torch.Size([6656, 1664])
S torch.Size([26, 6656, 1664])
STIEFEL
kind=stiefel
step 00111/00500 (22.20%) | loss: 5.327451 | lrm: 1.00 | dt: 17696.39ms | tok/sec: 59,253 | bf16_mfu: 37.06 | epoch: 1 | total time: 29.78m | eta: 114.7m
kind=muon
kind=muon
kind=muon
kind=muon
P:  torch.Size([13, 32])
S torch.Size([13, 13, 32])
P:  torch.Size([1664, 1664])
S torch.Size([26, 1664, 1664])
P:  torch.Size([1664, 6656])
S torch.Size([26, 1664, 6656])
P:  torch.Size([6656, 1664])
S torch.Size([26, 6656, 1664])
STIEFEL
kind=stiefel
step 00112/00500 (22.40%) | loss: 5.312234 | lrm: 1.00 | dt: 17697.52ms | tok/sec: 59,249 | bf16_mfu: 37.06 | epoch: 1 | total time: 30.08m | eta: 114.4m
kind=muon
kind=muon
kind=muon
kind=muon
P:  torch.Size([13, 32])
S torch.Size([13, 13, 32])
P:  torch.Size([1664, 1664])
S torch.Size([26, 1664, 1664])
P:  torch.Size([1664, 6656])
S torch.Size([26, 1664, 6656])
P:  torch.Size([6656, 1664])
S torch.Size([26, 6656, 1664])
STIEFEL
kind=stiefel
step 00113/00500 (22.60%) | loss: 5.304060 | lrm: 1.00 | dt: 17690.80ms | tok/sec: 59,272 | bf16_mfu: 37.07 | epoch: 1 | total time: 30.37m | eta: 114.1m
kind=muon
kind=muon
kind=muon
kind=muon
P:  torch.Size([13, 32])
S torch.Size([13, 13, 32])
P:  torch.Size([1664, 1664])
S torch.Size([26, 1664, 1664])
P:  torch.Size([1664, 6656])
S torch.Size([26, 1664, 6656])
P:  torch.Size([6656, 1664])
S torch.Size([26, 6656, 1664])
STIEFEL
kind=stiefel
step 00114/00500 (22.80%) | loss: 5.305662 | lrm: 1.00 | dt: 17692.58ms | tok/sec: 59,266 | bf16_mfu: 37.07 | epoch: 1 | total time: 30.67m | eta: 113.8m
kind=muon
kind=muon
kind=muon
kind=muon
P:  torch.Size([13, 32])
S torch.Size([13, 13, 32])
P:  torch.Size([1664, 1664])
S torch.Size([26, 1664, 1664])
P:  torch.Size([1664, 6656])
S torch.Size([26, 1664, 6656])
P:  torch.Size([6656, 1664])
S torch.Size([26, 6656, 1664])
STIEFEL
kind=stiefel
step 00115/00500 (23.00%) | loss: 5.295147 | lrm: 1.00 | dt: 17695.58ms | tok/sec: 59,256 | bf16_mfu: 37.06 | epoch: 1 | total time: 30.96m | eta: 113.5m
kind=muon
kind=muon
kind=muon
kind=muon
P:  torch.Size([13, 32])
S torch.Size([13, 13, 32])
P:  torch.Size([1664, 1664])
S torch.Size([26, 1664, 1664])
P:  torch.Size([1664, 6656])
S torch.Size([26, 1664, 6656])
P:  torch.Size([6656, 1664])
S torch.Size([26, 6656, 1664])
STIEFEL
kind=stiefel
step 00116/00500 (23.20%) | loss: 5.297329 | lrm: 1.00 | dt: 17689.91ms | tok/sec: 59,275 | bf16_mfu: 37.07 | epoch: 1 | total time: 31.26m | eta: 113.2m
kind=muon
kind=muon
kind=muon
kind=muon
P:  torch.Size([13, 32])
S torch.Size([13, 13, 32])
P:  torch.Size([1664, 1664])
S torch.Size([26, 1664, 1664])
P:  torch.Size([1664, 6656])
S torch.Size([26, 1664, 6656])
P:  torch.Size([6656, 1664])
S torch.Size([26, 6656, 1664])
STIEFEL
kind=stiefel
step 00117/00500 (23.40%) | loss: 5.306013 | lrm: 1.00 | dt: 17691.12ms | tok/sec: 59,271 | bf16_mfu: 37.07 | epoch: 1 | total time: 31.55m | eta: 112.9m
kind=muon
kind=muon
kind=muon
kind=muon
P:  torch.Size([13, 32])
S torch.Size([13, 13, 32])
P:  torch.Size([1664, 1664])
S torch.Size([26, 1664, 1664])
P:  torch.Size([1664, 6656])
S torch.Size([26, 1664, 6656])
P:  torch.Size([6656, 1664])
S torch.Size([26, 6656, 1664])
STIEFEL
kind=stiefel
step 00118/00500 (23.60%) | loss: 5.305934 | lrm: 1.00 | dt: 17693.93ms | tok/sec: 59,261 | bf16_mfu: 37.06 | epoch: 1 | total time: 31.85m | eta: 112.6m
kind=muon
kind=muon
kind=muon
kind=muon
P:  torch.Size([13, 32])
S torch.Size([13, 13, 32])
P:  torch.Size([1664, 1664])
S torch.Size([26, 1664, 1664])
P:  torch.Size([1664, 6656])
S torch.Size([26, 1664, 6656])
P:  torch.Size([6656, 1664])
S torch.Size([26, 6656, 1664])
STIEFEL
kind=stiefel
step 00119/00500 (23.80%) | loss: 5.294060 | lrm: 1.00 | dt: 17692.94ms | tok/sec: 59,265 | bf16_mfu: 37.07 | epoch: 1 | total time: 32.14m | eta: 112.4m
kind=muon
kind=muon
kind=muon
kind=muon
P:  torch.Size([13, 32])
S torch.Size([13, 13, 32])
P:  torch.Size([1664, 1664])
S torch.Size([26, 1664, 1664])
P:  torch.Size([1664, 6656])
S torch.Size([26, 1664, 6656])
P:  torch.Size([6656, 1664])
S torch.Size([26, 6656, 1664])
STIEFEL
kind=stiefel
step 00120/00500 (24.00%) | loss: 5.289358 | lrm: 1.00 | dt: 17696.34ms | tok/sec: 59,253 | bf16_mfu: 37.06 | epoch: 1 | total time: 32.44m | eta: 112.1m
kind=muon
kind=muon
kind=muon
kind=muon
P:  torch.Size([13, 32])
S torch.Size([13, 13, 32])
P:  torch.Size([1664, 1664])
S torch.Size([26, 1664, 1664])
P:  torch.Size([1664, 6656])
S torch.Size([26, 1664, 6656])
P:  torch.Size([6656, 1664])
S torch.Size([26, 6656, 1664])
STIEFEL
kind=stiefel
step 00121/00500 (24.20%) | loss: 5.270815 | lrm: 1.00 | dt: 17702.03ms | tok/sec: 59,234 | bf16_mfu: 37.05 | epoch: 1 | total time: 32.73m | eta: 111.8m
kind=muon
kind=muon
kind=muon
kind=muon
P:  torch.Size([13, 32])
S torch.Size([13, 13, 32])
P:  torch.Size([1664, 1664])
S torch.Size([26, 1664, 1664])
P:  torch.Size([1664, 6656])
S torch.Size([26, 1664, 6656])
P:  torch.Size([6656, 1664])
S torch.Size([26, 6656, 1664])
STIEFEL
kind=stiefel
step 00122/00500 (24.40%) | loss: 5.268678 | lrm: 1.00 | dt: 17696.68ms | tok/sec: 59,252 | bf16_mfu: 37.06 | epoch: 1 | total time: 33.03m | eta: 111.5m
kind=muon
kind=muon
kind=muon
kind=muon
P:  torch.Size([13, 32])
S torch.Size([13, 13, 32])
P:  torch.Size([1664, 1664])
S torch.Size([26, 1664, 1664])
P:  torch.Size([1664, 6656])
S torch.Size([26, 1664, 6656])
P:  torch.Size([6656, 1664])
S torch.Size([26, 6656, 1664])
STIEFEL
kind=stiefel
step 00123/00500 (24.60%) | loss: 5.250039 | lrm: 1.00 | dt: 17693.35ms | tok/sec: 59,263 | bf16_mfu: 37.06 | epoch: 1 | total time: 33.32m | eta: 111.2m
kind=muon
kind=muon
kind=muon
kind=muon
P:  torch.Size([13, 32])
S torch.Size([13, 13, 32])
P:  torch.Size([1664, 1664])
S torch.Size([26, 1664, 1664])
P:  torch.Size([1664, 6656])
S torch.Size([26, 1664, 6656])
P:  torch.Size([6656, 1664])
S torch.Size([26, 6656, 1664])
STIEFEL
kind=stiefel
step 00124/00500 (24.80%) | loss: 5.245597 | lrm: 1.00 | dt: 17692.67ms | tok/sec: 59,266 | bf16_mfu: 37.07 | epoch: 1 | total time: 33.62m | eta: 110.9m
kind=muon
kind=muon
kind=muon
kind=muon
P:  torch.Size([13, 32])
S torch.Size([13, 13, 32])
P:  torch.Size([1664, 1664])
S torch.Size([26, 1664, 1664])
P:  torch.Size([1664, 6656])
S torch.Size([26, 1664, 6656])
P:  torch.Size([6656, 1664])
S torch.Size([26, 6656, 1664])
STIEFEL
kind=stiefel
step 00125/00500 (25.00%) | loss: 5.242610 | lrm: 1.00 | dt: 17689.56ms | tok/sec: 59,276 | bf16_mfu: 37.07 | epoch: 1 | total time: 33.91m | eta: 110.6m
kind=muon
kind=muon
kind=muon
kind=muon
P:  torch.Size([13, 32])
S torch.Size([13, 13, 32])
P:  torch.Size([1664, 1664])
S torch.Size([26, 1664, 1664])
P:  torch.Size([1664, 6656])
S torch.Size([26, 1664, 6656])
P:  torch.Size([6656, 1664])
S torch.Size([26, 6656, 1664])
STIEFEL
kind=stiefel
step 00126/00500 (25.20%) | loss: 5.237299 | lrm: 1.00 | dt: 17693.71ms | tok/sec: 59,262 | bf16_mfu: 37.06 | epoch: 1 | total time: 34.21m | eta: 110.3m
kind=muon
kind=muon
kind=muon
kind=muon
P:  torch.Size([13, 32])
S torch.Size([13, 13, 32])
P:  torch.Size([1664, 1664])
S torch.Size([26, 1664, 1664])
P:  torch.Size([1664, 6656])
S torch.Size([26, 1664, 6656])
P:  torch.Size([6656, 1664])
S torch.Size([26, 6656, 1664])
STIEFEL
kind=stiefel
step 00127/00500 (25.40%) | loss: 5.228153 | lrm: 1.00 | dt: 17694.31ms | tok/sec: 59,260 | bf16_mfu: 37.06 | epoch: 1 | total time: 34.50m | eta: 110.0m
kind=muon
kind=muon
kind=muon
kind=muon
P:  torch.Size([13, 32])
S torch.Size([13, 13, 32])
P:  torch.Size([1664, 1664])
S torch.Size([26, 1664, 1664])
P:  torch.Size([1664, 6656])
S torch.Size([26, 1664, 6656])
P:  torch.Size([6656, 1664])
S torch.Size([26, 6656, 1664])
STIEFEL
kind=stiefel
step 00128/00500 (25.60%) | loss: 5.228784 | lrm: 1.00 | dt: 17691.98ms | tok/sec: 59,268 | bf16_mfu: 37.07 | epoch: 1 | total time: 34.80m | eta: 109.7m
kind=muon
kind=muon
kind=muon
kind=muon
P:  torch.Size([13, 32])
S torch.Size([13, 13, 32])
P:  torch.Size([1664, 1664])
S torch.Size([26, 1664, 1664])
P:  torch.Size([1664, 6656])
S torch.Size([26, 1664, 6656])
P:  torch.Size([6656, 1664])
S torch.Size([26, 6656, 1664])
STIEFEL
kind=stiefel
step 00129/00500 (25.80%) | loss: 5.219423 | lrm: 1.00 | dt: 17689.06ms | tok/sec: 59,278 | bf16_mfu: 37.07 | epoch: 1 | total time: 35.09m | eta: 109.4m
kind=muon
kind=muon
kind=muon
kind=muon
P:  torch.Size([13, 32])
S torch.Size([13, 13, 32])
P:  torch.Size([1664, 1664])
S torch.Size([26, 1664, 1664])
P:  torch.Size([1664, 6656])
S torch.Size([26, 1664, 6656])
P:  torch.Size([6656, 1664])
S torch.Size([26, 6656, 1664])
STIEFEL
kind=stiefel
step 00130/00500 (26.00%) | loss: 5.218220 | lrm: 1.00 | dt: 17689.34ms | tok/sec: 59,277 | bf16_mfu: 37.07 | epoch: 1 | total time: 35.39m | eta: 109.1m
kind=muon
kind=muon
kind=muon
kind=muon
P:  torch.Size([13, 32])
S torch.Size([13, 13, 32])
P:  torch.Size([1664, 1664])
S torch.Size([26, 1664, 1664])
P:  torch.Size([1664, 6656])
S torch.Size([26, 1664, 6656])
P:  torch.Size([6656, 1664])
S torch.Size([26, 6656, 1664])
STIEFEL
kind=stiefel
step 00131/00500 (26.20%) | loss: 5.208778 | lrm: 1.00 | dt: 17690.06ms | tok/sec: 59,274 | bf16_mfu: 37.07 | epoch: 1 | total time: 35.68m | eta: 108.8m
kind=muon
kind=muon
kind=muon
kind=muon
P:  torch.Size([13, 32])
S torch.Size([13, 13, 32])
P:  torch.Size([1664, 1664])
S torch.Size([26, 1664, 1664])
P:  torch.Size([1664, 6656])
S torch.Size([26, 1664, 6656])
P:  torch.Size([6656, 1664])
S torch.Size([26, 6656, 1664])
STIEFEL
kind=stiefel
step 00132/00500 (26.40%) | loss: 5.204536 | lrm: 1.00 | dt: 17690.38ms | tok/sec: 59,273 | bf16_mfu: 37.07 | epoch: 1 | total time: 35.98m | eta: 108.5m
kind=muon
kind=muon
kind=muon
kind=muon
P:  torch.Size([13, 32])
S torch.Size([13, 13, 32])
P:  torch.Size([1664, 1664])
S torch.Size([26, 1664, 1664])
P:  torch.Size([1664, 6656])
S torch.Size([26, 1664, 6656])
P:  torch.Size([6656, 1664])
S torch.Size([26, 6656, 1664])
STIEFEL
kind=stiefel
step 00133/00500 (26.60%) | loss: 5.214144 | lrm: 1.00 | dt: 17693.54ms | tok/sec: 59,263 | bf16_mfu: 37.06 | epoch: 1 | total time: 36.27m | eta: 108.2m
kind=muon
kind=muon
kind=muon
kind=muon
P:  torch.Size([13, 32])
S torch.Size([13, 13, 32])
P:  torch.Size([1664, 1664])
S torch.Size([26, 1664, 1664])
P:  torch.Size([1664, 6656])
S torch.Size([26, 1664, 6656])
P:  torch.Size([6656, 1664])
S torch.Size([26, 6656, 1664])
STIEFEL
kind=stiefel
step 00134/00500 (26.80%) | loss: 5.203386 | lrm: 1.00 | dt: 17691.68ms | tok/sec: 59,269 | bf16_mfu: 37.07 | epoch: 1 | total time: 36.57m | eta: 107.9m
kind=muon
kind=muon
kind=muon
kind=muon
P:  torch.Size([13, 32])
S torch.Size([13, 13, 32])
P:  torch.Size([1664, 1664])
S torch.Size([26, 1664, 1664])
P:  torch.Size([1664, 6656])
S torch.Size([26, 1664, 6656])
P:  torch.Size([6656, 1664])
S torch.Size([26, 6656, 1664])
STIEFEL
kind=stiefel
step 00135/00500 (27.00%) | loss: 5.192596 | lrm: 1.00 | dt: 17689.51ms | tok/sec: 59,276 | bf16_mfu: 37.07 | epoch: 1 | total time: 36.86m | eta: 107.6m
kind=muon
kind=muon
kind=muon
kind=muon
P:  torch.Size([13, 32])
S torch.Size([13, 13, 32])
P:  torch.Size([1664, 1664])
S torch.Size([26, 1664, 1664])
P:  torch.Size([1664, 6656])
S torch.Size([26, 1664, 6656])
P:  torch.Size([6656, 1664])
S torch.Size([26, 6656, 1664])
STIEFEL
kind=stiefel
step 00136/00500 (27.20%) | loss: 5.175061 | lrm: 1.00 | dt: 17685.04ms | tok/sec: 59,291 | bf16_mfu: 37.08 | epoch: 1 | total time: 37.16m | eta: 107.3m
kind=muon
kind=muon
kind=muon
kind=muon
P:  torch.Size([13, 32])
S torch.Size([13, 13, 32])
P:  torch.Size([1664, 1664])
S torch.Size([26, 1664, 1664])
P:  torch.Size([1664, 6656])
S torch.Size([26, 1664, 6656])
P:  torch.Size([6656, 1664])
S torch.Size([26, 6656, 1664])
STIEFEL
kind=stiefel
step 00137/00500 (27.40%) | loss: 5.162185 | lrm: 1.00 | dt: 17681.95ms | tok/sec: 59,302 | bf16_mfu: 37.09 | epoch: 1 | total time: 37.45m | eta: 107.0m
kind=muon
kind=muon
kind=muon
kind=muon
P:  torch.Size([13, 32])
S torch.Size([13, 13, 32])
P:  torch.Size([1664, 1664])
S torch.Size([26, 1664, 1664])
P:  torch.Size([1664, 6656])
S torch.Size([26, 1664, 6656])
P:  torch.Size([6656, 1664])
S torch.Size([26, 6656, 1664])
STIEFEL
kind=stiefel
step 00138/00500 (27.60%) | loss: 5.162034 | lrm: 1.00 | dt: 17683.86ms | tok/sec: 59,295 | bf16_mfu: 37.08 | epoch: 1 | total time: 37.75m | eta: 106.7m
kind=muon
kind=muon
kind=muon
kind=muon
P:  torch.Size([13, 32])
S torch.Size([13, 13, 32])
P:  torch.Size([1664, 1664])
S torch.Size([26, 1664, 1664])
P:  torch.Size([1664, 6656])
S torch.Size([26, 1664, 6656])
P:  torch.Size([6656, 1664])
S torch.Size([26, 6656, 1664])
STIEFEL
kind=stiefel
step 00139/00500 (27.80%) | loss: 5.164949 | lrm: 1.00 | dt: 17682.73ms | tok/sec: 59,299 | bf16_mfu: 37.09 | epoch: 1 | total time: 38.04m | eta: 106.5m
kind=muon
kind=muon
kind=muon
kind=muon
P:  torch.Size([13, 32])
S torch.Size([13, 13, 32])
P:  torch.Size([1664, 1664])
S torch.Size([26, 1664, 1664])
P:  torch.Size([1664, 6656])
S torch.Size([26, 1664, 6656])
P:  torch.Size([6656, 1664])
S torch.Size([26, 6656, 1664])
STIEFEL
kind=stiefel
step 00140/00500 (28.00%) | loss: 5.157529 | lrm: 1.00 | dt: 17687.68ms | tok/sec: 59,282 | bf16_mfu: 37.08 | epoch: 1 | total time: 38.33m | eta: 106.2m
kind=muon
kind=muon
kind=muon
kind=muon
P:  torch.Size([13, 32])
S torch.Size([13, 13, 32])
P:  torch.Size([1664, 1664])
S torch.Size([26, 1664, 1664])
P:  torch.Size([1664, 6656])
S torch.Size([26, 1664, 6656])
P:  torch.Size([6656, 1664])
S torch.Size([26, 6656, 1664])
STIEFEL
kind=stiefel
step 00141/00500 (28.20%) | loss: 5.142946 | lrm: 1.00 | dt: 17690.30ms | tok/sec: 59,274 | bf16_mfu: 37.07 | epoch: 1 | total time: 38.63m | eta: 105.9m
kind=muon
kind=muon
kind=muon
kind=muon
P:  torch.Size([13, 32])
S torch.Size([13, 13, 32])
P:  torch.Size([1664, 1664])
S torch.Size([26, 1664, 1664])
P:  torch.Size([1664, 6656])
S torch.Size([26, 1664, 6656])
P:  torch.Size([6656, 1664])
S torch.Size([26, 6656, 1664])
STIEFEL
kind=stiefel
step 00142/00500 (28.40%) | loss: 5.136106 | lrm: 1.00 | dt: 17691.54ms | tok/sec: 59,269 | bf16_mfu: 37.07 | epoch: 1 | total time: 38.92m | eta: 105.6m
kind=muon
kind=muon
kind=muon
kind=muon
P:  torch.Size([13, 32])
S torch.Size([13, 13, 32])
P:  torch.Size([1664, 1664])
S torch.Size([26, 1664, 1664])
P:  torch.Size([1664, 6656])
S torch.Size([26, 1664, 6656])
P:  torch.Size([6656, 1664])
S torch.Size([26, 6656, 1664])
STIEFEL
kind=stiefel
step 00143/00500 (28.60%) | loss: 5.137905 | lrm: 1.00 | dt: 17680.83ms | tok/sec: 59,305 | bf16_mfu: 37.09 | epoch: 1 | total time: 39.22m | eta: 105.3m
kind=muon
kind=muon
kind=muon
kind=muon
P:  torch.Size([13, 32])
S torch.Size([13, 13, 32])
P:  torch.Size([1664, 1664])
S torch.Size([26, 1664, 1664])
P:  torch.Size([1664, 6656])
S torch.Size([26, 1664, 6656])
P:  torch.Size([6656, 1664])
S torch.Size([26, 6656, 1664])
STIEFEL
kind=stiefel
step 00144/00500 (28.80%) | loss: 5.130173 | lrm: 1.00 | dt: 17688.85ms | tok/sec: 59,278 | bf16_mfu: 37.07 | epoch: 1 | total time: 39.51m | eta: 105.0m
kind=muon
kind=muon
kind=muon
kind=muon
P:  torch.Size([13, 32])
S torch.Size([13, 13, 32])
P:  torch.Size([1664, 1664])
S torch.Size([26, 1664, 1664])
P:  torch.Size([1664, 6656])
S torch.Size([26, 1664, 6656])
P:  torch.Size([6656, 1664])
S torch.Size([26, 6656, 1664])
STIEFEL
kind=stiefel
step 00145/00500 (29.00%) | loss: 5.126390 | lrm: 1.00 | dt: 17684.19ms | tok/sec: 59,294 | bf16_mfu: 37.08 | epoch: 1 | total time: 39.81m | eta: 104.7m
kind=muon
kind=muon
kind=muon
kind=muon
P:  torch.Size([13, 32])
S torch.Size([13, 13, 32])
P:  torch.Size([1664, 1664])
S torch.Size([26, 1664, 1664])
P:  torch.Size([1664, 6656])
S torch.Size([26, 1664, 6656])
P:  torch.Size([6656, 1664])
S torch.Size([26, 6656, 1664])
STIEFEL
kind=stiefel
step 00146/00500 (29.20%) | loss: 5.116393 | lrm: 1.00 | dt: 17683.85ms | tok/sec: 59,295 | bf16_mfu: 37.08 | epoch: 1 | total time: 40.10m | eta: 104.4m
kind=muon
kind=muon
kind=muon
kind=muon
P:  torch.Size([13, 32])
S torch.Size([13, 13, 32])
P:  torch.Size([1664, 1664])
S torch.Size([26, 1664, 1664])
P:  torch.Size([1664, 6656])
S torch.Size([26, 1664, 6656])
P:  torch.Size([6656, 1664])
S torch.Size([26, 6656, 1664])
STIEFEL
kind=stiefel
step 00147/00500 (29.40%) | loss: 5.112850 | lrm: 1.00 | dt: 17688.91ms | tok/sec: 59,278 | bf16_mfu: 37.07 | epoch: 1 | total time: 40.40m | eta: 104.1m
kind=muon
kind=muon
kind=muon
kind=muon
P:  torch.Size([13, 32])
S torch.Size([13, 13, 32])
P:  torch.Size([1664, 1664])
S torch.Size([26, 1664, 1664])
P:  torch.Size([1664, 6656])
S torch.Size([26, 1664, 6656])
P:  torch.Size([6656, 1664])
S torch.Size([26, 6656, 1664])
STIEFEL
kind=stiefel
step 00148/00500 (29.60%) | loss: 5.103088 | lrm: 1.00 | dt: 17687.28ms | tok/sec: 59,284 | bf16_mfu: 37.08 | epoch: 1 | total time: 40.69m | eta: 103.8m
kind=muon
kind=muon
kind=muon
kind=muon
P:  torch.Size([13, 32])
S torch.Size([13, 13, 32])
P:  torch.Size([1664, 1664])
S torch.Size([26, 1664, 1664])
P:  torch.Size([1664, 6656])
S torch.Size([26, 1664, 6656])
P:  torch.Size([6656, 1664])
S torch.Size([26, 6656, 1664])
STIEFEL
kind=stiefel
step 00149/00500 (29.80%) | loss: 5.105261 | lrm: 1.00 | dt: 17682.14ms | tok/sec: 59,301 | bf16_mfu: 37.09 | epoch: 1 | total time: 40.99m | eta: 103.5m
kind=muon
kind=muon
kind=muon
kind=muon
P:  torch.Size([13, 32])
S torch.Size([13, 13, 32])
P:  torch.Size([1664, 1664])
S torch.Size([26, 1664, 1664])
P:  torch.Size([1664, 6656])
S torch.Size([26, 1664, 6656])
P:  torch.Size([6656, 1664])
S torch.Size([26, 6656, 1664])
STIEFEL
kind=stiefel
step 00150/00500 (30.00%) | loss: 5.108281 | lrm: 1.00 | dt: 17683.69ms | tok/sec: 59,296 | bf16_mfu: 37.08 | epoch: 1 | total time: 41.28m | eta: 103.2m
kind=muon
kind=muon
kind=muon
kind=muon
P:  torch.Size([13, 32])
S torch.Size([13, 13, 32])
P:  torch.Size([1664, 1664])
S torch.Size([26, 1664, 1664])
P:  torch.Size([1664, 6656])
S torch.Size([26, 1664, 6656])
P:  torch.Size([6656, 1664])
S torch.Size([26, 6656, 1664])
STIEFEL
kind=stiefel
step 00151/00500 (30.20%) | loss: 5.097797 | lrm: 1.00 | dt: 17690.74ms | tok/sec: 59,272 | bf16_mfu: 37.07 | epoch: 1 | total time: 41.58m | eta: 102.9m
kind=muon
kind=muon
kind=muon
kind=muon
P:  torch.Size([13, 32])
S torch.Size([13, 13, 32])
P:  torch.Size([1664, 1664])
S torch.Size([26, 1664, 1664])
P:  torch.Size([1664, 6656])
S torch.Size([26, 1664, 6656])
P:  torch.Size([6656, 1664])
S torch.Size([26, 6656, 1664])
STIEFEL
kind=stiefel
step 00152/00500 (30.40%) | loss: 5.082697 | lrm: 1.00 | dt: 17679.63ms | tok/sec: 59,309 | bf16_mfu: 37.09 | epoch: 1 | total time: 41.87m | eta: 102.6m
kind=muon
kind=muon
kind=muon
kind=muon
P:  torch.Size([13, 32])
S torch.Size([13, 13, 32])
P:  torch.Size([1664, 1664])
S torch.Size([26, 1664, 1664])
P:  torch.Size([1664, 6656])
S torch.Size([26, 1664, 6656])
P:  torch.Size([6656, 1664])
S torch.Size([26, 6656, 1664])
STIEFEL
kind=stiefel
step 00153/00500 (30.60%) | loss: 5.074058 | lrm: 1.00 | dt: 17684.33ms | tok/sec: 59,294 | bf16_mfu: 37.08 | epoch: 1 | total time: 42.17m | eta: 102.3m
kind=muon
kind=muon
kind=muon
kind=muon
P:  torch.Size([13, 32])
S torch.Size([13, 13, 32])
P:  torch.Size([1664, 1664])
S torch.Size([26, 1664, 1664])
P:  torch.Size([1664, 6656])
S torch.Size([26, 1664, 6656])
P:  torch.Size([6656, 1664])
S torch.Size([26, 6656, 1664])
STIEFEL
kind=stiefel
step 00154/00500 (30.80%) | loss: 5.058112 | lrm: 1.00 | dt: 17685.28ms | tok/sec: 59,290 | bf16_mfu: 37.08 | epoch: 1 | total time: 42.46m | eta: 102.0m
kind=muon
kind=muon
kind=muon
kind=muon
P:  torch.Size([13, 32])
S torch.Size([13, 13, 32])
P:  torch.Size([1664, 1664])
S torch.Size([26, 1664, 1664])
P:  torch.Size([1664, 6656])
S torch.Size([26, 1664, 6656])
P:  torch.Size([6656, 1664])
S torch.Size([26, 6656, 1664])
STIEFEL
kind=stiefel
step 00155/00500 (31.00%) | loss: 5.049888 | lrm: 1.00 | dt: 17680.46ms | tok/sec: 59,307 | bf16_mfu: 37.09 | epoch: 1 | total time: 42.76m | eta: 101.7m
kind=muon
kind=muon
kind=muon
kind=muon
P:  torch.Size([13, 32])
S torch.Size([13, 13, 32])
P:  torch.Size([1664, 1664])
S torch.Size([26, 1664, 1664])
P:  torch.Size([1664, 6656])
S torch.Size([26, 1664, 6656])
P:  torch.Size([6656, 1664])
S torch.Size([26, 6656, 1664])
STIEFEL
kind=stiefel
step 00156/00500 (31.20%) | loss: 5.043663 | lrm: 1.00 | dt: 17687.91ms | tok/sec: 59,282 | bf16_mfu: 37.08 | epoch: 1 | total time: 43.05m | eta: 101.4m
kind=muon
kind=muon
kind=muon
kind=muon
P:  torch.Size([13, 32])
S torch.Size([13, 13, 32])
P:  torch.Size([1664, 1664])
S torch.Size([26, 1664, 1664])
P:  torch.Size([1664, 6656])
S torch.Size([26, 1664, 6656])
P:  torch.Size([6656, 1664])
S torch.Size([26, 6656, 1664])
STIEFEL
kind=stiefel
step 00157/00500 (31.40%) | loss: 5.030693 | lrm: 1.00 | dt: 17680.37ms | tok/sec: 59,307 | bf16_mfu: 37.09 | epoch: 1 | total time: 43.35m | eta: 101.1m
kind=muon
kind=muon
kind=muon
kind=muon
P:  torch.Size([13, 32])
S torch.Size([13, 13, 32])
P:  torch.Size([1664, 1664])
S torch.Size([26, 1664, 1664])
P:  torch.Size([1664, 6656])
S torch.Size([26, 1664, 6656])
P:  torch.Size([6656, 1664])
S torch.Size([26, 6656, 1664])
STIEFEL
kind=stiefel
step 00158/00500 (31.60%) | loss: 5.017945 | lrm: 1.00 | dt: 17678.46ms | tok/sec: 59,313 | bf16_mfu: 37.10 | epoch: 1 | total time: 43.64m | eta: 100.8m
kind=muon
kind=muon
kind=muon
kind=muon
P:  torch.Size([13, 32])
S torch.Size([13, 13, 32])
P:  torch.Size([1664, 1664])
S torch.Size([26, 1664, 1664])
P:  torch.Size([1664, 6656])
S torch.Size([26, 1664, 6656])
P:  torch.Size([6656, 1664])
S torch.Size([26, 6656, 1664])
STIEFEL
kind=stiefel
step 00159/00500 (31.80%) | loss: 5.014936 | lrm: 1.00 | dt: 17686.83ms | tok/sec: 59,285 | bf16_mfu: 37.08 | epoch: 1 | total time: 43.94m | eta: 100.5m
kind=muon
kind=muon
kind=muon
kind=muon
P:  torch.Size([13, 32])
S torch.Size([13, 13, 32])
P:  torch.Size([1664, 1664])
S torch.Size([26, 1664, 1664])
P:  torch.Size([1664, 6656])
S torch.Size([26, 1664, 6656])
P:  torch.Size([6656, 1664])
S torch.Size([26, 6656, 1664])
STIEFEL
kind=stiefel
step 00160/00500 (32.00%) | loss: 5.013677 | lrm: 1.00 | dt: 17678.81ms | tok/sec: 59,312 | bf16_mfu: 37.09 | epoch: 1 | total time: 44.23m | eta: 100.3m
kind=muon
kind=muon
kind=muon
kind=muon
P:  torch.Size([13, 32])
S torch.Size([13, 13, 32])
P:  torch.Size([1664, 1664])
S torch.Size([26, 1664, 1664])
P:  torch.Size([1664, 6656])
S torch.Size([26, 1664, 6656])
P:  torch.Size([6656, 1664])
S torch.Size([26, 6656, 1664])
STIEFEL
kind=stiefel
step 00161/00500 (32.20%) | loss: 5.017247 | lrm: 1.00 | dt: 17681.01ms | tok/sec: 59,305 | bf16_mfu: 37.09 | epoch: 1 | total time: 44.52m | eta: 100.0m
kind=muon
kind=muon
kind=muon
kind=muon
P:  torch.Size([13, 32])
S torch.Size([13, 13, 32])
P:  torch.Size([1664, 1664])
S torch.Size([26, 1664, 1664])
P:  torch.Size([1664, 6656])
S torch.Size([26, 1664, 6656])
P:  torch.Size([6656, 1664])
S torch.Size([26, 6656, 1664])
STIEFEL
kind=stiefel
step 00162/00500 (32.40%) | loss: 5.006523 | lrm: 1.00 | dt: 17678.70ms | tok/sec: 59,312 | bf16_mfu: 37.10 | epoch: 1 | total time: 44.82m | eta: 99.7m
kind=muon
kind=muon
kind=muon
kind=muon
P:  torch.Size([13, 32])
S torch.Size([13, 13, 32])
P:  torch.Size([1664, 1664])
S torch.Size([26, 1664, 1664])
P:  torch.Size([1664, 6656])
S torch.Size([26, 1664, 6656])
P:  torch.Size([6656, 1664])
S torch.Size([26, 6656, 1664])
STIEFEL
kind=stiefel
step 00163/00500 (32.60%) | loss: 5.000202 | lrm: 1.00 | dt: 17684.05ms | tok/sec: 59,295 | bf16_mfu: 37.08 | epoch: 1 | total time: 45.11m | eta: 99.4m
kind=muon
kind=muon
kind=muon
kind=muon
P:  torch.Size([13, 32])
S torch.Size([13, 13, 32])
P:  torch.Size([1664, 1664])
S torch.Size([26, 1664, 1664])
P:  torch.Size([1664, 6656])
S torch.Size([26, 1664, 6656])
P:  torch.Size([6656, 1664])
S torch.Size([26, 6656, 1664])
STIEFEL
kind=stiefel
step 00164/00500 (32.80%) | loss: 4.998591 | lrm: 1.00 | dt: 17678.18ms | tok/sec: 59,314 | bf16_mfu: 37.10 | epoch: 1 | total time: 45.41m | eta: 99.1m
kind=muon
kind=muon
kind=muon
kind=muon
P:  torch.Size([13, 32])
S torch.Size([13, 13, 32])
P:  torch.Size([1664, 1664])
S torch.Size([26, 1664, 1664])
P:  torch.Size([1664, 6656])
S torch.Size([26, 1664, 6656])
P:  torch.Size([6656, 1664])
S torch.Size([26, 6656, 1664])
STIEFEL
kind=stiefel
step 00165/00500 (33.00%) | loss: 4.987430 | lrm: 1.00 | dt: 17684.03ms | tok/sec: 59,295 | bf16_mfu: 37.08 | epoch: 1 | total time: 45.70m | eta: 98.8m
kind=muon
kind=muon
kind=muon
kind=muon
P:  torch.Size([13, 32])
S torch.Size([13, 13, 32])
P:  torch.Size([1664, 1664])
S torch.Size([26, 1664, 1664])
P:  torch.Size([1664, 6656])
S torch.Size([26, 1664, 6656])
P:  torch.Size([6656, 1664])
S torch.Size([26, 6656, 1664])
STIEFEL
kind=stiefel
step 00166/00500 (33.20%) | loss: 4.986667 | lrm: 1.00 | dt: 17680.38ms | tok/sec: 59,307 | bf16_mfu: 37.09 | epoch: 1 | total time: 46.00m | eta: 98.5m
kind=muon
kind=muon
kind=muon
kind=muon
P:  torch.Size([13, 32])
S torch.Size([13, 13, 32])
P:  torch.Size([1664, 1664])
S torch.Size([26, 1664, 1664])
P:  torch.Size([1664, 6656])
S torch.Size([26, 1664, 6656])
P:  torch.Size([6656, 1664])
S torch.Size([26, 6656, 1664])
STIEFEL
kind=stiefel
step 00167/00500 (33.40%) | loss: 4.974524 | lrm: 1.00 | dt: 17684.79ms | tok/sec: 59,292 | bf16_mfu: 37.08 | epoch: 1 | total time: 46.29m | eta: 98.2m
kind=muon
kind=muon
kind=muon
kind=muon
P:  torch.Size([13, 32])
S torch.Size([13, 13, 32])
P:  torch.Size([1664, 1664])
S torch.Size([26, 1664, 1664])
P:  torch.Size([1664, 6656])
S torch.Size([26, 1664, 6656])
P:  torch.Size([6656, 1664])
S torch.Size([26, 6656, 1664])
STIEFEL
kind=stiefel
step 00168/00500 (33.60%) | loss: 4.956109 | lrm: 1.00 | dt: 17682.26ms | tok/sec: 59,301 | bf16_mfu: 37.09 | epoch: 1 | total time: 46.59m | eta: 97.9m
kind=muon
kind=muon
kind=muon
kind=muon
P:  torch.Size([13, 32])
S torch.Size([13, 13, 32])
P:  torch.Size([1664, 1664])
S torch.Size([26, 1664, 1664])
P:  torch.Size([1664, 6656])
S torch.Size([26, 1664, 6656])
P:  torch.Size([6656, 1664])
S torch.Size([26, 6656, 1664])
STIEFEL
kind=stiefel
step 00169/00500 (33.80%) | loss: 4.942036 | lrm: 1.00 | dt: 17682.59ms | tok/sec: 59,299 | bf16_mfu: 37.09 | epoch: 1 | total time: 46.88m | eta: 97.6m
kind=muon
kind=muon
kind=muon
kind=muon
P:  torch.Size([13, 32])
S torch.Size([13, 13, 32])
P:  torch.Size([1664, 1664])
S torch.Size([26, 1664, 1664])
P:  torch.Size([1664, 6656])
S torch.Size([26, 1664, 6656])
P:  torch.Size([6656, 1664])
S torch.Size([26, 6656, 1664])
STIEFEL
kind=stiefel
step 00170/00500 (34.00%) | loss: 4.925117 | lrm: 1.00 | dt: 17682.59ms | tok/sec: 59,299 | bf16_mfu: 37.09 | epoch: 1 | total time: 47.18m | eta: 97.3m
kind=muon
kind=muon
kind=muon
kind=muon
P:  torch.Size([13, 32])
S torch.Size([13, 13, 32])
P:  torch.Size([1664, 1664])
S torch.Size([26, 1664, 1664])
P:  torch.Size([1664, 6656])
S torch.Size([26, 1664, 6656])
P:  torch.Size([6656, 1664])
S torch.Size([26, 6656, 1664])
STIEFEL
kind=stiefel
step 00171/00500 (34.20%) | loss: 4.910787 | lrm: 1.00 | dt: 17687.53ms | tok/sec: 59,283 | bf16_mfu: 37.08 | epoch: 1 | total time: 47.47m | eta: 97.0m
kind=muon
kind=muon
kind=muon
kind=muon
P:  torch.Size([13, 32])
S torch.Size([13, 13, 32])
P:  torch.Size([1664, 1664])
S torch.Size([26, 1664, 1664])
P:  torch.Size([1664, 6656])
S torch.Size([26, 1664, 6656])
P:  torch.Size([6656, 1664])
S torch.Size([26, 6656, 1664])
STIEFEL
kind=stiefel
step 00172/00500 (34.40%) | loss: 4.906484 | lrm: 1.00 | dt: 17679.68ms | tok/sec: 59,309 | bf16_mfu: 37.09 | epoch: 1 | total time: 47.77m | eta: 96.7m
kind=muon
kind=muon
kind=muon
kind=muon
P:  torch.Size([13, 32])
S torch.Size([13, 13, 32])
P:  torch.Size([1664, 1664])
S torch.Size([26, 1664, 1664])
P:  torch.Size([1664, 6656])
S torch.Size([26, 1664, 6656])
P:  torch.Size([6656, 1664])
S torch.Size([26, 6656, 1664])
STIEFEL
kind=stiefel
step 00173/00500 (34.60%) | loss: 4.900267 | lrm: 1.00 | dt: 17676.35ms | tok/sec: 59,320 | bf16_mfu: 37.10 | epoch: 1 | total time: 48.06m | eta: 96.4m
kind=muon
kind=muon
kind=muon
kind=muon
P:  torch.Size([13, 32])
S torch.Size([13, 13, 32])
P:  torch.Size([1664, 1664])
S torch.Size([26, 1664, 1664])
P:  torch.Size([1664, 6656])
S torch.Size([26, 1664, 6656])
P:  torch.Size([6656, 1664])
S torch.Size([26, 6656, 1664])
STIEFEL
kind=stiefel
step 00174/00500 (34.80%) | loss: 4.896281 | lrm: 1.00 | dt: 17675.70ms | tok/sec: 59,323 | bf16_mfu: 37.10 | epoch: 1 | total time: 48.36m | eta: 96.1m
kind=muon
kind=muon
kind=muon
kind=muon
P:  torch.Size([13, 32])
S torch.Size([13, 13, 32])
P:  torch.Size([1664, 1664])
S torch.Size([26, 1664, 1664])
P:  torch.Size([1664, 6656])
S torch.Size([26, 1664, 6656])
P:  torch.Size([6656, 1664])
S torch.Size([26, 6656, 1664])
STIEFEL
kind=stiefel
step 00175/00500 (35.00%) | loss: 4.886929 | lrm: 1.00 | dt: 17685.67ms | tok/sec: 59,289 | bf16_mfu: 37.08 | epoch: 1 | total time: 48.65m | eta: 95.8m
kind=muon
kind=muon
kind=muon
kind=muon
P:  torch.Size([13, 32])
S torch.Size([13, 13, 32])
P:  torch.Size([1664, 1664])
S torch.Size([26, 1664, 1664])
P:  torch.Size([1664, 6656])
S torch.Size([26, 1664, 6656])
P:  torch.Size([6656, 1664])
S torch.Size([26, 6656, 1664])
STIEFEL
kind=stiefel
step 00176/00500 (35.20%) | loss: 4.885211 | lrm: 1.00 | dt: 17681.92ms | tok/sec: 59,302 | bf16_mfu: 37.09 | epoch: 1 | total time: 48.94m | eta: 95.5m
kind=muon
kind=muon
kind=muon
kind=muon
P:  torch.Size([13, 32])
S torch.Size([13, 13, 32])
P:  torch.Size([1664, 1664])
S torch.Size([26, 1664, 1664])
P:  torch.Size([1664, 6656])
S torch.Size([26, 1664, 6656])
P:  torch.Size([6656, 1664])
S torch.Size([26, 6656, 1664])
STIEFEL
kind=stiefel
step 00177/00500 (35.40%) | loss: 4.873946 | lrm: 1.00 | dt: 17678.94ms | tok/sec: 59,312 | bf16_mfu: 37.09 | epoch: 1 | total time: 49.24m | eta: 95.2m
kind=muon
kind=muon
kind=muon
kind=muon
P:  torch.Size([13, 32])
S torch.Size([13, 13, 32])
P:  torch.Size([1664, 1664])
S torch.Size([26, 1664, 1664])
P:  torch.Size([1664, 6656])
S torch.Size([26, 1664, 6656])
P:  torch.Size([6656, 1664])
S torch.Size([26, 6656, 1664])
STIEFEL
kind=stiefel
step 00178/00500 (35.60%) | loss: 4.863303 | lrm: 1.00 | dt: 17682.85ms | tok/sec: 59,299 | bf16_mfu: 37.09 | epoch: 1 | total time: 49.53m | eta: 94.9m
kind=muon
kind=muon
kind=muon
kind=muon
P:  torch.Size([13, 32])
S torch.Size([13, 13, 32])
P:  torch.Size([1664, 1664])
S torch.Size([26, 1664, 1664])
P:  torch.Size([1664, 6656])
S torch.Size([26, 1664, 6656])
P:  torch.Size([6656, 1664])
S torch.Size([26, 6656, 1664])
STIEFEL
kind=stiefel
step 00179/00500 (35.80%) | loss: 4.855443 | lrm: 1.00 | dt: 17681.66ms | tok/sec: 59,303 | bf16_mfu: 37.09 | epoch: 1 | total time: 49.83m | eta: 94.6m
kind=muon
kind=muon
kind=muon
kind=muon
P:  torch.Size([13, 32])
S torch.Size([13, 13, 32])
P:  torch.Size([1664, 1664])
S torch.Size([26, 1664, 1664])
P:  torch.Size([1664, 6656])
S torch.Size([26, 1664, 6656])
P:  torch.Size([6656, 1664])
S torch.Size([26, 6656, 1664])
STIEFEL
kind=stiefel
step 00180/00500 (36.00%) | loss: 4.851295 | lrm: 1.00 | dt: 17692.51ms | tok/sec: 59,266 | bf16_mfu: 37.07 | epoch: 1 | total time: 50.12m | eta: 94.4m
kind=muon
kind=muon
kind=muon
kind=muon
P:  torch.Size([13, 32])
S torch.Size([13, 13, 32])
P:  torch.Size([1664, 1664])
S torch.Size([26, 1664, 1664])
P:  torch.Size([1664, 6656])
S torch.Size([26, 1664, 6656])
P:  torch.Size([6656, 1664])
S torch.Size([26, 6656, 1664])
STIEFEL
kind=stiefel
step 00181/00500 (36.20%) | loss: 4.853107 | lrm: 1.00 | dt: 17683.54ms | tok/sec: 59,296 | bf16_mfu: 37.08 | epoch: 1 | total time: 50.42m | eta: 94.1m
kind=muon
kind=muon
kind=muon
kind=muon
P:  torch.Size([13, 32])
S torch.Size([13, 13, 32])
P:  torch.Size([1664, 1664])
S torch.Size([26, 1664, 1664])
P:  torch.Size([1664, 6656])
S torch.Size([26, 1664, 6656])
P:  torch.Size([6656, 1664])
S torch.Size([26, 6656, 1664])
STIEFEL
kind=stiefel
step 00182/00500 (36.40%) | loss: 4.841777 | lrm: 1.00 | dt: 17678.34ms | tok/sec: 59,314 | bf16_mfu: 37.10 | epoch: 1 | total time: 50.71m | eta: 93.8m
kind=muon
kind=muon
kind=muon
kind=muon
P:  torch.Size([13, 32])
S torch.Size([13, 13, 32])
P:  torch.Size([1664, 1664])
S torch.Size([26, 1664, 1664])
P:  torch.Size([1664, 6656])
S torch.Size([26, 1664, 6656])
P:  torch.Size([6656, 1664])
S torch.Size([26, 6656, 1664])
STIEFEL
kind=stiefel
step 00183/00500 (36.60%) | loss: 4.838905 | lrm: 1.00 | dt: 17672.27ms | tok/sec: 59,334 | bf16_mfu: 37.11 | epoch: 1 | total time: 51.01m | eta: 93.5m
kind=muon
kind=muon
kind=muon
kind=muon
P:  torch.Size([13, 32])
S torch.Size([13, 13, 32])
P:  torch.Size([1664, 1664])
S torch.Size([26, 1664, 1664])
P:  torch.Size([1664, 6656])
S torch.Size([26, 1664, 6656])
P:  torch.Size([6656, 1664])
S torch.Size([26, 6656, 1664])
STIEFEL
kind=stiefel
step 00184/00500 (36.80%) | loss: 4.825818 | lrm: 1.00 | dt: 17677.99ms | tok/sec: 59,315 | bf16_mfu: 37.10 | epoch: 1 | total time: 51.30m | eta: 93.2m
kind=muon
kind=muon
kind=muon
kind=muon
P:  torch.Size([13, 32])
S torch.Size([13, 13, 32])
P:  torch.Size([1664, 1664])
S torch.Size([26, 1664, 1664])
P:  torch.Size([1664, 6656])
S torch.Size([26, 1664, 6656])
P:  torch.Size([6656, 1664])
S torch.Size([26, 6656, 1664])
STIEFEL
kind=stiefel
step 00185/00500 (37.00%) | loss: 4.816052 | lrm: 1.00 | dt: 17681.37ms | tok/sec: 59,303 | bf16_mfu: 37.09 | epoch: 1 | total time: 51.60m | eta: 92.9m
kind=muon
kind=muon
kind=muon
kind=muon
P:  torch.Size([13, 32])
S torch.Size([13, 13, 32])
P:  torch.Size([1664, 1664])
S torch.Size([26, 1664, 1664])
P:  torch.Size([1664, 6656])
S torch.Size([26, 1664, 6656])
P:  torch.Size([6656, 1664])
S torch.Size([26, 6656, 1664])
STIEFEL
kind=stiefel
step 00186/00500 (37.20%) | loss: 4.805410 | lrm: 1.00 | dt: 17672.99ms | tok/sec: 59,332 | bf16_mfu: 37.11 | epoch: 1 | total time: 51.89m | eta: 92.6m
kind=muon
kind=muon
kind=muon
kind=muon
P:  torch.Size([13, 32])
S torch.Size([13, 13, 32])
P:  torch.Size([1664, 1664])
S torch.Size([26, 1664, 1664])
P:  torch.Size([1664, 6656])
S torch.Size([26, 1664, 6656])
P:  torch.Size([6656, 1664])
S torch.Size([26, 6656, 1664])
STIEFEL
kind=stiefel
step 00187/00500 (37.40%) | loss: 4.799059 | lrm: 1.00 | dt: 17679.60ms | tok/sec: 59,309 | bf16_mfu: 37.09 | epoch: 1 | total time: 52.19m | eta: 92.3m
kind=muon
kind=muon
kind=muon
kind=muon
P:  torch.Size([13, 32])
S torch.Size([13, 13, 32])
P:  torch.Size([1664, 1664])
S torch.Size([26, 1664, 1664])
P:  torch.Size([1664, 6656])
S torch.Size([26, 1664, 6656])
P:  torch.Size([6656, 1664])
S torch.Size([26, 6656, 1664])
STIEFEL
kind=stiefel
step 00188/00500 (37.60%) | loss: 4.785501 | lrm: 1.00 | dt: 17678.50ms | tok/sec: 59,313 | bf16_mfu: 37.10 | epoch: 1 | total time: 52.48m | eta: 92.0m
kind=muon
kind=muon
kind=muon
kind=muon
P:  torch.Size([13, 32])
S torch.Size([13, 13, 32])
P:  torch.Size([1664, 1664])
S torch.Size([26, 1664, 1664])
P:  torch.Size([1664, 6656])
S torch.Size([26, 1664, 6656])
P:  torch.Size([6656, 1664])
S torch.Size([26, 6656, 1664])
STIEFEL
kind=stiefel
step 00189/00500 (37.80%) | loss: 4.790597 | lrm: 1.00 | dt: 17679.92ms | tok/sec: 59,308 | bf16_mfu: 37.09 | epoch: 1 | total time: 52.78m | eta: 91.7m
kind=muon
kind=muon
kind=muon
kind=muon
P:  torch.Size([13, 32])
S torch.Size([13, 13, 32])
P:  torch.Size([1664, 1664])
S torch.Size([26, 1664, 1664])
P:  torch.Size([1664, 6656])
S torch.Size([26, 1664, 6656])
P:  torch.Size([6656, 1664])
S torch.Size([26, 6656, 1664])
STIEFEL
kind=stiefel
step 00190/00500 (38.00%) | loss: 4.791019 | lrm: 1.00 | dt: 17680.40ms | tok/sec: 59,307 | bf16_mfu: 37.09 | epoch: 1 | total time: 53.07m | eta: 91.4m
kind=muon
kind=muon
kind=muon
kind=muon
P:  torch.Size([13, 32])
S torch.Size([13, 13, 32])
P:  torch.Size([1664, 1664])
S torch.Size([26, 1664, 1664])
P:  torch.Size([1664, 6656])
S torch.Size([26, 1664, 6656])
P:  torch.Size([6656, 1664])
S torch.Size([26, 6656, 1664])
STIEFEL
kind=stiefel
step 00191/00500 (38.20%) | loss: 4.809720 | lrm: 1.00 | dt: 17671.01ms | tok/sec: 59,338 | bf16_mfu: 37.11 | epoch: 1 | total time: 53.36m | eta: 91.1m
kind=muon
kind=muon
kind=muon
kind=muon
P:  torch.Size([13, 32])
S torch.Size([13, 13, 32])
P:  torch.Size([1664, 1664])
S torch.Size([26, 1664, 1664])
P:  torch.Size([1664, 6656])
S torch.Size([26, 1664, 6656])
P:  torch.Size([6656, 1664])
S torch.Size([26, 6656, 1664])
STIEFEL
kind=stiefel
step 00192/00500 (38.40%) | loss: 4.810510 | lrm: 1.00 | dt: 17671.92ms | tok/sec: 59,335 | bf16_mfu: 37.11 | epoch: 1 | total time: 53.66m | eta: 90.8m
kind=muon
kind=muon
kind=muon
kind=muon
P:  torch.Size([13, 32])
S torch.Size([13, 13, 32])
P:  torch.Size([1664, 1664])
S torch.Size([26, 1664, 1664])
P:  torch.Size([1664, 6656])
S torch.Size([26, 1664, 6656])
P:  torch.Size([6656, 1664])
S torch.Size([26, 6656, 1664])
STIEFEL
kind=stiefel
step 00193/00500 (38.60%) | loss: 4.808521 | lrm: 1.00 | dt: 17682.11ms | tok/sec: 59,301 | bf16_mfu: 37.09 | epoch: 1 | total time: 53.95m | eta: 90.5m
kind=muon
kind=muon
kind=muon
kind=muon
P:  torch.Size([13, 32])
S torch.Size([13, 13, 32])
P:  torch.Size([1664, 1664])
S torch.Size([26, 1664, 1664])
P:  torch.Size([1664, 6656])
S torch.Size([26, 1664, 6656])
P:  torch.Size([6656, 1664])
S torch.Size([26, 6656, 1664])
STIEFEL
kind=stiefel
step 00194/00500 (38.80%) | loss: 4.802533 | lrm: 1.00 | dt: 17686.40ms | tok/sec: 59,287 | bf16_mfu: 37.08 | epoch: 1 | total time: 54.25m | eta: 90.2m
kind=muon
kind=muon
kind=muon
kind=muon
P:  torch.Size([13, 32])
S torch.Size([13, 13, 32])
P:  torch.Size([1664, 1664])
S torch.Size([26, 1664, 1664])
P:  torch.Size([1664, 6656])
S torch.Size([26, 1664, 6656])
P:  torch.Size([6656, 1664])
S torch.Size([26, 6656, 1664])
STIEFEL
kind=stiefel
step 00195/00500 (39.00%) | loss: 4.791778 | lrm: 1.00 | dt: 17676.01ms | tok/sec: 59,322 | bf16_mfu: 37.10 | epoch: 1 | total time: 54.54m | eta: 89.9m
kind=muon
kind=muon
kind=muon
kind=muon
P:  torch.Size([13, 32])
S torch.Size([13, 13, 32])
P:  torch.Size([1664, 1664])
S torch.Size([26, 1664, 1664])
P:  torch.Size([1664, 6656])
S torch.Size([26, 1664, 6656])
P:  torch.Size([6656, 1664])
S torch.Size([26, 6656, 1664])
STIEFEL
kind=stiefel
step 00196/00500 (39.20%) | loss: 4.790026 | lrm: 1.00 | dt: 17693.40ms | tok/sec: 59,263 | bf16_mfu: 37.06 | epoch: 1 | total time: 54.84m | eta: 89.6m
kind=muon
kind=muon
kind=muon
kind=muon
P:  torch.Size([13, 32])
S torch.Size([13, 13, 32])
P:  torch.Size([1664, 1664])
S torch.Size([26, 1664, 1664])
P:  torch.Size([1664, 6656])
S torch.Size([26, 1664, 6656])
P:  torch.Size([6656, 1664])
S torch.Size([26, 6656, 1664])
STIEFEL
kind=stiefel
step 00197/00500 (39.40%) | loss: 4.778877 | lrm: 1.00 | dt: 17684.45ms | tok/sec: 59,293 | bf16_mfu: 37.08 | epoch: 1 | total time: 55.13m | eta: 89.3m
kind=muon
kind=muon
kind=muon
kind=muon
P:  torch.Size([13, 32])
S torch.Size([13, 13, 32])
P:  torch.Size([1664, 1664])
S torch.Size([26, 1664, 1664])
P:  torch.Size([1664, 6656])
S torch.Size([26, 1664, 6656])
P:  torch.Size([6656, 1664])
S torch.Size([26, 6656, 1664])
STIEFEL
kind=stiefel
step 00198/00500 (39.60%) | loss: 4.769957 | lrm: 1.00 | dt: 17680.14ms | tok/sec: 59,308 | bf16_mfu: 37.09 | epoch: 1 | total time: 55.43m | eta: 89.0m
kind=muon
kind=muon
kind=muon
kind=muon
P:  torch.Size([13, 32])
S torch.Size([13, 13, 32])
P:  torch.Size([1664, 1664])
S torch.Size([26, 1664, 1664])
P:  torch.Size([1664, 6656])
S torch.Size([26, 1664, 6656])
P:  torch.Size([6656, 1664])
S torch.Size([26, 6656, 1664])
STIEFEL
kind=stiefel
step 00199/00500 (39.80%) | loss: 4.771193 | lrm: 1.00 | dt: 17671.75ms | tok/sec: 59,336 | bf16_mfu: 37.11 | epoch: 1 | total time: 55.72m | eta: 88.7m
kind=muon
kind=muon
kind=muon
kind=muon
P:  torch.Size([13, 32])
S torch.Size([13, 13, 32])
P:  torch.Size([1664, 1664])
S torch.Size([26, 1664, 1664])
P:  torch.Size([1664, 6656])
S torch.Size([26, 1664, 6656])
P:  torch.Size([6656, 1664])
S torch.Size([26, 6656, 1664])
STIEFEL
kind=stiefel
step 00200/00500 (40.00%) | loss: 4.751042 | lrm: 1.00 | dt: 17680.00ms | tok/sec: 59,308 | bf16_mfu: 37.09 | epoch: 1 | total time: 56.02m | eta: 88.4m
kind=muon
kind=muon
kind=muon
kind=muon
P:  torch.Size([13, 32])
S torch.Size([13, 13, 32])
P:  torch.Size([1664, 1664])
S torch.Size([26, 1664, 1664])
P:  torch.Size([1664, 6656])
S torch.Size([26, 1664, 6656])
P:  torch.Size([6656, 1664])
S torch.Size([26, 6656, 1664])
STIEFEL
kind=stiefel
step 00201/00500 (40.20%) | loss: 4.757944 | lrm: 1.00 | dt: 17677.67ms | tok/sec: 59,316 | bf16_mfu: 37.10 | epoch: 1 | total time: 56.31m | eta: 88.2m
kind=muon
kind=muon
kind=muon
kind=muon
P:  torch.Size([13, 32])
S torch.Size([13, 13, 32])
P:  torch.Size([1664, 1664])
S torch.Size([26, 1664, 1664])
P:  torch.Size([1664, 6656])
S torch.Size([26, 1664, 6656])
P:  torch.Size([6656, 1664])
S torch.Size([26, 6656, 1664])
STIEFEL
kind=stiefel
step 00202/00500 (40.40%) | loss: 4.738417 | lrm: 1.00 | dt: 17678.14ms | tok/sec: 59,314 | bf16_mfu: 37.10 | epoch: 1 | total time: 56.61m | eta: 87.9m
kind=muon
kind=muon
kind=muon
kind=muon
P:  torch.Size([13, 32])
S torch.Size([13, 13, 32])
P:  torch.Size([1664, 1664])
S torch.Size([26, 1664, 1664])
P:  torch.Size([1664, 6656])
S torch.Size([26, 1664, 6656])
P:  torch.Size([6656, 1664])
S torch.Size([26, 6656, 1664])
STIEFEL
kind=stiefel
step 00203/00500 (40.60%) | loss: 4.724155 | lrm: 1.00 | dt: 17674.41ms | tok/sec: 59,327 | bf16_mfu: 37.10 | epoch: 1 | total time: 56.90m | eta: 87.6m
kind=muon
kind=muon
kind=muon
kind=muon
P:  torch.Size([13, 32])
S torch.Size([13, 13, 32])
P:  torch.Size([1664, 1664])
S torch.Size([26, 1664, 1664])
P:  torch.Size([1664, 6656])
S torch.Size([26, 1664, 6656])
P:  torch.Size([6656, 1664])
S torch.Size([26, 6656, 1664])
STIEFEL
kind=stiefel
step 00204/00500 (40.80%) | loss: 4.721930 | lrm: 1.00 | dt: 17678.19ms | tok/sec: 59,314 | bf16_mfu: 37.10 | epoch: 1 | total time: 57.20m | eta: 87.3m
kind=muon
kind=muon
kind=muon
kind=muon
P:  torch.Size([13, 32])
S torch.Size([13, 13, 32])
P:  torch.Size([1664, 1664])
S torch.Size([26, 1664, 1664])
P:  torch.Size([1664, 6656])
S torch.Size([26, 1664, 6656])
P:  torch.Size([6656, 1664])
S torch.Size([26, 6656, 1664])
STIEFEL
kind=stiefel
step 00205/00500 (41.00%) | loss: 4.715087 | lrm: 1.00 | dt: 17672.72ms | tok/sec: 59,333 | bf16_mfu: 37.11 | epoch: 1 | total time: 57.49m | eta: 87.0m
kind=muon
kind=muon
kind=muon
kind=muon
P:  torch.Size([13, 32])
S torch.Size([13, 13, 32])
P:  torch.Size([1664, 1664])
S torch.Size([26, 1664, 1664])
P:  torch.Size([1664, 6656])
S torch.Size([26, 1664, 6656])
P:  torch.Size([6656, 1664])
S torch.Size([26, 6656, 1664])
STIEFEL
kind=stiefel
step 00206/00500 (41.20%) | loss: 4.693449 | lrm: 1.00 | dt: 17679.07ms | tok/sec: 59,311 | bf16_mfu: 37.09 | epoch: 1 | total time: 57.78m | eta: 86.7m
kind=muon
kind=muon
kind=muon
kind=muon
P:  torch.Size([13, 32])
S torch.Size([13, 13, 32])
P:  torch.Size([1664, 1664])
S torch.Size([26, 1664, 1664])
P:  torch.Size([1664, 6656])
S torch.Size([26, 1664, 6656])
P:  torch.Size([6656, 1664])
S torch.Size([26, 6656, 1664])
STIEFEL
kind=stiefel
step 00207/00500 (41.40%) | loss: 4.684480 | lrm: 1.00 | dt: 17668.07ms | tok/sec: 59,348 | bf16_mfu: 37.12 | epoch: 1 | total time: 58.08m | eta: 86.4m
kind=muon
kind=muon
kind=muon
kind=muon
P:  torch.Size([13, 32])
S torch.Size([13, 13, 32])
P:  torch.Size([1664, 1664])
S torch.Size([26, 1664, 1664])
P:  torch.Size([1664, 6656])
S torch.Size([26, 1664, 6656])
P:  torch.Size([6656, 1664])
S torch.Size([26, 6656, 1664])
STIEFEL
kind=stiefel
step 00208/00500 (41.60%) | loss: 4.668196 | lrm: 1.00 | dt: 17664.10ms | tok/sec: 59,361 | bf16_mfu: 37.13 | epoch: 1 | total time: 58.37m | eta: 86.1m
kind=muon
kind=muon
kind=muon
kind=muon
P:  torch.Size([13, 32])
S torch.Size([13, 13, 32])
P:  torch.Size([1664, 1664])
S torch.Size([26, 1664, 1664])
P:  torch.Size([1664, 6656])
S torch.Size([26, 1664, 6656])
P:  torch.Size([6656, 1664])
S torch.Size([26, 6656, 1664])
STIEFEL
kind=stiefel
step 00209/00500 (41.80%) | loss: 4.666217 | lrm: 1.00 | dt: 17660.59ms | tok/sec: 59,373 | bf16_mfu: 37.13 | epoch: 1 | total time: 58.67m | eta: 85.8m
kind=muon
kind=muon
kind=muon
kind=muon
P:  torch.Size([13, 32])
S torch.Size([13, 13, 32])
P:  torch.Size([1664, 1664])
S torch.Size([26, 1664, 1664])
P:  torch.Size([1664, 6656])
S torch.Size([26, 1664, 6656])
P:  torch.Size([6656, 1664])
S torch.Size([26, 6656, 1664])
STIEFEL
kind=stiefel
step 00210/00500 (42.00%) | loss: 4.656711 | lrm: 1.00 | dt: 17661.78ms | tok/sec: 59,369 | bf16_mfu: 37.13 | epoch: 1 | total time: 58.96m | eta: 85.5m
kind=muon
kind=muon
kind=muon
kind=muon
P:  torch.Size([13, 32])
S torch.Size([13, 13, 32])
P:  torch.Size([1664, 1664])
S torch.Size([26, 1664, 1664])
P:  torch.Size([1664, 6656])
S torch.Size([26, 1664, 6656])
P:  torch.Size([6656, 1664])
S torch.Size([26, 6656, 1664])
STIEFEL
kind=stiefel
step 00211/00500 (42.20%) | loss: 4.637486 | lrm: 1.00 | dt: 17647.11ms | tok/sec: 59,419 | bf16_mfu: 37.16 | epoch: 1 | total time: 59.26m | eta: 85.2m
kind=muon
kind=muon
kind=muon
kind=muon
P:  torch.Size([13, 32])
S torch.Size([13, 13, 32])
P:  torch.Size([1664, 1664])
S torch.Size([26, 1664, 1664])
P:  torch.Size([1664, 6656])
S torch.Size([26, 1664, 6656])
P:  torch.Size([6656, 1664])
S torch.Size([26, 6656, 1664])
STIEFEL
kind=stiefel
step 00212/00500 (42.40%) | loss: 4.626389 | lrm: 1.00 | dt: 17660.29ms | tok/sec: 59,374 | bf16_mfu: 37.13 | epoch: 1 | total time: 59.55m | eta: 84.9m
kind=muon
kind=muon
kind=muon
kind=muon
P:  torch.Size([13, 32])
S torch.Size([13, 13, 32])
P:  torch.Size([1664, 1664])
S torch.Size([26, 1664, 1664])
P:  torch.Size([1664, 6656])
S torch.Size([26, 1664, 6656])
P:  torch.Size([6656, 1664])
S torch.Size([26, 6656, 1664])
STIEFEL
kind=stiefel
step 00213/00500 (42.60%) | loss: 4.605087 | lrm: 1.00 | dt: 17651.12ms | tok/sec: 59,405 | bf16_mfu: 37.15 | epoch: 1 | total time: 59.84m | eta: 84.6m
kind=muon
kind=muon
kind=muon
kind=muon
P:  torch.Size([13, 32])
S torch.Size([13, 13, 32])
P:  torch.Size([1664, 1664])
S torch.Size([26, 1664, 1664])
P:  torch.Size([1664, 6656])
S torch.Size([26, 1664, 6656])
P:  torch.Size([6656, 1664])
S torch.Size([26, 6656, 1664])
STIEFEL
kind=stiefel
step 00214/00500 (42.80%) | loss: 4.605509 | lrm: 1.00 | dt: 17662.45ms | tok/sec: 59,367 | bf16_mfu: 37.13 | epoch: 1 | total time: 60.14m | eta: 84.3m
kind=muon
kind=muon
kind=muon
kind=muon
P:  torch.Size([13, 32])
S torch.Size([13, 13, 32])
P:  torch.Size([1664, 1664])
S torch.Size([26, 1664, 1664])
P:  torch.Size([1664, 6656])
S torch.Size([26, 1664, 6656])
P:  torch.Size([6656, 1664])
S torch.Size([26, 6656, 1664])
STIEFEL
kind=stiefel
step 00215/00500 (43.00%) | loss: 4.591681 | lrm: 1.00 | dt: 17652.45ms | tok/sec: 59,401 | bf16_mfu: 37.15 | epoch: 1 | total time: 60.43m | eta: 84.0m
kind=muon
kind=muon
kind=muon
kind=muon
P:  torch.Size([13, 32])
S torch.Size([13, 13, 32])
P:  torch.Size([1664, 1664])
S torch.Size([26, 1664, 1664])
P:  torch.Size([1664, 6656])
S torch.Size([26, 1664, 6656])
P:  torch.Size([6656, 1664])
S torch.Size([26, 6656, 1664])
STIEFEL
kind=stiefel
step 00216/00500 (43.20%) | loss: 4.578092 | lrm: 1.00 | dt: 17653.09ms | tok/sec: 59,399 | bf16_mfu: 37.15 | epoch: 1 | total time: 60.73m | eta: 83.7m
kind=muon
kind=muon
kind=muon
kind=muon
P:  torch.Size([13, 32])
S torch.Size([13, 13, 32])
P:  torch.Size([1664, 1664])
S torch.Size([26, 1664, 1664])
P:  torch.Size([1664, 6656])
S torch.Size([26, 1664, 6656])
P:  torch.Size([6656, 1664])
S torch.Size([26, 6656, 1664])
STIEFEL
kind=stiefel
step 00217/00500 (43.40%) | loss: 4.574527 | lrm: 1.00 | dt: 17649.73ms | tok/sec: 59,410 | bf16_mfu: 37.16 | epoch: 1 | total time: 61.02m | eta: 83.4m
kind=muon
kind=muon
kind=muon
kind=muon
P:  torch.Size([13, 32])
S torch.Size([13, 13, 32])
P:  torch.Size([1664, 1664])
S torch.Size([26, 1664, 1664])
P:  torch.Size([1664, 6656])
S torch.Size([26, 1664, 6656])
P:  torch.Size([6656, 1664])
S torch.Size([26, 6656, 1664])
STIEFEL
kind=stiefel
step 00218/00500 (43.60%) | loss: 4.575622 | lrm: 1.00 | dt: 17656.03ms | tok/sec: 59,389 | bf16_mfu: 37.14 | epoch: 1 | total time: 61.32m | eta: 83.1m
kind=muon
kind=muon
kind=muon
kind=muon
P:  torch.Size([13, 32])
S torch.Size([13, 13, 32])
P:  torch.Size([1664, 1664])
S torch.Size([26, 1664, 1664])
P:  torch.Size([1664, 6656])
S torch.Size([26, 1664, 6656])
P:  torch.Size([6656, 1664])
S torch.Size([26, 6656, 1664])
STIEFEL
kind=stiefel
step 00219/00500 (43.80%) | loss: 4.562179 | lrm: 1.00 | dt: 17667.26ms | tok/sec: 59,351 | bf16_mfu: 37.12 | epoch: 1 | total time: 61.61m | eta: 82.8m
kind=muon
kind=muon
kind=muon
kind=muon
P:  torch.Size([13, 32])
S torch.Size([13, 13, 32])
P:  torch.Size([1664, 1664])
S torch.Size([26, 1664, 1664])
P:  torch.Size([1664, 6656])
S torch.Size([26, 1664, 6656])
P:  torch.Size([6656, 1664])
S torch.Size([26, 6656, 1664])
STIEFEL
kind=stiefel
step 00220/00500 (44.00%) | loss: 4.544988 | lrm: 1.00 | dt: 17677.30ms | tok/sec: 59,317 | bf16_mfu: 37.10 | epoch: 1 | total time: 61.91m | eta: 82.5m
kind=muon
kind=muon
kind=muon
kind=muon
P:  torch.Size([13, 32])
S torch.Size([13, 13, 32])
P:  torch.Size([1664, 1664])
S torch.Size([26, 1664, 1664])
P:  torch.Size([1664, 6656])
S torch.Size([26, 1664, 6656])
P:  torch.Size([6656, 1664])
S torch.Size([26, 6656, 1664])
STIEFEL
kind=stiefel
step 00221/00500 (44.20%) | loss: 4.553860 | lrm: 1.00 | dt: 17675.60ms | tok/sec: 59,323 | bf16_mfu: 37.10 | epoch: 1 | total time: 62.20m | eta: 82.2m
kind=muon
kind=muon
kind=muon
kind=muon
P:  torch.Size([13, 32])
S torch.Size([13, 13, 32])
P:  torch.Size([1664, 1664])
S torch.Size([26, 1664, 1664])
P:  torch.Size([1664, 6656])
S torch.Size([26, 1664, 6656])
P:  torch.Size([6656, 1664])
S torch.Size([26, 6656, 1664])
STIEFEL
kind=stiefel
step 00222/00500 (44.40%) | loss: 4.547250 | lrm: 1.00 | dt: 17680.48ms | tok/sec: 59,307 | bf16_mfu: 37.09 | epoch: 1 | total time: 62.49m | eta: 82.0m
kind=muon
kind=muon
kind=muon
kind=muon
P:  torch.Size([13, 32])
S torch.Size([13, 13, 32])
P:  torch.Size([1664, 1664])
S torch.Size([26, 1664, 1664])
P:  torch.Size([1664, 6656])
S torch.Size([26, 1664, 6656])
P:  torch.Size([6656, 1664])
S torch.Size([26, 6656, 1664])
STIEFEL
kind=stiefel
step 00223/00500 (44.60%) | loss: 4.556559 | lrm: 1.00 | dt: 17671.50ms | tok/sec: 59,337 | bf16_mfu: 37.11 | epoch: 1 | total time: 62.79m | eta: 81.7m
kind=muon
kind=muon
kind=muon
kind=muon
P:  torch.Size([13, 32])
S torch.Size([13, 13, 32])
P:  torch.Size([1664, 1664])
S torch.Size([26, 1664, 1664])
P:  torch.Size([1664, 6656])
S torch.Size([26, 1664, 6656])
P:  torch.Size([6656, 1664])
S torch.Size([26, 6656, 1664])
STIEFEL
kind=stiefel
step 00224/00500 (44.80%) | loss: 4.547225 | lrm: 1.00 | dt: 17669.14ms | tok/sec: 59,345 | bf16_mfu: 37.12 | epoch: 1 | total time: 63.08m | eta: 81.4m
kind=muon
kind=muon
kind=muon
kind=muon
P:  torch.Size([13, 32])
S torch.Size([13, 13, 32])
P:  torch.Size([1664, 1664])
S torch.Size([26, 1664, 1664])
P:  torch.Size([1664, 6656])
S torch.Size([26, 1664, 6656])
P:  torch.Size([6656, 1664])
S torch.Size([26, 6656, 1664])
STIEFEL
kind=stiefel
step 00225/00500 (45.00%) | loss: 4.535789 | lrm: 1.00 | dt: 17669.24ms | tok/sec: 59,344 | bf16_mfu: 37.11 | epoch: 1 | total time: 63.38m | eta: 81.1m
kind=muon
kind=muon
kind=muon
kind=muon
P:  torch.Size([13, 32])
S torch.Size([13, 13, 32])
P:  torch.Size([1664, 1664])
S torch.Size([26, 1664, 1664])
P:  torch.Size([1664, 6656])
S torch.Size([26, 1664, 6656])
P:  torch.Size([6656, 1664])
S torch.Size([26, 6656, 1664])
STIEFEL
kind=stiefel
step 00226/00500 (45.20%) | loss: 4.538700 | lrm: 1.00 | dt: 17676.29ms | tok/sec: 59,321 | bf16_mfu: 37.10 | epoch: 1 | total time: 63.67m | eta: 80.8m
kind=muon
kind=muon
kind=muon
kind=muon
P:  torch.Size([13, 32])
S torch.Size([13, 13, 32])
P:  torch.Size([1664, 1664])
S torch.Size([26, 1664, 1664])
P:  torch.Size([1664, 6656])
S torch.Size([26, 1664, 6656])
P:  torch.Size([6656, 1664])
S torch.Size([26, 6656, 1664])
STIEFEL
kind=stiefel
step 00227/00500 (45.40%) | loss: 4.533679 | lrm: 1.00 | dt: 17672.46ms | tok/sec: 59,333 | bf16_mfu: 37.11 | epoch: 1 | total time: 63.97m | eta: 80.5m
kind=muon
kind=muon
kind=muon
kind=muon
P:  torch.Size([13, 32])
S torch.Size([13, 13, 32])
P:  torch.Size([1664, 1664])
S torch.Size([26, 1664, 1664])
P:  torch.Size([1664, 6656])
S torch.Size([26, 1664, 6656])
P:  torch.Size([6656, 1664])
S torch.Size([26, 6656, 1664])
STIEFEL
kind=stiefel
step 00228/00500 (45.60%) | loss: 4.519992 | lrm: 1.00 | dt: 17678.68ms | tok/sec: 59,313 | bf16_mfu: 37.10 | epoch: 1 | total time: 64.26m | eta: 80.2m
kind=muon
kind=muon
kind=muon
kind=muon
P:  torch.Size([13, 32])
S torch.Size([13, 13, 32])
P:  torch.Size([1664, 1664])
S torch.Size([26, 1664, 1664])
P:  torch.Size([1664, 6656])
S torch.Size([26, 1664, 6656])
P:  torch.Size([6656, 1664])
S torch.Size([26, 6656, 1664])
STIEFEL
kind=stiefel
step 00229/00500 (45.80%) | loss: 4.506140 | lrm: 1.00 | dt: 17681.79ms | tok/sec: 59,302 | bf16_mfu: 37.09 | epoch: 1 | total time: 64.56m | eta: 79.9m
kind=muon
kind=muon
kind=muon
kind=muon
P:  torch.Size([13, 32])
S torch.Size([13, 13, 32])
P:  torch.Size([1664, 1664])
S torch.Size([26, 1664, 1664])
P:  torch.Size([1664, 6656])
S torch.Size([26, 1664, 6656])
P:  torch.Size([6656, 1664])
S torch.Size([26, 6656, 1664])
STIEFEL
kind=stiefel
step 00230/00500 (46.00%) | loss: 4.507917 | lrm: 1.00 | dt: 17660.23ms | tok/sec: 59,374 | bf16_mfu: 37.13 | epoch: 1 | total time: 64.85m | eta: 79.6m
kind=muon
kind=muon
kind=muon
kind=muon
P:  torch.Size([13, 32])
S torch.Size([13, 13, 32])
P:  torch.Size([1664, 1664])
S torch.Size([26, 1664, 1664])
P:  torch.Size([1664, 6656])
S torch.Size([26, 1664, 6656])
P:  torch.Size([6656, 1664])
S torch.Size([26, 6656, 1664])
STIEFEL
kind=stiefel
step 00231/00500 (46.20%) | loss: 4.513274 | lrm: 1.00 | dt: 17668.30ms | tok/sec: 59,347 | bf16_mfu: 37.12 | epoch: 1 | total time: 65.15m | eta: 79.3m
kind=muon
kind=muon
kind=muon
kind=muon
P:  torch.Size([13, 32])
S torch.Size([13, 13, 32])
P:  torch.Size([1664, 1664])
S torch.Size([26, 1664, 1664])
P:  torch.Size([1664, 6656])
S torch.Size([26, 1664, 6656])
P:  torch.Size([6656, 1664])
S torch.Size([26, 6656, 1664])
STIEFEL
kind=stiefel
step 00232/00500 (46.40%) | loss: 4.513353 | lrm: 1.00 | dt: 17673.10ms | tok/sec: 59,331 | bf16_mfu: 37.11 | epoch: 1 | total time: 65.44m | eta: 79.0m
kind=muon
kind=muon
kind=muon
kind=muon
P:  torch.Size([13, 32])
S torch.Size([13, 13, 32])
P:  torch.Size([1664, 1664])
S torch.Size([26, 1664, 1664])
P:  torch.Size([1664, 6656])
S torch.Size([26, 1664, 6656])
P:  torch.Size([6656, 1664])
S torch.Size([26, 6656, 1664])
STIEFEL
kind=stiefel
step 00233/00500 (46.60%) | loss: 4.492362 | lrm: 1.00 | dt: 17667.68ms | tok/sec: 59,349 | bf16_mfu: 37.12 | epoch: 1 | total time: 65.73m | eta: 78.7m
kind=muon
kind=muon
kind=muon
kind=muon
P:  torch.Size([13, 32])
S torch.Size([13, 13, 32])
P:  torch.Size([1664, 1664])
S torch.Size([26, 1664, 1664])
P:  torch.Size([1664, 6656])
S torch.Size([26, 1664, 6656])
P:  torch.Size([6656, 1664])
S torch.Size([26, 6656, 1664])
STIEFEL
kind=stiefel
step 00234/00500 (46.80%) | loss: 4.497469 | lrm: 1.00 | dt: 17671.75ms | tok/sec: 59,336 | bf16_mfu: 37.11 | epoch: 1 | total time: 66.03m | eta: 78.4m
kind=muon
kind=muon
kind=muon
kind=muon
P:  torch.Size([13, 32])
S torch.Size([13, 13, 32])
P:  torch.Size([1664, 1664])
S torch.Size([26, 1664, 1664])
P:  torch.Size([1664, 6656])
S torch.Size([26, 1664, 6656])
P:  torch.Size([6656, 1664])
S torch.Size([26, 6656, 1664])
STIEFEL
kind=stiefel
step 00235/00500 (47.00%) | loss: 4.495681 | lrm: 1.00 | dt: 17661.17ms | tok/sec: 59,371 | bf16_mfu: 37.13 | epoch: 1 | total time: 66.32m | eta: 78.1m
kind=muon
kind=muon
kind=muon
kind=muon
P:  torch.Size([13, 32])
S torch.Size([13, 13, 32])
P:  torch.Size([1664, 1664])
S torch.Size([26, 1664, 1664])
P:  torch.Size([1664, 6656])
S torch.Size([26, 1664, 6656])
P:  torch.Size([6656, 1664])
S torch.Size([26, 6656, 1664])
STIEFEL
kind=stiefel
step 00236/00500 (47.20%) | loss: 4.517080 | lrm: 1.00 | dt: 17668.37ms | tok/sec: 59,347 | bf16_mfu: 37.12 | epoch: 1 | total time: 66.62m | eta: 77.8m
kind=muon
kind=muon
kind=muon
kind=muon
P:  torch.Size([13, 32])
S torch.Size([13, 13, 32])
P:  torch.Size([1664, 1664])
S torch.Size([26, 1664, 1664])
P:  torch.Size([1664, 6656])
S torch.Size([26, 1664, 6656])
P:  torch.Size([6656, 1664])
S torch.Size([26, 6656, 1664])
STIEFEL
kind=stiefel
step 00237/00500 (47.40%) | loss: 4.512909 | lrm: 1.00 | dt: 17668.73ms | tok/sec: 59,346 | bf16_mfu: 37.12 | epoch: 1 | total time: 66.91m | eta: 77.5m
kind=muon
kind=muon
kind=muon
kind=muon
P:  torch.Size([13, 32])
S torch.Size([13, 13, 32])
P:  torch.Size([1664, 1664])
S torch.Size([26, 1664, 1664])
P:  torch.Size([1664, 6656])
S torch.Size([26, 1664, 6656])
P:  torch.Size([6656, 1664])
S torch.Size([26, 6656, 1664])
STIEFEL
kind=stiefel
step 00238/00500 (47.60%) | loss: 4.510969 | lrm: 1.00 | dt: 17672.78ms | tok/sec: 59,332 | bf16_mfu: 37.11 | epoch: 1 | total time: 67.21m | eta: 77.2m
kind=muon
kind=muon
kind=muon
kind=muon
P:  torch.Size([13, 32])
S torch.Size([13, 13, 32])
P:  torch.Size([1664, 1664])
S torch.Size([26, 1664, 1664])
P:  torch.Size([1664, 6656])
S torch.Size([26, 1664, 6656])
P:  torch.Size([6656, 1664])
S torch.Size([26, 6656, 1664])
STIEFEL
kind=stiefel
step 00239/00500 (47.80%) | loss: 4.504340 | lrm: 1.00 | dt: 17669.16ms | tok/sec: 59,344 | bf16_mfu: 37.12 | epoch: 1 | total time: 67.50m | eta: 76.9m
kind=muon
kind=muon
kind=muon
kind=muon
P:  torch.Size([13, 32])
S torch.Size([13, 13, 32])
P:  torch.Size([1664, 1664])
S torch.Size([26, 1664, 1664])
P:  torch.Size([1664, 6656])
S torch.Size([26, 1664, 6656])
P:  torch.Size([6656, 1664])
S torch.Size([26, 6656, 1664])
STIEFEL
kind=stiefel
step 00240/00500 (48.00%) | loss: 4.502759 | lrm: 1.00 | dt: 17674.57ms | tok/sec: 59,326 | bf16_mfu: 37.10 | epoch: 1 | total time: 67.80m | eta: 76.6m
kind=muon
kind=muon
kind=muon
kind=muon
P:  torch.Size([13, 32])
S torch.Size([13, 13, 32])
P:  torch.Size([1664, 1664])
S torch.Size([26, 1664, 1664])
P:  torch.Size([1664, 6656])
S torch.Size([26, 1664, 6656])
P:  torch.Size([6656, 1664])
S torch.Size([26, 6656, 1664])
STIEFEL
kind=stiefel
step 00241/00500 (48.20%) | loss: 4.494220 | lrm: 1.00 | dt: 17673.99ms | tok/sec: 59,328 | bf16_mfu: 37.10 | epoch: 1 | total time: 68.09m | eta: 76.3m
kind=muon
kind=muon
kind=muon
kind=muon
P:  torch.Size([13, 32])
S torch.Size([13, 13, 32])
P:  torch.Size([1664, 1664])
S torch.Size([26, 1664, 1664])
P:  torch.Size([1664, 6656])
S torch.Size([26, 1664, 6656])
P:  torch.Size([6656, 1664])
S torch.Size([26, 6656, 1664])
STIEFEL
kind=stiefel
step 00242/00500 (48.40%) | loss: 4.489547 | lrm: 1.00 | dt: 17672.26ms | tok/sec: 59,334 | bf16_mfu: 37.11 | epoch: 1 | total time: 68.38m | eta: 76.0m
kind=muon
kind=muon
kind=muon
kind=muon
P:  torch.Size([13, 32])
S torch.Size([13, 13, 32])
P:  torch.Size([1664, 1664])
S torch.Size([26, 1664, 1664])
P:  torch.Size([1664, 6656])
S torch.Size([26, 1664, 6656])
P:  torch.Size([6656, 1664])
S torch.Size([26, 6656, 1664])
STIEFEL
kind=stiefel
step 00243/00500 (48.60%) | loss: 4.487638 | lrm: 1.00 | dt: 17675.93ms | tok/sec: 59,322 | bf16_mfu: 37.10 | epoch: 1 | total time: 68.68m | eta: 75.8m
kind=muon
kind=muon
kind=muon
kind=muon
P:  torch.Size([13, 32])
S torch.Size([13, 13, 32])
P:  torch.Size([1664, 1664])
S torch.Size([26, 1664, 1664])
P:  torch.Size([1664, 6656])
S torch.Size([26, 1664, 6656])
P:  torch.Size([6656, 1664])
S torch.Size([26, 6656, 1664])
STIEFEL
kind=stiefel
step 00244/00500 (48.80%) | loss: 4.488314 | lrm: 1.00 | dt: 17666.30ms | tok/sec: 59,354 | bf16_mfu: 37.12 | epoch: 1 | total time: 68.97m | eta: 75.5m
kind=muon
kind=muon
kind=muon
kind=muon
P:  torch.Size([13, 32])
S torch.Size([13, 13, 32])
P:  torch.Size([1664, 1664])
S torch.Size([26, 1664, 1664])
P:  torch.Size([1664, 6656])
S torch.Size([26, 1664, 6656])
P:  torch.Size([6656, 1664])
S torch.Size([26, 6656, 1664])
STIEFEL
kind=stiefel
step 00245/00500 (49.00%) | loss: 4.480356 | lrm: 1.00 | dt: 17673.45ms | tok/sec: 59,330 | bf16_mfu: 37.11 | epoch: 1 | total time: 69.27m | eta: 75.2m
kind=muon
kind=muon
kind=muon
kind=muon
P:  torch.Size([13, 32])
S torch.Size([13, 13, 32])
P:  torch.Size([1664, 1664])
S torch.Size([26, 1664, 1664])
P:  torch.Size([1664, 6656])
S torch.Size([26, 1664, 6656])
P:  torch.Size([6656, 1664])
S torch.Size([26, 6656, 1664])
STIEFEL
kind=stiefel
step 00246/00500 (49.20%) | loss: 4.472820 | lrm: 1.00 | dt: 17673.97ms | tok/sec: 59,328 | bf16_mfu: 37.10 | epoch: 1 | total time: 69.56m | eta: 74.9m
kind=muon
kind=muon
kind=muon
kind=muon
P:  torch.Size([13, 32])
S torch.Size([13, 13, 32])
P:  torch.Size([1664, 1664])
S torch.Size([26, 1664, 1664])
P:  torch.Size([1664, 6656])
S torch.Size([26, 1664, 6656])
P:  torch.Size([6656, 1664])
S torch.Size([26, 6656, 1664])
STIEFEL
kind=stiefel
step 00247/00500 (49.40%) | loss: 4.464333 | lrm: 1.00 | dt: 17669.67ms | tok/sec: 59,343 | bf16_mfu: 37.11 | epoch: 1 | total time: 69.86m | eta: 74.6m
kind=muon
kind=muon
kind=muon
kind=muon
P:  torch.Size([13, 32])
S torch.Size([13, 13, 32])
P:  torch.Size([1664, 1664])
S torch.Size([26, 1664, 1664])
P:  torch.Size([1664, 6656])
S torch.Size([26, 1664, 6656])
P:  torch.Size([6656, 1664])
S torch.Size([26, 6656, 1664])
STIEFEL
kind=stiefel
step 00248/00500 (49.60%) | loss: 4.463578 | lrm: 1.00 | dt: 17674.95ms | tok/sec: 59,325 | bf16_mfu: 37.10 | epoch: 1 | total time: 70.15m | eta: 74.3m
kind=muon
kind=muon
kind=muon
kind=muon
P:  torch.Size([13, 32])
S torch.Size([13, 13, 32])
P:  torch.Size([1664, 1664])
S torch.Size([26, 1664, 1664])
P:  torch.Size([1664, 6656])
S torch.Size([26, 1664, 6656])
P:  torch.Size([6656, 1664])
S torch.Size([26, 6656, 1664])
STIEFEL
kind=stiefel
step 00249/00500 (49.80%) | loss: 4.450111 | lrm: 1.00 | dt: 17670.25ms | tok/sec: 59,341 | bf16_mfu: 37.11 | epoch: 1 | total time: 70.45m | eta: 74.0m
Step 00250 | Validation bpb: 1.317403
kind=muon
kind=muon
kind=muon
kind=muon
P:  torch.Size([13, 32])
S torch.Size([13, 13, 32])
P:  torch.Size([1664, 1664])
S torch.Size([26, 1664, 1664])
P:  torch.Size([1664, 6656])
S torch.Size([26, 1664, 6656])
P:  torch.Size([6656, 1664])
S torch.Size([26, 6656, 1664])
STIEFEL
kind=stiefel
step 00250/00500 (50.00%) | loss: 4.436561 | lrm: 1.00 | dt: 17685.48ms | tok/sec: 59,290 | bf16_mfu: 37.08 | epoch: 1 | total time: 70.74m | eta: 73.7m
kind=muon
kind=muon
kind=muon
kind=muon
P:  torch.Size([13, 32])
S torch.Size([13, 13, 32])
P:  torch.Size([1664, 1664])
S torch.Size([26, 1664, 1664])
P:  torch.Size([1664, 6656])
S torch.Size([26, 1664, 6656])
P:  torch.Size([6656, 1664])
S torch.Size([26, 6656, 1664])
STIEFEL
kind=stiefel
step 00251/00500 (50.20%) | loss: 4.431273 | lrm: 1.00 | dt: 17678.97ms | tok/sec: 59,312 | bf16_mfu: 37.09 | epoch: 1 | total time: 71.04m | eta: 73.4m
kind=muon
kind=muon
kind=muon
kind=muon
P:  torch.Size([13, 32])
S torch.Size([13, 13, 32])
P:  torch.Size([1664, 1664])
S torch.Size([26, 1664, 1664])
P:  torch.Size([1664, 6656])
S torch.Size([26, 1664, 6656])
P:  torch.Size([6656, 1664])
S torch.Size([26, 6656, 1664])
STIEFEL
kind=stiefel
step 00252/00500 (50.40%) | loss: 4.427329 | lrm: 0.99 | dt: 17682.04ms | tok/sec: 59,301 | bf16_mfu: 37.09 | epoch: 1 | total time: 71.33m | eta: 73.1m
kind=muon
kind=muon
kind=muon
kind=muon
P:  torch.Size([13, 32])
S torch.Size([13, 13, 32])
P:  torch.Size([1664, 1664])
S torch.Size([26, 1664, 1664])
P:  torch.Size([1664, 6656])
S torch.Size([26, 1664, 6656])
P:  torch.Size([6656, 1664])
S torch.Size([26, 6656, 1664])
STIEFEL
kind=stiefel
step 00253/00500 (50.60%) | loss: 4.415188 | lrm: 0.99 | dt: 17676.67ms | tok/sec: 59,319 | bf16_mfu: 37.10 | epoch: 1 | total time: 71.63m | eta: 72.8m
kind=muon
kind=muon
kind=muon
kind=muon
P:  torch.Size([13, 32])
S torch.Size([13, 13, 32])
P:  torch.Size([1664, 1664])
S torch.Size([26, 1664, 1664])
P:  torch.Size([1664, 6656])
S torch.Size([26, 1664, 6656])
P:  torch.Size([6656, 1664])
S torch.Size([26, 6656, 1664])
STIEFEL
kind=stiefel
step 00254/00500 (50.80%) | loss: 4.410540 | lrm: 0.98 | dt: 17685.69ms | tok/sec: 59,289 | bf16_mfu: 37.08 | epoch: 1 | total time: 71.92m | eta: 72.5m
kind=muon
kind=muon
kind=muon
kind=muon
P:  torch.Size([13, 32])
S torch.Size([13, 13, 32])
P:  torch.Size([1664, 1664])
S torch.Size([26, 1664, 1664])
P:  torch.Size([1664, 6656])
S torch.Size([26, 1664, 6656])
P:  torch.Size([6656, 1664])
S torch.Size([26, 6656, 1664])
STIEFEL
kind=stiefel
step 00255/00500 (51.00%) | loss: 4.398836 | lrm: 0.98 | dt: 17682.96ms | tok/sec: 59,298 | bf16_mfu: 37.09 | epoch: 1 | total time: 72.21m | eta: 72.2m
kind=muon
kind=muon
kind=muon
kind=muon
P:  torch.Size([13, 32])
S torch.Size([13, 13, 32])
P:  torch.Size([1664, 1664])
S torch.Size([26, 1664, 1664])
P:  torch.Size([1664, 6656])
S torch.Size([26, 1664, 6656])
P:  torch.Size([6656, 1664])
S torch.Size([26, 6656, 1664])
STIEFEL
kind=stiefel
step 00256/00500 (51.20%) | loss: 4.381231 | lrm: 0.98 | dt: 17681.55ms | tok/sec: 59,303 | bf16_mfu: 37.09 | epoch: 1 | total time: 72.51m | eta: 71.9m
kind=muon
kind=muon
kind=muon
kind=muon
P:  torch.Size([13, 32])
S torch.Size([13, 13, 32])
P:  torch.Size([1664, 1664])
S torch.Size([26, 1664, 1664])
P:  torch.Size([1664, 6656])
S torch.Size([26, 1664, 6656])
P:  torch.Size([6656, 1664])
S torch.Size([26, 6656, 1664])
STIEFEL
kind=stiefel
step 00257/00500 (51.40%) | loss: 4.375392 | lrm: 0.97 | dt: 17682.88ms | tok/sec: 59,298 | bf16_mfu: 37.09 | epoch: 1 | total time: 72.80m | eta: 71.6m
kind=muon
kind=muon
kind=muon
kind=muon
P:  torch.Size([13, 32])
S torch.Size([13, 13, 32])
P:  torch.Size([1664, 1664])
S torch.Size([26, 1664, 1664])
P:  torch.Size([1664, 6656])
S torch.Size([26, 1664, 6656])
P:  torch.Size([6656, 1664])
S torch.Size([26, 6656, 1664])
STIEFEL
kind=stiefel
step 00258/00500 (51.60%) | loss: 4.360054 | lrm: 0.97 | dt: 17686.97ms | tok/sec: 59,285 | bf16_mfu: 37.08 | epoch: 1 | total time: 73.10m | eta: 71.3m
kind=muon
kind=muon
kind=muon
kind=muon
P:  torch.Size([13, 32])
S torch.Size([13, 13, 32])
P:  torch.Size([1664, 1664])
S torch.Size([26, 1664, 1664])
P:  torch.Size([1664, 6656])
S torch.Size([26, 1664, 6656])
P:  torch.Size([6656, 1664])
S torch.Size([26, 6656, 1664])
STIEFEL
kind=stiefel
step 00259/00500 (51.80%) | loss: 4.347472 | lrm: 0.96 | dt: 17680.30ms | tok/sec: 59,307 | bf16_mfu: 37.09 | epoch: 1 | total time: 73.39m | eta: 71.0m
kind=muon
kind=muon
kind=muon
kind=muon
P:  torch.Size([13, 32])
S torch.Size([13, 13, 32])
P:  torch.Size([1664, 1664])
S torch.Size([26, 1664, 1664])
P:  torch.Size([1664, 6656])
S torch.Size([26, 1664, 6656])
P:  torch.Size([6656, 1664])
S torch.Size([26, 6656, 1664])
STIEFEL
kind=stiefel
step 00260/00500 (52.00%) | loss: 4.328443 | lrm: 0.96 | dt: 17685.47ms | tok/sec: 59,290 | bf16_mfu: 37.08 | epoch: 1 | total time: 73.69m | eta: 70.7m
kind=muon
kind=muon
kind=muon
kind=muon
P:  torch.Size([13, 32])
S torch.Size([13, 13, 32])
P:  torch.Size([1664, 1664])
S torch.Size([26, 1664, 1664])
P:  torch.Size([1664, 6656])
S torch.Size([26, 1664, 6656])
P:  torch.Size([6656, 1664])
S torch.Size([26, 6656, 1664])
STIEFEL
kind=stiefel
step 00261/00500 (52.20%) | loss: 4.325008 | lrm: 0.96 | dt: 17681.07ms | tok/sec: 59,305 | bf16_mfu: 37.09 | epoch: 1 | total time: 73.98m | eta: 70.4m
kind=muon
kind=muon
kind=muon
kind=muon
P:  torch.Size([13, 32])
S torch.Size([13, 13, 32])
P:  torch.Size([1664, 1664])
S torch.Size([26, 1664, 1664])
P:  torch.Size([1664, 6656])
S torch.Size([26, 1664, 6656])
P:  torch.Size([6656, 1664])
S torch.Size([26, 6656, 1664])
STIEFEL
kind=stiefel
step 00262/00500 (52.40%) | loss: 4.314346 | lrm: 0.95 | dt: 17687.26ms | tok/sec: 59,284 | bf16_mfu: 37.08 | epoch: 1 | total time: 74.28m | eta: 70.2m
kind=muon
kind=muon
kind=muon
kind=muon
P:  torch.Size([13, 32])
S torch.Size([13, 13, 32])
P:  torch.Size([1664, 1664])
S torch.Size([26, 1664, 1664])
P:  torch.Size([1664, 6656])
S torch.Size([26, 1664, 6656])
P:  torch.Size([6656, 1664])
S torch.Size([26, 6656, 1664])
STIEFEL
kind=stiefel
step 00263/00500 (52.60%) | loss: 4.290931 | lrm: 0.95 | dt: 17688.90ms | tok/sec: 59,278 | bf16_mfu: 37.07 | epoch: 1 | total time: 74.57m | eta: 69.9m
kind=muon
kind=muon
kind=muon
kind=muon
P:  torch.Size([13, 32])
S torch.Size([13, 13, 32])
P:  torch.Size([1664, 1664])
S torch.Size([26, 1664, 1664])
P:  torch.Size([1664, 6656])
S torch.Size([26, 1664, 6656])
P:  torch.Size([6656, 1664])
S torch.Size([26, 6656, 1664])
STIEFEL
kind=stiefel
step 00264/00500 (52.80%) | loss: 4.280711 | lrm: 0.94 | dt: 17679.25ms | tok/sec: 59,311 | bf16_mfu: 37.09 | epoch: 1 | total time: 74.87m | eta: 69.6m
kind=muon
kind=muon
kind=muon
kind=muon
P:  torch.Size([13, 32])
S torch.Size([13, 13, 32])
P:  torch.Size([1664, 1664])
S torch.Size([26, 1664, 1664])
P:  torch.Size([1664, 6656])
S torch.Size([26, 1664, 6656])
P:  torch.Size([6656, 1664])
S torch.Size([26, 6656, 1664])
STIEFEL
kind=stiefel
step 00265/00500 (53.00%) | loss: 4.273979 | lrm: 0.94 | dt: 17676.90ms | tok/sec: 59,319 | bf16_mfu: 37.10 | epoch: 1 | total time: 75.16m | eta: 69.3m
kind=muon
kind=muon
kind=muon
kind=muon
P:  torch.Size([13, 32])
S torch.Size([13, 13, 32])
P:  torch.Size([1664, 1664])
S torch.Size([26, 1664, 1664])
P:  torch.Size([1664, 6656])
S torch.Size([26, 1664, 6656])
P:  torch.Size([6656, 1664])
S torch.Size([26, 6656, 1664])
STIEFEL
kind=stiefel
step 00266/00500 (53.20%) | loss: 4.276581 | lrm: 0.94 | dt: 17684.42ms | tok/sec: 59,293 | bf16_mfu: 37.08 | epoch: 1 | total time: 75.46m | eta: 69.0m
kind=muon
kind=muon
kind=muon
kind=muon
P:  torch.Size([13, 32])
S torch.Size([13, 13, 32])
P:  torch.Size([1664, 1664])
S torch.Size([26, 1664, 1664])
P:  torch.Size([1664, 6656])
S torch.Size([26, 1664, 6656])
P:  torch.Size([6656, 1664])
S torch.Size([26, 6656, 1664])
STIEFEL
kind=stiefel
step 00267/00500 (53.40%) | loss: 4.268996 | lrm: 0.93 | dt: 17687.49ms | tok/sec: 59,283 | bf16_mfu: 37.08 | epoch: 1 | total time: 75.75m | eta: 68.7m
kind=muon
kind=muon
kind=muon
kind=muon
P:  torch.Size([13, 32])
S torch.Size([13, 13, 32])
P:  torch.Size([1664, 1664])
S torch.Size([26, 1664, 1664])
P:  torch.Size([1664, 6656])
S torch.Size([26, 1664, 6656])
P:  torch.Size([6656, 1664])
S torch.Size([26, 6656, 1664])
STIEFEL
kind=stiefel
step 00268/00500 (53.60%) | loss: 4.257467 | lrm: 0.93 | dt: 17689.56ms | tok/sec: 59,276 | bf16_mfu: 37.07 | epoch: 1 | total time: 76.05m | eta: 68.4m
kind=muon
kind=muon
kind=muon
kind=muon
P:  torch.Size([13, 32])
S torch.Size([13, 13, 32])
P:  torch.Size([1664, 1664])
S torch.Size([26, 1664, 1664])
P:  torch.Size([1664, 6656])
S torch.Size([26, 1664, 6656])
P:  torch.Size([6656, 1664])
S torch.Size([26, 6656, 1664])
STIEFEL
kind=stiefel
step 00269/00500 (53.80%) | loss: 4.250355 | lrm: 0.92 | dt: 17676.44ms | tok/sec: 59,320 | bf16_mfu: 37.10 | epoch: 1 | total time: 76.34m | eta: 68.1m
kind=muon
kind=muon
kind=muon
kind=muon
P:  torch.Size([13, 32])
S torch.Size([13, 13, 32])
P:  torch.Size([1664, 1664])
S torch.Size([26, 1664, 1664])
P:  torch.Size([1664, 6656])
S torch.Size([26, 1664, 6656])
P:  torch.Size([6656, 1664])
S torch.Size([26, 6656, 1664])
STIEFEL
kind=stiefel
step 00270/00500 (54.00%) | loss: 4.223520 | lrm: 0.92 | dt: 17676.81ms | tok/sec: 59,319 | bf16_mfu: 37.10 | epoch: 1 | total time: 76.64m | eta: 67.8m
kind=muon
kind=muon
kind=muon
kind=muon
P:  torch.Size([13, 32])
S torch.Size([13, 13, 32])
P:  torch.Size([1664, 1664])
S torch.Size([26, 1664, 1664])
P:  torch.Size([1664, 6656])
S torch.Size([26, 1664, 6656])
P:  torch.Size([6656, 1664])
S torch.Size([26, 6656, 1664])
STIEFEL
kind=stiefel
step 00271/00500 (54.20%) | loss: 4.210265 | lrm: 0.92 | dt: 17678.50ms | tok/sec: 59,313 | bf16_mfu: 37.10 | epoch: 1 | total time: 76.93m | eta: 67.5m
kind=muon
kind=muon
kind=muon
kind=muon
P:  torch.Size([13, 32])
S torch.Size([13, 13, 32])
P:  torch.Size([1664, 1664])
S torch.Size([26, 1664, 1664])
P:  torch.Size([1664, 6656])
S torch.Size([26, 1664, 6656])
P:  torch.Size([6656, 1664])
S torch.Size([26, 6656, 1664])
STIEFEL
kind=stiefel
step 00272/00500 (54.40%) | loss: 4.201250 | lrm: 0.91 | dt: 17665.29ms | tok/sec: 59,357 | bf16_mfu: 37.12 | epoch: 1 | total time: 77.22m | eta: 67.2m
kind=muon
kind=muon
kind=muon
kind=muon
P:  torch.Size([13, 32])
S torch.Size([13, 13, 32])
P:  torch.Size([1664, 1664])
S torch.Size([26, 1664, 1664])
P:  torch.Size([1664, 6656])
S torch.Size([26, 1664, 6656])
P:  torch.Size([6656, 1664])
S torch.Size([26, 6656, 1664])
STIEFEL
kind=stiefel
step 00273/00500 (54.60%) | loss: 4.184001 | lrm: 0.91 | dt: 17672.52ms | tok/sec: 59,333 | bf16_mfu: 37.11 | epoch: 1 | total time: 77.52m | eta: 66.9m
kind=muon
kind=muon
kind=muon
kind=muon
P:  torch.Size([13, 32])
S torch.Size([13, 13, 32])
P:  torch.Size([1664, 1664])
S torch.Size([26, 1664, 1664])
P:  torch.Size([1664, 6656])
S torch.Size([26, 1664, 6656])
P:  torch.Size([6656, 1664])
S torch.Size([26, 6656, 1664])
STIEFEL
kind=stiefel
step 00274/00500 (54.80%) | loss: 4.172660 | lrm: 0.90 | dt: 17664.27ms | tok/sec: 59,361 | bf16_mfu: 37.13 | epoch: 1 | total time: 77.81m | eta: 66.6m
kind=muon
kind=muon
kind=muon
kind=muon
P:  torch.Size([13, 32])
S torch.Size([13, 13, 32])
P:  torch.Size([1664, 1664])
S torch.Size([26, 1664, 1664])
P:  torch.Size([1664, 6656])
S torch.Size([26, 1664, 6656])
P:  torch.Size([6656, 1664])
S torch.Size([26, 6656, 1664])
STIEFEL
kind=stiefel
step 00275/00500 (55.00%) | loss: 4.163984 | lrm: 0.90 | dt: 17653.50ms | tok/sec: 59,397 | bf16_mfu: 37.15 | epoch: 1 | total time: 78.11m | eta: 66.3m
kind=muon
kind=muon
kind=muon
kind=muon
P:  torch.Size([13, 32])
S torch.Size([13, 13, 32])
P:  torch.Size([1664, 1664])
S torch.Size([26, 1664, 1664])
P:  torch.Size([1664, 6656])
S torch.Size([26, 1664, 6656])
P:  torch.Size([6656, 1664])
S torch.Size([26, 6656, 1664])
STIEFEL
kind=stiefel
step 00276/00500 (55.20%) | loss: 4.159440 | lrm: 0.90 | dt: 17661.55ms | tok/sec: 59,370 | bf16_mfu: 37.13 | epoch: 1 | total time: 78.40m | eta: 66.0m
kind=muon
kind=muon
kind=muon
kind=muon
P:  torch.Size([13, 32])
S torch.Size([13, 13, 32])
P:  torch.Size([1664, 1664])
S torch.Size([26, 1664, 1664])
P:  torch.Size([1664, 6656])
S torch.Size([26, 1664, 6656])
P:  torch.Size([6656, 1664])
S torch.Size([26, 6656, 1664])
STIEFEL
kind=stiefel
step 00277/00500 (55.40%) | loss: 4.147759 | lrm: 0.89 | dt: 17650.21ms | tok/sec: 59,408 | bf16_mfu: 37.15 | epoch: 1 | total time: 78.70m | eta: 65.7m
kind=muon
kind=muon
kind=muon
kind=muon
P:  torch.Size([13, 32])
S torch.Size([13, 13, 32])
P:  torch.Size([1664, 1664])
S torch.Size([26, 1664, 1664])
P:  torch.Size([1664, 6656])
S torch.Size([26, 1664, 6656])
P:  torch.Size([6656, 1664])
S torch.Size([26, 6656, 1664])
STIEFEL
kind=stiefel
step 00278/00500 (55.60%) | loss: 4.147964 | lrm: 0.89 | dt: 17650.43ms | tok/sec: 59,407 | bf16_mfu: 37.15 | epoch: 1 | total time: 78.99m | eta: 65.4m
kind=muon
kind=muon
kind=muon
kind=muon
P:  torch.Size([13, 32])
S torch.Size([13, 13, 32])
P:  torch.Size([1664, 1664])
S torch.Size([26, 1664, 1664])
P:  torch.Size([1664, 6656])
S torch.Size([26, 1664, 6656])
P:  torch.Size([6656, 1664])
S torch.Size([26, 6656, 1664])
STIEFEL
kind=stiefel
step 00279/00500 (55.80%) | loss: 4.130911 | lrm: 0.88 | dt: 17653.45ms | tok/sec: 59,397 | bf16_mfu: 37.15 | epoch: 1 | total time: 79.28m | eta: 65.1m
kind=muon
kind=muon
kind=muon
kind=muon
P:  torch.Size([13, 32])
S torch.Size([13, 13, 32])
P:  torch.Size([1664, 1664])
S torch.Size([26, 1664, 1664])
P:  torch.Size([1664, 6656])
S torch.Size([26, 1664, 6656])
P:  torch.Size([6656, 1664])
S torch.Size([26, 6656, 1664])
STIEFEL
kind=stiefel
step 00280/00500 (56.00%) | loss: 4.113237 | lrm: 0.88 | dt: 17650.22ms | tok/sec: 59,408 | bf16_mfu: 37.15 | epoch: 1 | total time: 79.58m | eta: 64.8m
kind=muon
kind=muon
kind=muon
kind=muon
P:  torch.Size([13, 32])
S torch.Size([13, 13, 32])
P:  torch.Size([1664, 1664])
S torch.Size([26, 1664, 1664])
P:  torch.Size([1664, 6656])
S torch.Size([26, 1664, 6656])
P:  torch.Size([6656, 1664])
S torch.Size([26, 6656, 1664])
STIEFEL
kind=stiefel
step 00281/00500 (56.20%) | loss: 4.101631 | lrm: 0.88 | dt: 17653.12ms | tok/sec: 59,398 | bf16_mfu: 37.15 | epoch: 1 | total time: 79.87m | eta: 64.5m
kind=muon
kind=muon
kind=muon
kind=muon
P:  torch.Size([13, 32])
S torch.Size([13, 13, 32])
P:  torch.Size([1664, 1664])
S torch.Size([26, 1664, 1664])
P:  torch.Size([1664, 6656])
S torch.Size([26, 1664, 6656])
P:  torch.Size([6656, 1664])
S torch.Size([26, 6656, 1664])
STIEFEL
kind=stiefel
step 00282/00500 (56.40%) | loss: 4.083179 | lrm: 0.87 | dt: 17651.77ms | tok/sec: 59,403 | bf16_mfu: 37.15 | epoch: 1 | total time: 80.17m | eta: 64.3m
kind=muon
kind=muon
kind=muon
kind=muon
P:  torch.Size([13, 32])
S torch.Size([13, 13, 32])
P:  torch.Size([1664, 1664])
S torch.Size([26, 1664, 1664])
P:  torch.Size([1664, 6656])
S torch.Size([26, 1664, 6656])
P:  torch.Size([6656, 1664])
S torch.Size([26, 6656, 1664])
STIEFEL
kind=stiefel
step 00283/00500 (56.60%) | loss: 4.074866 | lrm: 0.87 | dt: 17657.90ms | tok/sec: 59,382 | bf16_mfu: 37.14 | epoch: 1 | total time: 80.46m | eta: 64.0m
kind=muon
kind=muon
kind=muon
kind=muon
P:  torch.Size([13, 32])
S torch.Size([13, 13, 32])
P:  torch.Size([1664, 1664])
S torch.Size([26, 1664, 1664])
P:  torch.Size([1664, 6656])
S torch.Size([26, 1664, 6656])
P:  torch.Size([6656, 1664])
S torch.Size([26, 6656, 1664])
STIEFEL
kind=stiefel
step 00284/00500 (56.80%) | loss: 4.065585 | lrm: 0.86 | dt: 17661.38ms | tok/sec: 59,371 | bf16_mfu: 37.13 | epoch: 1 | total time: 80.76m | eta: 63.7m
kind=muon
kind=muon
kind=muon
kind=muon
P:  torch.Size([13, 32])
S torch.Size([13, 13, 32])
P:  torch.Size([1664, 1664])
S torch.Size([26, 1664, 1664])
P:  torch.Size([1664, 6656])
S torch.Size([26, 1664, 6656])
P:  torch.Size([6656, 1664])
S torch.Size([26, 6656, 1664])
STIEFEL
kind=stiefel
step 00285/00500 (57.00%) | loss: 4.051396 | lrm: 0.86 | dt: 17656.78ms | tok/sec: 59,386 | bf16_mfu: 37.14 | epoch: 1 | total time: 81.05m | eta: 63.4m
kind=muon
kind=muon
kind=muon
kind=muon
P:  torch.Size([13, 32])
S torch.Size([13, 13, 32])
P:  torch.Size([1664, 1664])
S torch.Size([26, 1664, 1664])
P:  torch.Size([1664, 6656])
S torch.Size([26, 1664, 6656])
P:  torch.Size([6656, 1664])
S torch.Size([26, 6656, 1664])
STIEFEL
kind=stiefel
step 00286/00500 (57.20%) | loss: 4.056914 | lrm: 0.86 | dt: 17659.64ms | tok/sec: 59,376 | bf16_mfu: 37.14 | epoch: 1 | total time: 81.34m | eta: 63.1m
kind=muon
kind=muon
kind=muon
kind=muon
P:  torch.Size([13, 32])
S torch.Size([13, 13, 32])
P:  torch.Size([1664, 1664])
S torch.Size([26, 1664, 1664])
P:  torch.Size([1664, 6656])
S torch.Size([26, 1664, 6656])
P:  torch.Size([6656, 1664])
S torch.Size([26, 6656, 1664])
STIEFEL
kind=stiefel
step 00287/00500 (57.40%) | loss: 4.051727 | lrm: 0.85 | dt: 17653.76ms | tok/sec: 59,396 | bf16_mfu: 37.15 | epoch: 1 | total time: 81.64m | eta: 62.8m
kind=muon
kind=muon
kind=muon
kind=muon
P:  torch.Size([13, 32])
S torch.Size([13, 13, 32])
P:  torch.Size([1664, 1664])
S torch.Size([26, 1664, 1664])
P:  torch.Size([1664, 6656])
S torch.Size([26, 1664, 6656])
P:  torch.Size([6656, 1664])
S torch.Size([26, 6656, 1664])
STIEFEL
kind=stiefel
step 00288/00500 (57.60%) | loss: 4.045731 | lrm: 0.85 | dt: 17650.62ms | tok/sec: 59,407 | bf16_mfu: 37.15 | epoch: 1 | total time: 81.93m | eta: 62.5m
kind=muon
kind=muon
kind=muon
kind=muon
P:  torch.Size([13, 32])
S torch.Size([13, 13, 32])
P:  torch.Size([1664, 1664])
S torch.Size([26, 1664, 1664])
P:  torch.Size([1664, 6656])
S torch.Size([26, 1664, 6656])
P:  torch.Size([6656, 1664])
S torch.Size([26, 6656, 1664])
STIEFEL
kind=stiefel
step 00289/00500 (57.80%) | loss: 4.025735 | lrm: 0.84 | dt: 17646.06ms | tok/sec: 59,422 | bf16_mfu: 37.16 | epoch: 1 | total time: 82.23m | eta: 62.2m
kind=muon
kind=muon
kind=muon
kind=muon
P:  torch.Size([13, 32])
S torch.Size([13, 13, 32])
P:  torch.Size([1664, 1664])
S torch.Size([26, 1664, 1664])
P:  torch.Size([1664, 6656])
S torch.Size([26, 1664, 6656])
P:  torch.Size([6656, 1664])
S torch.Size([26, 6656, 1664])
STIEFEL
kind=stiefel
step 00290/00500 (58.00%) | loss: 4.027669 | lrm: 0.84 | dt: 17653.95ms | tok/sec: 59,396 | bf16_mfu: 37.15 | epoch: 1 | total time: 82.52m | eta: 61.9m
kind=muon
kind=muon
kind=muon
kind=muon
P:  torch.Size([13, 32])
S torch.Size([13, 13, 32])
P:  torch.Size([1664, 1664])
S torch.Size([26, 1664, 1664])
P:  torch.Size([1664, 6656])
S torch.Size([26, 1664, 6656])
P:  torch.Size([6656, 1664])
S torch.Size([26, 6656, 1664])
STIEFEL
kind=stiefel
step 00291/00500 (58.20%) | loss: 4.016494 | lrm: 0.84 | dt: 17651.72ms | tok/sec: 59,403 | bf16_mfu: 37.15 | epoch: 1 | total time: 82.82m | eta: 61.6m
kind=muon
kind=muon
kind=muon
kind=muon
P:  torch.Size([13, 32])
S torch.Size([13, 13, 32])
P:  torch.Size([1664, 1664])
S torch.Size([26, 1664, 1664])
P:  torch.Size([1664, 6656])
S torch.Size([26, 1664, 6656])
P:  torch.Size([6656, 1664])
S torch.Size([26, 6656, 1664])
STIEFEL
kind=stiefel
step 00292/00500 (58.40%) | loss: 4.003263 | lrm: 0.83 | dt: 17647.65ms | tok/sec: 59,417 | bf16_mfu: 37.16 | epoch: 1 | total time: 83.11m | eta: 61.3m
kind=muon
kind=muon
kind=muon
kind=muon
P:  torch.Size([13, 32])
S torch.Size([13, 13, 32])
P:  torch.Size([1664, 1664])
S torch.Size([26, 1664, 1664])
P:  torch.Size([1664, 6656])
S torch.Size([26, 1664, 6656])
P:  torch.Size([6656, 1664])
S torch.Size([26, 6656, 1664])
STIEFEL
kind=stiefel
step 00293/00500 (58.60%) | loss: 3.997276 | lrm: 0.83 | dt: 17659.41ms | tok/sec: 59,377 | bf16_mfu: 37.14 | epoch: 1 | total time: 83.40m | eta: 61.0m
kind=muon
kind=muon
kind=muon
kind=muon
P:  torch.Size([13, 32])
S torch.Size([13, 13, 32])
P:  torch.Size([1664, 1664])
S torch.Size([26, 1664, 1664])
P:  torch.Size([1664, 6656])
S torch.Size([26, 1664, 6656])
P:  torch.Size([6656, 1664])
S torch.Size([26, 6656, 1664])
STIEFEL
kind=stiefel
step 00294/00500 (58.80%) | loss: 3.984452 | lrm: 0.82 | dt: 17654.28ms | tok/sec: 59,394 | bf16_mfu: 37.15 | epoch: 1 | total time: 83.70m | eta: 60.7m
kind=muon
kind=muon
kind=muon
kind=muon
P:  torch.Size([13, 32])
S torch.Size([13, 13, 32])
P:  torch.Size([1664, 1664])
S torch.Size([26, 1664, 1664])
P:  torch.Size([1664, 6656])
S torch.Size([26, 1664, 6656])
P:  torch.Size([6656, 1664])
S torch.Size([26, 6656, 1664])
STIEFEL
kind=stiefel
step 00295/00500 (59.00%) | loss: 3.977790 | lrm: 0.82 | dt: 17646.03ms | tok/sec: 59,422 | bf16_mfu: 37.16 | epoch: 1 | total time: 83.99m | eta: 60.4m
kind=muon
kind=muon
kind=muon
kind=muon
P:  torch.Size([13, 32])
S torch.Size([13, 13, 32])
P:  torch.Size([1664, 1664])
S torch.Size([26, 1664, 1664])
P:  torch.Size([1664, 6656])
S torch.Size([26, 1664, 6656])
P:  torch.Size([6656, 1664])
S torch.Size([26, 6656, 1664])
STIEFEL
kind=stiefel
step 00296/00500 (59.20%) | loss: 3.982033 | lrm: 0.82 | dt: 17660.82ms | tok/sec: 59,373 | bf16_mfu: 37.13 | epoch: 1 | total time: 84.29m | eta: 60.1m
kind=muon
kind=muon
kind=muon
kind=muon
P:  torch.Size([13, 32])
S torch.Size([13, 13, 32])
P:  torch.Size([1664, 1664])
S torch.Size([26, 1664, 1664])
P:  torch.Size([1664, 6656])
S torch.Size([26, 1664, 6656])
P:  torch.Size([6656, 1664])
S torch.Size([26, 6656, 1664])
STIEFEL
kind=stiefel
step 00297/00500 (59.40%) | loss: 3.964229 | lrm: 0.81 | dt: 17657.67ms | tok/sec: 59,383 | bf16_mfu: 37.14 | epoch: 1 | total time: 84.58m | eta: 59.8m
kind=muon
kind=muon
kind=muon
kind=muon
P:  torch.Size([13, 32])
S torch.Size([13, 13, 32])
P:  torch.Size([1664, 1664])
S torch.Size([26, 1664, 1664])
P:  torch.Size([1664, 6656])
S torch.Size([26, 1664, 6656])
P:  torch.Size([6656, 1664])
S torch.Size([26, 6656, 1664])
STIEFEL
kind=stiefel
step 00298/00500 (59.60%) | loss: 3.959096 | lrm: 0.81 | dt: 17666.60ms | tok/sec: 59,353 | bf16_mfu: 37.12 | epoch: 1 | total time: 84.88m | eta: 59.5m
kind=muon
kind=muon
kind=muon
kind=muon
P:  torch.Size([13, 32])
S torch.Size([13, 13, 32])
P:  torch.Size([1664, 1664])
S torch.Size([26, 1664, 1664])
P:  torch.Size([1664, 6656])
S torch.Size([26, 1664, 6656])
P:  torch.Size([6656, 1664])
S torch.Size([26, 6656, 1664])
STIEFEL
kind=stiefel
step 00299/00500 (59.80%) | loss: 3.946642 | lrm: 0.80 | dt: 17680.57ms | tok/sec: 59,306 | bf16_mfu: 37.09 | epoch: 1 | total time: 85.17m | eta: 59.2m
kind=muon
kind=muon
kind=muon
kind=muon
P:  torch.Size([13, 32])
S torch.Size([13, 13, 32])
P:  torch.Size([1664, 1664])
S torch.Size([26, 1664, 1664])
P:  torch.Size([1664, 6656])
S torch.Size([26, 1664, 6656])
P:  torch.Size([6656, 1664])
S torch.Size([26, 6656, 1664])
STIEFEL
kind=stiefel
step 00300/00500 (60.00%) | loss: 3.929810 | lrm: 0.80 | dt: 17680.65ms | tok/sec: 59,306 | bf16_mfu: 37.09 | epoch: 1 | total time: 85.46m | eta: 58.9m
kind=muon
kind=muon
kind=muon
kind=muon
P:  torch.Size([13, 32])
S torch.Size([13, 13, 32])
P:  torch.Size([1664, 1664])
S torch.Size([26, 1664, 1664])
P:  torch.Size([1664, 6656])
S torch.Size([26, 1664, 6656])
P:  torch.Size([6656, 1664])
S torch.Size([26, 6656, 1664])
STIEFEL
kind=stiefel
step 00301/00500 (60.20%) | loss: 3.916405 | lrm: 0.80 | dt: 17678.59ms | tok/sec: 59,313 | bf16_mfu: 37.10 | epoch: 1 | total time: 85.76m | eta: 58.6m
kind=muon
kind=muon
kind=muon
kind=muon
P:  torch.Size([13, 32])
S torch.Size([13, 13, 32])
P:  torch.Size([1664, 1664])
S torch.Size([26, 1664, 1664])
P:  torch.Size([1664, 6656])
S torch.Size([26, 1664, 6656])
P:  torch.Size([6656, 1664])
S torch.Size([26, 6656, 1664])
STIEFEL
kind=stiefel
step 00302/00500 (60.40%) | loss: 3.899988 | lrm: 0.79 | dt: 17688.42ms | tok/sec: 59,280 | bf16_mfu: 37.07 | epoch: 1 | total time: 86.05m | eta: 58.4m
kind=muon
kind=muon
kind=muon
kind=muon
P:  torch.Size([13, 32])
S torch.Size([13, 13, 32])
P:  torch.Size([1664, 1664])
S torch.Size([26, 1664, 1664])
P:  torch.Size([1664, 6656])
S torch.Size([26, 1664, 6656])
P:  torch.Size([6656, 1664])
S torch.Size([26, 6656, 1664])
STIEFEL
kind=stiefel
step 00303/00500 (60.60%) | loss: 3.892369 | lrm: 0.79 | dt: 17682.34ms | tok/sec: 59,300 | bf16_mfu: 37.09 | epoch: 1 | total time: 86.35m | eta: 58.1m
kind=muon
kind=muon
kind=muon
kind=muon
P:  torch.Size([13, 32])
S torch.Size([13, 13, 32])
P:  torch.Size([1664, 1664])
S torch.Size([26, 1664, 1664])
P:  torch.Size([1664, 6656])
S torch.Size([26, 1664, 6656])
P:  torch.Size([6656, 1664])
S torch.Size([26, 6656, 1664])
STIEFEL
kind=stiefel
step 00304/00500 (60.80%) | loss: 3.880884 | lrm: 0.78 | dt: 17686.12ms | tok/sec: 59,288 | bf16_mfu: 37.08 | epoch: 1 | total time: 86.64m | eta: 57.8m
kind=muon
kind=muon
kind=muon
kind=muon
P:  torch.Size([13, 32])
S torch.Size([13, 13, 32])
P:  torch.Size([1664, 1664])
S torch.Size([26, 1664, 1664])
P:  torch.Size([1664, 6656])
S torch.Size([26, 1664, 6656])
P:  torch.Size([6656, 1664])
S torch.Size([26, 6656, 1664])
STIEFEL
kind=stiefel
step 00305/00500 (61.00%) | loss: 3.871432 | lrm: 0.78 | dt: 17679.50ms | tok/sec: 59,310 | bf16_mfu: 37.09 | epoch: 1 | total time: 86.94m | eta: 57.5m
kind=muon
kind=muon
kind=muon
kind=muon
P:  torch.Size([13, 32])
S torch.Size([13, 13, 32])
P:  torch.Size([1664, 1664])
S torch.Size([26, 1664, 1664])
P:  torch.Size([1664, 6656])
S torch.Size([26, 1664, 6656])
P:  torch.Size([6656, 1664])
S torch.Size([26, 6656, 1664])
STIEFEL
kind=stiefel
step 00306/00500 (61.20%) | loss: 3.884618 | lrm: 0.78 | dt: 17677.29ms | tok/sec: 59,317 | bf16_mfu: 37.10 | epoch: 1 | total time: 87.23m | eta: 57.2m
kind=muon
kind=muon
kind=muon
kind=muon
P:  torch.Size([13, 32])
S torch.Size([13, 13, 32])
P:  torch.Size([1664, 1664])
S torch.Size([26, 1664, 1664])
P:  torch.Size([1664, 6656])
S torch.Size([26, 1664, 6656])
P:  torch.Size([6656, 1664])
S torch.Size([26, 6656, 1664])
STIEFEL
kind=stiefel
step 00307/00500 (61.40%) | loss: 3.885329 | lrm: 0.77 | dt: 17679.59ms | tok/sec: 59,309 | bf16_mfu: 37.09 | epoch: 1 | total time: 87.53m | eta: 56.9m
kind=muon
kind=muon
kind=muon
kind=muon
P:  torch.Size([13, 32])
S torch.Size([13, 13, 32])
P:  torch.Size([1664, 1664])
S torch.Size([26, 1664, 1664])
P:  torch.Size([1664, 6656])
S torch.Size([26, 1664, 6656])
P:  torch.Size([6656, 1664])
S torch.Size([26, 6656, 1664])
STIEFEL
kind=stiefel
step 00308/00500 (61.60%) | loss: 3.888988 | lrm: 0.77 | dt: 17678.05ms | tok/sec: 59,315 | bf16_mfu: 37.10 | epoch: 1 | total time: 87.82m | eta: 56.6m
kind=muon
kind=muon
kind=muon
kind=muon
P:  torch.Size([13, 32])
S torch.Size([13, 13, 32])
P:  torch.Size([1664, 1664])
S torch.Size([26, 1664, 1664])
P:  torch.Size([1664, 6656])
S torch.Size([26, 1664, 6656])
P:  torch.Size([6656, 1664])
S torch.Size([26, 6656, 1664])
STIEFEL
kind=stiefel
step 00309/00500 (61.80%) | loss: 3.885193 | lrm: 0.76 | dt: 17682.71ms | tok/sec: 59,299 | bf16_mfu: 37.09 | epoch: 1 | total time: 88.12m | eta: 56.3m
kind=muon
kind=muon
kind=muon
kind=muon
P:  torch.Size([13, 32])
S torch.Size([13, 13, 32])
P:  torch.Size([1664, 1664])
S torch.Size([26, 1664, 1664])
P:  torch.Size([1664, 6656])
S torch.Size([26, 1664, 6656])
P:  torch.Size([6656, 1664])
S torch.Size([26, 6656, 1664])
STIEFEL
kind=stiefel
step 00310/00500 (62.00%) | loss: 3.880251 | lrm: 0.76 | dt: 17684.04ms | tok/sec: 59,295 | bf16_mfu: 37.08 | epoch: 1 | total time: 88.41m | eta: 56.0m
kind=muon
kind=muon
kind=muon
kind=muon
P:  torch.Size([13, 32])
S torch.Size([13, 13, 32])
P:  torch.Size([1664, 1664])
S torch.Size([26, 1664, 1664])
P:  torch.Size([1664, 6656])
S torch.Size([26, 1664, 6656])
P:  torch.Size([6656, 1664])
S torch.Size([26, 6656, 1664])
STIEFEL
kind=stiefel
step 00311/00500 (62.20%) | loss: 3.861202 | lrm: 0.76 | dt: 17684.01ms | tok/sec: 59,295 | bf16_mfu: 37.08 | epoch: 1 | total time: 88.71m | eta: 55.7m
kind=muon
kind=muon
kind=muon
kind=muon
P:  torch.Size([13, 32])
S torch.Size([13, 13, 32])
P:  torch.Size([1664, 1664])
S torch.Size([26, 1664, 1664])
P:  torch.Size([1664, 6656])
S torch.Size([26, 1664, 6656])
P:  torch.Size([6656, 1664])
S torch.Size([26, 6656, 1664])
STIEFEL
kind=stiefel
step 00312/00500 (62.40%) | loss: 3.865693 | lrm: 0.75 | dt: 17672.89ms | tok/sec: 59,332 | bf16_mfu: 37.11 | epoch: 1 | total time: 89.00m | eta: 55.4m
kind=muon
kind=muon
kind=muon
kind=muon
P:  torch.Size([13, 32])
S torch.Size([13, 13, 32])
P:  torch.Size([1664, 1664])
S torch.Size([26, 1664, 1664])
P:  torch.Size([1664, 6656])
S torch.Size([26, 1664, 6656])
P:  torch.Size([6656, 1664])
S torch.Size([26, 6656, 1664])
STIEFEL
kind=stiefel
step 00313/00500 (62.60%) | loss: 3.872697 | lrm: 0.75 | dt: 17678.90ms | tok/sec: 59,312 | bf16_mfu: 37.09 | epoch: 1 | total time: 89.30m | eta: 55.1m
kind=muon
kind=muon
kind=muon
kind=muon
P:  torch.Size([13, 32])
S torch.Size([13, 13, 32])
P:  torch.Size([1664, 1664])
S torch.Size([26, 1664, 1664])
P:  torch.Size([1664, 6656])
S torch.Size([26, 1664, 6656])
P:  torch.Size([6656, 1664])
S torch.Size([26, 6656, 1664])
STIEFEL
kind=stiefel
step 00314/00500 (62.80%) | loss: 3.859951 | lrm: 0.74 | dt: 17680.63ms | tok/sec: 59,306 | bf16_mfu: 37.09 | epoch: 1 | total time: 89.59m | eta: 54.8m
kind=muon
kind=muon
kind=muon
kind=muon
P:  torch.Size([13, 32])
S torch.Size([13, 13, 32])
P:  torch.Size([1664, 1664])
S torch.Size([26, 1664, 1664])
P:  torch.Size([1664, 6656])
S torch.Size([26, 1664, 6656])
P:  torch.Size([6656, 1664])
S torch.Size([26, 6656, 1664])
STIEFEL
kind=stiefel
step 00315/00500 (63.00%) | loss: 3.857742 | lrm: 0.74 | dt: 17680.57ms | tok/sec: 59,306 | bf16_mfu: 37.09 | epoch: 1 | total time: 89.88m | eta: 54.5m
kind=muon
kind=muon
kind=muon
kind=muon
P:  torch.Size([13, 32])
S torch.Size([13, 13, 32])
P:  torch.Size([1664, 1664])
S torch.Size([26, 1664, 1664])
P:  torch.Size([1664, 6656])
S torch.Size([26, 1664, 6656])
P:  torch.Size([6656, 1664])
S torch.Size([26, 6656, 1664])
STIEFEL
kind=stiefel
step 00316/00500 (63.20%) | loss: 3.857453 | lrm: 0.74 | dt: 17679.30ms | tok/sec: 59,310 | bf16_mfu: 37.09 | epoch: 1 | total time: 90.18m | eta: 54.2m
kind=muon
kind=muon
kind=muon
kind=muon
P:  torch.Size([13, 32])
S torch.Size([13, 13, 32])
P:  torch.Size([1664, 1664])
S torch.Size([26, 1664, 1664])
P:  torch.Size([1664, 6656])
S torch.Size([26, 1664, 6656])
P:  torch.Size([6656, 1664])
S torch.Size([26, 6656, 1664])
STIEFEL
kind=stiefel
step 00317/00500 (63.40%) | loss: 3.858953 | lrm: 0.73 | dt: 17672.42ms | tok/sec: 59,334 | bf16_mfu: 37.11 | epoch: 1 | total time: 90.47m | eta: 53.9m
kind=muon
kind=muon
kind=muon
kind=muon
P:  torch.Size([13, 32])
S torch.Size([13, 13, 32])
P:  torch.Size([1664, 1664])
S torch.Size([26, 1664, 1664])
P:  torch.Size([1664, 6656])
S torch.Size([26, 1664, 6656])
P:  torch.Size([6656, 1664])
S torch.Size([26, 6656, 1664])
STIEFEL
kind=stiefel
step 00318/00500 (63.60%) | loss: 3.848138 | lrm: 0.73 | dt: 17677.35ms | tok/sec: 59,317 | bf16_mfu: 37.10 | epoch: 1 | total time: 90.77m | eta: 53.6m
kind=muon
kind=muon
kind=muon
kind=muon
P:  torch.Size([13, 32])
S torch.Size([13, 13, 32])
P:  torch.Size([1664, 1664])
S torch.Size([26, 1664, 1664])
P:  torch.Size([1664, 6656])
S torch.Size([26, 1664, 6656])
P:  torch.Size([6656, 1664])
S torch.Size([26, 6656, 1664])
STIEFEL
kind=stiefel
step 00319/00500 (63.80%) | loss: 3.856040 | lrm: 0.72 | dt: 17677.00ms | tok/sec: 59,318 | bf16_mfu: 37.10 | epoch: 1 | total time: 91.06m | eta: 53.3m
kind=muon
kind=muon
kind=muon
kind=muon
P:  torch.Size([13, 32])
S torch.Size([13, 13, 32])
P:  torch.Size([1664, 1664])
S torch.Size([26, 1664, 1664])
P:  torch.Size([1664, 6656])
S torch.Size([26, 1664, 6656])
P:  torch.Size([6656, 1664])
S torch.Size([26, 6656, 1664])
STIEFEL
kind=stiefel
step 00320/00500 (64.00%) | loss: 3.852226 | lrm: 0.72 | dt: 17678.30ms | tok/sec: 59,314 | bf16_mfu: 37.10 | epoch: 1 | total time: 91.36m | eta: 53.0m
kind=muon
kind=muon
kind=muon
kind=muon
P:  torch.Size([13, 32])
S torch.Size([13, 13, 32])
P:  torch.Size([1664, 1664])
S torch.Size([26, 1664, 1664])
P:  torch.Size([1664, 6656])
S torch.Size([26, 1664, 6656])
P:  torch.Size([6656, 1664])
S torch.Size([26, 6656, 1664])
STIEFEL
kind=stiefel
step 00321/00500 (64.20%) | loss: 3.830888 | lrm: 0.72 | dt: 17675.46ms | tok/sec: 59,323 | bf16_mfu: 37.10 | epoch: 1 | total time: 91.65m | eta: 52.8m
kind=muon
kind=muon
kind=muon
kind=muon
P:  torch.Size([13, 32])
S torch.Size([13, 13, 32])
P:  torch.Size([1664, 1664])
S torch.Size([26, 1664, 1664])
P:  torch.Size([1664, 6656])
S torch.Size([26, 1664, 6656])
P:  torch.Size([6656, 1664])
S torch.Size([26, 6656, 1664])
STIEFEL
kind=stiefel
step 00322/00500 (64.40%) | loss: 3.815637 | lrm: 0.71 | dt: 17678.20ms | tok/sec: 59,314 | bf16_mfu: 37.10 | epoch: 1 | total time: 91.95m | eta: 52.5m
kind=muon
kind=muon
kind=muon
kind=muon
P:  torch.Size([13, 32])
S torch.Size([13, 13, 32])
P:  torch.Size([1664, 1664])
S torch.Size([26, 1664, 1664])
P:  torch.Size([1664, 6656])
S torch.Size([26, 1664, 6656])
P:  torch.Size([6656, 1664])
S torch.Size([26, 6656, 1664])
STIEFEL
kind=stiefel
step 00323/00500 (64.60%) | loss: 3.807330 | lrm: 0.71 | dt: 17676.75ms | tok/sec: 59,319 | bf16_mfu: 37.10 | epoch: 1 | total time: 92.24m | eta: 52.2m
kind=muon
kind=muon
kind=muon
kind=muon
P:  torch.Size([13, 32])
S torch.Size([13, 13, 32])
P:  torch.Size([1664, 1664])
S torch.Size([26, 1664, 1664])
P:  torch.Size([1664, 6656])
S torch.Size([26, 1664, 6656])
P:  torch.Size([6656, 1664])
S torch.Size([26, 6656, 1664])
STIEFEL
kind=stiefel
step 00324/00500 (64.80%) | loss: 3.794560 | lrm: 0.70 | dt: 17684.82ms | tok/sec: 59,292 | bf16_mfu: 37.08 | epoch: 1 | total time: 92.54m | eta: 51.9m
kind=muon
kind=muon
kind=muon
kind=muon
P:  torch.Size([13, 32])
S torch.Size([13, 13, 32])
P:  torch.Size([1664, 1664])
S torch.Size([26, 1664, 1664])
P:  torch.Size([1664, 6656])
S torch.Size([26, 1664, 6656])
P:  torch.Size([6656, 1664])
S torch.Size([26, 6656, 1664])
STIEFEL
kind=stiefel
step 00325/00500 (65.00%) | loss: 3.793036 | lrm: 0.70 | dt: 17676.22ms | tok/sec: 59,321 | bf16_mfu: 37.10 | epoch: 1 | total time: 92.83m | eta: 51.6m
kind=muon
kind=muon
kind=muon
kind=muon
P:  torch.Size([13, 32])
S torch.Size([13, 13, 32])
P:  torch.Size([1664, 1664])
S torch.Size([26, 1664, 1664])
P:  torch.Size([1664, 6656])
S torch.Size([26, 1664, 6656])
P:  torch.Size([6656, 1664])
S torch.Size([26, 6656, 1664])
STIEFEL
kind=stiefel
step 00326/00500 (65.20%) | loss: 3.786004 | lrm: 0.70 | dt: 17676.94ms | tok/sec: 59,318 | bf16_mfu: 37.10 | epoch: 1 | total time: 93.13m | eta: 51.3m
kind=muon
kind=muon
kind=muon
kind=muon
P:  torch.Size([13, 32])
S torch.Size([13, 13, 32])
P:  torch.Size([1664, 1664])
S torch.Size([26, 1664, 1664])
P:  torch.Size([1664, 6656])
S torch.Size([26, 1664, 6656])
P:  torch.Size([6656, 1664])
S torch.Size([26, 6656, 1664])
STIEFEL
kind=stiefel
step 00327/00500 (65.40%) | loss: 3.779353 | lrm: 0.69 | dt: 17679.31ms | tok/sec: 59,310 | bf16_mfu: 37.09 | epoch: 1 | total time: 93.42m | eta: 51.0m
kind=muon
kind=muon
kind=muon
kind=muon
P:  torch.Size([13, 32])
S torch.Size([13, 13, 32])
P:  torch.Size([1664, 1664])
S torch.Size([26, 1664, 1664])
P:  torch.Size([1664, 6656])
S torch.Size([26, 1664, 6656])
P:  torch.Size([6656, 1664])
S torch.Size([26, 6656, 1664])
STIEFEL
kind=stiefel
step 00328/00500 (65.60%) | loss: 3.769704 | lrm: 0.69 | dt: 17680.08ms | tok/sec: 59,308 | bf16_mfu: 37.09 | epoch: 1 | total time: 93.72m | eta: 50.7m
kind=muon
kind=muon
kind=muon
kind=muon
P:  torch.Size([13, 32])
S torch.Size([13, 13, 32])
P:  torch.Size([1664, 1664])
S torch.Size([26, 1664, 1664])
P:  torch.Size([1664, 6656])
S torch.Size([26, 1664, 6656])
P:  torch.Size([6656, 1664])
S torch.Size([26, 6656, 1664])
STIEFEL
kind=stiefel
step 00329/00500 (65.80%) | loss: 3.773325 | lrm: 0.68 | dt: 17668.80ms | tok/sec: 59,346 | bf16_mfu: 37.12 | epoch: 1 | total time: 94.01m | eta: 50.4m
kind=muon
kind=muon
kind=muon
kind=muon
P:  torch.Size([13, 32])
S torch.Size([13, 13, 32])
P:  torch.Size([1664, 1664])
S torch.Size([26, 1664, 1664])
P:  torch.Size([1664, 6656])
S torch.Size([26, 1664, 6656])
P:  torch.Size([6656, 1664])
S torch.Size([26, 6656, 1664])
STIEFEL
kind=stiefel
step 00330/00500 (66.00%) | loss: 3.762633 | lrm: 0.68 | dt: 17676.43ms | tok/sec: 59,320 | bf16_mfu: 37.10 | epoch: 1 | total time: 94.30m | eta: 50.1m
kind=muon
kind=muon
kind=muon
kind=muon
P:  torch.Size([13, 32])
S torch.Size([13, 13, 32])
P:  torch.Size([1664, 1664])
S torch.Size([26, 1664, 1664])
P:  torch.Size([1664, 6656])
S torch.Size([26, 1664, 6656])
P:  torch.Size([6656, 1664])
S torch.Size([26, 6656, 1664])
STIEFEL
kind=stiefel
step 00331/00500 (66.20%) | loss: 3.746051 | lrm: 0.68 | dt: 17673.46ms | tok/sec: 59,330 | bf16_mfu: 37.11 | epoch: 1 | total time: 94.60m | eta: 49.8m
kind=muon
kind=muon
kind=muon
kind=muon
P:  torch.Size([13, 32])
S torch.Size([13, 13, 32])
P:  torch.Size([1664, 1664])
S torch.Size([26, 1664, 1664])
P:  torch.Size([1664, 6656])
S torch.Size([26, 1664, 6656])
P:  torch.Size([6656, 1664])
S torch.Size([26, 6656, 1664])
STIEFEL
kind=stiefel
step 00332/00500 (66.40%) | loss: 3.735156 | lrm: 0.67 | dt: 17667.56ms | tok/sec: 59,350 | bf16_mfu: 37.12 | epoch: 1 | total time: 94.89m | eta: 49.5m
kind=muon
kind=muon
kind=muon
kind=muon
P:  torch.Size([13, 32])
S torch.Size([13, 13, 32])
P:  torch.Size([1664, 1664])
S torch.Size([26, 1664, 1664])
P:  torch.Size([1664, 6656])
S torch.Size([26, 1664, 6656])
P:  torch.Size([6656, 1664])
S torch.Size([26, 6656, 1664])
STIEFEL
kind=stiefel
step 00333/00500 (66.60%) | loss: 3.731990 | lrm: 0.67 | dt: 17680.89ms | tok/sec: 59,305 | bf16_mfu: 37.09 | epoch: 1 | total time: 95.19m | eta: 49.2m
kind=muon
kind=muon
kind=muon
kind=muon
P:  torch.Size([13, 32])
S torch.Size([13, 13, 32])
P:  torch.Size([1664, 1664])
S torch.Size([26, 1664, 1664])
P:  torch.Size([1664, 6656])
S torch.Size([26, 1664, 6656])
P:  torch.Size([6656, 1664])
S torch.Size([26, 6656, 1664])
STIEFEL
kind=stiefel
step 00334/00500 (66.80%) | loss: 3.728472 | lrm: 0.66 | dt: 17678.24ms | tok/sec: 59,314 | bf16_mfu: 37.10 | epoch: 1 | total time: 95.48m | eta: 48.9m
kind=muon
kind=muon
kind=muon
kind=muon
P:  torch.Size([13, 32])
S torch.Size([13, 13, 32])
P:  torch.Size([1664, 1664])
S torch.Size([26, 1664, 1664])
P:  torch.Size([1664, 6656])
S torch.Size([26, 1664, 6656])
P:  torch.Size([6656, 1664])
S torch.Size([26, 6656, 1664])
STIEFEL
kind=stiefel
step 00335/00500 (67.00%) | loss: 3.711034 | lrm: 0.66 | dt: 17674.72ms | tok/sec: 59,326 | bf16_mfu: 37.10 | epoch: 1 | total time: 95.78m | eta: 48.6m
kind=muon
kind=muon
kind=muon
kind=muon
P:  torch.Size([13, 32])
S torch.Size([13, 13, 32])
P:  torch.Size([1664, 1664])
S torch.Size([26, 1664, 1664])
P:  torch.Size([1664, 6656])
S torch.Size([26, 1664, 6656])
P:  torch.Size([6656, 1664])
S torch.Size([26, 6656, 1664])
STIEFEL
kind=stiefel
step 00336/00500 (67.20%) | loss: 3.696884 | lrm: 0.66 | dt: 17680.73ms | tok/sec: 59,306 | bf16_mfu: 37.09 | epoch: 1 | total time: 96.07m | eta: 48.3m
kind=muon
kind=muon
kind=muon
kind=muon
P:  torch.Size([13, 32])
S torch.Size([13, 13, 32])
P:  torch.Size([1664, 1664])
S torch.Size([26, 1664, 1664])
P:  torch.Size([1664, 6656])
S torch.Size([26, 1664, 6656])
P:  torch.Size([6656, 1664])
S torch.Size([26, 6656, 1664])
STIEFEL
kind=stiefel
step 00337/00500 (67.40%) | loss: 3.701202 | lrm: 0.65 | dt: 17676.68ms | tok/sec: 59,319 | bf16_mfu: 37.10 | epoch: 1 | total time: 96.37m | eta: 48.0m
kind=muon
kind=muon
kind=muon
kind=muon
P:  torch.Size([13, 32])
S torch.Size([13, 13, 32])
P:  torch.Size([1664, 1664])
S torch.Size([26, 1664, 1664])
P:  torch.Size([1664, 6656])
S torch.Size([26, 1664, 6656])
P:  torch.Size([6656, 1664])
S torch.Size([26, 6656, 1664])
STIEFEL
kind=stiefel
step 00338/00500 (67.60%) | loss: 3.708654 | lrm: 0.65 | dt: 17675.38ms | tok/sec: 59,324 | bf16_mfu: 37.10 | epoch: 1 | total time: 96.66m | eta: 47.7m
kind=muon
kind=muon
kind=muon
kind=muon
P:  torch.Size([13, 32])
S torch.Size([13, 13, 32])
P:  torch.Size([1664, 1664])
S torch.Size([26, 1664, 1664])
P:  torch.Size([1664, 6656])
S torch.Size([26, 1664, 6656])
P:  torch.Size([6656, 1664])
S torch.Size([26, 6656, 1664])
STIEFEL
kind=stiefel
step 00339/00500 (67.80%) | loss: 3.699356 | lrm: 0.64 | dt: 17675.45ms | tok/sec: 59,323 | bf16_mfu: 37.10 | epoch: 1 | total time: 96.96m | eta: 47.4m
kind=muon
kind=muon
kind=muon
kind=muon
P:  torch.Size([13, 32])
S torch.Size([13, 13, 32])
P:  torch.Size([1664, 1664])
S torch.Size([26, 1664, 1664])
P:  torch.Size([1664, 6656])
S torch.Size([26, 1664, 6656])
P:  torch.Size([6656, 1664])
S torch.Size([26, 6656, 1664])
STIEFEL
kind=stiefel
step 00340/00500 (68.00%) | loss: 3.682296 | lrm: 0.64 | dt: 17674.34ms | tok/sec: 59,327 | bf16_mfu: 37.10 | epoch: 1 | total time: 97.25m | eta: 47.2m
kind=muon
kind=muon
kind=muon
kind=muon
P:  torch.Size([13, 32])
S torch.Size([13, 13, 32])
P:  torch.Size([1664, 1664])
S torch.Size([26, 1664, 1664])
P:  torch.Size([1664, 6656])
S torch.Size([26, 1664, 6656])
P:  torch.Size([6656, 1664])
S torch.Size([26, 6656, 1664])
STIEFEL
kind=stiefel
step 00341/00500 (68.20%) | loss: 3.668552 | lrm: 0.64 | dt: 17670.89ms | tok/sec: 59,339 | bf16_mfu: 37.11 | epoch: 1 | total time: 97.54m | eta: 46.9m
kind=muon
kind=muon
kind=muon
kind=muon
P:  torch.Size([13, 32])
S torch.Size([13, 13, 32])
P:  torch.Size([1664, 1664])
S torch.Size([26, 1664, 1664])
P:  torch.Size([1664, 6656])
S torch.Size([26, 1664, 6656])
P:  torch.Size([6656, 1664])
S torch.Size([26, 6656, 1664])
STIEFEL
kind=stiefel
step 00342/00500 (68.40%) | loss: 3.665971 | lrm: 0.63 | dt: 17671.16ms | tok/sec: 59,338 | bf16_mfu: 37.11 | epoch: 1 | total time: 97.84m | eta: 46.6m
kind=muon
kind=muon
kind=muon
kind=muon
P:  torch.Size([13, 32])
S torch.Size([13, 13, 32])
P:  torch.Size([1664, 1664])
S torch.Size([26, 1664, 1664])
P:  torch.Size([1664, 6656])
S torch.Size([26, 1664, 6656])
P:  torch.Size([6656, 1664])
S torch.Size([26, 6656, 1664])
STIEFEL
kind=stiefel
step 00343/00500 (68.60%) | loss: 3.656142 | lrm: 0.63 | dt: 17677.77ms | tok/sec: 59,316 | bf16_mfu: 37.10 | epoch: 1 | total time: 98.13m | eta: 46.3m
kind=muon
kind=muon
kind=muon
kind=muon
P:  torch.Size([13, 32])
S torch.Size([13, 13, 32])
P:  torch.Size([1664, 1664])
S torch.Size([26, 1664, 1664])
P:  torch.Size([1664, 6656])
S torch.Size([26, 1664, 6656])
P:  torch.Size([6656, 1664])
S torch.Size([26, 6656, 1664])
STIEFEL
kind=stiefel
step 00344/00500 (68.80%) | loss: 3.654476 | lrm: 0.62 | dt: 17674.97ms | tok/sec: 59,325 | bf16_mfu: 37.10 | epoch: 1 | total time: 98.43m | eta: 46.0m
kind=muon
kind=muon
kind=muon
kind=muon
P:  torch.Size([13, 32])
S torch.Size([13, 13, 32])
P:  torch.Size([1664, 1664])
S torch.Size([26, 1664, 1664])
P:  torch.Size([1664, 6656])
S torch.Size([26, 1664, 6656])
P:  torch.Size([6656, 1664])
S torch.Size([26, 6656, 1664])
STIEFEL
kind=stiefel
step 00345/00500 (69.00%) | loss: 3.648924 | lrm: 0.62 | dt: 17674.97ms | tok/sec: 59,325 | bf16_mfu: 37.10 | epoch: 1 | total time: 98.72m | eta: 45.7m
kind=muon
kind=muon
kind=muon
kind=muon
P:  torch.Size([13, 32])
S torch.Size([13, 13, 32])
P:  torch.Size([1664, 1664])
S torch.Size([26, 1664, 1664])
P:  torch.Size([1664, 6656])
S torch.Size([26, 1664, 6656])
P:  torch.Size([6656, 1664])
S torch.Size([26, 6656, 1664])
STIEFEL
kind=stiefel
step 00346/00500 (69.20%) | loss: 3.642614 | lrm: 0.62 | dt: 17672.88ms | tok/sec: 59,332 | bf16_mfu: 37.11 | epoch: 1 | total time: 99.02m | eta: 45.4m
kind=muon
kind=muon
kind=muon
kind=muon
P:  torch.Size([13, 32])
S torch.Size([13, 13, 32])
P:  torch.Size([1664, 1664])
S torch.Size([26, 1664, 1664])
P:  torch.Size([1664, 6656])
S torch.Size([26, 1664, 6656])
P:  torch.Size([6656, 1664])
S torch.Size([26, 6656, 1664])
STIEFEL
kind=stiefel
step 00347/00500 (69.40%) | loss: 3.638354 | lrm: 0.61 | dt: 17673.02ms | tok/sec: 59,332 | bf16_mfu: 37.11 | epoch: 1 | total time: 99.31m | eta: 45.1m
kind=muon
kind=muon
kind=muon
kind=muon
P:  torch.Size([13, 32])
S torch.Size([13, 13, 32])
P:  torch.Size([1664, 1664])
S torch.Size([26, 1664, 1664])
P:  torch.Size([1664, 6656])
S torch.Size([26, 1664, 6656])
P:  torch.Size([6656, 1664])
S torch.Size([26, 6656, 1664])
STIEFEL
kind=stiefel
step 00348/00500 (69.60%) | loss: 3.645411 | lrm: 0.61 | dt: 17672.83ms | tok/sec: 59,332 | bf16_mfu: 37.11 | epoch: 1 | total time: 99.61m | eta: 44.8m
kind=muon
kind=muon
kind=muon
kind=muon
P:  torch.Size([13, 32])
S torch.Size([13, 13, 32])
P:  torch.Size([1664, 1664])
S torch.Size([26, 1664, 1664])
P:  torch.Size([1664, 6656])
S torch.Size([26, 1664, 6656])
P:  torch.Size([6656, 1664])
S torch.Size([26, 6656, 1664])
STIEFEL
kind=stiefel
step 00349/00500 (69.80%) | loss: 3.665069 | lrm: 0.60 | dt: 17667.03ms | tok/sec: 59,352 | bf16_mfu: 37.12 | epoch: 1 | total time: 99.90m | eta: 44.5m
kind=muon
kind=muon
kind=muon
kind=muon
P:  torch.Size([13, 32])
S torch.Size([13, 13, 32])
P:  torch.Size([1664, 1664])
S torch.Size([26, 1664, 1664])
P:  torch.Size([1664, 6656])
S torch.Size([26, 1664, 6656])
P:  torch.Size([6656, 1664])
S torch.Size([26, 6656, 1664])
STIEFEL
kind=stiefel
step 00350/00500 (70.00%) | loss: 3.671023 | lrm: 0.60 | dt: 17670.10ms | tok/sec: 59,341 | bf16_mfu: 37.11 | epoch: 1 | total time: 100.20m | eta: 44.2m
kind=muon
kind=muon
kind=muon
kind=muon
P:  torch.Size([13, 32])
S torch.Size([13, 13, 32])
P:  torch.Size([1664, 1664])
S torch.Size([26, 1664, 1664])
P:  torch.Size([1664, 6656])
S torch.Size([26, 1664, 6656])
P:  torch.Size([6656, 1664])
S torch.Size([26, 6656, 1664])
STIEFEL
kind=stiefel
step 00351/00500 (70.20%) | loss: 3.665523 | lrm: 0.60 | dt: 17666.58ms | tok/sec: 59,353 | bf16_mfu: 37.12 | epoch: 1 | total time: 100.49m | eta: 43.9m
kind=muon
kind=muon
kind=muon
kind=muon
P:  torch.Size([13, 32])
S torch.Size([13, 13, 32])
P:  torch.Size([1664, 1664])
S torch.Size([26, 1664, 1664])
P:  torch.Size([1664, 6656])
S torch.Size([26, 1664, 6656])
P:  torch.Size([6656, 1664])
S torch.Size([26, 6656, 1664])
STIEFEL
kind=stiefel
step 00352/00500 (70.40%) | loss: 3.657056 | lrm: 0.59 | dt: 17663.34ms | tok/sec: 59,364 | bf16_mfu: 37.13 | epoch: 1 | total time: 100.78m | eta: 43.6m
kind=muon
kind=muon
kind=muon
kind=muon
P:  torch.Size([13, 32])
S torch.Size([13, 13, 32])
P:  torch.Size([1664, 1664])
S torch.Size([26, 1664, 1664])
P:  torch.Size([1664, 6656])
S torch.Size([26, 1664, 6656])
P:  torch.Size([6656, 1664])
S torch.Size([26, 6656, 1664])
STIEFEL
kind=stiefel
step 00353/00500 (70.60%) | loss: 3.642607 | lrm: 0.59 | dt: 17671.04ms | tok/sec: 59,338 | bf16_mfu: 37.11 | epoch: 1 | total time: 101.08m | eta: 43.3m
kind=muon
kind=muon
kind=muon
kind=muon
P:  torch.Size([13, 32])
S torch.Size([13, 13, 32])
P:  torch.Size([1664, 1664])
S torch.Size([26, 1664, 1664])
P:  torch.Size([1664, 6656])
S torch.Size([26, 1664, 6656])
P:  torch.Size([6656, 1664])
S torch.Size([26, 6656, 1664])
STIEFEL
kind=stiefel
step 00354/00500 (70.80%) | loss: 3.634657 | lrm: 0.58 | dt: 17661.10ms | tok/sec: 59,372 | bf16_mfu: 37.13 | epoch: 1 | total time: 101.37m | eta: 43.0m
kind=muon
kind=muon
kind=muon
kind=muon
P:  torch.Size([13, 32])
S torch.Size([13, 13, 32])
P:  torch.Size([1664, 1664])
S torch.Size([26, 1664, 1664])
P:  torch.Size([1664, 6656])
S torch.Size([26, 1664, 6656])
P:  torch.Size([6656, 1664])
S torch.Size([26, 6656, 1664])
STIEFEL
kind=stiefel
step 00355/00500 (71.00%) | loss: 3.626786 | lrm: 0.58 | dt: 17671.97ms | tok/sec: 59,335 | bf16_mfu: 37.11 | epoch: 1 | total time: 101.67m | eta: 42.7m
kind=muon
kind=muon
kind=muon
kind=muon
P:  torch.Size([13, 32])
S torch.Size([13, 13, 32])
P:  torch.Size([1664, 1664])
S torch.Size([26, 1664, 1664])
P:  torch.Size([1664, 6656])
S torch.Size([26, 1664, 6656])
P:  torch.Size([6656, 1664])
S torch.Size([26, 6656, 1664])
STIEFEL
kind=stiefel
step 00356/00500 (71.20%) | loss: 3.626648 | lrm: 0.58 | dt: 17677.06ms | tok/sec: 59,318 | bf16_mfu: 37.10 | epoch: 1 | total time: 101.96m | eta: 42.4m
kind=muon
kind=muon
kind=muon
kind=muon
P:  torch.Size([13, 32])
S torch.Size([13, 13, 32])
P:  torch.Size([1664, 1664])
S torch.Size([26, 1664, 1664])
P:  torch.Size([1664, 6656])
S torch.Size([26, 1664, 6656])
P:  torch.Size([6656, 1664])
S torch.Size([26, 6656, 1664])
STIEFEL
kind=stiefel
step 00357/00500 (71.40%) | loss: 3.624542 | lrm: 0.57 | dt: 17665.34ms | tok/sec: 59,357 | bf16_mfu: 37.12 | epoch: 1 | total time: 102.26m | eta: 42.1m
kind=muon
kind=muon
kind=muon
kind=muon
P:  torch.Size([13, 32])
S torch.Size([13, 13, 32])
P:  torch.Size([1664, 1664])
S torch.Size([26, 1664, 1664])
P:  torch.Size([1664, 6656])
S torch.Size([26, 1664, 6656])
P:  torch.Size([6656, 1664])
S torch.Size([26, 6656, 1664])
STIEFEL
kind=stiefel
step 00358/00500 (71.60%) | loss: 3.623855 | lrm: 0.57 | dt: 17670.17ms | tok/sec: 59,341 | bf16_mfu: 37.11 | epoch: 1 | total time: 102.55m | eta: 41.8m
kind=muon
kind=muon
kind=muon
kind=muon
P:  torch.Size([13, 32])
S torch.Size([13, 13, 32])
P:  torch.Size([1664, 1664])
S torch.Size([26, 1664, 1664])
P:  torch.Size([1664, 6656])
S torch.Size([26, 1664, 6656])
P:  torch.Size([6656, 1664])
S torch.Size([26, 6656, 1664])
STIEFEL
kind=stiefel
step 00359/00500 (71.80%) | loss: 3.604272 | lrm: 0.56 | dt: 17668.42ms | tok/sec: 59,347 | bf16_mfu: 37.12 | epoch: 1 | total time: 102.85m | eta: 41.6m
kind=muon
kind=muon
kind=muon
kind=muon
P:  torch.Size([13, 32])
S torch.Size([13, 13, 32])
P:  torch.Size([1664, 1664])
S torch.Size([26, 1664, 1664])
P:  torch.Size([1664, 6656])
S torch.Size([26, 1664, 6656])
P:  torch.Size([6656, 1664])
S torch.Size([26, 6656, 1664])
STIEFEL
kind=stiefel
step 00360/00500 (72.00%) | loss: 3.590182 | lrm: 0.56 | dt: 17669.87ms | tok/sec: 59,342 | bf16_mfu: 37.11 | epoch: 1 | total time: 103.14m | eta: 41.3m
kind=muon
kind=muon
kind=muon
kind=muon
P:  torch.Size([13, 32])
S torch.Size([13, 13, 32])
P:  torch.Size([1664, 1664])
S torch.Size([26, 1664, 1664])
P:  torch.Size([1664, 6656])
S torch.Size([26, 1664, 6656])
P:  torch.Size([6656, 1664])
S torch.Size([26, 6656, 1664])
STIEFEL
kind=stiefel
step 00361/00500 (72.20%) | loss: 3.590935 | lrm: 0.56 | dt: 17670.52ms | tok/sec: 59,340 | bf16_mfu: 37.11 | epoch: 1 | total time: 103.43m | eta: 41.0m
kind=muon
kind=muon
kind=muon
kind=muon
P:  torch.Size([13, 32])
S torch.Size([13, 13, 32])
P:  torch.Size([1664, 1664])
S torch.Size([26, 1664, 1664])
P:  torch.Size([1664, 6656])
S torch.Size([26, 1664, 6656])
P:  torch.Size([6656, 1664])
S torch.Size([26, 6656, 1664])
STIEFEL
kind=stiefel
step 00362/00500 (72.40%) | loss: 3.592150 | lrm: 0.55 | dt: 17672.35ms | tok/sec: 59,334 | bf16_mfu: 37.11 | epoch: 1 | total time: 103.73m | eta: 40.7m
kind=muon
kind=muon
kind=muon
kind=muon
P:  torch.Size([13, 32])
S torch.Size([13, 13, 32])
P:  torch.Size([1664, 1664])
S torch.Size([26, 1664, 1664])
P:  torch.Size([1664, 6656])
S torch.Size([26, 1664, 6656])
P:  torch.Size([6656, 1664])
S torch.Size([26, 6656, 1664])
STIEFEL
kind=stiefel
step 00363/00500 (72.60%) | loss: 3.587918 | lrm: 0.55 | dt: 17672.38ms | tok/sec: 59,334 | bf16_mfu: 37.11 | epoch: 1 | total time: 104.02m | eta: 40.4m
kind=muon
kind=muon
kind=muon
kind=muon
P:  torch.Size([13, 32])
S torch.Size([13, 13, 32])
P:  torch.Size([1664, 1664])
S torch.Size([26, 1664, 1664])
P:  torch.Size([1664, 6656])
S torch.Size([26, 1664, 6656])
P:  torch.Size([6656, 1664])
S torch.Size([26, 6656, 1664])
STIEFEL
kind=stiefel
step 00364/00500 (72.80%) | loss: 3.597292 | lrm: 0.54 | dt: 17668.66ms | tok/sec: 59,346 | bf16_mfu: 37.12 | epoch: 1 | total time: 104.32m | eta: 40.1m
kind=muon
kind=muon
kind=muon
kind=muon
P:  torch.Size([13, 32])
S torch.Size([13, 13, 32])
P:  torch.Size([1664, 1664])
S torch.Size([26, 1664, 1664])
P:  torch.Size([1664, 6656])
S torch.Size([26, 1664, 6656])
P:  torch.Size([6656, 1664])
S torch.Size([26, 6656, 1664])
STIEFEL
kind=stiefel
step 00365/00500 (73.00%) | loss: 3.596414 | lrm: 0.54 | dt: 17672.95ms | tok/sec: 59,332 | bf16_mfu: 37.11 | epoch: 1 | total time: 104.61m | eta: 39.8m
kind=muon
kind=muon
kind=muon
kind=muon
P:  torch.Size([13, 32])
S torch.Size([13, 13, 32])
P:  torch.Size([1664, 1664])
S torch.Size([26, 1664, 1664])
P:  torch.Size([1664, 6656])
S torch.Size([26, 1664, 6656])
P:  torch.Size([6656, 1664])
S torch.Size([26, 6656, 1664])
STIEFEL
kind=stiefel
step 00366/00500 (73.20%) | loss: 3.607070 | lrm: 0.54 | dt: 17668.67ms | tok/sec: 59,346 | bf16_mfu: 37.12 | epoch: 1 | total time: 104.91m | eta: 39.5m
kind=muon
kind=muon
kind=muon
kind=muon
P:  torch.Size([13, 32])
S torch.Size([13, 13, 32])
P:  torch.Size([1664, 1664])
S torch.Size([26, 1664, 1664])
P:  torch.Size([1664, 6656])
S torch.Size([26, 1664, 6656])
P:  torch.Size([6656, 1664])
S torch.Size([26, 6656, 1664])
STIEFEL
kind=stiefel
step 00367/00500 (73.40%) | loss: 3.600377 | lrm: 0.53 | dt: 17668.80ms | tok/sec: 59,346 | bf16_mfu: 37.12 | epoch: 1 | total time: 105.20m | eta: 39.2m
kind=muon
kind=muon
kind=muon
kind=muon
P:  torch.Size([13, 32])
S torch.Size([13, 13, 32])
P:  torch.Size([1664, 1664])
S torch.Size([26, 1664, 1664])
P:  torch.Size([1664, 6656])
S torch.Size([26, 1664, 6656])
P:  torch.Size([6656, 1664])
S torch.Size([26, 6656, 1664])
STIEFEL
kind=stiefel
step 00368/00500 (73.60%) | loss: 3.602287 | lrm: 0.53 | dt: 17660.70ms | tok/sec: 59,373 | bf16_mfu: 37.13 | epoch: 1 | total time: 105.50m | eta: 38.9m
kind=muon
kind=muon
kind=muon
kind=muon
P:  torch.Size([13, 32])
S torch.Size([13, 13, 32])
P:  torch.Size([1664, 1664])
S torch.Size([26, 1664, 1664])
P:  torch.Size([1664, 6656])
S torch.Size([26, 1664, 6656])
P:  torch.Size([6656, 1664])
S torch.Size([26, 6656, 1664])
STIEFEL
kind=stiefel
step 00369/00500 (73.80%) | loss: 3.600054 | lrm: 0.52 | dt: 17672.35ms | tok/sec: 59,334 | bf16_mfu: 37.11 | epoch: 1 | total time: 105.79m | eta: 38.6m
kind=muon
kind=muon
kind=muon
kind=muon
P:  torch.Size([13, 32])
S torch.Size([13, 13, 32])
P:  torch.Size([1664, 1664])
S torch.Size([26, 1664, 1664])
P:  torch.Size([1664, 6656])
S torch.Size([26, 1664, 6656])
P:  torch.Size([6656, 1664])
S torch.Size([26, 6656, 1664])
STIEFEL
kind=stiefel
step 00370/00500 (74.00%) | loss: 3.585274 | lrm: 0.52 | dt: 17669.25ms | tok/sec: 59,344 | bf16_mfu: 37.11 | epoch: 1 | total time: 106.09m | eta: 38.3m
kind=muon
kind=muon
kind=muon
kind=muon
P:  torch.Size([13, 32])
S torch.Size([13, 13, 32])
P:  torch.Size([1664, 1664])
S torch.Size([26, 1664, 1664])
P:  torch.Size([1664, 6656])
S torch.Size([26, 1664, 6656])
P:  torch.Size([6656, 1664])
S torch.Size([26, 6656, 1664])
STIEFEL
kind=stiefel
step 00371/00500 (74.20%) | loss: 3.586665 | lrm: 0.52 | dt: 17674.68ms | tok/sec: 59,326 | bf16_mfu: 37.10 | epoch: 1 | total time: 106.38m | eta: 38.0m
kind=muon
kind=muon
kind=muon
kind=muon
P:  torch.Size([13, 32])
S torch.Size([13, 13, 32])
P:  torch.Size([1664, 1664])
S torch.Size([26, 1664, 1664])
P:  torch.Size([1664, 6656])
S torch.Size([26, 1664, 6656])
P:  torch.Size([6656, 1664])
S torch.Size([26, 6656, 1664])
STIEFEL
kind=stiefel
step 00372/00500 (74.40%) | loss: 3.578445 | lrm: 0.51 | dt: 17675.96ms | tok/sec: 59,322 | bf16_mfu: 37.10 | epoch: 1 | total time: 106.67m | eta: 37.7m
kind=muon
kind=muon
kind=muon
kind=muon
P:  torch.Size([13, 32])
S torch.Size([13, 13, 32])
P:  torch.Size([1664, 1664])
S torch.Size([26, 1664, 1664])
P:  torch.Size([1664, 6656])
S torch.Size([26, 1664, 6656])
P:  torch.Size([6656, 1664])
S torch.Size([26, 6656, 1664])
STIEFEL
kind=stiefel
step 00373/00500 (74.60%) | loss: 3.564432 | lrm: 0.51 | dt: 17669.52ms | tok/sec: 59,343 | bf16_mfu: 37.11 | epoch: 1 | total time: 106.97m | eta: 37.4m
kind=muon
kind=muon
kind=muon
kind=muon
P:  torch.Size([13, 32])
S torch.Size([13, 13, 32])
P:  torch.Size([1664, 1664])
S torch.Size([26, 1664, 1664])
P:  torch.Size([1664, 6656])
S torch.Size([26, 1664, 6656])
P:  torch.Size([6656, 1664])
S torch.Size([26, 6656, 1664])
STIEFEL
kind=stiefel
step 00374/00500 (74.80%) | loss: 3.558248 | lrm: 0.50 | dt: 17678.30ms | tok/sec: 59,314 | bf16_mfu: 37.10 | epoch: 1 | total time: 107.26m | eta: 37.1m
kind=muon
kind=muon
kind=muon
kind=muon
P:  torch.Size([13, 32])
S torch.Size([13, 13, 32])
P:  torch.Size([1664, 1664])
S torch.Size([26, 1664, 1664])
P:  torch.Size([1664, 6656])
S torch.Size([26, 1664, 6656])
P:  torch.Size([6656, 1664])
S torch.Size([26, 6656, 1664])
STIEFEL
kind=stiefel
step 00375/00500 (75.00%) | loss: 3.558166 | lrm: 0.50 | dt: 17668.31ms | tok/sec: 59,347 | bf16_mfu: 37.12 | epoch: 1 | total time: 107.56m | eta: 36.8m
kind=muon
kind=muon
kind=muon
kind=muon
P:  torch.Size([13, 32])
S torch.Size([13, 13, 32])
P:  torch.Size([1664, 1664])
S torch.Size([26, 1664, 1664])
P:  torch.Size([1664, 6656])
S torch.Size([26, 1664, 6656])
P:  torch.Size([6656, 1664])
S torch.Size([26, 6656, 1664])
STIEFEL
kind=stiefel
step 00376/00500 (75.20%) | loss: 3.566734 | lrm: 0.50 | dt: 17668.46ms | tok/sec: 59,347 | bf16_mfu: 37.12 | epoch: 1 | total time: 107.85m | eta: 36.5m
kind=muon
kind=muon
kind=muon
kind=muon
P:  torch.Size([13, 32])
S torch.Size([13, 13, 32])
P:  torch.Size([1664, 1664])
S torch.Size([26, 1664, 1664])
P:  torch.Size([1664, 6656])
S torch.Size([26, 1664, 6656])
P:  torch.Size([6656, 1664])
S torch.Size([26, 6656, 1664])
STIEFEL
kind=stiefel
step 00377/00500 (75.40%) | loss: 3.559891 | lrm: 0.49 | dt: 17665.35ms | tok/sec: 59,357 | bf16_mfu: 37.12 | epoch: 1 | total time: 108.15m | eta: 36.2m
kind=muon
kind=muon
kind=muon
kind=muon
P:  torch.Size([13, 32])
S torch.Size([13, 13, 32])
P:  torch.Size([1664, 1664])
S torch.Size([26, 1664, 1664])
P:  torch.Size([1664, 6656])
S torch.Size([26, 1664, 6656])
P:  torch.Size([6656, 1664])
S torch.Size([26, 6656, 1664])
STIEFEL
kind=stiefel
step 00378/00500 (75.60%) | loss: 3.564032 | lrm: 0.49 | dt: 17670.04ms | tok/sec: 59,342 | bf16_mfu: 37.11 | epoch: 1 | total time: 108.44m | eta: 36.0m
kind=muon
kind=muon
kind=muon
kind=muon
P:  torch.Size([13, 32])
S torch.Size([13, 13, 32])
P:  torch.Size([1664, 1664])
S torch.Size([26, 1664, 1664])
P:  torch.Size([1664, 6656])
S torch.Size([26, 1664, 6656])
P:  torch.Size([6656, 1664])
S torch.Size([26, 6656, 1664])
STIEFEL
kind=stiefel
step 00379/00500 (75.80%) | loss: 3.555157 | lrm: 0.48 | dt: 17671.75ms | tok/sec: 59,336 | bf16_mfu: 37.11 | epoch: 1 | total time: 108.74m | eta: 35.7m
kind=muon
kind=muon
kind=muon
kind=muon
P:  torch.Size([13, 32])
S torch.Size([13, 13, 32])
P:  torch.Size([1664, 1664])
S torch.Size([26, 1664, 1664])
P:  torch.Size([1664, 6656])
S torch.Size([26, 1664, 6656])
P:  torch.Size([6656, 1664])
S torch.Size([26, 6656, 1664])
STIEFEL
kind=stiefel
step 00380/00500 (76.00%) | loss: 3.544576 | lrm: 0.48 | dt: 17670.23ms | tok/sec: 59,341 | bf16_mfu: 37.11 | epoch: 1 | total time: 109.03m | eta: 35.4m
kind=muon
kind=muon
kind=muon
kind=muon
P:  torch.Size([13, 32])
S torch.Size([13, 13, 32])
P:  torch.Size([1664, 1664])
S torch.Size([26, 1664, 1664])
P:  torch.Size([1664, 6656])
S torch.Size([26, 1664, 6656])
P:  torch.Size([6656, 1664])
S torch.Size([26, 6656, 1664])
STIEFEL
kind=stiefel
step 00381/00500 (76.20%) | loss: 3.540638 | lrm: 0.48 | dt: 17671.20ms | tok/sec: 59,338 | bf16_mfu: 37.11 | epoch: 1 | total time: 109.32m | eta: 35.1m
kind=muon
kind=muon
kind=muon
kind=muon
P:  torch.Size([13, 32])
S torch.Size([13, 13, 32])
P:  torch.Size([1664, 1664])
S torch.Size([26, 1664, 1664])
P:  torch.Size([1664, 6656])
S torch.Size([26, 1664, 6656])
P:  torch.Size([6656, 1664])
S torch.Size([26, 6656, 1664])
STIEFEL
kind=stiefel
step 00382/00500 (76.40%) | loss: 3.521964 | lrm: 0.47 | dt: 17667.84ms | tok/sec: 59,349 | bf16_mfu: 37.12 | epoch: 1 | total time: 109.62m | eta: 34.8m
kind=muon
kind=muon
kind=muon
kind=muon
P:  torch.Size([13, 32])
S torch.Size([13, 13, 32])
P:  torch.Size([1664, 1664])
S torch.Size([26, 1664, 1664])
P:  torch.Size([1664, 6656])
S torch.Size([26, 1664, 6656])
P:  torch.Size([6656, 1664])
S torch.Size([26, 6656, 1664])
STIEFEL
kind=stiefel
step 00383/00500 (76.60%) | loss: 3.520893 | lrm: 0.47 | dt: 17674.78ms | tok/sec: 59,326 | bf16_mfu: 37.10 | epoch: 1 | total time: 109.91m | eta: 34.5m
kind=muon
kind=muon
kind=muon
kind=muon
P:  torch.Size([13, 32])
S torch.Size([13, 13, 32])
P:  torch.Size([1664, 1664])
S torch.Size([26, 1664, 1664])
P:  torch.Size([1664, 6656])
S torch.Size([26, 1664, 6656])
P:  torch.Size([6656, 1664])
S torch.Size([26, 6656, 1664])
STIEFEL
kind=stiefel
step 00384/00500 (76.80%) | loss: 3.521627 | lrm: 0.46 | dt: 17668.83ms | tok/sec: 59,346 | bf16_mfu: 37.12 | epoch: 1 | total time: 110.21m | eta: 34.2m
kind=muon
kind=muon
kind=muon
kind=muon
P:  torch.Size([13, 32])
S torch.Size([13, 13, 32])
P:  torch.Size([1664, 1664])
S torch.Size([26, 1664, 1664])
P:  torch.Size([1664, 6656])
S torch.Size([26, 1664, 6656])
P:  torch.Size([6656, 1664])
S torch.Size([26, 6656, 1664])
STIEFEL
kind=stiefel
step 00385/00500 (77.00%) | loss: 3.527144 | lrm: 0.46 | dt: 17663.20ms | tok/sec: 59,365 | bf16_mfu: 37.13 | epoch: 1 | total time: 110.50m | eta: 33.9m
kind=muon
kind=muon
kind=muon
kind=muon
P:  torch.Size([13, 32])
S torch.Size([13, 13, 32])
P:  torch.Size([1664, 1664])
S torch.Size([26, 1664, 1664])
P:  torch.Size([1664, 6656])
S torch.Size([26, 1664, 6656])
P:  torch.Size([6656, 1664])
S torch.Size([26, 6656, 1664])
STIEFEL
kind=stiefel
step 00386/00500 (77.20%) | loss: 3.529768 | lrm: 0.46 | dt: 17662.15ms | tok/sec: 59,368 | bf16_mfu: 37.13 | epoch: 1 | total time: 110.80m | eta: 33.6m
kind=muon
kind=muon
kind=muon
kind=muon
P:  torch.Size([13, 32])
S torch.Size([13, 13, 32])
P:  torch.Size([1664, 1664])
S torch.Size([26, 1664, 1664])
P:  torch.Size([1664, 6656])
S torch.Size([26, 1664, 6656])
P:  torch.Size([6656, 1664])
S torch.Size([26, 6656, 1664])
STIEFEL
kind=stiefel
step 00387/00500 (77.40%) | loss: 3.531691 | lrm: 0.45 | dt: 17664.38ms | tok/sec: 59,361 | bf16_mfu: 37.13 | epoch: 1 | total time: 111.09m | eta: 33.3m
kind=muon
kind=muon
kind=muon
kind=muon
P:  torch.Size([13, 32])
S torch.Size([13, 13, 32])
P:  torch.Size([1664, 1664])
S torch.Size([26, 1664, 1664])
P:  torch.Size([1664, 6656])
S torch.Size([26, 1664, 6656])
P:  torch.Size([6656, 1664])
S torch.Size([26, 6656, 1664])
STIEFEL
kind=stiefel
step 00388/00500 (77.60%) | loss: 3.513728 | lrm: 0.45 | dt: 17668.69ms | tok/sec: 59,346 | bf16_mfu: 37.12 | epoch: 1 | total time: 111.39m | eta: 33.0m
kind=muon
kind=muon
kind=muon
kind=muon
P:  torch.Size([13, 32])
S torch.Size([13, 13, 32])
P:  torch.Size([1664, 1664])
S torch.Size([26, 1664, 1664])
P:  torch.Size([1664, 6656])
S torch.Size([26, 1664, 6656])
P:  torch.Size([6656, 1664])
S torch.Size([26, 6656, 1664])
STIEFEL
kind=stiefel
step 00389/00500 (77.80%) | loss: 3.514938 | lrm: 0.44 | dt: 17667.05ms | tok/sec: 59,352 | bf16_mfu: 37.12 | epoch: 1 | total time: 111.68m | eta: 32.7m
kind=muon
kind=muon
kind=muon
kind=muon
P:  torch.Size([13, 32])
S torch.Size([13, 13, 32])
P:  torch.Size([1664, 1664])
S torch.Size([26, 1664, 1664])
P:  torch.Size([1664, 6656])
S torch.Size([26, 1664, 6656])
P:  torch.Size([6656, 1664])
S torch.Size([26, 6656, 1664])
STIEFEL
kind=stiefel
step 00390/00500 (78.00%) | loss: 3.499639 | lrm: 0.44 | dt: 17667.50ms | tok/sec: 59,350 | bf16_mfu: 37.12 | epoch: 1 | total time: 111.97m | eta: 32.4m
kind=muon
kind=muon
kind=muon
kind=muon
P:  torch.Size([13, 32])
S torch.Size([13, 13, 32])
P:  torch.Size([1664, 1664])
S torch.Size([26, 1664, 1664])
P:  torch.Size([1664, 6656])
S torch.Size([26, 1664, 6656])
P:  torch.Size([6656, 1664])
S torch.Size([26, 6656, 1664])
STIEFEL
kind=stiefel
step 00391/00500 (78.20%) | loss: 3.498835 | lrm: 0.44 | dt: 17667.43ms | tok/sec: 59,350 | bf16_mfu: 37.12 | epoch: 1 | total time: 112.27m | eta: 32.1m
kind=muon
kind=muon
kind=muon
kind=muon
P:  torch.Size([13, 32])
S torch.Size([13, 13, 32])
P:  torch.Size([1664, 1664])
S torch.Size([26, 1664, 1664])
P:  torch.Size([1664, 6656])
S torch.Size([26, 1664, 6656])
P:  torch.Size([6656, 1664])
S torch.Size([26, 6656, 1664])
STIEFEL
kind=stiefel
step 00392/00500 (78.40%) | loss: 3.501914 | lrm: 0.43 | dt: 17664.33ms | tok/sec: 59,361 | bf16_mfu: 37.13 | epoch: 1 | total time: 112.56m | eta: 31.8m
kind=muon
kind=muon
kind=muon
kind=muon
P:  torch.Size([13, 32])
S torch.Size([13, 13, 32])
P:  torch.Size([1664, 1664])
S torch.Size([26, 1664, 1664])
P:  torch.Size([1664, 6656])
S torch.Size([26, 1664, 6656])
P:  torch.Size([6656, 1664])
S torch.Size([26, 6656, 1664])
STIEFEL
kind=stiefel
step 00393/00500 (78.60%) | loss: 3.517031 | lrm: 0.43 | dt: 17662.13ms | tok/sec: 59,368 | bf16_mfu: 37.13 | epoch: 1 | total time: 112.86m | eta: 31.5m
kind=muon
kind=muon
kind=muon
kind=muon
P:  torch.Size([13, 32])
S torch.Size([13, 13, 32])
P:  torch.Size([1664, 1664])
S torch.Size([26, 1664, 1664])
P:  torch.Size([1664, 6656])
S torch.Size([26, 1664, 6656])
P:  torch.Size([6656, 1664])
S torch.Size([26, 6656, 1664])
STIEFEL
kind=stiefel
step 00394/00500 (78.80%) | loss: 3.507252 | lrm: 0.42 | dt: 17668.85ms | tok/sec: 59,346 | bf16_mfu: 37.12 | epoch: 1 | total time: 113.15m | eta: 31.2m
kind=muon
kind=muon
kind=muon
kind=muon
P:  torch.Size([13, 32])
S torch.Size([13, 13, 32])
P:  torch.Size([1664, 1664])
S torch.Size([26, 1664, 1664])
P:  torch.Size([1664, 6656])
S torch.Size([26, 1664, 6656])
P:  torch.Size([6656, 1664])
S torch.Size([26, 6656, 1664])
STIEFEL
kind=stiefel
step 00395/00500 (79.00%) | loss: 3.502179 | lrm: 0.42 | dt: 17666.11ms | tok/sec: 59,355 | bf16_mfu: 37.12 | epoch: 1 | total time: 113.45m | eta: 30.9m
kind=muon
kind=muon
kind=muon
kind=muon
P:  torch.Size([13, 32])
S torch.Size([13, 13, 32])
P:  torch.Size([1664, 1664])
S torch.Size([26, 1664, 1664])
P:  torch.Size([1664, 6656])
S torch.Size([26, 1664, 6656])
P:  torch.Size([6656, 1664])
S torch.Size([26, 6656, 1664])
STIEFEL
kind=stiefel
step 00396/00500 (79.20%) | loss: 3.483173 | lrm: 0.42 | dt: 17670.94ms | tok/sec: 59,339 | bf16_mfu: 37.11 | epoch: 1 | total time: 113.74m | eta: 30.6m
kind=muon
kind=muon
kind=muon
kind=muon
P:  torch.Size([13, 32])
S torch.Size([13, 13, 32])
P:  torch.Size([1664, 1664])
S torch.Size([26, 1664, 1664])
P:  torch.Size([1664, 6656])
S torch.Size([26, 1664, 6656])
P:  torch.Size([6656, 1664])
S torch.Size([26, 6656, 1664])
STIEFEL
kind=stiefel
step 00397/00500 (79.40%) | loss: 3.474822 | lrm: 0.41 | dt: 17664.25ms | tok/sec: 59,361 | bf16_mfu: 37.13 | epoch: 1 | total time: 114.04m | eta: 30.4m
kind=muon
kind=muon
kind=muon
kind=muon
P:  torch.Size([13, 32])
S torch.Size([13, 13, 32])
P:  torch.Size([1664, 1664])
S torch.Size([26, 1664, 1664])
P:  torch.Size([1664, 6656])
S torch.Size([26, 1664, 6656])
P:  torch.Size([6656, 1664])
S torch.Size([26, 6656, 1664])
STIEFEL
kind=stiefel
step 00398/00500 (79.60%) | loss: 3.469060 | lrm: 0.41 | dt: 17666.67ms | tok/sec: 59,353 | bf16_mfu: 37.12 | epoch: 1 | total time: 114.33m | eta: 30.1m
kind=muon
kind=muon
kind=muon
kind=muon
P:  torch.Size([13, 32])
S torch.Size([13, 13, 32])
P:  torch.Size([1664, 1664])
S torch.Size([26, 1664, 1664])
P:  torch.Size([1664, 6656])
S torch.Size([26, 1664, 6656])
P:  torch.Size([6656, 1664])
S torch.Size([26, 6656, 1664])
STIEFEL
kind=stiefel
step 00399/00500 (79.80%) | loss: 3.459789 | lrm: 0.40 | dt: 17662.19ms | tok/sec: 59,368 | bf16_mfu: 37.13 | epoch: 1 | total time: 114.62m | eta: 29.8m
kind=muon
kind=muon
kind=muon
kind=muon
P:  torch.Size([13, 32])
S torch.Size([13, 13, 32])
P:  torch.Size([1664, 1664])
S torch.Size([26, 1664, 1664])
P:  torch.Size([1664, 6656])
S torch.Size([26, 1664, 6656])
P:  torch.Size([6656, 1664])
S torch.Size([26, 6656, 1664])
STIEFEL
kind=stiefel
step 00400/00500 (80.00%) | loss: 3.455796 | lrm: 0.40 | dt: 17668.76ms | tok/sec: 59,346 | bf16_mfu: 37.12 | epoch: 1 | total time: 114.92m | eta: 29.5m
kind=muon
kind=muon
kind=muon
kind=muon
P:  torch.Size([13, 32])
S torch.Size([13, 13, 32])
P:  torch.Size([1664, 1664])
S torch.Size([26, 1664, 1664])
P:  torch.Size([1664, 6656])
S torch.Size([26, 1664, 6656])
P:  torch.Size([6656, 1664])
S torch.Size([26, 6656, 1664])
STIEFEL
kind=stiefel
step 00401/00500 (80.20%) | loss: 3.446602 | lrm: 0.40 | dt: 17662.39ms | tok/sec: 59,367 | bf16_mfu: 37.13 | epoch: 1 | total time: 115.21m | eta: 29.2m
kind=muon
kind=muon
kind=muon
kind=muon
P:  torch.Size([13, 32])
S torch.Size([13, 13, 32])
P:  torch.Size([1664, 1664])
S torch.Size([26, 1664, 1664])
P:  torch.Size([1664, 6656])
S torch.Size([26, 1664, 6656])
P:  torch.Size([6656, 1664])
S torch.Size([26, 6656, 1664])
STIEFEL
kind=stiefel
step 00402/00500 (80.40%) | loss: 3.440913 | lrm: 0.39 | dt: 17663.29ms | tok/sec: 59,364 | bf16_mfu: 37.13 | epoch: 1 | total time: 115.51m | eta: 28.9m
kind=muon
kind=muon
kind=muon
kind=muon
P:  torch.Size([13, 32])
S torch.Size([13, 13, 32])
P:  torch.Size([1664, 1664])
S torch.Size([26, 1664, 1664])
P:  torch.Size([1664, 6656])
S torch.Size([26, 1664, 6656])
P:  torch.Size([6656, 1664])
S torch.Size([26, 6656, 1664])
STIEFEL
kind=stiefel
step 00403/00500 (80.60%) | loss: 3.433791 | lrm: 0.39 | dt: 17667.58ms | tok/sec: 59,350 | bf16_mfu: 37.12 | epoch: 1 | total time: 115.80m | eta: 28.6m
kind=muon
kind=muon
kind=muon
kind=muon
P:  torch.Size([13, 32])
S torch.Size([13, 13, 32])
P:  torch.Size([1664, 1664])
S torch.Size([26, 1664, 1664])
P:  torch.Size([1664, 6656])
S torch.Size([26, 1664, 6656])
P:  torch.Size([6656, 1664])
S torch.Size([26, 6656, 1664])
STIEFEL
kind=stiefel
step 00404/00500 (80.80%) | loss: 3.449317 | lrm: 0.38 | dt: 17670.66ms | tok/sec: 59,339 | bf16_mfu: 37.11 | epoch: 1 | total time: 116.10m | eta: 28.3m
kind=muon
kind=muon
kind=muon
kind=muon
P:  torch.Size([13, 32])
S torch.Size([13, 13, 32])
P:  torch.Size([1664, 1664])
S torch.Size([26, 1664, 1664])
P:  torch.Size([1664, 6656])
S torch.Size([26, 1664, 6656])
P:  torch.Size([6656, 1664])
S torch.Size([26, 6656, 1664])
STIEFEL
kind=stiefel
step 00405/00500 (81.00%) | loss: 3.454301 | lrm: 0.38 | dt: 17667.09ms | tok/sec: 59,351 | bf16_mfu: 37.12 | epoch: 1 | total time: 116.39m | eta: 28.0m
kind=muon
kind=muon
kind=muon
kind=muon
P:  torch.Size([13, 32])
S torch.Size([13, 13, 32])
P:  torch.Size([1664, 1664])
S torch.Size([26, 1664, 1664])
P:  torch.Size([1664, 6656])
S torch.Size([26, 1664, 6656])
P:  torch.Size([6656, 1664])
S torch.Size([26, 6656, 1664])
STIEFEL
kind=stiefel
step 00406/00500 (81.20%) | loss: 3.445272 | lrm: 0.38 | dt: 17665.68ms | tok/sec: 59,356 | bf16_mfu: 37.12 | epoch: 1 | total time: 116.69m | eta: 27.7m
kind=muon
kind=muon
kind=muon
kind=muon
P:  torch.Size([13, 32])
S torch.Size([13, 13, 32])
P:  torch.Size([1664, 1664])
S torch.Size([26, 1664, 1664])
P:  torch.Size([1664, 6656])
S torch.Size([26, 1664, 6656])
P:  torch.Size([6656, 1664])
S torch.Size([26, 6656, 1664])
STIEFEL
kind=stiefel
step 00407/00500 (81.40%) | loss: 3.439695 | lrm: 0.37 | dt: 17672.35ms | tok/sec: 59,334 | bf16_mfu: 37.11 | epoch: 1 | total time: 116.98m | eta: 27.4m
kind=muon
kind=muon
kind=muon
kind=muon
P:  torch.Size([13, 32])
S torch.Size([13, 13, 32])
P:  torch.Size([1664, 1664])
S torch.Size([26, 1664, 1664])
P:  torch.Size([1664, 6656])
S torch.Size([26, 1664, 6656])
P:  torch.Size([6656, 1664])
S torch.Size([26, 6656, 1664])
STIEFEL
kind=stiefel
step 00408/00500 (81.60%) | loss: 3.445298 | lrm: 0.37 | dt: 17668.46ms | tok/sec: 59,347 | bf16_mfu: 37.12 | epoch: 1 | total time: 117.27m | eta: 27.1m
kind=muon
kind=muon
kind=muon
kind=muon
P:  torch.Size([13, 32])
S torch.Size([13, 13, 32])
P:  torch.Size([1664, 1664])
S torch.Size([26, 1664, 1664])
P:  torch.Size([1664, 6656])
S torch.Size([26, 1664, 6656])
P:  torch.Size([6656, 1664])
S torch.Size([26, 6656, 1664])
STIEFEL
kind=stiefel
step 00409/00500 (81.80%) | loss: 3.441532 | lrm: 0.36 | dt: 17671.70ms | tok/sec: 59,336 | bf16_mfu: 37.11 | epoch: 1 | total time: 117.57m | eta: 26.8m
kind=muon
kind=muon
kind=muon
kind=muon
P:  torch.Size([13, 32])
S torch.Size([13, 13, 32])
P:  torch.Size([1664, 1664])
S torch.Size([26, 1664, 1664])
P:  torch.Size([1664, 6656])
S torch.Size([26, 1664, 6656])
P:  torch.Size([6656, 1664])
S torch.Size([26, 6656, 1664])
STIEFEL
kind=stiefel
step 00410/00500 (82.00%) | loss: 3.438752 | lrm: 0.36 | dt: 17669.22ms | tok/sec: 59,344 | bf16_mfu: 37.11 | epoch: 1 | total time: 117.86m | eta: 26.5m
kind=muon
kind=muon
kind=muon
kind=muon
P:  torch.Size([13, 32])
S torch.Size([13, 13, 32])
P:  torch.Size([1664, 1664])
S torch.Size([26, 1664, 1664])
P:  torch.Size([1664, 6656])
S torch.Size([26, 1664, 6656])
P:  torch.Size([6656, 1664])
S torch.Size([26, 6656, 1664])
STIEFEL
kind=stiefel
step 00411/00500 (82.20%) | loss: 3.440820 | lrm: 0.36 | dt: 17668.52ms | tok/sec: 59,347 | bf16_mfu: 37.12 | epoch: 1 | total time: 118.16m | eta: 26.2m
kind=muon
kind=muon
kind=muon
kind=muon
P:  torch.Size([13, 32])
S torch.Size([13, 13, 32])
P:  torch.Size([1664, 1664])
S torch.Size([26, 1664, 1664])
P:  torch.Size([1664, 6656])
S torch.Size([26, 1664, 6656])
P:  torch.Size([6656, 1664])
S torch.Size([26, 6656, 1664])
STIEFEL
kind=stiefel
step 00412/00500 (82.40%) | loss: 3.430904 | lrm: 0.35 | dt: 17660.83ms | tok/sec: 59,372 | bf16_mfu: 37.13 | epoch: 1 | total time: 118.45m | eta: 25.9m
kind=muon
kind=muon
kind=muon
kind=muon
P:  torch.Size([13, 32])
S torch.Size([13, 13, 32])
P:  torch.Size([1664, 1664])
S torch.Size([26, 1664, 1664])
P:  torch.Size([1664, 6656])
S torch.Size([26, 1664, 6656])
P:  torch.Size([6656, 1664])
S torch.Size([26, 6656, 1664])
STIEFEL
kind=stiefel
step 00413/00500 (82.60%) | loss: 3.435507 | lrm: 0.35 | dt: 17653.51ms | tok/sec: 59,397 | bf16_mfu: 37.15 | epoch: 1 | total time: 118.75m | eta: 25.6m
kind=muon
kind=muon
kind=muon
kind=muon
P:  torch.Size([13, 32])
S torch.Size([13, 13, 32])
P:  torch.Size([1664, 1664])
S torch.Size([26, 1664, 1664])
P:  torch.Size([1664, 6656])
S torch.Size([26, 1664, 6656])
P:  torch.Size([6656, 1664])
S torch.Size([26, 6656, 1664])
STIEFEL
kind=stiefel
step 00414/00500 (82.80%) | loss: 3.437816 | lrm: 0.34 | dt: 17669.61ms | tok/sec: 59,343 | bf16_mfu: 37.11 | epoch: 1 | total time: 119.04m | eta: 25.3m
kind=muon
kind=muon
kind=muon
kind=muon
P:  torch.Size([13, 32])
S torch.Size([13, 13, 32])
P:  torch.Size([1664, 1664])
S torch.Size([26, 1664, 1664])
P:  torch.Size([1664, 6656])
S torch.Size([26, 1664, 6656])
P:  torch.Size([6656, 1664])
S torch.Size([26, 6656, 1664])
STIEFEL
kind=stiefel
step 00415/00500 (83.00%) | loss: 3.432326 | lrm: 0.34 | dt: 17661.98ms | tok/sec: 59,369 | bf16_mfu: 37.13 | epoch: 1 | total time: 119.34m | eta: 25.0m
kind=muon
kind=muon
kind=muon
kind=muon
P:  torch.Size([13, 32])
S torch.Size([13, 13, 32])
P:  torch.Size([1664, 1664])
S torch.Size([26, 1664, 1664])
P:  torch.Size([1664, 6656])
S torch.Size([26, 1664, 6656])
P:  torch.Size([6656, 1664])
S torch.Size([26, 6656, 1664])
STIEFEL
kind=stiefel
step 00416/00500 (83.20%) | loss: 3.439577 | lrm: 0.34 | dt: 17663.79ms | tok/sec: 59,363 | bf16_mfu: 37.13 | epoch: 1 | total time: 119.63m | eta: 24.8m
kind=muon
kind=muon
kind=muon
kind=muon
P:  torch.Size([13, 32])
S torch.Size([13, 13, 32])
P:  torch.Size([1664, 1664])
S torch.Size([26, 1664, 1664])
P:  torch.Size([1664, 6656])
S torch.Size([26, 1664, 6656])
P:  torch.Size([6656, 1664])
S torch.Size([26, 6656, 1664])
STIEFEL
kind=stiefel
step 00417/00500 (83.40%) | loss: 3.449954 | lrm: 0.33 | dt: 17644.32ms | tok/sec: 59,428 | bf16_mfu: 37.17 | epoch: 1 | total time: 119.92m | eta: 24.5m
kind=muon
kind=muon
kind=muon
kind=muon
P:  torch.Size([13, 32])
S torch.Size([13, 13, 32])
P:  torch.Size([1664, 1664])
S torch.Size([26, 1664, 1664])
P:  torch.Size([1664, 6656])
S torch.Size([26, 1664, 6656])
P:  torch.Size([6656, 1664])
S torch.Size([26, 6656, 1664])
STIEFEL
kind=stiefel
step 00418/00500 (83.60%) | loss: 3.446225 | lrm: 0.33 | dt: 17659.15ms | tok/sec: 59,378 | bf16_mfu: 37.14 | epoch: 1 | total time: 120.22m | eta: 24.2m
kind=muon
kind=muon
kind=muon
kind=muon
P:  torch.Size([13, 32])
S torch.Size([13, 13, 32])
P:  torch.Size([1664, 1664])
S torch.Size([26, 1664, 1664])
P:  torch.Size([1664, 6656])
S torch.Size([26, 1664, 6656])
P:  torch.Size([6656, 1664])
S torch.Size([26, 6656, 1664])
STIEFEL
kind=stiefel
step 00419/00500 (83.80%) | loss: 3.447019 | lrm: 0.32 | dt: 17660.55ms | tok/sec: 59,373 | bf16_mfu: 37.13 | epoch: 1 | total time: 120.51m | eta: 23.9m
kind=muon
kind=muon
kind=muon
kind=muon
P:  torch.Size([13, 32])
S torch.Size([13, 13, 32])
P:  torch.Size([1664, 1664])
S torch.Size([26, 1664, 1664])
P:  torch.Size([1664, 6656])
S torch.Size([26, 1664, 6656])
P:  torch.Size([6656, 1664])
S torch.Size([26, 6656, 1664])
STIEFEL
kind=stiefel
step 00420/00500 (84.00%) | loss: 3.435001 | lrm: 0.32 | dt: 17655.15ms | tok/sec: 59,392 | bf16_mfu: 37.14 | epoch: 1 | total time: 120.81m | eta: 23.6m
kind=muon
kind=muon
kind=muon
kind=muon
P:  torch.Size([13, 32])
S torch.Size([13, 13, 32])
P:  torch.Size([1664, 1664])
S torch.Size([26, 1664, 1664])
P:  torch.Size([1664, 6656])
S torch.Size([26, 1664, 6656])
P:  torch.Size([6656, 1664])
S torch.Size([26, 6656, 1664])
STIEFEL
kind=stiefel
step 00421/00500 (84.20%) | loss: 3.431285 | lrm: 0.32 | dt: 17661.24ms | tok/sec: 59,371 | bf16_mfu: 37.13 | epoch: 1 | total time: 121.10m | eta: 23.3m
kind=muon
kind=muon
kind=muon
kind=muon
P:  torch.Size([13, 32])
S torch.Size([13, 13, 32])
P:  torch.Size([1664, 1664])
S torch.Size([26, 1664, 1664])
P:  torch.Size([1664, 6656])
S torch.Size([26, 1664, 6656])
P:  torch.Size([6656, 1664])
S torch.Size([26, 6656, 1664])
STIEFEL
kind=stiefel
step 00422/00500 (84.40%) | loss: 3.424962 | lrm: 0.31 | dt: 17662.21ms | tok/sec: 59,368 | bf16_mfu: 37.13 | epoch: 1 | total time: 121.40m | eta: 23.0m
kind=muon
kind=muon
kind=muon
kind=muon
P:  torch.Size([13, 32])
S torch.Size([13, 13, 32])
P:  torch.Size([1664, 1664])
S torch.Size([26, 1664, 1664])
P:  torch.Size([1664, 6656])
S torch.Size([26, 1664, 6656])
P:  torch.Size([6656, 1664])
S torch.Size([26, 6656, 1664])
STIEFEL
kind=stiefel
step 00423/00500 (84.60%) | loss: 3.432191 | lrm: 0.31 | dt: 17665.40ms | tok/sec: 59,357 | bf16_mfu: 37.12 | epoch: 1 | total time: 121.69m | eta: 22.7m
kind=muon
kind=muon
kind=muon
kind=muon
P:  torch.Size([13, 32])
S torch.Size([13, 13, 32])
P:  torch.Size([1664, 1664])
S torch.Size([26, 1664, 1664])
P:  torch.Size([1664, 6656])
S torch.Size([26, 1664, 6656])
P:  torch.Size([6656, 1664])
S torch.Size([26, 6656, 1664])
STIEFEL
kind=stiefel
step 00424/00500 (84.80%) | loss: 3.432687 | lrm: 0.30 | dt: 17666.83ms | tok/sec: 59,352 | bf16_mfu: 37.12 | epoch: 1 | total time: 121.98m | eta: 22.4m
kind=muon
kind=muon
kind=muon
kind=muon
P:  torch.Size([13, 32])
S torch.Size([13, 13, 32])
P:  torch.Size([1664, 1664])
S torch.Size([26, 1664, 1664])
P:  torch.Size([1664, 6656])
S torch.Size([26, 1664, 6656])
P:  torch.Size([6656, 1664])
S torch.Size([26, 6656, 1664])
STIEFEL
kind=stiefel
step 00425/00500 (85.00%) | loss: 3.425007 | lrm: 0.30 | dt: 17670.26ms | tok/sec: 59,341 | bf16_mfu: 37.11 | epoch: 1 | total time: 122.28m | eta: 22.1m
kind=muon
kind=muon
kind=muon
kind=muon
P:  torch.Size([13, 32])
S torch.Size([13, 13, 32])
P:  torch.Size([1664, 1664])
S torch.Size([26, 1664, 1664])
P:  torch.Size([1664, 6656])
S torch.Size([26, 1664, 6656])
P:  torch.Size([6656, 1664])
S torch.Size([26, 6656, 1664])
STIEFEL
kind=stiefel
step 00426/00500 (85.20%) | loss: 3.412769 | lrm: 0.30 | dt: 17665.62ms | tok/sec: 59,356 | bf16_mfu: 37.12 | epoch: 1 | total time: 122.57m | eta: 21.8m
kind=muon
kind=muon
kind=muon
kind=muon
P:  torch.Size([13, 32])
S torch.Size([13, 13, 32])
P:  torch.Size([1664, 1664])
S torch.Size([26, 1664, 1664])
P:  torch.Size([1664, 6656])
S torch.Size([26, 1664, 6656])
P:  torch.Size([6656, 1664])
S torch.Size([26, 6656, 1664])
STIEFEL
kind=stiefel
step 00427/00500 (85.40%) | loss: 3.415269 | lrm: 0.29 | dt: 17670.93ms | tok/sec: 59,339 | bf16_mfu: 37.11 | epoch: 1 | total time: 122.87m | eta: 21.5m
kind=muon
kind=muon
kind=muon
kind=muon
P:  torch.Size([13, 32])
S torch.Size([13, 13, 32])
P:  torch.Size([1664, 1664])
S torch.Size([26, 1664, 1664])
P:  torch.Size([1664, 6656])
S torch.Size([26, 1664, 6656])
P:  torch.Size([6656, 1664])
S torch.Size([26, 6656, 1664])
STIEFEL
kind=stiefel
step 00428/00500 (85.60%) | loss: 3.408332 | lrm: 0.29 | dt: 17670.76ms | tok/sec: 59,339 | bf16_mfu: 37.11 | epoch: 1 | total time: 123.16m | eta: 21.2m
kind=muon
kind=muon
kind=muon
kind=muon
P:  torch.Size([13, 32])
S torch.Size([13, 13, 32])
P:  torch.Size([1664, 1664])
S torch.Size([26, 1664, 1664])
P:  torch.Size([1664, 6656])
S torch.Size([26, 1664, 6656])
P:  torch.Size([6656, 1664])
S torch.Size([26, 6656, 1664])
STIEFEL
kind=stiefel
step 00429/00500 (85.80%) | loss: 3.400392 | lrm: 0.28 | dt: 17671.04ms | tok/sec: 59,338 | bf16_mfu: 37.11 | epoch: 1 | total time: 123.46m | eta: 20.9m
kind=muon
kind=muon
kind=muon
kind=muon
P:  torch.Size([13, 32])
S torch.Size([13, 13, 32])
P:  torch.Size([1664, 1664])
S torch.Size([26, 1664, 1664])
P:  torch.Size([1664, 6656])
S torch.Size([26, 1664, 6656])
P:  torch.Size([6656, 1664])
S torch.Size([26, 6656, 1664])
STIEFEL
kind=stiefel
step 00430/00500 (86.00%) | loss: 3.410981 | lrm: 0.28 | dt: 17658.42ms | tok/sec: 59,381 | bf16_mfu: 37.14 | epoch: 1 | total time: 123.75m | eta: 20.6m
kind=muon
kind=muon
kind=muon
kind=muon
P:  torch.Size([13, 32])
S torch.Size([13, 13, 32])
P:  torch.Size([1664, 1664])
S torch.Size([26, 1664, 1664])
P:  torch.Size([1664, 6656])
S torch.Size([26, 1664, 6656])
P:  torch.Size([6656, 1664])
S torch.Size([26, 6656, 1664])
STIEFEL
kind=stiefel
step 00431/00500 (86.20%) | loss: 3.407835 | lrm: 0.28 | dt: 17665.77ms | tok/sec: 59,356 | bf16_mfu: 37.12 | epoch: 1 | total time: 124.05m | eta: 20.3m
kind=muon
kind=muon
kind=muon
kind=muon
P:  torch.Size([13, 32])
S torch.Size([13, 13, 32])
P:  torch.Size([1664, 1664])
S torch.Size([26, 1664, 1664])
P:  torch.Size([1664, 6656])
S torch.Size([26, 1664, 6656])
P:  torch.Size([6656, 1664])
S torch.Size([26, 6656, 1664])
STIEFEL
kind=stiefel
step 00432/00500 (86.40%) | loss: 3.397607 | lrm: 0.27 | dt: 17670.59ms | tok/sec: 59,340 | bf16_mfu: 37.11 | epoch: 1 | total time: 124.34m | eta: 20.0m
kind=muon
kind=muon
kind=muon
kind=muon
P:  torch.Size([13, 32])
S torch.Size([13, 13, 32])
P:  torch.Size([1664, 1664])
S torch.Size([26, 1664, 1664])
P:  torch.Size([1664, 6656])
S torch.Size([26, 1664, 6656])
P:  torch.Size([6656, 1664])
S torch.Size([26, 6656, 1664])
STIEFEL
kind=stiefel
step 00433/00500 (86.60%) | loss: 3.389954 | lrm: 0.27 | dt: 17668.86ms | tok/sec: 59,346 | bf16_mfu: 37.12 | epoch: 1 | total time: 124.64m | eta: 19.7m
kind=muon
kind=muon
kind=muon
kind=muon
P:  torch.Size([13, 32])
S torch.Size([13, 13, 32])
P:  torch.Size([1664, 1664])
S torch.Size([26, 1664, 1664])
P:  torch.Size([1664, 6656])
S torch.Size([26, 1664, 6656])
P:  torch.Size([6656, 1664])
S torch.Size([26, 6656, 1664])
STIEFEL
kind=stiefel
step 00434/00500 (86.80%) | loss: 3.399633 | lrm: 0.26 | dt: 17666.90ms | tok/sec: 59,352 | bf16_mfu: 37.12 | epoch: 1 | total time: 124.93m | eta: 19.4m
kind=muon
kind=muon
kind=muon
kind=muon
P:  torch.Size([13, 32])
S torch.Size([13, 13, 32])
P:  torch.Size([1664, 1664])
S torch.Size([26, 1664, 1664])
P:  torch.Size([1664, 6656])
S torch.Size([26, 1664, 6656])
P:  torch.Size([6656, 1664])
S torch.Size([26, 6656, 1664])
STIEFEL
kind=stiefel
step 00435/00500 (87.00%) | loss: 3.400850 | lrm: 0.26 | dt: 17676.96ms | tok/sec: 59,318 | bf16_mfu: 37.10 | epoch: 1 | total time: 125.22m | eta: 19.2m
kind=muon
kind=muon
kind=muon
kind=muon
P:  torch.Size([13, 32])
S torch.Size([13, 13, 32])
P:  torch.Size([1664, 1664])
S torch.Size([26, 1664, 1664])
P:  torch.Size([1664, 6656])
S torch.Size([26, 1664, 6656])
P:  torch.Size([6656, 1664])
S torch.Size([26, 6656, 1664])
STIEFEL
kind=stiefel
step 00436/00500 (87.20%) | loss: 3.392955 | lrm: 0.26 | dt: 17673.87ms | tok/sec: 59,329 | bf16_mfu: 37.11 | epoch: 1 | total time: 125.52m | eta: 18.9m
kind=muon
kind=muon
kind=muon
kind=muon
P:  torch.Size([13, 32])
S torch.Size([13, 13, 32])
P:  torch.Size([1664, 1664])
S torch.Size([26, 1664, 1664])
P:  torch.Size([1664, 6656])
S torch.Size([26, 1664, 6656])
P:  torch.Size([6656, 1664])
S torch.Size([26, 6656, 1664])
STIEFEL
kind=stiefel
step 00437/00500 (87.40%) | loss: 3.388257 | lrm: 0.25 | dt: 17666.27ms | tok/sec: 59,354 | bf16_mfu: 37.12 | epoch: 1 | total time: 125.81m | eta: 18.6m
kind=muon
kind=muon
kind=muon
kind=muon
P:  torch.Size([13, 32])
S torch.Size([13, 13, 32])
P:  torch.Size([1664, 1664])
S torch.Size([26, 1664, 1664])
P:  torch.Size([1664, 6656])
S torch.Size([26, 1664, 6656])
P:  torch.Size([6656, 1664])
S torch.Size([26, 6656, 1664])
STIEFEL
kind=stiefel
step 00438/00500 (87.60%) | loss: 3.373577 | lrm: 0.25 | dt: 17666.55ms | tok/sec: 59,353 | bf16_mfu: 37.12 | epoch: 1 | total time: 126.11m | eta: 18.3m
kind=muon
kind=muon
kind=muon
kind=muon
P:  torch.Size([13, 32])
S torch.Size([13, 13, 32])
P:  torch.Size([1664, 1664])
S torch.Size([26, 1664, 1664])
P:  torch.Size([1664, 6656])
S torch.Size([26, 1664, 6656])
P:  torch.Size([6656, 1664])
S torch.Size([26, 6656, 1664])
STIEFEL
kind=stiefel
step 00439/00500 (87.80%) | loss: 3.365799 | lrm: 0.24 | dt: 17665.84ms | tok/sec: 59,356 | bf16_mfu: 37.12 | epoch: 1 | total time: 126.40m | eta: 18.0m
kind=muon
kind=muon
kind=muon
kind=muon
P:  torch.Size([13, 32])
S torch.Size([13, 13, 32])
P:  torch.Size([1664, 1664])
S torch.Size([26, 1664, 1664])
P:  torch.Size([1664, 6656])
S torch.Size([26, 1664, 6656])
P:  torch.Size([6656, 1664])
S torch.Size([26, 6656, 1664])
STIEFEL
kind=stiefel
step 00440/00500 (88.00%) | loss: 3.356152 | lrm: 0.24 | dt: 17658.60ms | tok/sec: 59,380 | bf16_mfu: 37.14 | epoch: 1 | total time: 126.70m | eta: 17.7m
kind=muon
kind=muon
kind=muon
kind=muon
P:  torch.Size([13, 32])
S torch.Size([13, 13, 32])
P:  torch.Size([1664, 1664])
S torch.Size([26, 1664, 1664])
P:  torch.Size([1664, 6656])
S torch.Size([26, 1664, 6656])
P:  torch.Size([6656, 1664])
S torch.Size([26, 6656, 1664])
STIEFEL
kind=stiefel
step 00441/00500 (88.20%) | loss: 3.348489 | lrm: 0.24 | dt: 17660.35ms | tok/sec: 59,374 | bf16_mfu: 37.13 | epoch: 1 | total time: 126.99m | eta: 17.4m
kind=muon
kind=muon
kind=muon
kind=muon
P:  torch.Size([13, 32])
S torch.Size([13, 13, 32])
P:  torch.Size([1664, 1664])
S torch.Size([26, 1664, 1664])
P:  torch.Size([1664, 6656])
S torch.Size([26, 1664, 6656])
P:  torch.Size([6656, 1664])
S torch.Size([26, 6656, 1664])
STIEFEL
kind=stiefel
step 00442/00500 (88.40%) | loss: 3.354142 | lrm: 0.23 | dt: 17658.84ms | tok/sec: 59,379 | bf16_mfu: 37.14 | epoch: 1 | total time: 127.28m | eta: 17.1m
kind=muon
kind=muon
kind=muon
kind=muon
P:  torch.Size([13, 32])
S torch.Size([13, 13, 32])
P:  torch.Size([1664, 1664])
S torch.Size([26, 1664, 1664])
P:  torch.Size([1664, 6656])
S torch.Size([26, 1664, 6656])
P:  torch.Size([6656, 1664])
S torch.Size([26, 6656, 1664])
STIEFEL
kind=stiefel
step 00443/00500 (88.60%) | loss: 3.352886 | lrm: 0.23 | dt: 17663.50ms | tok/sec: 59,363 | bf16_mfu: 37.13 | epoch: 1 | total time: 127.58m | eta: 16.8m
kind=muon
kind=muon
kind=muon
kind=muon
P:  torch.Size([13, 32])
S torch.Size([13, 13, 32])
P:  torch.Size([1664, 1664])
S torch.Size([26, 1664, 1664])
P:  torch.Size([1664, 6656])
S torch.Size([26, 1664, 6656])
P:  torch.Size([6656, 1664])
S torch.Size([26, 6656, 1664])
STIEFEL
kind=stiefel
step 00444/00500 (88.80%) | loss: 3.361581 | lrm: 0.22 | dt: 17658.64ms | tok/sec: 59,380 | bf16_mfu: 37.14 | epoch: 1 | total time: 127.87m | eta: 16.5m
kind=muon
kind=muon
kind=muon
kind=muon
P:  torch.Size([13, 32])
S torch.Size([13, 13, 32])
P:  torch.Size([1664, 1664])
S torch.Size([26, 1664, 1664])
P:  torch.Size([1664, 6656])
S torch.Size([26, 1664, 6656])
P:  torch.Size([6656, 1664])
S torch.Size([26, 6656, 1664])
STIEFEL
kind=stiefel
step 00445/00500 (89.00%) | loss: 3.360258 | lrm: 0.22 | dt: 17669.20ms | tok/sec: 59,344 | bf16_mfu: 37.11 | epoch: 1 | total time: 128.17m | eta: 16.2m
kind=muon
kind=muon
kind=muon
kind=muon
P:  torch.Size([13, 32])
S torch.Size([13, 13, 32])
P:  torch.Size([1664, 1664])
S torch.Size([26, 1664, 1664])
P:  torch.Size([1664, 6656])
S torch.Size([26, 1664, 6656])
P:  torch.Size([6656, 1664])
S torch.Size([26, 6656, 1664])
STIEFEL
kind=stiefel
step 00446/00500 (89.20%) | loss: 3.364271 | lrm: 0.22 | dt: 17668.04ms | tok/sec: 59,348 | bf16_mfu: 37.12 | epoch: 1 | total time: 128.46m | eta: 15.9m
kind=muon
kind=muon
kind=muon
kind=muon
P:  torch.Size([13, 32])
S torch.Size([13, 13, 32])
P:  torch.Size([1664, 1664])
S torch.Size([26, 1664, 1664])
P:  torch.Size([1664, 6656])
S torch.Size([26, 1664, 6656])
P:  torch.Size([6656, 1664])
S torch.Size([26, 6656, 1664])
STIEFEL
kind=stiefel
step 00447/00500 (89.40%) | loss: 3.366544 | lrm: 0.21 | dt: 17665.06ms | tok/sec: 59,358 | bf16_mfu: 37.12 | epoch: 1 | total time: 128.76m | eta: 15.6m
kind=muon
kind=muon
kind=muon
kind=muon
P:  torch.Size([13, 32])
S torch.Size([13, 13, 32])
P:  torch.Size([1664, 1664])
S torch.Size([26, 1664, 1664])
P:  torch.Size([1664, 6656])
S torch.Size([26, 1664, 6656])
P:  torch.Size([6656, 1664])
S torch.Size([26, 6656, 1664])
STIEFEL
kind=stiefel
step 00448/00500 (89.60%) | loss: 3.364352 | lrm: 0.21 | dt: 17663.88ms | tok/sec: 59,362 | bf16_mfu: 37.13 | epoch: 1 | total time: 129.05m | eta: 15.3m
kind=muon
kind=muon
kind=muon
kind=muon
P:  torch.Size([13, 32])
S torch.Size([13, 13, 32])
P:  torch.Size([1664, 1664])
S torch.Size([26, 1664, 1664])
P:  torch.Size([1664, 6656])
S torch.Size([26, 1664, 6656])
P:  torch.Size([6656, 1664])
S torch.Size([26, 6656, 1664])
STIEFEL
kind=stiefel
step 00449/00500 (89.80%) | loss: 3.367739 | lrm: 0.20 | dt: 17671.82ms | tok/sec: 59,336 | bf16_mfu: 37.11 | epoch: 1 | total time: 129.35m | eta: 15.0m
kind=muon
kind=muon
kind=muon
kind=muon
P:  torch.Size([13, 32])
S torch.Size([13, 13, 32])
P:  torch.Size([1664, 1664])
S torch.Size([26, 1664, 1664])
P:  torch.Size([1664, 6656])
S torch.Size([26, 1664, 6656])
P:  torch.Size([6656, 1664])
S torch.Size([26, 6656, 1664])
STIEFEL
kind=stiefel
step 00450/00500 (90.00%) | loss: 3.354762 | lrm: 0.20 | dt: 17666.74ms | tok/sec: 59,353 | bf16_mfu: 37.12 | epoch: 1 | total time: 129.64m | eta: 14.7m
kind=muon
kind=muon
kind=muon
kind=muon
P:  torch.Size([13, 32])
S torch.Size([13, 13, 32])
P:  torch.Size([1664, 1664])
S torch.Size([26, 1664, 1664])
P:  torch.Size([1664, 6656])
S torch.Size([26, 1664, 6656])
P:  torch.Size([6656, 1664])
S torch.Size([26, 6656, 1664])
STIEFEL
kind=stiefel
step 00451/00500 (90.20%) | loss: 3.349850 | lrm: 0.20 | dt: 17661.66ms | tok/sec: 59,370 | bf16_mfu: 37.13 | epoch: 1 | total time: 129.93m | eta: 14.4m
kind=muon
kind=muon
kind=muon
kind=muon
P:  torch.Size([13, 32])
S torch.Size([13, 13, 32])
P:  torch.Size([1664, 1664])
S torch.Size([26, 1664, 1664])
P:  torch.Size([1664, 6656])
S torch.Size([26, 1664, 6656])
P:  torch.Size([6656, 1664])
S torch.Size([26, 6656, 1664])
STIEFEL
kind=stiefel
step 00452/00500 (90.40%) | loss: 3.343239 | lrm: 0.19 | dt: 17670.78ms | tok/sec: 59,339 | bf16_mfu: 37.11 | epoch: 1 | total time: 130.23m | eta: 14.1m
kind=muon
kind=muon
kind=muon
kind=muon
P:  torch.Size([13, 32])
S torch.Size([13, 13, 32])
P:  torch.Size([1664, 1664])
S torch.Size([26, 1664, 1664])
P:  torch.Size([1664, 6656])
S torch.Size([26, 1664, 6656])
P:  torch.Size([6656, 1664])
S torch.Size([26, 6656, 1664])
STIEFEL
kind=stiefel
step 00453/00500 (90.60%) | loss: 3.345043 | lrm: 0.19 | dt: 17661.47ms | tok/sec: 59,370 | bf16_mfu: 37.13 | epoch: 1 | total time: 130.52m | eta: 13.8m
kind=muon
kind=muon
kind=muon
kind=muon
P:  torch.Size([13, 32])
S torch.Size([13, 13, 32])
P:  torch.Size([1664, 1664])
S torch.Size([26, 1664, 1664])
P:  torch.Size([1664, 6656])
S torch.Size([26, 1664, 6656])
P:  torch.Size([6656, 1664])
S torch.Size([26, 6656, 1664])
STIEFEL
kind=stiefel
step 00454/00500 (90.80%) | loss: 3.347165 | lrm: 0.18 | dt: 17669.83ms | tok/sec: 59,342 | bf16_mfu: 37.11 | epoch: 1 | total time: 130.82m | eta: 13.6m
kind=muon
kind=muon
kind=muon
kind=muon
P:  torch.Size([13, 32])
S torch.Size([13, 13, 32])
P:  torch.Size([1664, 1664])
S torch.Size([26, 1664, 1664])
P:  torch.Size([1664, 6656])
S torch.Size([26, 1664, 6656])
P:  torch.Size([6656, 1664])
S torch.Size([26, 6656, 1664])
STIEFEL
kind=stiefel
step 00455/00500 (91.00%) | loss: 3.341909 | lrm: 0.18 | dt: 17667.71ms | tok/sec: 59,349 | bf16_mfu: 37.12 | epoch: 1 | total time: 131.11m | eta: 13.3m
kind=muon
kind=muon
kind=muon
kind=muon
P:  torch.Size([13, 32])
S torch.Size([13, 13, 32])
P:  torch.Size([1664, 1664])
S torch.Size([26, 1664, 1664])
P:  torch.Size([1664, 6656])
S torch.Size([26, 1664, 6656])
P:  torch.Size([6656, 1664])
S torch.Size([26, 6656, 1664])
STIEFEL
kind=stiefel
step 00456/00500 (91.20%) | loss: 3.335984 | lrm: 0.18 | dt: 17670.59ms | tok/sec: 59,340 | bf16_mfu: 37.11 | epoch: 1 | total time: 131.41m | eta: 13.0m
kind=muon
kind=muon
kind=muon
kind=muon
P:  torch.Size([13, 32])
S torch.Size([13, 13, 32])
P:  torch.Size([1664, 1664])
S torch.Size([26, 1664, 1664])
P:  torch.Size([1664, 6656])
S torch.Size([26, 1664, 6656])
P:  torch.Size([6656, 1664])
S torch.Size([26, 6656, 1664])
STIEFEL
kind=stiefel
step 00457/00500 (91.40%) | loss: 3.337652 | lrm: 0.17 | dt: 17670.32ms | tok/sec: 59,341 | bf16_mfu: 37.11 | epoch: 1 | total time: 131.70m | eta: 12.7m
kind=muon
kind=muon
kind=muon
kind=muon
P:  torch.Size([13, 32])
S torch.Size([13, 13, 32])
P:  torch.Size([1664, 1664])
S torch.Size([26, 1664, 1664])
P:  torch.Size([1664, 6656])
S torch.Size([26, 1664, 6656])
P:  torch.Size([6656, 1664])
S torch.Size([26, 6656, 1664])
STIEFEL
kind=stiefel
step 00458/00500 (91.60%) | loss: 3.330841 | lrm: 0.17 | dt: 17662.22ms | tok/sec: 59,368 | bf16_mfu: 37.13 | epoch: 1 | total time: 132.00m | eta: 12.4m
kind=muon
kind=muon
kind=muon
kind=muon
P:  torch.Size([13, 32])
S torch.Size([13, 13, 32])
P:  torch.Size([1664, 1664])
S torch.Size([26, 1664, 1664])
P:  torch.Size([1664, 6656])
S torch.Size([26, 1664, 6656])
P:  torch.Size([6656, 1664])
S torch.Size([26, 6656, 1664])
STIEFEL
kind=stiefel
step 00459/00500 (91.80%) | loss: 3.333767 | lrm: 0.16 | dt: 17671.78ms | tok/sec: 59,336 | bf16_mfu: 37.11 | epoch: 1 | total time: 132.29m | eta: 12.1m
kind=muon
kind=muon
kind=muon
kind=muon
P:  torch.Size([13, 32])
S torch.Size([13, 13, 32])
P:  torch.Size([1664, 1664])
S torch.Size([26, 1664, 1664])
P:  torch.Size([1664, 6656])
S torch.Size([26, 1664, 6656])
P:  torch.Size([6656, 1664])
S torch.Size([26, 6656, 1664])
STIEFEL
kind=stiefel
step 00460/00500 (92.00%) | loss: 3.326475 | lrm: 0.16 | dt: 17667.87ms | tok/sec: 59,349 | bf16_mfu: 37.12 | epoch: 1 | total time: 132.58m | eta: 11.8m
kind=muon
kind=muon
kind=muon
kind=muon
P:  torch.Size([13, 32])
S torch.Size([13, 13, 32])
P:  torch.Size([1664, 1664])
S torch.Size([26, 1664, 1664])
P:  torch.Size([1664, 6656])
S torch.Size([26, 1664, 6656])
P:  torch.Size([6656, 1664])
S torch.Size([26, 6656, 1664])
STIEFEL
kind=stiefel
step 00461/00500 (92.20%) | loss: 3.318017 | lrm: 0.16 | dt: 17660.83ms | tok/sec: 59,372 | bf16_mfu: 37.13 | epoch: 1 | total time: 132.88m | eta: 11.5m
kind=muon
kind=muon
kind=muon
kind=muon
P:  torch.Size([13, 32])
S torch.Size([13, 13, 32])
P:  torch.Size([1664, 1664])
S torch.Size([26, 1664, 1664])
P:  torch.Size([1664, 6656])
S torch.Size([26, 1664, 6656])
P:  torch.Size([6656, 1664])
S torch.Size([26, 6656, 1664])
STIEFEL
kind=stiefel
step 00462/00500 (92.40%) | loss: 3.320710 | lrm: 0.15 | dt: 17662.93ms | tok/sec: 59,365 | bf16_mfu: 37.13 | epoch: 1 | total time: 133.17m | eta: 11.2m
kind=muon
kind=muon
kind=muon
kind=muon
P:  torch.Size([13, 32])
S torch.Size([13, 13, 32])
P:  torch.Size([1664, 1664])
S torch.Size([26, 1664, 1664])
P:  torch.Size([1664, 6656])
S torch.Size([26, 1664, 6656])
P:  torch.Size([6656, 1664])
S torch.Size([26, 6656, 1664])
STIEFEL
kind=stiefel
step 00463/00500 (92.60%) | loss: 3.321481 | lrm: 0.15 | dt: 17664.90ms | tok/sec: 59,359 | bf16_mfu: 37.12 | epoch: 1 | total time: 133.47m | eta: 10.9m
kind=muon
kind=muon
kind=muon
kind=muon
P:  torch.Size([13, 32])
S torch.Size([13, 13, 32])
P:  torch.Size([1664, 1664])
S torch.Size([26, 1664, 1664])
P:  torch.Size([1664, 6656])
S torch.Size([26, 1664, 6656])
P:  torch.Size([6656, 1664])
S torch.Size([26, 6656, 1664])
STIEFEL
kind=stiefel
step 00464/00500 (92.80%) | loss: 3.323478 | lrm: 0.14 | dt: 17658.23ms | tok/sec: 59,381 | bf16_mfu: 37.14 | epoch: 1 | total time: 133.76m | eta: 10.6m
kind=muon
kind=muon
kind=muon
kind=muon
P:  torch.Size([13, 32])
S torch.Size([13, 13, 32])
P:  torch.Size([1664, 1664])
S torch.Size([26, 1664, 1664])
P:  torch.Size([1664, 6656])
S torch.Size([26, 1664, 6656])
P:  torch.Size([6656, 1664])
S torch.Size([26, 6656, 1664])
STIEFEL
kind=stiefel
step 00465/00500 (93.00%) | loss: 3.321662 | lrm: 0.14 | dt: 17666.56ms | tok/sec: 59,353 | bf16_mfu: 37.12 | epoch: 1 | total time: 134.06m | eta: 10.3m
kind=muon
kind=muon
kind=muon
kind=muon
P:  torch.Size([13, 32])
S torch.Size([13, 13, 32])
P:  torch.Size([1664, 1664])
S torch.Size([26, 1664, 1664])
P:  torch.Size([1664, 6656])
S torch.Size([26, 1664, 6656])
P:  torch.Size([6656, 1664])
S torch.Size([26, 6656, 1664])
STIEFEL
kind=stiefel
step 00466/00500 (93.20%) | loss: 3.320962 | lrm: 0.14 | dt: 17669.16ms | tok/sec: 59,344 | bf16_mfu: 37.12 | epoch: 1 | total time: 134.35m | eta: 10.0m
kind=muon
kind=muon
kind=muon
kind=muon
P:  torch.Size([13, 32])
S torch.Size([13, 13, 32])
P:  torch.Size([1664, 1664])
S torch.Size([26, 1664, 1664])
P:  torch.Size([1664, 6656])
S torch.Size([26, 1664, 6656])
P:  torch.Size([6656, 1664])
S torch.Size([26, 6656, 1664])
STIEFEL
kind=stiefel
step 00467/00500 (93.40%) | loss: 3.323152 | lrm: 0.13 | dt: 17664.37ms | tok/sec: 59,361 | bf16_mfu: 37.13 | epoch: 1 | total time: 134.65m | eta: 9.7m
kind=muon
kind=muon
kind=muon
kind=muon
P:  torch.Size([13, 32])
S torch.Size([13, 13, 32])
P:  torch.Size([1664, 1664])
S torch.Size([26, 1664, 1664])
P:  torch.Size([1664, 6656])
S torch.Size([26, 1664, 6656])
P:  torch.Size([6656, 1664])
S torch.Size([26, 6656, 1664])
STIEFEL
kind=stiefel
step 00468/00500 (93.60%) | loss: 3.322019 | lrm: 0.13 | dt: 17664.99ms | tok/sec: 59,358 | bf16_mfu: 37.12 | epoch: 1 | total time: 134.94m | eta: 9.4m
kind=muon
kind=muon
kind=muon
kind=muon
P:  torch.Size([13, 32])
S torch.Size([13, 13, 32])
P:  torch.Size([1664, 1664])
S torch.Size([26, 1664, 1664])
P:  torch.Size([1664, 6656])
S torch.Size([26, 1664, 6656])
P:  torch.Size([6656, 1664])
S torch.Size([26, 6656, 1664])
STIEFEL
kind=stiefel
step 00469/00500 (93.80%) | loss: 3.319638 | lrm: 0.12 | dt: 17664.76ms | tok/sec: 59,359 | bf16_mfu: 37.12 | epoch: 1 | total time: 135.23m | eta: 9.1m
kind=muon
kind=muon
kind=muon
kind=muon
P:  torch.Size([13, 32])
S torch.Size([13, 13, 32])
P:  torch.Size([1664, 1664])
S torch.Size([26, 1664, 1664])
P:  torch.Size([1664, 6656])
S torch.Size([26, 1664, 6656])
P:  torch.Size([6656, 1664])
S torch.Size([26, 6656, 1664])
STIEFEL
kind=stiefel
step 00470/00500 (94.00%) | loss: 3.306607 | lrm: 0.12 | dt: 17669.03ms | tok/sec: 59,345 | bf16_mfu: 37.12 | epoch: 1 | total time: 135.53m | eta: 8.8m
kind=muon
kind=muon
kind=muon
kind=muon
P:  torch.Size([13, 32])
S torch.Size([13, 13, 32])
P:  torch.Size([1664, 1664])
S torch.Size([26, 1664, 1664])
P:  torch.Size([1664, 6656])
S torch.Size([26, 1664, 6656])
P:  torch.Size([6656, 1664])
S torch.Size([26, 6656, 1664])
STIEFEL
kind=stiefel
step 00471/00500 (94.20%) | loss: 3.313075 | lrm: 0.12 | dt: 17659.27ms | tok/sec: 59,378 | bf16_mfu: 37.14 | epoch: 1 | total time: 135.82m | eta: 8.5m
kind=muon
kind=muon
kind=muon
kind=muon
P:  torch.Size([13, 32])
S torch.Size([13, 13, 32])
P:  torch.Size([1664, 1664])
S torch.Size([26, 1664, 1664])
P:  torch.Size([1664, 6656])
S torch.Size([26, 1664, 6656])
P:  torch.Size([6656, 1664])
S torch.Size([26, 6656, 1664])
STIEFEL
kind=stiefel
step 00472/00500 (94.40%) | loss: 3.324440 | lrm: 0.11 | dt: 17669.62ms | tok/sec: 59,343 | bf16_mfu: 37.11 | epoch: 1 | total time: 136.12m | eta: 8.2m
kind=muon
kind=muon
kind=muon
kind=muon
P:  torch.Size([13, 32])
S torch.Size([13, 13, 32])
P:  torch.Size([1664, 1664])
S torch.Size([26, 1664, 1664])
P:  torch.Size([1664, 6656])
S torch.Size([26, 1664, 6656])
P:  torch.Size([6656, 1664])
S torch.Size([26, 6656, 1664])
STIEFEL
kind=stiefel
step 00473/00500 (94.60%) | loss: 3.335829 | lrm: 0.11 | dt: 17667.51ms | tok/sec: 59,350 | bf16_mfu: 37.12 | epoch: 1 | total time: 136.41m | eta: 8.0m
kind=muon
kind=muon
kind=muon
kind=muon
P:  torch.Size([13, 32])
S torch.Size([13, 13, 32])
P:  torch.Size([1664, 1664])
S torch.Size([26, 1664, 1664])
P:  torch.Size([1664, 6656])
S torch.Size([26, 1664, 6656])
P:  torch.Size([6656, 1664])
S torch.Size([26, 6656, 1664])
STIEFEL
kind=stiefel
step 00474/00500 (94.80%) | loss: 3.330732 | lrm: 0.10 | dt: 17663.38ms | tok/sec: 59,364 | bf16_mfu: 37.13 | epoch: 1 | total time: 136.71m | eta: 7.7m
kind=muon
kind=muon
kind=muon
kind=muon
P:  torch.Size([13, 32])
S torch.Size([13, 13, 32])
P:  torch.Size([1664, 1664])
S torch.Size([26, 1664, 1664])
P:  torch.Size([1664, 6656])
S torch.Size([26, 1664, 6656])
P:  torch.Size([6656, 1664])
S torch.Size([26, 6656, 1664])
STIEFEL
kind=stiefel
step 00475/00500 (95.00%) | loss: 3.331856 | lrm: 0.10 | dt: 17662.62ms | tok/sec: 59,366 | bf16_mfu: 37.13 | epoch: 1 | total time: 137.00m | eta: 7.4m
kind=muon
kind=muon
kind=muon
kind=muon
P:  torch.Size([13, 32])
S torch.Size([13, 13, 32])
P:  torch.Size([1664, 1664])
S torch.Size([26, 1664, 1664])
P:  torch.Size([1664, 6656])
S torch.Size([26, 1664, 6656])
P:  torch.Size([6656, 1664])
S torch.Size([26, 6656, 1664])
STIEFEL
kind=stiefel
step 00476/00500 (95.20%) | loss: 3.337361 | lrm: 0.10 | dt: 17667.21ms | tok/sec: 59,351 | bf16_mfu: 37.12 | epoch: 1 | total time: 137.30m | eta: 7.1m
kind=muon
kind=muon
kind=muon
kind=muon
P:  torch.Size([13, 32])
S torch.Size([13, 13, 32])
P:  torch.Size([1664, 1664])
S torch.Size([26, 1664, 1664])
P:  torch.Size([1664, 6656])
S torch.Size([26, 1664, 6656])
P:  torch.Size([6656, 1664])
S torch.Size([26, 6656, 1664])
STIEFEL
kind=stiefel
step 00477/00500 (95.40%) | loss: 3.329647 | lrm: 0.09 | dt: 17669.35ms | tok/sec: 59,344 | bf16_mfu: 37.11 | epoch: 1 | total time: 137.59m | eta: 6.8m
kind=muon
kind=muon
kind=muon
kind=muon
P:  torch.Size([13, 32])
S torch.Size([13, 13, 32])
P:  torch.Size([1664, 1664])
S torch.Size([26, 1664, 1664])
P:  torch.Size([1664, 6656])
S torch.Size([26, 1664, 6656])
P:  torch.Size([6656, 1664])
S torch.Size([26, 6656, 1664])
STIEFEL
kind=stiefel
step 00478/00500 (95.60%) | loss: 3.331021 | lrm: 0.09 | dt: 17659.60ms | tok/sec: 59,377 | bf16_mfu: 37.14 | epoch: 1 | total time: 137.88m | eta: 6.5m
kind=muon
kind=muon
kind=muon
kind=muon
P:  torch.Size([13, 32])
S torch.Size([13, 13, 32])
P:  torch.Size([1664, 1664])
S torch.Size([26, 1664, 1664])
P:  torch.Size([1664, 6656])
S torch.Size([26, 1664, 6656])
P:  torch.Size([6656, 1664])
S torch.Size([26, 6656, 1664])
STIEFEL
kind=stiefel
step 00479/00500 (95.80%) | loss: 3.340390 | lrm: 0.08 | dt: 17660.49ms | tok/sec: 59,374 | bf16_mfu: 37.13 | epoch: 1 | total time: 138.18m | eta: 6.2m
kind=muon
kind=muon
kind=muon
kind=muon
P:  torch.Size([13, 32])
S torch.Size([13, 13, 32])
P:  torch.Size([1664, 1664])
S torch.Size([26, 1664, 1664])
P:  torch.Size([1664, 6656])
S torch.Size([26, 1664, 6656])
P:  torch.Size([6656, 1664])
S torch.Size([26, 6656, 1664])
STIEFEL
kind=stiefel
step 00480/00500 (96.00%) | loss: 3.325532 | lrm: 0.08 | dt: 17663.89ms | tok/sec: 59,362 | bf16_mfu: 37.13 | epoch: 1 | total time: 138.47m | eta: 5.9m
kind=muon
kind=muon
kind=muon
kind=muon
P:  torch.Size([13, 32])
S torch.Size([13, 13, 32])
P:  torch.Size([1664, 1664])
S torch.Size([26, 1664, 1664])
P:  torch.Size([1664, 6656])
S torch.Size([26, 1664, 6656])
P:  torch.Size([6656, 1664])
S torch.Size([26, 6656, 1664])
STIEFEL
kind=stiefel
step 00481/00500 (96.20%) | loss: 3.321938 | lrm: 0.08 | dt: 17660.19ms | tok/sec: 59,375 | bf16_mfu: 37.13 | epoch: 1 | total time: 138.77m | eta: 5.6m
kind=muon
kind=muon
kind=muon
kind=muon
P:  torch.Size([13, 32])
S torch.Size([13, 13, 32])
P:  torch.Size([1664, 1664])
S torch.Size([26, 1664, 1664])
P:  torch.Size([1664, 6656])
S torch.Size([26, 1664, 6656])
P:  torch.Size([6656, 1664])
S torch.Size([26, 6656, 1664])
STIEFEL
kind=stiefel
step 00482/00500 (96.40%) | loss: 3.325682 | lrm: 0.07 | dt: 17658.45ms | tok/sec: 59,380 | bf16_mfu: 37.14 | epoch: 1 | total time: 139.06m | eta: 5.3m
kind=muon
kind=muon
kind=muon
kind=muon
P:  torch.Size([13, 32])
S torch.Size([13, 13, 32])
P:  torch.Size([1664, 1664])
S torch.Size([26, 1664, 1664])
P:  torch.Size([1664, 6656])
S torch.Size([26, 1664, 6656])
P:  torch.Size([6656, 1664])
S torch.Size([26, 6656, 1664])
STIEFEL
kind=stiefel
step 00483/00500 (96.60%) | loss: 3.322982 | lrm: 0.07 | dt: 17664.65ms | tok/sec: 59,360 | bf16_mfu: 37.12 | epoch: 1 | total time: 139.36m | eta: 5.0m
kind=muon
kind=muon
kind=muon
kind=muon
P:  torch.Size([13, 32])
S torch.Size([13, 13, 32])
P:  torch.Size([1664, 1664])
S torch.Size([26, 1664, 1664])
P:  torch.Size([1664, 6656])
S torch.Size([26, 1664, 6656])
P:  torch.Size([6656, 1664])
S torch.Size([26, 6656, 1664])
STIEFEL
kind=stiefel
step 00484/00500 (96.80%) | loss: 3.321298 | lrm: 0.06 | dt: 17662.98ms | tok/sec: 59,365 | bf16_mfu: 37.13 | epoch: 1 | total time: 139.65m | eta: 4.7m
kind=muon
kind=muon
kind=muon
kind=muon
P:  torch.Size([13, 32])
S torch.Size([13, 13, 32])
P:  torch.Size([1664, 1664])
S torch.Size([26, 1664, 1664])
P:  torch.Size([1664, 6656])
S torch.Size([26, 1664, 6656])
P:  torch.Size([6656, 1664])
S torch.Size([26, 6656, 1664])
STIEFEL
kind=stiefel
step 00485/00500 (97.00%) | loss: 3.318869 | lrm: 0.06 | dt: 17661.72ms | tok/sec: 59,369 | bf16_mfu: 37.13 | epoch: 1 | total time: 139.94m | eta: 4.4m
kind=muon
kind=muon
kind=muon
kind=muon
P:  torch.Size([13, 32])
S torch.Size([13, 13, 32])
P:  torch.Size([1664, 1664])
S torch.Size([26, 1664, 1664])
P:  torch.Size([1664, 6656])
S torch.Size([26, 1664, 6656])
P:  torch.Size([6656, 1664])
S torch.Size([26, 6656, 1664])
STIEFEL
kind=stiefel
step 00486/00500 (97.20%) | loss: 3.329956 | lrm: 0.06 | dt: 17660.02ms | tok/sec: 59,375 | bf16_mfu: 37.13 | epoch: 1 | total time: 140.24m | eta: 4.1m
kind=muon
kind=muon
kind=muon
kind=muon
P:  torch.Size([13, 32])
S torch.Size([13, 13, 32])
P:  torch.Size([1664, 1664])
S torch.Size([26, 1664, 1664])
P:  torch.Size([1664, 6656])
S torch.Size([26, 1664, 6656])
P:  torch.Size([6656, 1664])
S torch.Size([26, 6656, 1664])
STIEFEL
kind=stiefel
step 00487/00500 (97.40%) | loss: 3.328080 | lrm: 0.05 | dt: 17661.13ms | tok/sec: 59,371 | bf16_mfu: 37.13 | epoch: 1 | total time: 140.53m | eta: 3.8m
kind=muon
kind=muon
kind=muon
kind=muon
P:  torch.Size([13, 32])
S torch.Size([13, 13, 32])
P:  torch.Size([1664, 1664])
S torch.Size([26, 1664, 1664])
P:  torch.Size([1664, 6656])
S torch.Size([26, 1664, 6656])
P:  torch.Size([6656, 1664])
S torch.Size([26, 6656, 1664])
STIEFEL
kind=stiefel
step 00488/00500 (97.60%) | loss: 3.312160 | lrm: 0.05 | dt: 17659.94ms | tok/sec: 59,375 | bf16_mfu: 37.13 | epoch: 1 | total time: 140.83m | eta: 3.5m
kind=muon
kind=muon
kind=muon
kind=muon
P:  torch.Size([13, 32])
S torch.Size([13, 13, 32])
P:  torch.Size([1664, 1664])
S torch.Size([26, 1664, 1664])
P:  torch.Size([1664, 6656])
S torch.Size([26, 1664, 6656])
P:  torch.Size([6656, 1664])
S torch.Size([26, 6656, 1664])
STIEFEL
kind=stiefel
step 00489/00500 (97.80%) | loss: 3.303781 | lrm: 0.04 | dt: 17670.34ms | tok/sec: 59,341 | bf16_mfu: 37.11 | epoch: 1 | total time: 141.12m | eta: 3.2m
kind=muon
kind=muon
kind=muon
kind=muon
P:  torch.Size([13, 32])
S torch.Size([13, 13, 32])
P:  torch.Size([1664, 1664])
S torch.Size([26, 1664, 1664])
P:  torch.Size([1664, 6656])
S torch.Size([26, 1664, 6656])
P:  torch.Size([6656, 1664])
S torch.Size([26, 6656, 1664])
STIEFEL
kind=stiefel
step 00490/00500 (98.00%) | loss: 3.287977 | lrm: 0.04 | dt: 17667.07ms | tok/sec: 59,352 | bf16_mfu: 37.12 | epoch: 1 | total time: 141.42m | eta: 2.9m
kind=muon
kind=muon
kind=muon
kind=muon
P:  torch.Size([13, 32])
S torch.Size([13, 13, 32])
P:  torch.Size([1664, 1664])
S torch.Size([26, 1664, 1664])
P:  torch.Size([1664, 6656])
S torch.Size([26, 1664, 6656])
P:  torch.Size([6656, 1664])
S torch.Size([26, 6656, 1664])
STIEFEL
kind=stiefel
step 00491/00500 (98.20%) | loss: 3.286574 | lrm: 0.04 | dt: 17660.89ms | tok/sec: 59,372 | bf16_mfu: 37.13 | epoch: 1 | total time: 141.71m | eta: 2.7m
kind=muon
kind=muon
kind=muon
kind=muon
P:  torch.Size([13, 32])
S torch.Size([13, 13, 32])
P:  torch.Size([1664, 1664])
S torch.Size([26, 1664, 1664])
P:  torch.Size([1664, 6656])
S torch.Size([26, 1664, 6656])
P:  torch.Size([6656, 1664])
S torch.Size([26, 6656, 1664])
STIEFEL
kind=stiefel
step 00492/00500 (98.40%) | loss: 3.293749 | lrm: 0.03 | dt: 17666.19ms | tok/sec: 59,354 | bf16_mfu: 37.12 | epoch: 1 | total time: 142.01m | eta: 2.4m
kind=muon
kind=muon
kind=muon
kind=muon
P:  torch.Size([13, 32])
S torch.Size([13, 13, 32])
P:  torch.Size([1664, 1664])
S torch.Size([26, 1664, 1664])
P:  torch.Size([1664, 6656])
S torch.Size([26, 1664, 6656])
P:  torch.Size([6656, 1664])
S torch.Size([26, 6656, 1664])
STIEFEL
kind=stiefel
step 00493/00500 (98.60%) | loss: 3.281938 | lrm: 0.03 | dt: 17666.80ms | tok/sec: 59,352 | bf16_mfu: 37.12 | epoch: 1 | total time: 142.30m | eta: 2.1m
kind=muon
kind=muon
kind=muon
kind=muon
P:  torch.Size([13, 32])
S torch.Size([13, 13, 32])
P:  torch.Size([1664, 1664])
S torch.Size([26, 1664, 1664])
P:  torch.Size([1664, 6656])
S torch.Size([26, 1664, 6656])
P:  torch.Size([6656, 1664])
S torch.Size([26, 6656, 1664])
STIEFEL
kind=stiefel
step 00494/00500 (98.80%) | loss: 3.279880 | lrm: 0.02 | dt: 17669.64ms | tok/sec: 59,343 | bf16_mfu: 37.11 | epoch: 1 | total time: 142.59m | eta: 1.8m
kind=muon
kind=muon
kind=muon
kind=muon
P:  torch.Size([13, 32])
S torch.Size([13, 13, 32])
P:  torch.Size([1664, 1664])
S torch.Size([26, 1664, 1664])
P:  torch.Size([1664, 6656])
S torch.Size([26, 1664, 6656])
P:  torch.Size([6656, 1664])
S torch.Size([26, 6656, 1664])
STIEFEL
kind=stiefel
step 00495/00500 (99.00%) | loss: 3.274673 | lrm: 0.02 | dt: 17675.99ms | tok/sec: 59,322 | bf16_mfu: 37.10 | epoch: 1 | total time: 142.89m | eta: 1.5m
kind=muon
kind=muon
kind=muon
kind=muon
P:  torch.Size([13, 32])
S torch.Size([13, 13, 32])
P:  torch.Size([1664, 1664])
S torch.Size([26, 1664, 1664])
P:  torch.Size([1664, 6656])
S torch.Size([26, 1664, 6656])
P:  torch.Size([6656, 1664])
S torch.Size([26, 6656, 1664])
STIEFEL
kind=stiefel
step 00496/00500 (99.20%) | loss: 3.288450 | lrm: 0.02 | dt: 17664.56ms | tok/sec: 59,360 | bf16_mfu: 37.12 | epoch: 1 | total time: 143.18m | eta: 1.2m
kind=muon
kind=muon
kind=muon
kind=muon
P:  torch.Size([13, 32])
S torch.Size([13, 13, 32])
P:  torch.Size([1664, 1664])
S torch.Size([26, 1664, 1664])
P:  torch.Size([1664, 6656])
S torch.Size([26, 1664, 6656])
P:  torch.Size([6656, 1664])
S torch.Size([26, 6656, 1664])
STIEFEL
kind=stiefel
step 00497/00500 (99.40%) | loss: 3.293797 | lrm: 0.01 | dt: 17658.67ms | tok/sec: 59,380 | bf16_mfu: 37.14 | epoch: 1 | total time: 143.48m | eta: 0.9m
kind=muon
kind=muon
kind=muon
kind=muon
P:  torch.Size([13, 32])
S torch.Size([13, 13, 32])
P:  torch.Size([1664, 1664])
S torch.Size([26, 1664, 1664])
P:  torch.Size([1664, 6656])
S torch.Size([26, 1664, 6656])
P:  torch.Size([6656, 1664])
S torch.Size([26, 6656, 1664])
STIEFEL
kind=stiefel
step 00498/00500 (99.60%) | loss: 3.311772 | lrm: 0.01 | dt: 17672.86ms | tok/sec: 59,332 | bf16_mfu: 37.11 | epoch: 1 | total time: 143.77m | eta: 0.6m
kind=muon
kind=muon
kind=muon
kind=muon
P:  torch.Size([13, 32])
S torch.Size([13, 13, 32])
P:  torch.Size([1664, 1664])
S torch.Size([26, 1664, 1664])
P:  torch.Size([1664, 6656])
S torch.Size([26, 1664, 6656])
P:  torch.Size([6656, 1664])
S torch.Size([26, 6656, 1664])
STIEFEL
kind=stiefel
step 00499/00500 (99.80%) | loss: 3.298017 | lrm: 0.00 | dt: 17667.30ms | tok/sec: 59,351 | bf16_mfu: 37.12 | epoch: 1 | total time: 144.07m | eta: 0.3m
Step 00500 | Validation bpb: 1.001530
Evaluating: hellaswag_zeroshot (0-shot, type: multiple_choice)... accuracy: 0.2940 | centered: 0.0587 | time: 7.62s
Evaluating: jeopardy (10-shot, type: language_modeling)... accuracy: 0.0000 | centered: 0.0000 | time: 7.32s
Evaluating: bigbench_qa_wikidata (10-shot, type: language_modeling)... accuracy: 0.0840 | centered: 0.0840 | time: 7.11s
Evaluating: arc_easy (10-shot, type: multiple_choice)... accuracy: 0.4060 | centered: 0.2080 | time: 8.36s
Evaluating: arc_challenge (10-shot, type: multiple_choice)... accuracy: 0.2340 | centered: -0.0213 | time: 8.86s
Evaluating: copa (0-shot, type: multiple_choice)... accuracy: 0.5600 | centered: 0.1200 | time: 1.44s
Evaluating: commonsense_qa (10-shot, type: multiple_choice)... accuracy: 0.3200 | centered: 0.1500 | time: 9.79s
Evaluating: piqa (10-shot, type: multiple_choice)... accuracy: 0.5840 | centered: 0.1680 | time: 7.85s
Evaluating: openbook_qa (0-shot, type: multiple_choice)... accuracy: 0.3020 | centered: 0.0693 | time: 6.84s
Evaluating: lambada_openai (0-shot, type: language_modeling)... accuracy: 0.2100 | centered: 0.2100 | time: 7.13s
Evaluating: hellaswag (10-shot, type: multiple_choice)... accuracy: 0.2960 | centered: 0.0613 | time: 17.27s
Evaluating: winograd (0-shot, type: schema)... accuracy: 0.5824 | centered: 0.1648 | time: 3.63s
Evaluating: winogrande (0-shot, type: schema)... accuracy: 0.5040 | centered: 0.0080 | time: 6.62s
Evaluating: bigbench_dyck_languages (10-shot, type: language_modeling)... accuracy: 0.0160 | centered: 0.0160 | time: 7.81s
Evaluating: agi_eval_lsat_ar (3-shot, type: multiple_choice)... accuracy: 0.2870 | centered: 0.1087 | time: 7.36s
Evaluating: bigbench_cs_algorithms (10-shot, type: language_modeling)... accuracy: 0.3800 | centered: 0.3800 | time: 7.30s
Evaluating: bigbench_operators (10-shot, type: language_modeling)... accuracy: 0.0667 | centered: 0.0667 | time: 3.10s
Evaluating: bigbench_repeat_copy_logic (10-shot, type: language_modeling)... accuracy: 0.0000 | centered: 0.0000 | time: 0.47s
Evaluating: squad (10-shot, type: language_modeling)... accuracy: 0.0020 | centered: 0.0020 | time: 15.01s
Evaluating: coqa (0-shot, type: language_modeling)... accuracy: 0.0640 | centered: 0.0640 | time: 7.37s
Evaluating: boolq (10-shot, type: multiple_choice)... accuracy: 0.4560 | centered: -0.4316 | time: 19.31s
Evaluating: bigbench_language_identification (10-shot, type: multiple_choice)... accuracy: 0.2520 | centered: 0.1771 | time: 32.92s
Step 00500 | CORE metric: 0.0756
<|bos|>The capital of France is the capital of the French Republic of France. It is the capital of the French
<|bos|>The chemical symbol of gold is the gold of the gold of the world. It is a symbol of the gold
<|bos|>If yesterday was Friday, then tomorrow will be Friday, then tomorrow will be Friday, then tomorrow will be Friday, then tomorrow
<|bos|>The opposite of hot is the case with the other two. The opposite is true. The opposite is true
<|bos|>The planets of the solar system are: Jupiter, Saturn, Uranus, and Neptune. The planets of the solar system
<|bos|>My favorite color is red, and I am a little bit more interested in the color of the rainbow
<|bos|>If 5*x + 3 = 13, then x is the number of times x is the number of times x is the number of times
2026-08-22 00:08:42,366 - nanochat.checkpoint_manager - [32m[1mINFO[0m - Saved model parameters to: /storage/home/hcoda1/7/clinder9/r-mtao8-0/.cache/nanochat/TEST/base_checkpoints/FULLRUN_STIEFELADAM/model_000500.pt
2026-08-22 00:08:42,408 - nanochat.checkpoint_manager - [32m[1mINFO[0m - Saved metadata to: /storage/home/hcoda1/7/clinder9/r-mtao8-0/.cache/nanochat/TEST/base_checkpoints/FULLRUN_STIEFELADAM/meta_000500.json
2026-08-22 00:08:51,015 - nanochat.checkpoint_manager - [32m[1mINFO[0m - Saved optimizer state to: /storage/home/hcoda1/7/clinder9/r-mtao8-0/.cache/nanochat/TEST/base_checkpoints/FULLRUN_STIEFELADAM/optim_000500_rank0.pt
Peak memory usage: 64316.40MiB
Total training time: 144.07m
Minimum validation bpb: 1.001530
2026-08-22 00:09:03,891 - httpx - [32m[1mINFO[0m - HTTP Request: GET https://huggingface.co/api/organizations/varunneal/overview "HTTP/1.1 404 Not Found"
Autodetected device type: cuda
2026-08-22 00:09:04,773 - nanochat.common - [32m[1mINFO[0m - Distributed world size: 1
2026-08-22 00:09:04,775 - nanochat.checkpoint_manager - [32m[1mINFO[0m - No model tag provided, guessing model tag: FULLRUN_STIEFELADAM
2026-08-22 00:09:04,777 - nanochat.checkpoint_manager - [32m[1mINFO[0m - Loading model from /storage/home/hcoda1/7/clinder9/r-mtao8-0/.cache/nanochat/TEST/base_checkpoints/FULLRUN_STIEFELADAM with step 500
2026-08-22 00:09:13,185 - nanochat.checkpoint_manager - [32m[1mINFO[0m - Building model with config: {'sequence_len': 2048, 'vocab_size': 32768, 'n_layer': 26, 'n_head': 13, 'n_kv_head': 13, 'n_embd': 1664, 'window_pattern': 'SSSL'}
Evaluating model: base_model (step 500)
Eval modes: bpb, core, sample

================================================================================
Model Samples
================================================================================

Conditioned samples:
--------------------------------------------------------------------------------
<|bos|>The capital of France is the capital of the French Republic of France. It is the capital of the French
--------------------------------------------------------------------------------
<|bos|>The chemical symbol of gold is the gold of the gold of the world. It is a symbol of the gold
--------------------------------------------------------------------------------
<|bos|>If yesterday was Friday, then tomorrow will be Friday, then tomorrow will be Friday, then tomorrow will be Friday, then tomorrow
--------------------------------------------------------------------------------
<|bos|>The opposite of hot is the case with the other two. The opposite is true. The opposite is true
--------------------------------------------------------------------------------
<|bos|>The planets of the solar system are: Jupiter, Saturn, Uranus, and Neptune. The planets of the solar system
--------------------------------------------------------------------------------
<|bos|>My favorite color is red, and I am a little bit more interested in the color of the rainbow
--------------------------------------------------------------------------------
<|bos|>If 5*x + 3 = 13, then x is the number of times x is the number of times x is the number of times

Unconditioned samples:
--------------------------------------------------------------------------------
<|bos|>The Summary in Flight: Why It Have, How To Write A Brief Bibliography
by Hello LeBondela
Summary It is a bit longer in the Volga scene than the medieval myths losing their biographers choked with “The Magi Lisa.” Also, what is important in the book is the fact that the Magi Lisa is not considered to be an accident when the famous story of King Vansheen was written.
THE research done in Volga is highly significant because we can clearly recognize that European folklore has imagery and complex cinematic history in general, because there is closure in contemporary publication. Old insurance companies by
--------------------------------------------------------------------------------
<|bos|>New York Times, April 11, 2019
Parents at The Sun reported that a fear of physical exams will continue for many, if not all, children, in adulthood. Having a habit of lying down before a test runs the risk of becoming a serious sports injury or worse, but it's quite manageable if you have some time, you know.
Before we get too far into the research again, it's time to understand what is being said in an adult's pursuit of a sports injury. That's thought to be only one case of what's possible with a sports injury made worse by a presently unfunded 'nose race
--------------------------------------------------------------------------------
<|bos|>Learn how to develop formulas including a wide variety of formulas, including the Excel program, a worksheet that has examples, test questions, and more. For you to do this, you'll need a basic cell, a simple module, or a configuration file to help you understand the concepts. Excel worksheets also include accompanying worksheets to enhance the learning experience of your students.
Here are the worksheets for in-depth learners, key activities, worksheets for testing and submitting data. This will be the second in a series of geometric maths worksheets built in to enhance the understanding of mathematics such as numpy and tabular number, fractions, and variable real numbers. The
--------------------------------------------------------------------------------
<|bos|>Civil war 100,000 men killed at the hands of the British Empire forces in northern France battling for control of the French airfields across the Chippe to the east coast of France, the movement of men fleeing France, the tactical employment of onward armies seeking alliances with the French in the fourteenth century and twenty-six under threat and under 19 (4 new men started fighting) mountainous France, the simultaneous options of manoeuvring of the Chippe to 3 allies in the enterprise Germinal (dominantly French Cas).
The battle represented a great loss to the army of forward armies whose primary function
--------------------------------------------------------------------------------
<|bos|>Dialysis is becoming increasingly popular as a treatment alternative because it causes the condition known as high blood pressure (Hatura) to be incredibly common. For this reason the kidneys, which is the only filter that works with the blood, are unable to dispose of their excess blood and nutrients back into the body via normal biological processes. In chronic Hitting, an Hitting injury deviates from normal blood flow to small blood vessels across a patient's periphery, along with a host of symptoms. However, it is important that Hitting (Hitting) treatment be effective through physical therapy, periodic hemodynamic therapy of pulmonary edema such as
--------------------------------------------------------------------------------
<|bos|>Freedom of speech. “Freedom of the Internet and its Transfer to the State Rights and Centres”
by Richard Olshstad
Yesterday, a head of the Muslim Brotherhood1 held a hearing at Los Angeles. Juan Manuel Pilar, author of a provocative article published by the Truthout Institute, called the establishment of the legal fight against freedom of speech. The gathering suggests that it is a way of looking back on the history of human rights without a fight to progress.
It was against the ruling social and legal rights divide that informed how we live in today’s crowded modern world, which claimed all life — from being
--------------------------------------------------------------------------------
<|bos|>SANEUMBone Photosynthesis Clade Theory - Healing Emerging Actor Of DNA To Be Made In Its In Plain and Naked
Posted 9th June 2013 3:04pm | PST
It’s the Brace Pag’s second in a long rendition of Camel Corona’s short documentary, “The World of Facing.” The revolutionaries of the movie would appear in the June edition of “Alien Photopolye” - a first-length movie by Lyle Jackson, and the final, with half a century of great importance to us.
The image todays of the war years has
--------------------------------------------------------------------------------
<|bos|>The bladder is located in the groin, which is located in the lower belly button. It forms the opening inside the muscular radii (ducts) in the base of the bladder, which helps the body in a bowel is empty of stool.
Late 4 to 7 inches long is square and that is one fitted (sometimes called a Gastrectomy) is necessary for proper bowel function.
After a certain readiness for a diagnosis, medical attention is crucial. Specific indicators of readiness of expectant women are:
Women have a markedly increased risk of developing pregnancy complications, such as:
An increase in bleeding within the uterine environment due to an

================================================================================
BPB Evaluation
================================================================================
train bpb: 1.000463
val bpb: 1.001203

================================================================================
CORE Evaluation
================================================================================
Evaluating: hellaswag_zeroshot (0-shot, type: multiple_choice)... accuracy: 0.2920 | centered: 0.0560 | time: 134.79s
Evaluating: jeopardy (10-shot, type: language_modeling)... accuracy: 0.0005 | centered: 0.0005 | time: 29.65s
Evaluating: bigbench_qa_wikidata (10-shot, type: language_modeling)... accuracy: 0.0886 | centered: 0.0886 | time: 288.96s
Evaluating: arc_easy (10-shot, type: multiple_choice)... accuracy: 0.4238 | centered: 0.2318 | time: 39.21s
Evaluating: arc_challenge (10-shot, type: multiple_choice)... accuracy: 0.2346 | centered: -0.0205 | time: 20.86s
Evaluating: copa (0-shot, type: multiple_choice)... accuracy: 0.5600 | centered: 0.1200 | time: 1.40s
Evaluating: commonsense_qa (10-shot, type: multiple_choice)... accuracy: 0.3047 | centered: 0.1308 | time: 24.06s
Evaluating: piqa (10-shot, type: multiple_choice)... accuracy: 0.6017 | centered: 0.2035 | time: 27.14s
Evaluating: openbook_qa (0-shot, type: multiple_choice)... accuracy: 0.3020 | centered: 0.0693 | time: 6.67s
Evaluating: lambada_openai (0-shot, type: language_modeling)... accuracy: 0.1977 | centered: 0.1977 | time: 68.99s
Evaluating: hellaswag (10-shot, type: multiple_choice)... accuracy: 0.2865 | centered: 0.0487 | time: 331.37s
Evaluating: winograd (0-shot, type: schema)... accuracy: 0.5824 | centered: 0.1648 | time: 3.57s
Evaluating: winogrande (0-shot, type: schema)... accuracy: 0.5091 | centered: 0.0182 | time: 16.46s
Evaluating: bigbench_dyck_languages (10-shot, type: language_modeling)... accuracy: 0.0240 | centered: 0.0240 | time: 14.99s
Evaluating: agi_eval_lsat_ar (3-shot, type: multiple_choice)... accuracy: 0.2870 | centered: 0.1087 | time: 7.32s
Evaluating: bigbench_cs_algorithms (10-shot, type: language_modeling)... accuracy: 0.3561 | centered: 0.3561 | time: 18.74s
Evaluating: bigbench_operators (10-shot, type: language_modeling)... accuracy: 0.0667 | centered: 0.0667 | time: 3.08s
Evaluating: bigbench_repeat_copy_logic (10-shot, type: language_modeling)... accuracy: 0.0000 | centered: 0.0000 | time: 0.45s
Evaluating: squad (10-shot, type: language_modeling)... accuracy: 0.0026 | centered: 0.0026 | time: 318.66s
Evaluating: coqa (0-shot, type: language_modeling)... accuracy: 0.0448 | centered: 0.0448 | time: 113.55s
Evaluating: boolq (10-shot, type: multiple_choice)... accuracy: 0.4569 | centered: -0.4293 | time: 120.24s
Evaluating: bigbench_language_identification (10-shot, type: multiple_choice)... accuracy: 0.2571 | centered: 0.1827 | time: 690.65s

Results written to: /storage/home/hcoda1/7/clinder9/r-mtao8-0/.cache/nanochat/TEST/base_eval/base_model_000500.csv
CORE metric: 0.0757
Generating report to /storage/home/hcoda1/7/clinder9/r-mtao8-0/.cache/nanochat/TEST/report/report.md
Warning: /storage/home/hcoda1/7/clinder9/r-mtao8-0/.cache/nanochat/TEST/report/base-model-loss.md does not exist, skipping
Warning: /storage/home/hcoda1/7/clinder9/r-mtao8-0/.cache/nanochat/TEST/report/chat-sft.md does not exist, skipping
Warning: /storage/home/hcoda1/7/clinder9/r-mtao8-0/.cache/nanochat/TEST/report/chat-evaluation-sft.md does not exist, skipping
Warning: /storage/home/hcoda1/7/clinder9/r-mtao8-0/.cache/nanochat/TEST/report/chat-rl.md does not exist, skipping
Warning: /storage/home/hcoda1/7/clinder9/r-mtao8-0/.cache/nanochat/TEST/report/chat-evaluation-rl.md does not exist, skipping
Copying report.md to current directory for convenience
---------------------------------------
Begin Slurm Epilog: Aug-22-2026 00:53:53
Job ID:        12207628
User ID:       clinder9
Account:       gts-mtao8
Job name:      speedrun-gpt
Resources:     cpu=8,gres/gpu:h100=1,mem=100G,node=1
Rsrc Used:     cput=1-03:28:16,vmem=0,walltime=03:26:02,mem=18893388K,energy_used=0
Partition:     gpu-h100
QOS:           inferno
Nodes:         atl1-1-03-008-22-0
---------------------------------------
