---------------------------------------
Begin Slurm Prolog: Aug-31-2026 19:54:59
Job ID:    12641570
User ID:   clinder9
Account:   gts-mtao8
Job name:  quick
Partition: cpu-large
QOS:       inferno
---------------------------------------
Audited 139 packages in 231ms
OrderedDict({'resid_lambdas': tensor([0.9483, 0.1237, 0.3429, 0.7605, 0.4371, 0.9140, 0.3357, 0.9572, 0.4575,
        0.9119, 0.4720, 1.2016, 0.4687, 0.9945, 0.5920, 0.9970, 0.6609, 1.0676,
        0.6560, 0.9219, 0.7922, 0.9021, 0.8679, 0.6531]), 'x0_lambdas': tensor([ -7.9827, -20.6520,  -5.6569,  -7.4753,  -2.7181,  -5.2015,  -2.0434,
         -1.5879,  -0.5687,  -3.1949,  -0.5753,  -6.5027,   1.1025,  -2.1866,
         -0.8431,  -4.8980,  -2.0353,  -3.8028,  -1.4633,   1.4717,  -2.7899,
          0.3225,  -6.4655,   0.1783]), 'transformer.wte.weight': tensor([[ 0.1943,  2.1562, -0.1719,  ..., -1.0938, -1.1719, -0.4473],
        [-1.2422, -0.1787,  0.4219,  ..., -0.6289,  0.7578, -2.4688],
        [-0.5977, -0.7422,  0.1436,  ...,  0.3652, -0.2158, -0.5977],
        ...,
        [-0.5117, -0.0352,  1.0547,  ..., -0.6484,  0.5117, -0.9531],
        [ 0.9062,  1.1016, -0.1050,  ..., -0.7227,  1.2656, -1.8516],
        [ 0.0598,  0.9688,  1.0156,  ...,  0.3535,  0.4258, -1.2734]],
       dtype=torch.bfloat16), 'transformer.h.0.attn.c_q.weight': tensor([[-0.0701,  0.0650,  0.0296,  ...,  0.0835,  0.0494,  0.0775],
        [ 0.0727,  0.0551,  0.0912,  ..., -0.0091, -0.0191, -0.0567],
        [-0.0532,  0.0425,  0.1472,  ..., -0.1261, -0.0223, -0.0603],
        ...,
        [ 0.0533, -0.1936,  0.1097,  ..., -0.1301,  0.0499,  0.1129],
        [ 0.1804, -0.0349,  0.1648,  ..., -0.0647, -0.1570,  0.0437],
        [-0.0667,  0.2567, -0.0391,  ...,  0.0145,  0.0911, -0.0288]]), 'transformer.h.0.attn.c_k.weight': tensor([[-0.0673, -0.0208, -0.0052,  ...,  0.1052, -0.0212, -0.0086],
        [ 0.0333, -0.0836, -0.0316,  ..., -0.1549,  0.0453,  0.0708],
        [-0.0664, -0.0254,  0.0285,  ...,  0.0516, -0.0318,  0.0010],
        ...,
        [-0.0677, -0.0112,  0.0047,  ...,  0.1640,  0.0539, -0.0300],
        [ 0.0942,  0.0405, -0.0641,  ...,  0.0740,  0.0728, -0.1238],
        [ 0.1018,  0.0002, -0.0423,  ..., -0.0052, -0.1326, -0.0327]]), 'transformer.h.0.attn.c_v.weight': tensor([[-0.0894, -0.0113,  0.2417,  ...,  0.0228, -0.0820, -0.0846],
        [-0.1715, -0.0278, -0.0242,  ...,  0.0184,  0.0169,  0.1519],
        [ 0.0343, -0.0453,  0.1034,  ...,  0.0148,  0.0283,  0.0656],
        ...,
        [ 0.1700,  0.0055, -0.0392,  ...,  0.0662, -0.0591, -0.1113],
        [ 0.0343,  0.1038,  0.0566,  ...,  0.1226,  0.0431,  0.0627],
        [ 0.0543,  0.0160, -0.0455,  ..., -0.0932, -0.0817, -0.1138]]), 'transformer.h.0.attn.c_proj.weight': tensor([[ 0.0191,  0.0293, -0.1275,  ...,  0.0579, -0.0394,  0.0268],
        [ 0.1000,  0.0489,  0.0839,  ...,  0.0650,  0.0115,  0.0027],
        [-0.0452, -0.0841,  0.0773,  ...,  0.0767, -0.0039, -0.0471],
        ...,
        [-0.1463,  0.1334, -0.0918,  ...,  0.0624,  0.1242, -0.0013],
        [-0.0196,  0.0805, -0.0780,  ..., -0.1151,  0.0333, -0.1053],
        [ 0.0340,  0.0154,  0.0044,  ...,  0.2044,  0.0611, -0.1053]]), 'transformer.h.0.mlp.c_fc.weight': tensor([[-0.0059,  0.0167,  0.1108,  ..., -0.1083, -0.0357, -0.1165],
        [ 0.0212, -0.1269, -0.0271,  ..., -0.1458, -0.1089, -0.0261],
        [-0.0633,  0.2477, -0.2121,  ...,  0.0975,  0.1290,  0.2307],
        ...,
        [ 0.0540, -0.0444, -0.0559,  ..., -0.0644, -0.0148,  0.0268],
        [ 0.0348,  0.1252, -0.1914,  ..., -0.1271, -0.0921,  0.0048],
        [ 0.0401,  0.0209,  0.0777,  ..., -0.0327, -0.0543, -0.0639]]), 'transformer.h.0.mlp.c_proj.weight': tensor([[ 0.0080,  0.0566,  0.0245,  ..., -0.0377,  0.0760, -0.0161],
        [-0.0266,  0.0297,  0.0507,  ...,  0.1051,  0.0214,  0.0649],
        [ 0.0130, -0.1041,  0.0038,  ...,  0.0442,  0.0662, -0.0385],
        ...,
        [-0.0068,  0.0158, -0.0113,  ..., -0.0455, -0.0122, -0.0377],
        [ 0.0031,  0.0404,  0.0994,  ..., -0.0392, -0.0716,  0.0693],
        [ 0.0929, -0.0302,  0.0401,  ..., -0.0040, -0.0247, -0.0481]]), 'transformer.h.1.attn.c_q.weight': tensor([[-0.0691,  0.1237,  0.0785,  ...,  0.1053, -0.0860, -0.0095],
        [ 0.0254, -0.0364,  0.0664,  ...,  0.0289,  0.0318, -0.0261],
        [-0.0992, -0.0328, -0.0330,  ...,  0.0044,  0.0577,  0.0558],
        ...,
        [ 0.0109, -0.1160,  0.0698,  ...,  0.0167, -0.0959, -0.0879],
        [ 0.0415, -0.0539,  0.1757,  ..., -0.0529,  0.1045,  0.2914],
        [-0.0748, -0.0205,  0.1383,  ..., -0.1655, -0.0413, -0.1011]]), 'transformer.h.1.attn.c_k.weight': tensor([[ 0.0453,  0.0437, -0.1563,  ...,  0.0731,  0.2168,  0.0672],
        [-0.1146,  0.1546, -0.1341,  ..., -0.1293,  0.0091,  0.1174],
        [ 0.1163, -0.0875,  0.0511,  ..., -0.0108,  0.1018, -0.0455],
        ...,
        [ 0.1764, -0.0851, -0.1156,  ...,  0.0638, -0.0232, -0.0793],
        [-0.1010, -0.0496,  0.0554,  ..., -0.0356,  0.0982, -0.1452],
        [-0.0784,  0.0368, -0.0434,  ..., -0.0357, -0.1356,  0.0772]]), 'transformer.h.1.attn.c_v.weight': tensor([[-0.1654,  0.0551, -0.0803,  ..., -0.0668, -0.0505, -0.1693],
        [ 0.3947, -0.0197, -0.0759,  ...,  0.0956, -0.0989, -0.0217],
        [-0.1575,  0.0620,  0.0716,  ..., -0.0573, -0.0951, -0.0082],
        ...,
        [-0.1501,  0.1152, -0.1052,  ..., -0.0195, -0.0090,  0.1627],
        [ 0.0323, -0.0630,  0.0276,  ...,  0.0455, -0.0269,  0.1595],
        [ 0.0797,  0.2539, -0.0234,  ..., -0.1206,  0.0391, -0.0659]]), 'transformer.h.1.attn.c_proj.weight': tensor([[-0.0273, -0.3710, -0.0088,  ..., -0.0277, -0.1227,  0.0480],
        [-0.1049,  0.1109, -0.0538,  ..., -0.0581,  0.0434, -0.0675],
        [ 0.0213, -0.0393, -0.0792,  ...,  0.0924,  0.0198,  0.0747],
        ...,
        [-0.0250,  0.1350,  0.0765,  ...,  0.0815,  0.1897,  0.0005],
        [-0.1059, -0.1043, -0.1328,  ..., -0.0258,  0.0337,  0.1255],
        [-0.0359,  0.1823,  0.1698,  ...,  0.1767, -0.0076,  0.1558]]), 'transformer.h.1.attn.ve_gate.weight': tensor([[-1.8934e-01, -3.4018e-01, -1.2971e-01,  6.5837e-01, -1.8102e-01,
          2.3907e-01,  1.2526e-01,  3.9525e-01,  1.8500e-01, -2.9977e-01,
          4.4195e-01,  1.0870e-01,  7.6893e-02,  3.8312e-02,  4.0385e-01,
          3.4965e-01,  3.3234e-01, -1.8606e-01, -6.9165e-02,  5.3226e-02,
          5.3787e-01,  3.9919e-01, -2.1147e-01,  1.2536e-01,  2.6102e-01,
          2.4728e-01,  1.3795e-01, -2.5037e-01,  3.0302e-01,  3.7222e-01,
         -2.3584e-01, -2.1576e-02],
        [-5.1768e-01, -1.1758e-01,  9.2376e-02, -6.0846e-01,  1.0393e-01,
          2.2310e-01,  3.3372e-01,  1.8351e-01,  3.7538e-01, -2.7210e-01,
         -1.2240e-01, -1.1893e-02, -1.0038e-01, -4.6747e-01,  1.3174e-01,
         -4.8210e-02, -1.2106e-01,  1.8261e-01,  6.4649e-01,  3.6988e-01,
          7.1821e-01,  5.0203e-01,  2.7963e-02,  1.1307e-02,  3.0493e-01,
          1.1655e-01, -2.1171e-01, -4.9323e-01,  2.4745e-01, -1.3314e-01,
          1.8789e-01, -3.0438e-01],
        [-7.5537e-01, -1.2969e-02, -2.5270e-01,  5.1609e-01,  3.7437e-01,
          5.1820e-01,  3.5774e-01,  2.0400e-01, -4.8949e-02, -4.4749e-01,
         -1.4241e-01, -3.8628e-01, -8.9380e-03,  2.2977e-01, -2.6709e-01,
          2.6848e-01,  8.4974e-02,  6.3363e-01,  4.0647e-01, -2.7841e-01,
          5.3185e-01,  3.7116e-01,  4.1628e-01,  1.9039e-01, -1.0126e-01,
          7.7257e-01,  4.7046e-02, -1.2699e+00,  1.2669e-01, -6.3871e-01,
          1.7073e-01,  2.4463e-01],
        [ 7.6831e-02, -6.4001e-04,  5.0152e-02,  1.6867e-01,  1.6841e-01,
         -9.1323e-02,  8.5817e-02,  2.0675e-01,  1.5836e-02,  8.4615e-02,
          6.4163e-02, -1.3298e-01, -1.8700e-01, -7.0653e-02,  1.6371e-01,
          9.9774e-02, -1.2333e-01,  2.2012e-01,  5.1648e-02,  8.7332e-02,
          4.9860e-02,  1.0375e-01,  1.1712e-01,  8.4099e-02, -6.9516e-02,
          3.0914e-02,  9.2952e-02, -8.0064e-02,  2.8968e-02, -6.6763e-02,
         -5.6032e-02,  8.6365e-02],
        [ 4.6409e-01,  5.4861e-02, -2.4807e-01, -3.3582e-01, -6.1137e-01,
          5.5540e-01, -6.9836e-01,  1.8918e-01,  5.3790e-01, -1.8177e-01,
         -5.8811e-01, -1.5022e-01,  1.9266e-01, -1.2840e-01,  4.2750e-01,
          3.3245e-01,  4.2039e-02,  5.4802e-01, -5.8240e-02, -3.3762e-01,
          3.0995e-02,  4.4091e-01, -4.3455e-02,  2.9825e-01,  4.6981e-01,
          4.3970e-01,  8.7696e-02,  1.8589e-01, -5.1654e-01, -6.9102e-01,
          6.2586e-01, -2.6182e-01],
        [-1.5806e-01, -8.5371e-02, -4.6054e-02,  3.5621e-01,  1.0890e-02,
          7.2980e-02, -2.6308e-01,  7.8832e-01,  2.9556e-01, -5.3615e-01,
          1.6055e-01, -5.3246e-01,  5.1613e-01,  2.1691e-01,  2.0976e-01,
          2.1016e-01,  9.6525e-01,  6.9344e-02,  4.4290e-02, -2.7639e-01,
          4.3971e-01,  1.8697e-01,  7.2749e-02, -2.9281e-01, -3.2501e-01,
          1.1580e-01, -3.1550e-01,  2.6106e-01, -6.7873e-02,  1.3784e-01,
         -1.2629e-02, -4.7813e-02],
        [ 5.4689e-02,  3.8966e-02, -2.4541e-01,  3.9486e-03,  5.8724e-02,
         -1.1210e-01,  2.6684e-03,  8.4494e-02,  1.9592e-01, -1.3590e-01,
         -1.3500e-01, -6.1670e-02, -2.4573e-03,  2.4504e-02, -6.7191e-02,
          1.2647e-01,  6.1343e-03,  2.0656e-01,  9.2641e-02, -1.4714e-01,
          5.9426e-02,  6.7393e-02,  5.5733e-02,  1.0893e-02, -7.2376e-02,
          1.7834e-01,  3.7277e-02, -1.6697e-01,  6.5288e-02, -2.1078e-01,
          5.4233e-02,  1.1573e-02],
        [-1.4000e-01,  6.0824e-01, -2.6748e-01, -5.8943e-01,  5.4259e-02,
          3.4027e-01, -2.5359e-01,  5.7447e-01,  2.8204e-01,  2.3394e-01,
         -2.3745e-02, -5.1985e-01, -3.3090e-01,  5.0368e-01,  2.2804e-01,
          3.7393e-01,  1.5138e-01,  5.9757e-02,  3.8505e-01,  8.0191e-02,
          3.5458e-01, -5.1263e-01, -4.4430e-01, -6.5880e-01,  1.0184e+00,
          2.0717e-02,  1.8591e-01,  3.5856e-01, -1.0249e+00, -9.6570e-01,
          4.6359e-01,  1.3191e-01],
        [-5.6630e-01,  3.1740e-02, -8.1500e-01, -6.7564e-02, -3.1299e-01,
          5.9711e-01,  1.2716e-03, -2.2671e-01, -2.6455e-01,  1.2387e-01,
          5.2399e-01, -1.8085e-01,  3.9010e-01,  2.7864e-03,  3.9420e-01,
          4.0081e-01, -6.4436e-02,  6.2937e-01,  7.4429e-01,  5.1304e-01,
          6.7584e-01,  2.5559e-01, -4.7734e-01,  6.5326e-01,  1.8358e-01,
          6.2903e-01, -2.4384e-01, -8.6157e-01,  3.5691e-02, -3.4167e-01,
         -2.5589e-01, -4.6400e-01],
        [-3.6880e-01, -8.3767e-02, -5.4168e-01,  5.2775e-01, -5.1570e-01,
         -4.1770e-01,  3.0477e-01,  3.1766e-01,  7.4311e-01, -3.8844e-02,
         -5.0788e-01,  4.8146e-02,  2.9730e-01,  3.6075e-01,  4.6421e-01,
         -2.2288e-01, -9.8458e-02,  3.0261e-01,  1.2401e-01,  3.4354e-01,
          2.3328e-01, -3.2141e-01,  1.2336e-01, -2.0595e-01, -8.6061e-02,
          8.6882e-02,  6.0561e-02, -6.6089e-01,  4.4190e-01, -5.8588e-01,
         -7.0780e-02,  1.1478e-01],
        [ 1.0579e-01, -1.8411e-01,  4.6403e-02,  9.6108e-02,  1.3662e-01,
         -1.1665e-01, -1.2689e-01,  1.3236e-01, -6.7228e-02, -1.4582e-02,
         -1.7009e-01, -2.6900e-01, -1.2109e-01, -2.8776e-01, -5.1473e-02,
          1.0627e-01, -1.5953e-01,  3.7960e-01, -3.2731e-02, -1.3565e-01,
          5.7298e-02,  2.0181e-03, -5.1344e-02,  2.0506e-01,  2.8071e-01,
          7.2604e-02,  6.1319e-02, -1.1046e-01, -1.0837e-02,  2.3562e-01,
          1.0129e-01,  9.2877e-02],
        [ 5.2933e-01, -5.2690e-01, -4.5495e-01,  3.7537e-01, -4.1940e-01,
          1.8481e-01, -3.7967e-01, -9.6307e-02,  5.6515e-01, -4.1489e-01,
          3.4352e-01,  4.6919e-01,  3.6871e-01,  1.3651e-01, -2.3419e-03,
          6.3876e-02,  1.1666e+00, -3.5950e-01,  8.6455e-02,  6.1157e-01,
          8.5658e-01, -3.6748e-01,  6.5497e-01,  7.4075e-01, -7.5333e-02,
          6.0036e-01,  1.4533e-01, -1.7889e-01,  4.5987e-01,  2.0618e-01,
          1.8441e-02,  2.8905e-01]]), 'transformer.h.1.mlp.c_fc.weight': tensor([[ 1.6417e-01,  2.0111e-01, -1.9715e-02,  ..., -3.3101e-02,
          1.3261e-05, -1.5909e-01],
        [-3.8882e-02, -2.3033e-02,  1.1320e-01,  ..., -1.2862e-01,
          2.8122e-02,  1.4688e-01],
        [ 7.6036e-03,  9.0155e-02, -1.9251e-03,  ..., -2.9298e-01,
          7.8867e-02, -2.7941e-02],
        ...,
        [-1.1054e-01,  1.0637e-01,  9.2601e-02,  ...,  1.2518e-01,
          1.1229e-01,  6.6756e-02],
        [-4.4852e-02,  6.6684e-02, -7.7622e-02,  ..., -7.0309e-02,
         -9.8631e-02, -5.7045e-04],
        [ 2.4304e-03, -1.3914e-01, -6.3383e-02,  ..., -9.5849e-02,
          4.3703e-02,  1.9535e-01]]), 'transformer.h.1.mlp.c_proj.weight': tensor([[-0.0455, -0.0120, -0.0127,  ..., -0.0148, -0.0324, -0.0931],
        [ 0.0927, -0.0823,  0.0909,  ..., -0.0073,  0.0699, -0.0528],
        [-0.0244,  0.0342,  0.0379,  ...,  0.0415, -0.0048,  0.0391],
        ...,
        [-0.0395,  0.0124, -0.1605,  ...,  0.0030,  0.0226,  0.1044],
        [ 0.0924, -0.0742,  0.0313,  ...,  0.0095,  0.0216, -0.0349],
        [ 0.0073, -0.0420,  0.1101,  ..., -0.0457, -0.0157,  0.0915]]), 'transformer.h.2.attn.c_q.weight': tensor([[-0.1618,  0.0978,  0.0567,  ...,  0.1574,  0.0596,  0.1539],
        [-0.0366,  0.1614, -0.0372,  ...,  0.1415, -0.0975, -0.1353],
        [ 0.2168,  0.2227,  0.0735,  ...,  0.1468,  0.0186, -0.1529],
        ...,
        [ 0.0528,  0.1564, -0.1575,  ...,  0.1557, -0.0172, -0.1457],
        [-0.0123, -0.0446, -0.1214,  ..., -0.1335,  0.0122,  0.0442],
        [-0.0622, -0.0367, -0.0890,  ...,  0.0185,  0.0323, -0.0387]]), 'transformer.h.2.attn.c_k.weight': tensor([[ 0.0811,  0.0885, -0.2060,  ...,  0.1405,  0.0095, -0.1338],
        [ 0.2618,  0.2027,  0.0250,  ..., -0.1053, -0.0414, -0.1846],
        [ 0.0371, -0.0634, -0.0151,  ...,  0.0128, -0.0546, -0.0632],
        ...,
        [-0.0700,  0.0233, -0.0370,  ..., -0.0324,  0.0059, -0.2134],
        [ 0.0481, -0.0447,  0.0202,  ...,  0.0925, -0.1237, -0.0669],
        [-0.0798,  0.0721,  0.0276,  ..., -0.2583, -0.0582, -0.0112]]), 'transformer.h.2.attn.c_v.weight': tensor([[-0.0230, -0.0374,  0.1656,  ..., -0.0500,  0.0731,  0.0221],
        [ 0.2862,  0.0812,  0.0710,  ...,  0.0547,  0.0815,  0.0186],
        [-0.1265,  0.0232, -0.0006,  ..., -0.0456,  0.1262, -0.0582],
        ...,
        [ 0.0671,  0.0305,  0.0340,  ..., -0.1956,  0.0202, -0.0268],
        [-0.2768,  0.1659, -0.0698,  ..., -0.0324, -0.0736, -0.1174],
        [-0.0640, -0.0388, -0.0882,  ...,  0.1177,  0.0448, -0.1758]]), 'transformer.h.2.attn.c_proj.weight': tensor([[ 0.0095, -0.0534,  0.1625,  ...,  0.0913, -0.0651,  0.0779],
        [ 0.0067,  0.1038, -0.0046,  ..., -0.0508, -0.0543,  0.1196],
        [ 0.1136, -0.0514, -0.0136,  ..., -0.0869, -0.0595,  0.0963],
        ...,
        [ 0.0875, -0.1340,  0.0121,  ..., -0.0119, -0.1984, -0.1134],
        [-0.0464,  0.0666, -0.0555,  ...,  0.1808,  0.0312,  0.0458],
        [ 0.1166, -0.0198, -0.0625,  ...,  0.0130,  0.0575, -0.0733]]), 'transformer.h.2.mlp.c_fc.weight': tensor([[ 0.1119, -0.0288, -0.0516,  ...,  0.0199,  0.0011,  0.0716],
        [-0.0594, -0.0123,  0.0953,  ..., -0.0831,  0.2988, -0.0168],
        [-0.0175, -0.0362, -0.1288,  ..., -0.0255, -0.1613, -0.1916],
        ...,
        [-0.0263, -0.1280,  0.0940,  ..., -0.0577,  0.0901, -0.0567],
        [ 0.0439,  0.1850, -0.2125,  ...,  0.0186,  0.0280, -0.0431],
        [-0.0067,  0.0562, -0.0761,  ..., -0.0005,  0.0244, -0.0328]]), 'transformer.h.2.mlp.c_proj.weight': tensor([[-0.0571,  0.0308,  0.0145,  ...,  0.0773,  0.0652,  0.0445],
        [-0.0450,  0.0792, -0.0309,  ...,  0.1056, -0.1040, -0.0434],
        [ 0.0707,  0.0164, -0.0583,  ..., -0.0092, -0.0638, -0.0331],
        ...,
        [-0.0486,  0.0080, -0.0691,  ..., -0.0071,  0.0046, -0.0194],
        [-0.0076,  0.0199,  0.0344,  ...,  0.0732, -0.0686, -0.0221],
        [ 0.0057,  0.0095, -0.0904,  ...,  0.0160, -0.0584,  0.1129]]), 'transformer.h.3.attn.c_q.weight': tensor([[ 0.1034, -0.1528,  0.0932,  ..., -0.0266, -0.0257,  0.0088],
        [ 0.0016, -0.1422, -0.1393,  ..., -0.0591, -0.0029, -0.0463],
        [-0.0077,  0.0322,  0.1371,  ..., -0.0321,  0.0763, -0.1061],
        ...,
        [-0.0820, -0.0497, -0.1222,  ..., -0.0446, -0.0386,  0.1721],
        [-0.1214, -0.1159, -0.0089,  ..., -0.0970,  0.1369,  0.0094],
        [ 0.1400, -0.0659, -0.1019,  ...,  0.0618, -0.0007, -0.1257]]), 'transformer.h.3.attn.c_k.weight': tensor([[ 0.1152, -0.1172,  0.1175,  ...,  0.1019,  0.0262, -0.0569],
        [-0.0706,  0.0629, -0.0102,  ...,  0.1067,  0.0134,  0.1019],
        [ 0.1660, -0.0004, -0.0839,  ...,  0.0006,  0.0458,  0.2626],
        ...,
        [-0.0645,  0.1768, -0.2283,  ..., -0.0419, -0.1861, -0.0209],
        [-0.2501, -0.1201, -0.1228,  ...,  0.0062, -0.0308, -0.0094],
        [ 0.0076, -0.0089,  0.0380,  ..., -0.1242, -0.0802, -0.1762]]), 'transformer.h.3.attn.c_v.weight': tensor([[ 0.0192, -0.0093, -0.1060,  ..., -0.0103,  0.0126,  0.1709],
        [ 0.0832,  0.1274,  0.0358,  ...,  0.1887,  0.0146, -0.0016],
        [-0.2011,  0.0824, -0.0091,  ...,  0.0877, -0.2186, -0.0015],
        ...,
        [ 0.1331,  0.1185, -0.2142,  ..., -0.0574, -0.0273,  0.0501],
        [-0.2225,  0.1252,  0.0056,  ...,  0.0570,  0.0057, -0.0732],
        [ 0.1588, -0.0743, -0.0092,  ..., -0.0176,  0.1171,  0.0621]]), 'transformer.h.3.attn.c_proj.weight': tensor([[ 0.0790, -0.0880, -0.1115,  ..., -0.0754,  0.0063, -0.1056],
        [ 0.1977, -0.0388,  0.0587,  ..., -0.0236,  0.1561,  0.0805],
        [-0.0319,  0.1586,  0.0256,  ...,  0.0402, -0.0291, -0.0711],
        ...,
        [-0.1019, -0.0379, -0.0228,  ...,  0.0183, -0.1053, -0.0565],
        [-0.0920,  0.1026, -0.0268,  ..., -0.1324,  0.0552,  0.1633],
        [ 0.0080, -0.0081,  0.0149,  ..., -0.1168,  0.0534,  0.1628]]), 'transformer.h.3.attn.ve_gate.weight': tensor([[-0.6397, -0.4162, -0.2961,  0.1877, -0.2680, -0.3738,  0.1030, -0.0244,
          0.4010, -0.5119, -0.4395,  0.3943,  0.4475,  0.1541, -0.4128,  0.5535,
         -0.5962,  0.6620, -0.3378, -0.1836,  0.0988,  0.1061,  0.2626, -0.1154,
          0.8310,  0.2204,  0.6360, -0.3859,  0.2383, -1.0238,  0.6487,  0.3331],
        [-0.6766, -0.4910, -0.3253,  0.2204,  0.1799,  0.2844, -0.6990, -0.8520,
         -0.3093, -0.9571,  1.2247, -0.5348,  0.1023,  0.2013,  0.1075, -0.5183,
         -0.2641,  0.8049,  1.0253,  0.4731,  0.5400,  0.3275, -0.4992,  1.8245,
          0.0826, -0.3862,  0.7055, -0.6672, -0.0173,  0.5881, -0.1954,  0.1164],
        [ 0.1512,  0.1433, -0.3415,  0.1279,  0.3251, -0.5551, -0.0496, -0.0250,
          0.8727, -0.3378,  0.4303,  0.1504, -0.2126,  0.0544,  0.2490, -0.1724,
         -0.2251,  0.6518, -0.1134,  0.5152, -0.0041, -0.0834,  0.2242, -0.4006,
          0.0713, -0.6348,  0.0724, -0.8376, -0.7301, -0.3139, -0.1620,  0.0982],
        [ 0.4053, -0.0141,  0.1714,  0.4368, -1.6935,  0.6887, -0.6558,  1.2879,
          0.6422,  0.4699,  0.7855, -0.9704, -1.6003,  0.7442, -0.4451,  1.3034,
         -0.3934,  0.0260,  0.0279, -0.7802,  0.3984, -1.0101, -0.1005,  0.2955,
          1.6464, -0.9184,  0.1800,  0.1509,  0.1130, -1.6614, -1.2989,  0.8429],
        [-0.2690,  0.4720, -0.6360, -0.5384,  0.5860, -0.9621, -1.0229,  0.7660,
          0.8706,  0.3705,  0.1582, -1.2725,  0.4493,  0.0400, -0.4020,  0.8314,
          0.2363,  0.6855, -0.0122,  0.1159,  0.2320, -0.4108,  0.2267,  0.1416,
         -0.0419, -0.0252, -1.0579,  0.1524, -0.0691, -0.6685, -0.4624,  0.1231],
        [-0.3039, -0.4523, -0.0668, -0.0877, -0.2860,  0.2352, -0.0276,  0.1538,
         -0.0827,  0.3352, -0.2110,  0.0295,  0.0106,  0.4289,  0.2884, -0.1227,
         -0.1673,  0.4439, -0.2921,  0.2875,  0.0780,  0.0224, -0.2697, -0.0661,
          0.1568,  0.1691, -0.4207, -0.2698, -0.0137,  0.1885,  0.2562, -0.0473],
        [-0.6378,  0.5341,  0.3092,  1.1921,  0.5269,  0.5545, -0.2895,  0.7570,
          1.3386,  0.3895, -0.2500,  0.0694, -0.2887,  0.1017,  1.2957,  0.7374,
          0.6367,  0.6641,  0.3295, -0.1474,  0.1806,  0.4749,  0.3556,  0.5601,
          0.5631,  0.4747, -0.0456, -0.1122,  1.3786,  0.2643, -0.0096, -0.1962],
        [-0.1262, -0.5178, -0.3068,  0.3387, -0.0329,  1.0393,  0.0966,  0.9526,
          0.0423, -0.1998,  0.4135,  0.0927, -0.7110,  0.0317,  0.6261,  0.1787,
          0.8749,  0.4076,  0.4361, -0.3284,  0.2341, -0.3147,  0.4624, -0.3782,
          0.4152, -0.3730,  0.4906, -0.9023,  0.8257, -0.5415, -0.3096,  0.5213],
        [-0.1036, -0.3767, -0.3749,  0.1341,  0.2891,  0.1238, -0.3053,  0.5617,
         -0.2044,  0.3107, -0.1096,  0.0381, -0.2917,  0.5658, -0.1216,  0.5707,
          0.2544,  0.3229, -0.3598,  0.1818, -0.1486, -0.2864, -0.0411,  0.0800,
          0.1847,  0.6836,  0.7358, -0.3431, -0.7723, -0.4516, -0.1262,  0.2877],
        [ 0.4123, -0.6176, -0.6258,  0.0420, -0.0937, -0.8857,  0.3304, -0.1861,
          0.1040, -0.1583, -0.1299, -0.2080,  0.3439, -0.4662,  0.1332,  0.5644,
          0.4844,  0.2206,  0.4162, -0.0590,  0.3137,  0.0361,  0.0884,  0.8484,
          0.1486, -0.2116,  0.1792, -0.8671,  0.0331,  1.1722, -0.5597,  0.6601],
        [ 0.0436,  0.2293, -0.7181,  0.4027, -0.4632, -0.7440, -1.3944,  0.3005,
         -0.2042, -0.6099, -0.0299,  0.5142, -0.1347, -0.2165, -0.4758,  0.2840,
          0.2834,  0.2353,  0.1569,  0.6033,  0.7067, -0.2392,  0.4919,  0.3466,
          0.3274,  0.0514, -0.6720, -0.4288,  0.8916,  0.1924,  0.5385, -1.0938],
        [-0.9260, -0.1309, -0.4049,  0.1892,  0.0888, -0.0065, -0.2726, -0.3111,
         -0.0897,  0.1011,  1.2068,  0.8424,  0.2039,  0.2456,  0.4182,  0.4409,
          1.0977,  0.0600, -0.6772, -0.2547,  1.1082,  1.5029, -0.7729, -0.3171,
          0.8208,  1.1144, -0.6259, -0.0369,  0.3401,  0.1949,  0.7448,  0.8348]]), 'transformer.h.3.mlp.c_fc.weight': tensor([[-0.0123, -0.0324,  0.0052,  ...,  0.0153, -0.1025,  0.0149],
        [ 0.0691,  0.0162, -0.0209,  ..., -0.1222, -0.0053,  0.0594],
        [ 0.0262,  0.0602, -0.0548,  ...,  0.0025,  0.0825, -0.0359],
        ...,
        [ 0.0384, -0.0860, -0.0133,  ..., -0.1449,  0.1264, -0.0316],
        [ 0.0379,  0.0065,  0.0806,  ..., -0.1361, -0.1103,  0.2036],
        [ 0.0359,  0.0249, -0.0525,  ..., -0.0168,  0.0160,  0.0207]]), 'transformer.h.3.mlp.c_proj.weight': tensor([[ 0.0346,  0.0415, -0.0066,  ..., -0.0206, -0.0182,  0.0937],
        [ 0.0629,  0.0167, -0.0565,  ..., -0.0485,  0.0407,  0.0024],
        [-0.0111, -0.0210, -0.0384,  ...,  0.0600, -0.0396,  0.0164],
        ...,
        [ 0.0671, -0.0051,  0.0108,  ...,  0.0411, -0.0416, -0.0750],
        [ 0.0104, -0.0394, -0.0474,  ...,  0.0106, -0.0409,  0.0452],
        [-0.1374,  0.0345,  0.0079,  ..., -0.0379, -0.0301,  0.0094]]), 'transformer.h.4.attn.c_q.weight': tensor([[-0.1568,  0.1895,  0.0359,  ..., -0.0592, -0.0090,  0.1158],
        [-0.0869, -0.0916, -0.0683,  ...,  0.1345, -0.0221,  0.1025],
        [ 0.0694,  0.1527, -0.0261,  ...,  0.0887, -0.1297, -0.0202],
        ...,
        [ 0.0565,  0.1013,  0.0876,  ...,  0.0569,  0.0184, -0.0026],
        [ 0.0214,  0.0724, -0.0809,  ...,  0.1093, -0.0060,  0.1634],
        [ 0.0901,  0.1601, -0.0358,  ...,  0.0563, -0.0420, -0.0051]]), 'transformer.h.4.attn.c_k.weight': tensor([[-0.0103, -0.0133,  0.1681,  ...,  0.0134, -0.0817, -0.1301],
        [ 0.2413,  0.0723,  0.0743,  ..., -0.0595, -0.1277, -0.1633],
        [-0.0833, -0.0783, -0.0269,  ..., -0.0282,  0.0963,  0.1283],
        ...,
        [ 0.0053, -0.0689, -0.1032,  ...,  0.1577,  0.1273,  0.0785],
        [ 0.0808, -0.1556, -0.0197,  ...,  0.0339, -0.1051,  0.0337],
        [ 0.0023,  0.0733,  0.0372,  ...,  0.0164,  0.1824,  0.0812]]), 'transformer.h.4.attn.c_v.weight': tensor([[-0.0609,  0.1452, -0.0050,  ..., -0.1177, -0.0597, -0.0654],
        [ 0.0012, -0.0979,  0.1258,  ...,  0.0214, -0.1061,  0.0078],
        [ 0.1033,  0.0882,  0.0630,  ...,  0.1746,  0.0017,  0.0637],
        ...,
        [ 0.0007,  0.0454, -0.0958,  ..., -0.1618, -0.0566,  0.0625],
        [ 0.0289,  0.1050, -0.0424,  ..., -0.0663, -0.0229, -0.0233],
        [-0.1704,  0.0736, -0.0329,  ...,  0.2017, -0.0177, -0.0360]]), 'transformer.h.4.attn.c_proj.weight': tensor([[ 0.0690,  0.1362,  0.1281,  ...,  0.0086, -0.1365, -0.0844],
        [-0.0168,  0.0123,  0.0606,  ..., -0.1361,  0.1340, -0.0117],
        [-0.0133,  0.0289,  0.1849,  ..., -0.1088,  0.0656, -0.0601],
        ...,
        [ 0.0411, -0.2636, -0.0843,  ..., -0.0813, -0.1945, -0.1693],
        [-0.0915, -0.0327,  0.0171,  ...,  0.1776, -0.0436,  0.1667],
        [ 0.0748, -0.1397, -0.0840,  ...,  0.0932,  0.1847,  0.1809]]), 'transformer.h.4.mlp.c_fc.weight': tensor([[-0.1195,  0.0162, -0.0349,  ..., -0.0010, -0.0485,  0.0250],
        [ 0.1224,  0.1306,  0.0225,  ...,  0.1325, -0.0766,  0.0036],
        [-0.1648, -0.0812,  0.1278,  ...,  0.0767,  0.0211, -0.0562],
        ...,
        [ 0.0416, -0.0919,  0.1463,  ..., -0.0666, -0.0206,  0.0045],
        [ 0.0371, -0.1404, -0.0134,  ..., -0.0020,  0.1264,  0.1234],
        [-0.0740, -0.0286, -0.0329,  ...,  0.0463, -0.0220,  0.0314]]), 'transformer.h.4.mlp.c_proj.weight': tensor([[-0.0558, -0.0726,  0.0419,  ..., -0.0692,  0.0968,  0.0012],
        [-0.0640, -0.0204,  0.0758,  ...,  0.0527, -0.1207,  0.0152],
        [-0.0095, -0.1258, -0.0293,  ...,  0.0754,  0.0816,  0.0451],
        ...,
        [-0.0442, -0.0156,  0.0944,  ..., -0.0237, -0.0079,  0.0150],
        [ 0.0185, -0.0747,  0.0538,  ...,  0.0422,  0.0365, -0.0589],
        [ 0.0004, -0.0884, -0.0192,  ...,  0.1038, -0.0590,  0.0543]]), 'transformer.h.5.attn.c_q.weight': tensor([[ 0.1219, -0.1139, -0.0132,  ...,  0.1477, -0.1571,  0.2635],
        [ 0.0516,  0.0036, -0.1144,  ...,  0.1951, -0.0359,  0.0736],
        [ 0.1443, -0.0491, -0.1113,  ...,  0.0739,  0.0615,  0.0649],
        ...,
        [-0.1297,  0.0681,  0.0048,  ..., -0.1020,  0.0115, -0.0760],
        [ 0.0317,  0.1572, -0.0697,  ...,  0.3146,  0.2031, -0.0852],
        [-0.0037, -0.1262,  0.1215,  ..., -0.1557,  0.0151,  0.1633]]), 'transformer.h.5.attn.c_k.weight': tensor([[ 0.0711,  0.0421,  0.0747,  ..., -0.0312,  0.0850,  0.0652],
        [-0.0223,  0.0998,  0.0630,  ..., -0.1442, -0.0597, -0.0310],
        [ 0.1369,  0.2110,  0.2387,  ..., -0.0602, -0.0352,  0.1757],
        ...,
        [ 0.0624, -0.2513,  0.0388,  ...,  0.0040,  0.0773,  0.1026],
        [ 0.0427,  0.0017,  0.1202,  ...,  0.1668,  0.1585, -0.0756],
        [-0.0184, -0.0301, -0.0022,  ..., -0.0256, -0.0801,  0.1234]]), 'transformer.h.5.attn.c_v.weight': tensor([[ 0.0421, -0.0229, -0.2397,  ...,  0.0767,  0.0190,  0.0175],
        [-0.0027,  0.0379, -0.0719,  ...,  0.1372, -0.0249, -0.0020],
        [-0.1134,  0.0039,  0.0055,  ...,  0.1008,  0.1369,  0.0738],
        ...,
        [ 0.1621,  0.0175,  0.0685,  ...,  0.0134, -0.1253, -0.0832],
        [ 0.1206, -0.0748, -0.0305,  ..., -0.0030, -0.0483,  0.0833],
        [ 0.0754, -0.1411,  0.0701,  ...,  0.1786, -0.0803, -0.0347]]), 'transformer.h.5.attn.c_proj.weight': tensor([[-0.0477,  0.0436,  0.0153,  ...,  0.0960, -0.2589, -0.0486],
        [ 0.1732, -0.0101, -0.1163,  ...,  0.0732, -0.0295,  0.1331],
        [ 0.0154, -0.0667, -0.0649,  ...,  0.0241,  0.0653, -0.0481],
        ...,
        [-0.1228,  0.0719, -0.1313,  ...,  0.0539,  0.0177, -0.0151],
        [ 0.1603, -0.0668,  0.0452,  ...,  0.1643,  0.1048, -0.0908],
        [ 0.0133, -0.1105,  0.0102,  ..., -0.1151,  0.0496,  0.1061]]), 'transformer.h.5.attn.ve_gate.weight': tensor([[-6.3068e-01, -1.5589e-01, -1.1299e+00,  1.4021e-01,  7.7314e-01,
         -4.1317e-01, -9.2893e-01,  1.6749e-01,  1.1994e+00,  4.8554e-02,
         -2.2157e-02,  6.2853e-01,  5.0753e-01,  2.1325e-01, -2.4495e-01,
         -6.5079e-04, -4.7027e-02,  1.2060e-01, -5.4382e-01, -4.1834e-01,
          2.6638e-01,  6.1377e-01, -1.5398e-01, -4.8443e-01,  7.1417e-01,
          6.8034e-01,  2.9801e-01, -4.5235e-01,  1.1514e+00, -7.8571e-01,
          9.9680e-01, -6.0226e-01],
        [-4.5767e-01,  1.1154e+00,  7.1654e-01, -8.1569e-01,  5.6079e-01,
          8.1525e-01, -7.1899e-01, -2.3197e-01,  1.4332e-01, -1.2772e-01,
          7.4480e-01,  1.1856e-01,  4.7650e-02,  1.0107e+00,  8.0749e-01,
          1.0884e-01, -1.1710e-01,  5.3577e-01,  7.4152e-01,  1.5648e-01,
         -8.0332e-02, -8.1371e-02, -6.0005e-01, -9.0938e-01,  8.7082e-01,
          6.9976e-01,  9.0749e-02, -2.1325e-01, -2.2365e-01, -5.6667e-01,
          3.1569e-01,  2.3377e-01],
        [-7.4204e-01, -6.0157e-01,  1.0572e-01,  8.0991e-01, -3.9999e-01,
         -8.7764e-02, -2.0820e-01,  1.0589e-01,  1.6593e+00, -8.4429e-01,
         -2.1107e-01, -1.9137e-01, -3.5962e-01,  1.4224e-01, -7.7277e-01,
         -1.9059e-01, -8.6367e-01,  1.2390e+00, -1.0791e-01, -4.0735e-01,
          9.6579e-02,  3.2229e-01, -2.6144e-02,  4.7984e-03,  6.9590e-01,
         -5.9381e-01, -5.5762e-01, -4.8781e-02, -1.1636e+00, -8.9180e-01,
          1.7618e-01,  5.7544e-01],
        [-4.1352e-01, -4.0648e-01, -1.2989e-01,  5.5997e-01, -2.7479e-01,
          3.9172e-01, -1.5963e-01,  2.0493e-01, -1.6924e-01,  1.6499e-01,
          7.3845e-01,  3.0505e-01, -4.2460e-01,  3.0695e-01,  8.6973e-01,
          1.6147e-01, -1.0050e-01,  2.2070e-01, -7.4490e-01, -4.0125e-02,
          5.4810e-01,  6.4917e-01,  1.1574e-01,  3.0395e-01,  6.6227e-02,
          5.9336e-01, -6.1472e-01, -4.6117e-01,  4.7050e-01,  8.1854e-01,
          4.8495e-01, -6.7955e-02],
        [-3.1858e-01,  5.5819e-02,  2.2883e-01, -7.5966e-01, -6.7755e-01,
         -1.7485e-01,  2.3414e-01,  5.1625e-02, -1.1439e-01,  3.9817e-01,
          7.0832e-02, -1.9647e-01,  2.8181e-01,  7.4041e-01, -2.0245e-01,
         -5.2398e-01, -1.0170e+00,  6.8690e-01,  1.4482e-02, -1.1443e-01,
         -1.4657e-01, -5.5598e-02, -2.2093e-01,  1.3183e-01, -1.5357e-01,
         -6.5270e-02,  2.2727e-01, -5.6019e-01, -3.2819e-01, -2.6271e-01,
          6.7021e-02, -1.6248e-01],
        [ 8.6412e-01,  5.9193e-01, -6.6159e-01,  1.7999e-01, -8.7473e-01,
          1.6428e-01, -3.5637e-01,  1.2273e-01,  1.8413e-01,  3.7966e-01,
         -2.6758e-01, -7.8663e-02, -3.8327e-01,  2.7171e-01,  3.1334e-01,
         -2.6344e-01, -5.4058e-03,  9.0591e-01, -2.9046e-02, -5.7064e-01,
          2.4049e-01, -1.4775e-01,  2.2204e-01, -2.5356e-02,  3.8445e-01,
         -2.2858e-01, -2.5399e-01, -2.4375e-01,  6.7712e-01, -4.3513e-01,
         -2.5672e-01,  6.3506e-01],
        [ 8.1878e-02, -5.7546e-01, -3.9656e-01, -9.0252e-01,  9.4194e-01,
         -6.1636e-01, -2.1695e-01,  2.3793e-01,  7.4036e-01,  1.3090e+00,
          8.6600e-01, -1.3691e+00,  5.3685e-02, -4.3146e-01,  1.6059e-01,
          1.6930e+00, -2.9013e-01,  3.9013e-01,  2.5380e-01, -3.1993e-01,
         -1.3711e-01, -6.5805e-01, -1.0577e+00,  5.6906e-01,  1.8708e+00,
         -1.1155e-01, -1.2837e+00, -2.9690e-01, -4.9086e-02, -2.0649e-01,
         -4.5640e-01, -6.3112e-02],
        [ 4.8174e-01, -4.6309e-01,  3.7605e-01, -8.2144e-02,  2.9616e-02,
         -1.6228e-01, -6.5176e-01,  6.4622e-01,  2.6492e-01,  3.6618e-01,
         -1.4618e-01,  9.3720e-02,  3.0585e-01, -3.1001e-01,  4.7950e-01,
          2.4919e-01,  4.4612e-01,  5.7316e-01, -2.5691e-01,  2.8703e-01,
          2.0838e-01, -1.9501e-01,  5.1948e-02, -5.6213e-01,  8.3758e-02,
          3.7023e-01,  1.1391e-01, -3.8273e-01, -7.7090e-02, -3.2751e-01,
         -9.0119e-02,  2.3753e-01],
        [ 6.9220e-02, -5.1906e-01,  1.0474e-01,  7.2130e-02,  5.1309e-03,
          1.0334e-01, -4.0724e-02, -1.2605e-01,  4.8067e-01,  1.9356e-01,
          9.5059e-02, -3.6866e-02, -1.8306e-01,  3.3801e-01,  5.2489e-01,
         -1.0408e-03, -1.3212e-01,  3.6868e-01,  1.4326e-01,  9.5289e-02,
          3.3158e-02, -1.9338e-02, -2.2589e-01, -2.9228e-03, -1.3794e-01,
         -1.5817e-01,  2.7061e-01, -1.9622e-01,  2.7608e-01,  4.3467e-01,
          4.3432e-02,  5.3909e-02],
        [-4.0269e-01, -3.5739e-01, -3.9983e-01, -2.9624e-01, -6.5409e-01,
         -3.2479e-02, -4.7814e-01,  3.3128e-02, -3.0642e-01,  4.7367e-02,
         -4.9972e-01, -2.3969e-01,  8.1115e-01,  2.2324e-02, -3.5770e-01,
         -4.0331e-01, -3.5104e-02,  2.1322e-01,  2.2048e-01,  2.4827e-01,
         -2.1134e-01, -4.7397e-01, -3.1942e-01,  6.5946e-02, -1.9813e-01,
         -6.0643e-04, -2.9126e-01, -9.4677e-01, -1.8056e-01,  8.3203e-01,
         -5.4798e-01, -7.9989e-02],
        [ 2.3964e-01,  1.0185e-02, -3.1991e-01,  1.2884e-02,  3.3527e-01,
         -5.2255e-01, -1.0794e+00,  3.0141e-01,  1.9673e-01, -8.8165e-01,
          2.9681e-01, -7.4902e-01, -1.0756e-01,  3.4892e-01, -3.3781e-01,
          6.1131e-01,  3.8508e-01,  6.5809e-01, -1.7725e-01,  1.8183e-01,
         -2.1820e-01, -3.6670e-01,  5.4548e-01,  1.5369e-01, -3.2821e-01,
         -2.4687e-02,  2.8822e-01, -5.2013e-01, -5.3126e-02,  1.3308e-01,
          7.0885e-01, -8.7631e-01],
        [-2.2670e-01, -4.8353e-01, -4.6288e-01,  2.5452e-01, -2.0028e-01,
          1.5860e-01, -4.5131e-01,  4.7994e-01, -3.0210e-01,  1.9989e-01,
          5.0799e-01, -3.2740e-01, -1.3724e-01,  5.5453e-01, -5.1504e-01,
          2.5889e-01,  9.4402e-01,  3.5832e-01, -4.9195e-01,  5.8952e-01,
         -1.4018e-01,  7.6298e-01, -3.8619e-02, -5.2931e-02,  4.4059e-01,
          2.6323e-02,  1.6055e-01, -2.8861e-01,  2.7074e-01, -2.9423e-01,
          8.5043e-02,  1.1227e+00]]), 'transformer.h.5.mlp.c_fc.weight': tensor([[ 0.1794, -0.0210,  0.0146,  ..., -0.1149,  0.0004, -0.1931],
        [-0.0446,  0.0309,  0.0613,  ...,  0.0929,  0.0007, -0.0308],
        [ 0.0208,  0.0765, -0.0076,  ..., -0.0209, -0.1528, -0.1065],
        ...,
        [-0.0644, -0.1030, -0.0110,  ..., -0.1335, -0.0129,  0.0540],
        [ 0.0125, -0.0669,  0.1057,  ..., -0.0251, -0.1040, -0.0445],
        [-0.0878,  0.0716,  0.1516,  ..., -0.0551, -0.0555, -0.0040]]), 'transformer.h.5.mlp.c_proj.weight': tensor([[ 0.0056,  0.0747,  0.0055,  ..., -0.0101, -0.0592,  0.0121],
        [-0.0562,  0.0046, -0.0929,  ..., -0.0057,  0.0504, -0.0117],
        [-0.0200, -0.0015,  0.0737,  ..., -0.0124,  0.0908,  0.0555],
        ...,
        [ 0.0301,  0.0779,  0.0655,  ..., -0.0226,  0.0245,  0.0654],
        [-0.0344,  0.0582, -0.1207,  ...,  0.0907, -0.0044, -0.0843],
        [ 0.0339,  0.0306, -0.0050,  ...,  0.0538,  0.0035, -0.0406]]), 'transformer.h.6.attn.c_q.weight': tensor([[-0.0509,  0.0974, -0.0341,  ...,  0.0609, -0.0485,  0.0169],
        [ 0.0461, -0.0290,  0.1264,  ...,  0.0277,  0.0049, -0.1394],
        [ 0.0343,  0.0145, -0.0605,  ..., -0.0841, -0.0473,  0.0547],
        ...,
        [-0.0515,  0.1463,  0.0499,  ..., -0.0729, -0.1006, -0.0123],
        [-0.1160, -0.0153, -0.0406,  ...,  0.0003,  0.0677,  0.1388],
        [-0.1781,  0.0216, -0.0866,  ..., -0.0582, -0.0535,  0.0370]]), 'transformer.h.6.attn.c_k.weight': tensor([[-0.0402, -0.0052,  0.0150,  ..., -0.0175,  0.0069, -0.0222],
        [-0.0519,  0.0342, -0.0506,  ...,  0.0544,  0.0480,  0.0452],
        [-0.0666, -0.0404,  0.0184,  ...,  0.0946,  0.0100, -0.0817],
        ...,
        [-0.0421, -0.0969,  0.0458,  ..., -0.0397, -0.0716,  0.2078],
        [ 0.0061, -0.0358, -0.0787,  ...,  0.0956,  0.0032, -0.0637],
        [-0.0035,  0.0473,  0.0367,  ..., -0.0227, -0.0092, -0.0763]]), 'transformer.h.6.attn.c_v.weight': tensor([[ 0.3090,  0.0699, -0.2579,  ...,  0.0276,  0.1864,  0.1128],
        [-0.2036,  0.2154, -0.0384,  ...,  0.0459,  0.1595,  0.1830],
        [-0.0617, -0.2146, -0.0322,  ..., -0.1008, -0.0029, -0.0318],
        ...,
        [ 0.0980, -0.0713, -0.2651,  ...,  0.1674, -0.0438, -0.0387],
        [-0.0065,  0.1044,  0.1003,  ..., -0.0612,  0.3011,  0.0562],
        [ 0.0143, -0.1763, -0.0711,  ...,  0.0193,  0.0842,  0.1561]]), 'transformer.h.6.attn.c_proj.weight': tensor([[-0.1592, -0.0975,  0.0306,  ..., -0.0686,  0.0329, -0.0418],
        [-0.0680, -0.1249, -0.1059,  ...,  0.0214, -0.0317, -0.0039],
        [-0.0118,  0.0382, -0.0008,  ..., -0.1031,  0.0704,  0.0423],
        ...,
        [ 0.2321,  0.0235,  0.0762,  ..., -0.0102,  0.0252,  0.0136],
        [-0.0988, -0.3071,  0.0048,  ..., -0.0350, -0.1015, -0.0537],
        [ 0.1229, -0.3005, -0.1043,  ...,  0.1775, -0.0005, -0.1200]]), 'transformer.h.6.mlp.c_fc.weight': tensor([[-0.0281,  0.0656, -0.0253,  ...,  0.0930,  0.1198, -0.0090],
        [-0.0784, -0.0695,  0.0420,  ..., -0.0189, -0.0069, -0.0489],
        [-0.0867,  0.2622,  0.0756,  ..., -0.1150, -0.0312,  0.0805],
        ...,
        [-0.1023, -0.0699, -0.0005,  ..., -0.0537,  0.0636,  0.0973],
        [ 0.0370,  0.2106,  0.0582,  ...,  0.0279,  0.0644,  0.0061],
        [ 0.2696,  0.1361, -0.0207,  ..., -0.0660,  0.0295,  0.0817]]), 'transformer.h.6.mlp.c_proj.weight': tensor([[ 0.0554,  0.0646,  0.0149,  ..., -0.0340, -0.0479, -0.0990],
        [-0.0589, -0.0721,  0.0295,  ...,  0.0329,  0.0326, -0.0021],
        [ 0.0013,  0.0280, -0.0384,  ...,  0.0040, -0.0262,  0.0087],
        ...,
        [ 0.0424, -0.0087, -0.0071,  ...,  0.0591, -0.0594,  0.0730],
        [ 0.0406,  0.0674,  0.0206,  ...,  0.0159,  0.0077, -0.0491],
        [ 0.0110, -0.0039,  0.0871,  ...,  0.1277, -0.0540,  0.0532]]), 'transformer.h.7.attn.c_q.weight': tensor([[ 0.0274, -0.0239,  0.1207,  ...,  0.0060,  0.1699,  0.0538],
        [ 0.2450, -0.1369,  0.0131,  ..., -0.0827, -0.0662, -0.0036],
        [-0.0472, -0.0507, -0.0045,  ..., -0.0497,  0.0033,  0.0195],
        ...,
        [ 0.1254,  0.0463,  0.0821,  ...,  0.0882, -0.0035,  0.0199],
        [ 0.0986,  0.0290,  0.0240,  ..., -0.1031, -0.1198,  0.0660],
        [-0.0683, -0.2224,  0.0527,  ..., -0.1549,  0.0444,  0.0443]]), 'transformer.h.7.attn.c_k.weight': tensor([[ 0.0238, -0.0406,  0.1729,  ..., -0.0153,  0.0270, -0.0073],
        [ 0.1750, -0.0899, -0.0257,  ..., -0.2024,  0.1282, -0.1057],
        [ 0.0610, -0.2042,  0.1184,  ..., -0.1053, -0.1537, -0.0055],
        ...,
        [-0.0182, -0.0053,  0.0012,  ..., -0.1129, -0.0165, -0.0443],
        [-0.0512, -0.0734, -0.0214,  ..., -0.2240, -0.0987, -0.0169],
        [ 0.0132, -0.1996,  0.1052,  ..., -0.0138,  0.1156,  0.1925]]), 'transformer.h.7.attn.c_v.weight': tensor([[-0.0261,  0.0684,  0.1459,  ..., -0.0284, -0.1717, -0.0867],
        [-0.0893,  0.1749, -0.0241,  ..., -0.1034, -0.1331, -0.0193],
        [-0.1358,  0.0262, -0.0251,  ...,  0.0895,  0.0671, -0.0248],
        ...,
        [-0.0108, -0.1849,  0.0669,  ...,  0.0060, -0.1084,  0.1243],
        [-0.1164,  0.2776, -0.0376,  ..., -0.0899,  0.0222,  0.1046],
        [-0.0787,  0.0300, -0.0430,  ..., -0.0400,  0.1076, -0.0176]]), 'transformer.h.7.attn.c_proj.weight': tensor([[-0.0224, -0.0062,  0.1030,  ..., -0.0163,  0.0458, -0.0543],
        [-0.0162, -0.1059,  0.0819,  ..., -0.0597,  0.0199, -0.0377],
        [ 0.0728,  0.0048,  0.0673,  ..., -0.1440, -0.0129,  0.1306],
        ...,
        [-0.1077, -0.0942,  0.0049,  ..., -0.2466, -0.0156, -0.0338],
        [ 0.0950, -0.0424, -0.1061,  ..., -0.1467, -0.0813, -0.0906],
        [-0.0371, -0.0338,  0.0724,  ...,  0.0611,  0.0552,  0.0142]]), 'transformer.h.7.attn.ve_gate.weight': tensor([[-5.2027e-01, -2.2161e-01, -7.6030e-01, -2.6307e-01,  9.1756e-01,
         -7.2870e-01, -1.1306e-01,  4.5222e-01,  5.8073e-01, -2.1933e-02,
         -5.7318e-01, -3.0769e-01,  8.1862e-01,  3.1028e-01,  7.7286e-02,
         -3.9895e-01,  6.8560e-01,  3.7398e-01, -4.1552e-01, -2.1263e-01,
         -5.5865e-01,  4.0669e-01, -1.4087e-01, -8.8108e-01,  7.8009e-01,
          4.4884e-01,  2.8035e-01, -5.9062e-01,  3.3710e-01, -1.1090e+00,
          8.4634e-01,  5.3445e-01],
        [-1.0392e-03, -4.6658e-01, -7.2233e-01, -2.3598e-01, -4.6507e-01,
          7.8487e-02, -1.4411e-01, -1.2306e-01,  1.2068e-01,  4.4762e-01,
         -3.7889e-01,  1.1346e-01,  7.9757e-02,  2.2502e-01, -4.3325e-01,
          3.3627e-01,  2.8035e-01,  9.3212e-01, -2.1840e-01,  4.8755e-02,
          3.2247e-01,  6.1360e-01,  1.5446e-01,  9.7235e-02,  9.7896e-01,
          1.4813e-01, -1.0956e+00, -9.1661e-02,  1.3324e-01, -9.0807e-02,
          4.2250e-01, -3.9673e-01],
        [ 1.6492e-01, -1.0019e-01,  6.2290e-02, -3.9807e-01,  2.4982e-02,
          3.3007e-01, -1.5123e-01,  1.7210e-01,  3.2709e-02,  4.4157e-01,
          1.9836e-02, -2.8524e-01,  4.9968e-01,  1.3693e-01,  3.9712e-01,
         -1.4371e-01, -3.0993e-01,  9.8937e-01, -1.8683e-01,  3.7889e-01,
         -1.7385e-01, -7.4150e-02,  5.2040e-02, -5.5384e-02, -4.0333e-02,
          4.3456e-01,  8.9767e-02, -4.1459e-02, -2.1012e-01,  2.1840e-01,
          3.2674e-01, -2.5782e-01],
        [ 6.3823e-02,  1.5900e-01, -5.4052e-02, -5.6160e-01,  7.6347e-02,
         -4.4107e-02, -3.5421e-02,  2.5183e-01, -2.5188e-02,  6.0344e-02,
          3.8742e-02, -2.2535e-01, -1.6548e-01,  2.9221e-01, -1.0748e-01,
          3.8672e-01, -3.2936e-01,  2.5534e-01, -2.3959e-01, -2.8898e-01,
          7.3909e-02,  1.0003e-01, -1.1681e-01, -3.7664e-01,  2.3634e-01,
          1.0625e-02,  3.0373e-03, -4.9696e-01, -5.1699e-01, -5.2250e-01,
          2.4425e-01,  1.1779e-01],
        [ 3.9469e-02, -1.8351e-01, -8.8385e-02,  4.5784e-02, -7.3009e-02,
          1.5398e-01, -3.1188e-01, -2.7003e-01,  2.7171e-01, -1.5532e-02,
          3.9980e-02, -1.7492e-02, -1.5597e-01,  2.7025e-01,  9.2986e-02,
         -3.7581e-01, -2.2805e-01,  3.8017e-01,  2.2761e-03,  3.2561e-01,
         -2.7526e-01, -1.8125e-02, -3.7275e-01, -4.8620e-01,  3.7410e-01,
         -1.7663e-01,  2.0211e-01, -3.7749e-01, -4.0320e-01, -1.7026e-01,
         -1.3413e-01,  6.5501e-01],
        [-5.4583e-01, -1.4587e-01,  6.4761e-03, -2.0425e-01, -5.5905e-02,
          2.6923e-02, -5.4203e-01,  2.7897e-01,  2.7280e-01, -3.3899e-01,
         -1.5184e-01,  3.0132e-01,  1.9187e-02, -5.7013e-02,  2.3534e-02,
         -2.4042e-01, -3.6683e-01,  4.9678e-01, -1.2431e-01,  7.7831e-02,
          2.4897e-01,  6.1105e-03,  8.6102e-02,  1.7156e-01, -2.5138e-01,
         -1.6709e-01, -1.2139e-02, -7.4110e-01,  3.1972e-01, -1.1141e-01,
          6.0035e-02, -5.7692e-01],
        [ 2.2565e-02, -5.5529e-01,  1.2045e-01, -1.4088e-01, -4.5450e-01,
         -6.8654e-01, -5.6029e-02, -1.8211e-01, -1.8480e-01, -5.1480e-01,
          7.5910e-01,  2.9507e-02,  3.7055e-01,  5.6375e-02, -1.8052e-01,
          1.0882e-01, -8.8354e-01,  1.7436e-01, -9.0065e-02,  3.5521e-01,
         -7.5761e-02, -2.7920e-01, -4.0335e-01, -1.2525e-01,  1.0572e-03,
          2.5420e-01, -1.8158e-01, -1.8061e-01, -2.0141e-01,  6.7820e-01,
         -5.4876e-02,  3.0616e-01],
        [-6.2859e-01, -3.4461e-01,  3.2662e-01, -5.1177e-02,  2.1037e-01,
          1.8731e-01, -1.3461e-01,  5.6965e-01, -1.6413e-01,  1.3379e-01,
          6.4795e-01, -4.7223e-01, -1.3468e-01,  1.0505e+00,  8.4964e-01,
          3.5137e-02,  4.7876e-01,  2.6814e-01,  1.8124e-01,  3.7952e-01,
          5.8225e-02,  9.6731e-01, -1.9933e-01, -1.1348e-01, -3.0095e-01,
          1.7144e-01, -4.8457e-01, -7.5969e-02,  1.8230e-01,  7.8810e-01,
         -1.6539e-01, -6.6532e-02],
        [ 2.6908e-01, -1.8942e-01, -2.6762e-01, -3.4945e-01,  2.5044e-01,
          4.5111e-03, -6.9188e-01,  2.2253e-02, -1.2941e-01,  2.2349e-01,
         -1.3159e-01, -2.5519e-01,  4.3790e-01, -1.7066e-01,  9.7752e-02,
          2.1942e-01, -1.8518e-01,  3.1857e-01,  1.4751e-01, -2.1134e-01,
         -3.0290e-01, -3.6285e-01, -8.1621e-01,  3.8545e-02, -3.1323e-01,
          3.5534e-01, -3.2384e-01, -3.8529e-01, -9.2291e-02, -1.9901e-01,
         -5.8201e-01,  1.3895e-01],
        [-1.4411e-01, -2.0499e-01,  2.4163e-02,  8.3963e-02, -3.3482e-01,
         -1.1535e-01, -1.3834e-01,  3.2498e-01,  5.6983e-02,  2.2998e-02,
         -3.4209e-02,  4.0867e-02,  1.8738e-01, -3.2333e-01, -3.2773e-01,
          2.0132e-01,  7.9429e-02,  2.9372e-01, -9.1475e-02,  1.0441e-01,
         -3.0422e-01, -1.3682e-01, -7.7750e-02, -1.4585e-01, -1.1853e-02,
         -9.2516e-03,  1.3809e-01, -2.0448e-01, -2.3832e-01,  4.4266e-01,
         -1.0608e-01,  1.8837e-01],
        [-9.3141e-02, -5.7275e-02,  4.9525e-02, -2.3174e-02,  1.0536e-02,
         -5.3727e-04, -2.6221e-01,  2.6013e-01,  2.5254e-01,  8.6842e-02,
          3.7990e-01, -4.8622e-01, -7.4196e-04, -7.8441e-03,  1.0777e-01,
          4.5531e-01, -2.1441e-02,  3.7922e-01, -2.0430e-01,  1.3575e-01,
         -6.2765e-02, -3.0372e-01,  1.8646e-01,  5.5034e-02,  2.9574e-02,
         -3.7437e-01, -2.3126e-01, -1.5468e-01, -2.5253e-01, -5.6561e-01,
         -1.7989e-01,  3.6907e-02],
        [ 2.2133e-01, -1.4436e-02,  2.3113e-01, -4.7252e-02, -9.1685e-02,
          3.0741e-01, -4.7298e-01,  2.3807e-01,  1.6037e-01, -9.3199e-03,
          3.2572e-01,  6.9055e-02, -1.2889e-01,  2.9327e-01,  1.9661e-01,
          4.7724e-01, -5.0089e-02,  3.5008e-01, -7.1630e-02, -1.2020e-01,
          4.1204e-05, -1.7154e-01, -1.9602e-01,  1.0876e-01,  2.1105e-01,
          2.1914e-01,  8.9673e-02, -2.0650e-02,  1.9693e-01, -6.0808e-02,
          3.3652e-01,  1.4924e-01]]), 'transformer.h.7.mlp.c_fc.weight': tensor([[ 0.0498, -0.0475,  0.2387,  ..., -0.1470, -0.0406, -0.1979],
        [-0.0702, -0.0521,  0.1623,  ..., -0.0752, -0.0682, -0.0667],
        [-0.0247, -0.0102,  0.0974,  ..., -0.0009,  0.0999,  0.1151],
        ...,
        [ 0.0351,  0.0479,  0.1181,  ..., -0.0888,  0.1041, -0.0733],
        [-0.0749, -0.0826, -0.0486,  ..., -0.1017,  0.1326, -0.1385],
        [ 0.0692, -0.0402, -0.0539,  ..., -0.0103, -0.0035, -0.0027]]), 'transformer.h.7.mlp.c_proj.weight': tensor([[ 0.0072, -0.0250,  0.0324,  ...,  0.0428,  0.0453,  0.0603],
        [-0.0633, -0.0779,  0.0724,  ..., -0.0059, -0.0074,  0.1070],
        [ 0.0201, -0.1037, -0.0499,  ...,  0.0882, -0.1132, -0.0298],
        ...,
        [ 0.0019,  0.0869, -0.0660,  ..., -0.0113, -0.0940,  0.0102],
        [-0.0773,  0.0649, -0.0089,  ...,  0.0127, -0.0394, -0.0452],
        [-0.0462, -0.0044,  0.0818,  ...,  0.0124, -0.0277, -0.0640]]), 'transformer.h.8.attn.c_q.weight': tensor([[-3.8786e-02,  5.9049e-02,  1.3755e-01,  ..., -5.3717e-02,
          5.5249e-02, -6.3277e-02],
        [-7.8754e-02, -1.3569e-01, -4.2319e-03,  ..., -1.7207e-01,
          5.9069e-02,  7.5892e-02],
        [ 1.2975e-01,  7.1702e-02, -2.0586e-02,  ..., -5.1223e-02,
         -1.6642e-01, -1.1914e-02],
        ...,
        [-1.4688e-02, -6.7621e-02,  1.7219e-01,  ..., -6.2793e-02,
         -3.4868e-02,  1.6268e-01],
        [ 6.1654e-02,  4.7318e-02, -2.0767e-02,  ...,  1.0299e-01,
          3.7928e-02, -4.9842e-04],
        [ 2.2798e-01,  6.2206e-05, -8.0519e-02,  ...,  3.8676e-02,
          6.2404e-02,  9.6299e-02]]), 'transformer.h.8.attn.c_k.weight': tensor([[ 0.0196, -0.0608, -0.0938,  ..., -0.0852,  0.0170,  0.0087],
        [ 0.0977,  0.0591,  0.0557,  ..., -0.1112,  0.0292,  0.0205],
        [ 0.0798,  0.0350, -0.0331,  ...,  0.0144,  0.0238,  0.0168],
        ...,
        [ 0.0430,  0.0637, -0.0220,  ...,  0.0158, -0.1747,  0.0145],
        [-0.1249, -0.1640,  0.0783,  ...,  0.0194, -0.0811,  0.1998],
        [-0.1096, -0.1733,  0.0107,  ...,  0.0015, -0.0113, -0.1644]]), 'transformer.h.8.attn.c_v.weight': tensor([[ 0.0767, -0.0435,  0.0547,  ..., -0.1113,  0.0256, -0.0300],
        [-0.2238, -0.0817,  0.1694,  ..., -0.2647,  0.0265,  0.1224],
        [ 0.0486,  0.0228,  0.0495,  ...,  0.0162,  0.3752,  0.1698],
        ...,
        [ 0.0763,  0.0648, -0.0955,  ..., -0.0076, -0.0526, -0.0286],
        [ 0.0794, -0.0284,  0.0579,  ..., -0.1819,  0.0658,  0.0755],
        [ 0.0547,  0.1479,  0.0799,  ..., -0.0098,  0.0792, -0.0614]]), 'transformer.h.8.attn.c_proj.weight': tensor([[ 0.0672, -0.1008,  0.0469,  ...,  0.1056, -0.0377, -0.1261],
        [ 0.0252,  0.0410, -0.0859,  ..., -0.0371,  0.1726,  0.0036],
        [ 0.0043,  0.0361,  0.0217,  ..., -0.0370, -0.0131, -0.1816],
        ...,
        [ 0.1846,  0.2597,  0.0345,  ..., -0.1193,  0.0168,  0.0716],
        [ 0.0170, -0.0356, -0.1362,  ..., -0.1110,  0.0188, -0.1407],
        [ 0.0005, -0.0390, -0.0269,  ..., -0.0142, -0.1066, -0.1060]]), 'transformer.h.8.mlp.c_fc.weight': tensor([[-0.0082,  0.0614, -0.0148,  ..., -0.0258, -0.1195, -0.1066],
        [-0.0518,  0.0348, -0.0251,  ...,  0.0456,  0.0174, -0.0637],
        [ 0.0811, -0.0222,  0.1217,  ...,  0.1172,  0.0048, -0.0195],
        ...,
        [-0.0285, -0.0128,  0.1368,  ...,  0.0089, -0.0554, -0.1053],
        [ 0.0642, -0.0822,  0.0836,  ..., -0.0638,  0.0004, -0.1243],
        [ 0.1150,  0.0432,  0.1968,  ...,  0.0055, -0.1396, -0.0478]]), 'transformer.h.8.mlp.c_proj.weight': tensor([[-0.0449,  0.0744,  0.0058,  ...,  0.0424, -0.0664, -0.0713],
        [-0.0461,  0.0188, -0.0175,  ..., -0.1617,  0.0390, -0.0725],
        [ 0.0551, -0.0862, -0.1036,  ...,  0.0675, -0.0092, -0.0416],
        ...,
        [-0.0314,  0.0898, -0.0072,  ...,  0.0258, -0.0580, -0.0141],
        [-0.0591,  0.0307,  0.0636,  ..., -0.0275,  0.0441, -0.0502],
        [ 0.0293,  0.0530,  0.0596,  ..., -0.0434,  0.0396, -0.0711]]), 'transformer.h.9.attn.c_q.weight': tensor([[-0.0493, -0.0539,  0.0423,  ...,  0.0772, -0.0431, -0.0679],
        [-0.1082, -0.0689, -0.0024,  ...,  0.0784,  0.0426, -0.0404],
        [-0.0089,  0.1093,  0.0496,  ...,  0.0457, -0.0103, -0.0469],
        ...,
        [ 0.1622,  0.0367, -0.0450,  ..., -0.0202, -0.0272, -0.0564],
        [-0.0423,  0.1479,  0.0741,  ...,  0.0214, -0.0002, -0.0073],
        [ 0.0853,  0.0434,  0.0533,  ...,  0.0022,  0.0607, -0.0163]]), 'transformer.h.9.attn.c_k.weight': tensor([[-0.0756,  0.0968, -0.0150,  ..., -0.2195,  0.0205,  0.1470],
        [ 0.0747,  0.1658, -0.0820,  ..., -0.1094,  0.0790, -0.0800],
        [-0.0050, -0.0218, -0.1033,  ...,  0.0125,  0.0334,  0.0084],
        ...,
        [ 0.0985,  0.0267, -0.0095,  ..., -0.2223,  0.0850, -0.0073],
        [-0.1225,  0.1360,  0.1202,  ...,  0.0953, -0.1160,  0.0481],
        [-0.1922, -0.1586,  0.0328,  ..., -0.0789,  0.1255,  0.1440]]), 'transformer.h.9.attn.c_v.weight': tensor([[-0.1373,  0.0034,  0.0734,  ..., -0.0264,  0.0029,  0.0125],
        [ 0.0468, -0.0201, -0.1363,  ..., -0.0773,  0.0307, -0.0484],
        [ 0.0495, -0.0219, -0.1223,  ...,  0.0599,  0.0147,  0.1135],
        ...,
        [-0.0145, -0.1469, -0.0640,  ..., -0.2479, -0.0303, -0.1693],
        [-0.0403, -0.1590, -0.1390,  ..., -0.0654,  0.0158, -0.0679],
        [ 0.0488, -0.0114,  0.1237,  ..., -0.0370, -0.2249, -0.1211]]), 'transformer.h.9.attn.c_proj.weight': tensor([[-7.9446e-02,  3.2318e-02, -6.6665e-02,  ...,  6.6225e-02,
         -1.8262e-02,  1.5485e-01],
        [ 2.1434e-04,  5.6541e-02, -8.2615e-02,  ...,  1.8157e-02,
         -8.2790e-03,  1.0758e-01],
        [-4.9754e-02, -8.5496e-02, -8.2705e-03,  ...,  2.3596e-02,
         -1.0887e-01,  4.4095e-02],
        ...,
        [ 2.4325e-01, -8.1790e-02, -9.4891e-02,  ...,  1.6734e-01,
          1.0669e-01,  2.8723e-02],
        [-1.7518e-01, -1.3732e-01,  2.5547e-02,  ..., -5.3251e-02,
          2.9575e-02,  1.3041e-01],
        [ 7.9882e-02, -1.0179e-01,  2.2832e-01,  ...,  2.1641e-01,
          7.7133e-02,  7.3745e-02]]), 'transformer.h.9.attn.ve_gate.weight': tensor([[ 1.2731e-01, -1.0056e-01, -1.3647e-02, -3.8310e-01,  8.9633e-02,
         -1.0211e-01, -3.3180e-01,  1.9196e-01,  2.9188e-02,  1.9342e-02,
          4.0503e-02, -9.9983e-02, -8.1215e-04,  2.9621e-02, -1.6384e-01,
          3.4486e-01,  2.5234e-01,  9.9912e-02, -2.6158e-01, -1.3353e-01,
          9.6038e-02,  8.3341e-03,  1.5964e-01,  1.5621e-01, -2.5920e-01,
         -1.6416e-01, -3.9183e-01, -5.1168e-01, -2.9207e-01, -3.0088e-01,
          1.0525e-01,  2.8718e-01],
        [-4.0671e-01, -4.5568e-01, -2.6073e-01,  1.3434e-01, -2.5944e-01,
         -2.5480e-01, -4.4193e-01, -7.0777e-03, -5.0306e-02, -2.4850e-01,
          1.8499e-01,  4.5756e-01,  3.9481e-01,  2.9974e-01,  1.4830e-01,
         -1.5048e-01, -3.5045e-01,  2.6554e-01,  2.2102e-01,  3.4384e-01,
         -2.6243e-02,  7.4933e-02, -3.5186e-01,  1.6056e-01,  1.0481e-02,
          4.5632e-01, -8.9920e-01,  3.3605e-01, -1.2855e-01, -9.2473e-02,
          7.3448e-02, -2.3126e-01],
        [ 4.1124e-01,  1.6184e-01,  2.6227e-01, -9.6110e-02, -3.0751e-01,
          2.9839e-01, -4.0288e-01,  7.7822e-03,  5.9848e-01, -1.4128e-02,
         -1.2462e-01, -8.0758e-03, -1.2207e-01,  1.9983e-01,  3.1819e-01,
          6.3414e-02, -8.4181e-02,  6.9168e-01, -3.7133e-01, -2.5017e-02,
          1.2388e-02, -7.0492e-02, -4.1748e-02, -1.1555e-01, -4.3726e-01,
         -2.2482e-01, -1.1029e-01, -3.2474e-01, -3.6974e-01, -1.8765e-01,
         -6.2096e-02,  8.5122e-02],
        [ 2.4828e-01, -7.7222e-02, -4.7211e-01,  4.2940e-02, -5.0294e-03,
         -9.3842e-02, -1.3995e-01, -1.2674e-01,  5.7375e-02, -2.4849e-01,
          2.8671e-01,  2.1797e-01,  9.4946e-02, -4.2237e-01, -2.4590e-01,
          4.4123e-01,  1.5212e-01,  9.3698e-01,  6.4152e-02,  2.0197e-01,
         -4.9985e-03,  1.4002e-01,  1.3516e-01,  2.6473e-01,  1.6275e-01,
         -6.7923e-02, -2.8462e-02, -6.3901e-01,  7.4407e-01,  2.7971e-02,
          9.9976e-02, -1.8434e-01],
        [-4.6760e-02,  1.7388e-01,  3.0203e-01, -2.6330e-01,  2.4807e-01,
          8.4313e-01, -2.9511e-01,  1.9332e-01,  6.9555e-02,  1.5338e-03,
          3.0675e-01, -3.1687e-02,  4.7831e-01,  5.8101e-01, -3.2895e-01,
          4.3237e-01, -3.3791e-01,  1.0707e-01, -8.9581e-03,  2.6914e-01,
          1.6977e-01, -2.4432e-01, -5.9352e-01, -1.2819e-01,  2.4553e-01,
          1.3736e-01, -6.3002e-03, -1.2958e-01, -1.9547e-01, -3.9308e-01,
          6.6231e-02, -1.0122e-01],
        [ 1.5860e-01, -4.9798e-01,  2.5908e-01, -5.5254e-01, -4.7853e-01,
         -1.3245e-01,  1.7613e-01, -3.6670e-01, -1.5765e-01, -2.4723e-01,
         -3.2134e-02, -2.8590e-01,  9.7922e-02, -8.1342e-02, -5.3200e-01,
         -6.5327e-02, -7.4770e-01,  4.1111e-01, -5.2794e-03,  2.9260e-01,
         -1.5471e-01,  1.2213e-01, -2.4551e-01, -1.8125e-01,  3.9424e-01,
          2.1909e-01, -1.0063e-01, -4.3834e-01, -4.4891e-01,  3.6431e-01,
          2.8044e-01,  2.6114e-01],
        [ 1.7747e-01, -1.6402e-01,  1.0464e-01,  6.5319e-02,  2.2871e-01,
          1.1800e-01, -4.0405e-01,  2.7142e-01,  2.9573e-01, -8.5545e-02,
          1.2775e-01, -5.3630e-02,  6.2795e-02, -7.4493e-02, -2.9382e-01,
          4.3860e-01,  5.6784e-02,  3.7615e-01, -3.6643e-01,  4.8683e-02,
         -1.4440e-01, -2.9117e-02,  2.4465e-01, -8.8049e-03, -4.1824e-02,
          3.5035e-01,  2.2390e-01,  2.8410e-02, -2.3646e-01, -3.0463e-01,
          3.9649e-01, -1.4539e-01],
        [-2.2242e-01,  5.5548e-02,  1.1322e-01, -5.9205e-02, -2.3901e-01,
         -3.9000e-02, -1.3044e-01,  2.6639e-01, -7.1961e-03,  1.5228e-01,
          3.4624e-01, -1.4059e-02,  1.3925e-01, -1.1150e-01,  2.5768e-01,
          1.0083e-01,  8.4513e-02,  4.3539e-01, -1.2745e-01,  7.1042e-02,
         -6.3537e-02,  1.3809e-01,  7.2240e-02, -7.6420e-02, -1.5703e-02,
          9.6927e-02, -2.3884e-01, -6.6847e-02, -2.3207e-01, -1.1895e-01,
         -7.5211e-02,  1.8118e-01],
        [-4.7839e-01, -1.3342e-01, -3.3574e-01, -6.5901e-02, -2.5561e-01,
          1.3960e-01, -6.1770e-02,  6.9576e-02, -2.6216e-03,  5.2533e-02,
         -2.4312e-01, -3.6149e-02,  8.9933e-03,  3.8143e-01,  1.8986e-02,
         -1.0893e-01,  7.7086e-02,  4.4597e-01, -3.8298e-01,  2.1869e-01,
          8.2965e-02,  2.8188e-01,  2.4466e-01, -1.5996e-01,  1.5647e-01,
          9.7750e-02,  4.6072e-02, -6.4774e-01,  1.3825e-01, -3.4758e-01,
          5.6766e-01,  7.2462e-02],
        [-1.1404e-02,  1.9236e-01,  7.9792e-02, -4.8310e-01, -4.7748e-02,
         -2.8646e-01, -1.3860e-01,  2.7085e-01,  6.9772e-02, -1.7116e-01,
         -3.3264e-01, -7.1576e-02,  4.9105e-01,  1.6510e-01,  3.9949e-02,
         -1.9016e-01, -8.0374e-01,  5.1159e-01,  4.0845e-02,  1.2743e-01,
         -2.7950e-01, -2.7522e-01, -2.1036e-01, -1.2528e-01,  3.9479e-01,
          2.2966e-01, -2.3719e-01,  2.7190e-02,  1.7057e-01, -5.6262e-01,
          2.8389e-01,  8.1340e-02],
        [ 6.0455e-01, -1.3247e+00, -6.0159e-01, -3.2208e-01, -2.2470e-01,
          1.5994e-01,  4.0937e-02, -6.6285e-03,  2.7010e-02,  3.2268e-01,
          1.8850e-01, -7.5115e-01,  1.2977e-01,  2.2859e-01, -8.5410e-03,
          1.3728e-01, -5.8460e-01,  9.4538e-01, -3.6856e-01, -4.6202e-01,
          7.2120e-02, -4.2101e-01, -9.5213e-02,  4.9590e-02, -5.2614e-02,
         -8.4963e-01,  1.6461e-01, -2.0301e-01,  5.3895e-01, -5.1000e-01,
         -3.1882e-01,  8.1388e-01],
        [ 1.7482e-01, -1.0867e-01,  3.3819e-02, -1.5417e-01,  2.4733e-01,
          2.0240e-01, -5.3713e-02,  2.9431e-01, -8.4053e-03,  1.2975e-01,
          1.8539e-01,  4.4439e-02, -1.5335e-01,  2.3508e-01,  3.2326e-01,
          1.4393e-01,  2.1998e-02,  2.4086e-01, -2.1401e-01,  2.3427e-01,
          5.2251e-02,  1.1614e-01, -1.2165e-01, -1.1040e-01,  6.1369e-02,
          1.9954e-01, -3.2446e-01, -1.9303e-02,  6.9754e-02,  3.1094e-01,
          3.3145e-01, -1.3349e-01]]), 'transformer.h.9.mlp.c_fc.weight': tensor([[ 0.0302,  0.0870, -0.1233,  ..., -0.0604, -0.1126, -0.0716],
        [-0.0096,  0.0692, -0.0231,  ..., -0.1033, -0.0340,  0.0853],
        [-0.1357, -0.0103,  0.0399,  ...,  0.0405, -0.1353, -0.0465],
        ...,
        [ 0.1375,  0.0984, -0.0126,  ...,  0.0167,  0.1918,  0.0206],
        [-0.0745,  0.1619,  0.0058,  ..., -0.1427,  0.0251,  0.1029],
        [ 0.0504,  0.1115,  0.0249,  ...,  0.0260,  0.0089,  0.0944]]), 'transformer.h.9.mlp.c_proj.weight': tensor([[ 0.1209, -0.0154, -0.0043,  ..., -0.0072, -0.0464,  0.0374],
        [-0.0108,  0.0517, -0.0314,  ...,  0.0250, -0.0334,  0.0655],
        [-0.0001, -0.0796, -0.0138,  ...,  0.0288, -0.0742,  0.0640],
        ...,
        [-0.0174,  0.0046,  0.0459,  ...,  0.0778, -0.0657, -0.1050],
        [-0.1095, -0.0141, -0.0143,  ...,  0.0160, -0.0582, -0.0865],
        [ 0.0367,  0.1086,  0.0936,  ...,  0.0405,  0.0969, -0.0056]]), 'transformer.h.10.attn.c_q.weight': tensor([[ 0.0139, -0.0263,  0.0309,  ..., -0.0865,  0.0155, -0.0487],
        [ 0.1478, -0.0702,  0.0611,  ...,  0.2087, -0.1748, -0.1101],
        [-0.0350,  0.0110, -0.0021,  ...,  0.0343,  0.0666, -0.0394],
        ...,
        [ 0.0284,  0.0243,  0.0558,  ...,  0.0080,  0.1357, -0.1815],
        [-0.0818,  0.0415, -0.0614,  ...,  0.0732,  0.1580,  0.1490],
        [-0.0852, -0.0943, -0.1984,  ...,  0.0669, -0.0501, -0.0134]]), 'transformer.h.10.attn.c_k.weight': tensor([[-4.7702e-02,  9.8799e-05, -2.2561e-02,  ...,  6.7276e-02,
         -1.6209e-02,  7.6724e-02],
        [-8.9317e-02,  1.8560e-02,  2.9377e-02,  ..., -2.8667e-02,
          5.9514e-02,  2.5015e-02],
        [-7.5642e-02, -2.5962e-02, -4.6305e-02,  ..., -1.8373e-02,
          1.2595e-03, -3.6389e-02],
        ...,
        [ 3.9811e-02,  4.3672e-02, -1.2746e-01,  ...,  1.0725e-01,
         -1.2946e-01, -4.4378e-02],
        [ 3.2733e-02,  9.7893e-02, -6.3021e-02,  ...,  2.9152e-02,
         -4.4152e-02, -1.2502e-03],
        [-9.3736e-03,  5.8351e-02, -9.7539e-03,  ..., -1.1790e-01,
          3.2175e-02,  1.2900e-01]]), 'transformer.h.10.attn.c_v.weight': tensor([[-0.0739, -0.0670, -0.1854,  ...,  0.0269, -0.0982, -0.1237],
        [-0.1564, -0.0178, -0.0610,  ...,  0.0798, -0.0062, -0.0376],
        [-0.0062,  0.0520,  0.0922,  ..., -0.1391,  0.1367, -0.0946],
        ...,
        [-0.0141,  0.0224,  0.2003,  ...,  0.1314, -0.0468,  0.2348],
        [ 0.0379,  0.1732, -0.0270,  ..., -0.0813, -0.0535, -0.0966],
        [ 0.1302, -0.0743,  0.1386,  ...,  0.0016, -0.0562,  0.2948]]), 'transformer.h.10.attn.c_proj.weight': tensor([[ 0.1292,  0.1045,  0.0416,  ...,  0.2044, -0.0554, -0.0512],
        [ 0.1976, -0.0208, -0.1989,  ..., -0.1715, -0.1551, -0.0039],
        [ 0.0367, -0.0994, -0.1499,  ...,  0.0367, -0.0362,  0.0318],
        ...,
        [-0.0180,  0.2293,  0.2144,  ...,  0.0609,  0.1472, -0.2916],
        [-0.0007, -0.0982, -0.0045,  ..., -0.0537, -0.1068, -0.0515],
        [-0.1034,  0.0015,  0.0165,  ...,  0.0957, -0.1810, -0.1574]]), 'transformer.h.10.mlp.c_fc.weight': tensor([[ 0.0467,  0.0271,  0.0277,  ..., -0.1302, -0.0436,  0.1383],
        [-0.0592,  0.0978,  0.3514,  ..., -0.1965, -0.0448, -0.0255],
        [ 0.1201,  0.0210, -0.1988,  ..., -0.0134,  0.0080, -0.0413],
        ...,
        [ 0.0105,  0.0235,  0.0474,  ...,  0.0007, -0.0841,  0.0109],
        [ 0.0669,  0.0888, -0.1167,  ..., -0.0131,  0.0338, -0.1563],
        [ 0.0664,  0.0659,  0.1159,  ...,  0.0669, -0.0362, -0.0858]]), 'transformer.h.10.mlp.c_proj.weight': tensor([[-0.0647,  0.0447,  0.0195,  ..., -0.0369, -0.0491,  0.0097],
        [-0.0010, -0.0100,  0.0585,  ..., -0.0513,  0.0206,  0.0635],
        [-0.0201, -0.0365,  0.0070,  ..., -0.0254, -0.0140, -0.0210],
        ...,
        [-0.0266, -0.0137,  0.0501,  ..., -0.0319,  0.0233,  0.0446],
        [-0.0116,  0.0120,  0.0644,  ...,  0.0461,  0.0466,  0.0335],
        [ 0.0985, -0.0806,  0.0527,  ...,  0.0045, -0.0685, -0.0058]]), 'transformer.h.11.attn.c_q.weight': tensor([[ 0.0403, -0.0231, -0.1345,  ...,  0.0612, -0.1123,  0.0868],
        [ 0.0225, -0.1401,  0.1879,  ...,  0.0084,  0.0318,  0.0444],
        [-0.0693,  0.0431,  0.0663,  ..., -0.0338,  0.1206,  0.0848],
        ...,
        [-0.0890,  0.0498, -0.0997,  ..., -0.0166,  0.0599,  0.1254],
        [ 0.0371, -0.0082, -0.0118,  ...,  0.0228, -0.0400, -0.0439],
        [-0.1183,  0.0515, -0.0193,  ...,  0.1170,  0.1059, -0.0021]]), 'transformer.h.11.attn.c_k.weight': tensor([[-0.2097,  0.0046, -0.0978,  ..., -0.0341,  0.0412, -0.0988],
        [-0.1025,  0.1596,  0.0416,  ..., -0.1774,  0.0782, -0.0045],
        [ 0.1670, -0.0478, -0.0546,  ..., -0.0872,  0.0724,  0.0308],
        ...,
        [-0.0783, -0.1564, -0.0836,  ...,  0.2608, -0.1924,  0.0713],
        [-0.1319, -0.0083,  0.0157,  ..., -0.0122, -0.1030,  0.0755],
        [-0.0506, -0.0648, -0.0765,  ...,  0.1217, -0.0571, -0.0927]]), 'transformer.h.11.attn.c_v.weight': tensor([[-0.0967, -0.1821, -0.1619,  ..., -0.0707,  0.0122,  0.1269],
        [-0.2104, -0.0529, -0.0013,  ...,  0.0699, -0.0405, -0.0251],
        [ 0.0937,  0.1906,  0.0062,  ...,  0.1497, -0.0111, -0.1245],
        ...,
        [-0.0597, -0.0528, -0.0449,  ...,  0.1360,  0.1451, -0.0043],
        [ 0.0883,  0.0747,  0.0742,  ...,  0.1671, -0.0170,  0.0112],
        [ 0.0200, -0.0082,  0.1473,  ...,  0.0971, -0.0699, -0.0974]]), 'transformer.h.11.attn.c_proj.weight': tensor([[ 0.0510,  0.1356,  0.0267,  ..., -0.0528,  0.0446,  0.0920],
        [-0.0254,  0.1375,  0.0598,  ..., -0.0428, -0.1057,  0.2619],
        [-0.1088,  0.0400,  0.2135,  ..., -0.0880, -0.0721,  0.0936],
        ...,
        [-0.0418, -0.0127, -0.1007,  ...,  0.0901,  0.0356,  0.0503],
        [ 0.0964,  0.2000, -0.0688,  ..., -0.3213, -0.0135, -0.1047],
        [-0.2093, -0.0028,  0.0431,  ...,  0.0647,  0.1279,  0.1060]]), 'transformer.h.11.attn.ve_gate.weight': tensor([[-0.5834,  0.2573, -0.1032,  0.2679,  0.0400, -0.1059, -0.2496,  0.6369,
          0.0727,  0.5903,  0.1678, -0.0209,  0.4042,  0.5511,  0.1045,  0.2956,
          0.6796,  0.8618, -0.4889, -0.2946,  0.1218,  0.6092, -0.3955, -0.4090,
          0.5769,  0.6569, -0.1006, -0.1169,  0.3931, -0.3307,  0.1821,  0.9227],
        [-0.2032, -0.3843,  0.0849,  0.0444, -0.1028,  0.3061, -0.0244,  0.3328,
          0.2636, -0.1978, -0.2484, -0.1231,  0.0836, -0.1003,  0.3228,  0.0403,
          0.0191,  0.7592, -0.1494, -0.0268,  0.1562,  0.1993,  0.4958,  0.0277,
          0.1864,  0.0882, -0.1916, -0.4684,  0.3222, -0.6081,  0.2484, -0.0157],
        [-0.5174,  0.2372,  0.3101,  0.3321,  0.6643,  0.9209, -0.9105,  0.7211,
          0.2921,  0.2511,  0.4074, -0.7643,  0.1624,  0.3491,  0.0468,  0.4246,
         -0.1726,  0.6349,  0.1987, -0.5024,  0.4632, -0.5051, -0.0445, -0.1553,
          0.2655, -0.2326, -0.3641,  0.2120,  0.0303, -0.5056, -0.3931,  0.0488],
        [ 0.0746, -0.1717,  0.0157,  0.0836,  0.0908,  0.0964,  0.1024,  0.1156,
         -0.2286, -0.2253,  0.1817, -0.1357,  0.0264,  0.0015, -0.2607,  0.4806,
          0.0774,  0.0302, -0.2593,  0.2783, -0.2786,  0.0794,  0.1819, -0.5582,
          0.4215, -0.0111,  0.2184, -0.0272, -0.4368, -0.4475,  0.6434,  0.2066],
        [-0.3746,  0.7364,  0.1919, -0.7210,  0.1120,  0.2529, -0.0993, -0.6567,
          0.3970,  0.3821, -0.1450, -0.5241,  1.1646,  0.3746, -0.2568, -0.7316,
         -0.7490,  1.0400,  0.2530,  0.7615,  0.2666, -0.2923, -0.1360, -0.4686,
         -0.0698, -0.0904, -0.8400,  0.3759, -0.5757, -0.0226,  0.3059, -0.4622],
        [-0.5067,  0.6774,  0.2137, -0.6909, -0.2034, -0.0478,  0.2869,  0.2981,
         -0.2665, -0.3385,  0.0433, -1.2728, -0.2969,  1.3168, -0.3731, -1.2242,
         -1.1187,  0.7636,  0.8894,  1.2068,  0.3687, -0.1582, -0.5247, -0.3484,
         -0.4366, -0.9066,  0.4114, -0.3480,  0.4115, -1.3149, -0.2932,  0.3133],
        [ 0.5809, -0.2184, -0.4111, -0.6210,  0.1036, -0.0925, -1.0304, -0.4857,
         -0.0079, -0.1586,  0.1126, -0.5376,  0.4425, -0.0054, -0.2351,  0.3691,
         -0.2187,  0.5114,  0.2997, -0.2393, -0.3210,  0.0693, -0.5941,  0.0407,
          0.2840,  0.0100, -0.3570, -0.4905,  0.0657, -0.6060,  0.5162, -0.0461],
        [-0.1357, -0.3003, -0.0570, -0.0931,  0.0837,  0.3144, -0.3033,  0.2878,
         -0.1821,  0.4618,  0.0302, -0.0828,  0.2727,  0.3355,  0.0160,  0.1816,
          0.1814,  0.3267, -0.2831,  0.5165,  0.0783,  0.6868,  0.0601, -0.2702,
          0.0267,  0.5267, -0.1705, -0.2651,  0.5242,  0.2129,  0.2819,  0.1714],
        [ 0.1775, -0.5734,  0.4783, -0.3616, -0.6421, -0.7692,  0.4433, -0.0587,
         -0.4571, -1.0206,  0.8153,  0.0852,  1.0277, -0.7861, -0.4694,  0.3164,
         -0.0559, -0.0570,  0.3195,  0.2691, -0.2759, -0.6292, -0.6598, -0.2972,
          0.6762, -0.1579, -0.6254, -0.5725, -0.6935,  1.0936, -0.1236,  0.8364],
        [ 0.3065, -0.2185,  0.4842, -0.2199,  0.0534,  0.3370, -0.1555,  0.1582,
          0.3819,  0.2378,  0.4391, -0.1745, -0.3108,  0.1558,  0.8472,  0.3012,
         -0.4416,  0.3497, -0.1534,  0.4959,  0.1252,  0.3361, -0.0538,  0.0323,
          0.0739,  0.1435,  0.3321,  0.0865,  0.1938,  0.6242,  0.3001, -0.1539],
        [ 0.1627, -0.5760,  0.1015, -0.4212,  0.0355,  0.0979,  0.3566,  0.1786,
          0.1114,  0.2738, -0.2120, -0.3425,  0.2410, -0.3507,  0.0682,  0.1053,
         -0.4097,  0.9315, -0.3135, -0.0580, -0.3500, -0.0386,  0.0485, -0.1097,
         -0.0134, -0.2981,  0.2348, -0.4091, -0.1346, -0.0872, -0.0803,  0.0255],
        [-0.3369, -0.0990, -0.3285,  0.1545,  0.0271,  0.0732, -0.0497,  0.8248,
         -0.0194, -0.1195, -0.4362, -0.1127,  0.4009,  0.2514,  0.3340, -0.0827,
          0.5354,  0.7997, -0.3254,  0.0650, -0.0272,  0.4770,  0.3538,  0.1367,
          0.2120, -0.1654, -0.0247, -0.9800,  0.0130, -0.9352,  0.7172, -0.2580]]), 'transformer.h.11.mlp.c_fc.weight': tensor([[ 0.0918, -0.1097, -0.0798,  ..., -0.0207, -0.1298,  0.0198],
        [ 0.0837,  0.0640, -0.0780,  ...,  0.0884,  0.0354, -0.0493],
        [-0.1093,  0.0497,  0.0555,  ...,  0.1068,  0.0257,  0.1240],
        ...,
        [ 0.0031, -0.0665, -0.0523,  ...,  0.0073, -0.0443,  0.0263],
        [ 0.2915,  0.0177,  0.0145,  ...,  0.0735, -0.0594, -0.0880],
        [ 0.0373, -0.0812,  0.1184,  ...,  0.1307,  0.0451, -0.0540]]), 'transformer.h.11.mlp.c_proj.weight': tensor([[ 1.9280e-02,  4.6841e-02, -1.0842e-02,  ...,  2.1540e-02,
         -2.4067e-02, -2.1573e-02],
        [-6.8929e-02,  9.4233e-03, -2.7474e-02,  ...,  2.5067e-02,
          3.5137e-02, -1.2541e-04],
        [-3.0514e-03,  2.1260e-02,  1.2313e-02,  ...,  1.4562e-01,
          3.4015e-02, -3.9682e-02],
        ...,
        [ 6.9617e-03,  2.0681e-02, -4.6612e-02,  ..., -1.0756e-01,
         -3.5083e-02, -8.2420e-04],
        [-4.5748e-02, -2.5366e-02,  4.9827e-02,  ..., -3.8398e-02,
         -1.2525e-01, -8.1372e-02],
        [ 4.9642e-02,  5.9790e-02, -1.4638e-01,  ...,  7.1754e-02,
         -1.2335e-02, -5.7744e-02]]), 'transformer.h.12.attn.c_q.weight': tensor([[-4.6834e-02,  2.8479e-02,  1.9897e-01,  ...,  9.5169e-03,
         -3.3459e-02, -1.9756e-02],
        [ 2.9781e-02, -2.5843e-02,  5.0130e-02,  ...,  7.1222e-02,
          4.3090e-02,  1.0395e-01],
        [-2.0796e-01,  1.2504e-02,  6.9855e-03,  ...,  6.0751e-02,
         -3.5590e-03, -3.8254e-02],
        ...,
        [ 1.0782e-02,  2.0802e-01, -1.3827e-01,  ...,  1.1366e-01,
         -1.8038e-01,  1.4771e-01],
        [ 1.8808e-02, -1.7164e-01,  7.1880e-02,  ..., -2.3338e-01,
          2.0833e-02,  5.1526e-02],
        [-1.7304e-01,  1.5684e-04,  5.0697e-02,  ..., -3.4707e-02,
          2.0262e-04,  9.9465e-02]]), 'transformer.h.12.attn.c_k.weight': tensor([[ 0.0705,  0.1053,  0.0107,  ..., -0.0088, -0.0804, -0.0542],
        [-0.1308, -0.0142, -0.1028,  ...,  0.0398, -0.1003,  0.0068],
        [ 0.0581,  0.0965,  0.0767,  ...,  0.0069,  0.0534,  0.0018],
        ...,
        [ 0.0576,  0.0619,  0.0694,  ..., -0.0005, -0.0932,  0.2264],
        [ 0.1220, -0.0044, -0.1192,  ..., -0.2215, -0.1733, -0.0270],
        [-0.1187,  0.0879, -0.0462,  ..., -0.0571,  0.0457, -0.0008]]), 'transformer.h.12.attn.c_v.weight': tensor([[ 0.0234,  0.0962,  0.0544,  ...,  0.0897,  0.0562,  0.0819],
        [-0.1365,  0.0891, -0.2419,  ...,  0.0048,  0.1073,  0.0481],
        [-0.2697, -0.1779, -0.0829,  ...,  0.2512, -0.2592, -0.0577],
        ...,
        [ 0.0323,  0.1525, -0.0590,  ..., -0.1056, -0.1654, -0.2783],
        [-0.1620,  0.1706, -0.1267,  ..., -0.0104, -0.0326, -0.0462],
        [-0.0342, -0.2189, -0.1486,  ..., -0.1802,  0.0494,  0.0506]]), 'transformer.h.12.attn.c_proj.weight': tensor([[ 0.1528,  0.1721,  0.0215,  ...,  0.0069, -0.1793, -0.0782],
        [ 0.2223,  0.1035,  0.0074,  ...,  0.0539,  0.0794, -0.0220],
        [-0.1753, -0.0617,  0.0112,  ..., -0.0709, -0.2927, -0.0784],
        ...,
        [ 0.0019,  0.0728,  0.0178,  ...,  0.0717, -0.0385,  0.0850],
        [ 0.0835,  0.1979, -0.0768,  ...,  0.1747, -0.0986, -0.0249],
        [ 0.1922,  0.1283, -0.1125,  ...,  0.1780,  0.0544,  0.0892]]), 'transformer.h.12.mlp.c_fc.weight': tensor([[ 0.0408,  0.0101,  0.1820,  ..., -0.0656, -0.0266, -0.0824],
        [ 0.1085,  0.0009,  0.1533,  ...,  0.0071,  0.0366, -0.0034],
        [ 0.0588, -0.0460,  0.0027,  ...,  0.0382, -0.0454,  0.0596],
        ...,
        [ 0.1549,  0.0258, -0.0748,  ...,  0.0215,  0.1914, -0.0760],
        [-0.0231,  0.0105,  0.0271,  ...,  0.0048,  0.0044, -0.0417],
        [ 0.1107, -0.0712, -0.0589,  ...,  0.0064, -0.0503, -0.0741]]), 'transformer.h.12.mlp.c_proj.weight': tensor([[-0.0637, -0.0284, -0.0343,  ...,  0.0032, -0.0168,  0.0554],
        [-0.0694, -0.0799, -0.0122,  ..., -0.0758, -0.0450,  0.0257],
        [-0.0201,  0.1150,  0.0209,  ...,  0.0056, -0.0855,  0.0380],
        ...,
        [-0.0139, -0.0188, -0.0141,  ...,  0.0130,  0.0087,  0.0667],
        [-0.0744, -0.0082,  0.0406,  ..., -0.1079, -0.0100,  0.0099],
        [ 0.0573, -0.0070, -0.0119,  ...,  0.0386,  0.0750,  0.0857]]), 'transformer.h.13.attn.c_q.weight': tensor([[ 0.2197, -0.0150,  0.0789,  ..., -0.0609,  0.0572,  0.1119],
        [-0.0354, -0.0412, -0.0409,  ...,  0.0862,  0.0336, -0.0470],
        [-0.0995, -0.0869, -0.0214,  ...,  0.0608,  0.0157,  0.0306],
        ...,
        [ 0.0416,  0.0528,  0.1818,  ..., -0.0118, -0.0278, -0.0457],
        [ 0.1605,  0.0070,  0.0772,  ...,  0.0412, -0.2061,  0.1656],
        [ 0.1195,  0.1081,  0.0977,  ..., -0.0012,  0.0997, -0.0213]]), 'transformer.h.13.attn.c_k.weight': tensor([[ 0.0154,  0.0980, -0.0091,  ..., -0.1768, -0.0414,  0.0034],
        [ 0.0961, -0.0088,  0.0428,  ..., -0.0854,  0.1399, -0.0827],
        [-0.0515, -0.0240,  0.0185,  ..., -0.0219, -0.1517,  0.0525],
        ...,
        [-0.1146, -0.1447, -0.0501,  ..., -0.0130, -0.0394,  0.1383],
        [ 0.3243,  0.0622, -0.0708,  ..., -0.3385, -0.0733, -0.1230],
        [-0.0765,  0.1327,  0.0405,  ..., -0.1544,  0.0031, -0.0294]]), 'transformer.h.13.attn.c_v.weight': tensor([[ 0.0529, -0.2580,  0.0783,  ...,  0.0877,  0.0135, -0.0038],
        [ 0.0896, -0.0049, -0.0316,  ..., -0.0841, -0.0967,  0.1590],
        [-0.0929, -0.0255, -0.0235,  ...,  0.0236,  0.0065, -0.0849],
        ...,
        [-0.0643,  0.0464, -0.1319,  ...,  0.1165,  0.0269, -0.0221],
        [ 0.1466,  0.0921, -0.2394,  ...,  0.0255, -0.0294,  0.1331],
        [ 0.1786,  0.2874,  0.0053,  ..., -0.0491,  0.0880, -0.0327]]), 'transformer.h.13.attn.c_proj.weight': tensor([[ 0.1498,  0.0154,  0.0765,  ...,  0.1416, -0.0142, -0.0048],
        [-0.1729, -0.0388,  0.1403,  ...,  0.0328,  0.0266, -0.0551],
        [ 0.0496, -0.0159,  0.1452,  ...,  0.0092, -0.1651,  0.1186],
        ...,
        [ 0.0076,  0.0703, -0.0639,  ..., -0.0293, -0.2709,  0.1829],
        [ 0.0226,  0.0853,  0.0725,  ...,  0.0041, -0.0278,  0.0865],
        [-0.0469,  0.1231,  0.0985,  ..., -0.1317, -0.0618,  0.1381]]), 'transformer.h.13.attn.ve_gate.weight': tensor([[ 5.4229e-01, -5.1561e-01,  4.9773e-01, -2.7899e-01,  1.3425e-01,
         -4.1730e-01,  6.3406e-01,  1.0634e-01, -1.8083e-01,  2.2641e-01,
         -1.0893e-03, -6.7002e-01,  3.5268e-01, -5.8771e-01, -2.7644e-01,
          7.8218e-01, -2.9672e-01,  7.8578e-01, -4.4976e-02, -5.4948e-01,
         -4.3274e-01, -4.3857e-01, -5.6409e-01,  1.7873e-01,  6.5233e-01,
          2.8132e-01,  1.4038e-01, -4.7114e-01, -8.6104e-02,  5.9965e-01,
         -1.2563e-01,  6.7873e-02],
        [ 8.6603e-02,  2.5011e-01,  1.9456e-01, -1.4063e-01, -7.4082e-02,
          4.3729e-02, -3.3280e-01,  4.8543e-01, -8.5272e-02,  1.5703e-01,
         -2.6714e-02,  1.2550e-01,  2.5437e-01, -3.3408e-02,  1.7498e-01,
          3.2625e-01,  9.7661e-02,  4.6244e-01,  2.1808e-02,  1.0913e-01,
         -1.9092e-01,  9.5195e-02,  1.3445e-01, -8.2389e-02,  9.4631e-02,
         -1.7322e-02, -8.9389e-03, -1.0495e-01, -3.8875e-01, -3.1311e-01,
          2.5085e-01, -1.7774e-01],
        [-1.4176e-02,  3.3273e-01, -7.1276e-02, -1.6126e-02,  5.1274e-01,
          3.0347e-01, -6.7684e-01,  4.1467e-01,  5.9108e-01,  7.8013e-01,
          2.1073e-01, -2.1722e-01, -3.3747e-01, -2.1241e-02,  1.2176e-01,
          5.8475e-01,  5.3811e-01,  7.9564e-02,  2.0937e-01,  4.1416e-01,
         -3.5158e-01, -4.6947e-01, -1.3035e-01, -2.2481e-01,  7.0587e-01,
         -6.9449e-01, -1.2638e-01, -7.6907e-01,  1.7243e-01,  1.0215e-01,
         -1.8606e-01,  9.5951e-01],
        [ 3.6479e-01, -1.3622e-01,  3.5728e-01, -3.8637e-01, -3.5068e-01,
          4.1622e-01, -9.0671e-02,  2.0654e-01,  1.4316e-01, -1.4037e-01,
         -1.2450e-01, -7.3228e-01,  2.8022e-01,  2.8848e-01, -1.8770e-02,
         -1.1941e-01, -7.4254e-01,  3.0869e-01, -7.5268e-02,  1.4663e-02,
         -3.3522e-02, -1.1269e-01,  2.1146e-01, -7.5904e-02, -8.3736e-02,
         -2.5695e-01,  2.9649e-01,  1.0567e-01,  1.1128e-02, -6.0096e-01,
          3.7429e-01,  1.9165e-01],
        [ 1.0324e-01, -7.7417e-02, -5.4483e-02,  2.9440e-01, -8.3279e-02,
          3.6810e-02,  2.2015e-02,  4.1304e-01, -2.9224e-01, -1.4357e-02,
         -1.5155e-01, -2.1377e-01,  3.9048e-01,  4.9430e-01, -1.4781e-02,
          2.3655e-01,  3.4581e-01,  4.3638e-01,  9.1004e-02,  5.5976e-02,
         -2.0660e-01, -9.8867e-02,  1.9940e-02, -2.1693e-01,  1.6030e-01,
          5.7490e-02, -2.3518e-01, -1.0051e-01,  1.9181e-01, -2.1932e-01,
          2.2193e-01,  2.6885e-01],
        [-2.3380e-02,  1.1050e-01, -1.7511e-02,  5.5151e-02,  2.3646e-01,
          3.0691e-02, -2.2848e-01,  1.3895e-01, -1.7166e-01, -3.0402e-01,
         -9.0767e-02, -3.0067e-01,  2.1332e-01,  2.1584e-01, -3.5476e-02,
          5.7181e-01,  6.2891e-02,  5.0057e-02, -2.7455e-01,  3.6886e-02,
          9.6148e-02, -1.6869e-02,  3.4728e-01, -1.5495e-01, -3.6851e-01,
          2.9458e-01, -1.1034e-02, -1.8546e-01, -2.2362e-01, -3.0869e-01,
          1.7805e-01,  3.5775e-01],
        [ 3.9711e-01, -3.4976e-01,  5.6777e-02, -5.7035e-01, -6.8965e-02,
          3.2391e-01,  1.8781e-01,  1.9947e-01, -6.4458e-02,  1.1589e-01,
         -2.7429e-01, -5.7617e-01, -1.8725e-01,  2.4063e-01,  1.1598e-01,
          3.4554e-01,  3.3490e-01,  2.0572e-01, -8.6401e-01, -9.4448e-02,
          4.7542e-01,  3.8436e-01,  4.1172e-01, -4.3848e-02, -2.1014e-01,
         -4.8442e-01, -4.5127e-01, -2.7299e-01, -3.6802e-01, -2.3884e-01,
          3.6071e-01,  1.0163e-01],
        [ 1.8060e-01, -1.9082e-01, -3.9734e-02, -2.0140e-01,  3.6302e-01,
          1.7174e-01, -2.9536e-01,  2.0218e-01, -2.7846e-02, -2.0503e-02,
          3.3349e-01,  4.3455e-03,  2.4890e-01, -3.1536e-01, -2.1103e-01,
          3.5733e-01,  2.1179e-01,  8.7597e-02,  3.6966e-03,  2.7260e-01,
         -3.9917e-01,  7.2844e-02, -1.6303e-01, -4.3283e-01,  4.6562e-01,
          2.5575e-01, -2.4126e-01, -2.5212e-03, -1.5714e-01, -2.2895e-01,
          5.8223e-01, -1.4505e-01],
        [-1.1436e-01, -4.5488e-02,  9.4455e-02,  7.3683e-02,  6.3987e-02,
          1.5256e-01, -5.2744e-01,  3.8975e-01,  4.7854e-01, -5.1558e-02,
          3.1628e-01,  1.1973e-03, -1.2853e-01,  7.2001e-02, -2.4340e-01,
          4.3011e-01,  2.3207e-01,  6.7400e-01, -2.0364e-01, -1.8894e-01,
          3.2455e-02,  4.2333e-01,  4.6833e-01, -1.1023e-01,  3.0178e-01,
          4.5578e-01,  1.9737e-01, -3.8781e-01,  6.9690e-01, -5.1337e-01,
          4.1251e-01,  1.3013e-01],
        [-4.6319e-01, -1.5776e-01, -1.4405e-01, -1.8282e-01, -2.6371e-01,
          1.7264e-01, -6.0947e-02,  6.1581e-02, -4.1591e-01,  6.0322e-02,
          5.1955e-02,  2.3506e-01,  2.2735e-01,  3.1902e-01,  9.7613e-01,
          1.8158e-01, -2.2207e-01, -1.8508e-01, -1.1399e-02,  4.6020e-01,
          2.1085e-01,  2.8590e-01, -7.6912e-02,  1.0360e-01,  2.1377e-01,
          5.3772e-01, -7.1276e-01,  2.1469e-01,  4.3054e-01,  2.6985e-01,
          4.1662e-01, -1.2831e-03],
        [-1.0627e-01, -6.4008e-04,  3.8121e-01, -3.2671e-01,  3.3218e-01,
          3.8109e-01, -3.3821e-01, -5.8405e-01,  5.3664e-02, -2.2924e-01,
          2.0826e-01, -1.2594e-01,  1.0740e+00,  5.1155e-01,  1.4699e-01,
          6.9138e-03, -6.7556e-01,  3.6879e-01,  5.4771e-01,  6.2679e-01,
          3.9412e-01, -5.0390e-01, -3.2567e-01, -4.0144e-01, -6.0271e-02,
          1.4326e-01, -3.7143e-01,  6.2060e-02, -3.4233e-01, -6.4353e-02,
         -7.3164e-02, -2.6884e-01],
        [-5.8580e-01, -4.8323e-01, -3.4203e-02, -2.9799e-02, -4.2391e-01,
          4.6780e-02,  5.7020e-01, -2.4583e-02, -2.2114e-01, -5.9768e-01,
         -6.6572e-03, -3.2120e-02,  4.5849e-01, -4.1372e-01, -1.7810e-01,
          3.2830e-02, -5.4921e-01,  4.1007e-01, -3.0192e-01, -4.2297e-02,
         -2.7844e-01,  3.0370e-01,  2.7648e-01,  1.3399e-01,  4.6643e-01,
         -2.7396e-01, -1.0003e-01, -5.5270e-01, -4.0814e-01, -2.7503e-01,
          4.0185e-01,  3.8979e-01]]), 'transformer.h.13.mlp.c_fc.weight': tensor([[-0.0010,  0.2361, -0.0015,  ...,  0.0339, -0.1548, -0.2377],
        [-0.0587,  0.1974, -0.1275,  ..., -0.1140, -0.0114,  0.1350],
        [ 0.0628,  0.1030,  0.0337,  ...,  0.0678,  0.1288,  0.0506],
        ...,
        [ 0.1628,  0.0054,  0.0807,  ...,  0.0784,  0.0284, -0.0501],
        [ 0.0443, -0.0567,  0.0471,  ..., -0.0449,  0.1530, -0.1621],
        [-0.0136,  0.1330, -0.0510,  ..., -0.0461,  0.1461,  0.0352]]), 'transformer.h.13.mlp.c_proj.weight': tensor([[ 0.0568, -0.0514,  0.0413,  ...,  0.0503, -0.0447,  0.0526],
        [ 0.0245,  0.0309,  0.0035,  ...,  0.0816, -0.0594, -0.0470],
        [-0.0702,  0.0153,  0.0281,  ...,  0.0229, -0.0418, -0.0497],
        ...,
        [ 0.0805, -0.0781, -0.0239,  ...,  0.0147, -0.0983, -0.0736],
        [-0.0869,  0.0056,  0.0666,  ..., -0.0674,  0.0184,  0.0311],
        [ 0.0212, -0.0125,  0.0545,  ...,  0.0836, -0.0097, -0.0533]]), 'transformer.h.14.attn.c_q.weight': tensor([[ 0.1142,  0.0226,  0.0945,  ..., -0.1713, -0.1256,  0.1659],
        [ 0.1222, -0.0072,  0.0977,  ..., -0.1512,  0.0019,  0.0829],
        [-0.0229, -0.0885,  0.0134,  ..., -0.0884,  0.0459,  0.0806],
        ...,
        [ 0.1286,  0.1998,  0.1457,  ..., -0.0393,  0.0579, -0.0037],
        [ 0.0665, -0.0632, -0.0406,  ...,  0.1239, -0.0113, -0.2463],
        [-0.0560, -0.0136, -0.1324,  ...,  0.1756,  0.0834, -0.1608]]), 'transformer.h.14.attn.c_k.weight': tensor([[-0.0086, -0.1045,  0.0366,  ...,  0.2044,  0.0745,  0.0050],
        [-0.1223, -0.0826, -0.0751,  ...,  0.0369, -0.0190,  0.0680],
        [ 0.0657,  0.1130,  0.0571,  ..., -0.0155, -0.0186, -0.1304],
        ...,
        [ 0.0449,  0.2712,  0.1598,  ...,  0.1479, -0.1699, -0.0290],
        [-0.0235,  0.2838,  0.0392,  ...,  0.0302, -0.1469,  0.0808],
        [ 0.0789,  0.0216, -0.0560,  ...,  0.0100,  0.0442, -0.1169]]), 'transformer.h.14.attn.c_v.weight': tensor([[-0.0419,  0.3737, -0.0815,  ..., -0.0981,  0.0751, -0.0174],
        [-0.0092,  0.0658,  0.1948,  ...,  0.0560,  0.0037,  0.0203],
        [-0.0540, -0.0781,  0.0289,  ...,  0.2036, -0.0551, -0.0356],
        ...,
        [ 0.1252, -0.0688, -0.1409,  ..., -0.0571, -0.0307, -0.0561],
        [ 0.0417,  0.0533, -0.1832,  ..., -0.0903,  0.0511, -0.0034],
        [-0.0825, -0.1175, -0.0348,  ..., -0.1581,  0.0239,  0.0062]]), 'transformer.h.14.attn.c_proj.weight': tensor([[-0.0015,  0.0428, -0.0409,  ..., -0.0056, -0.0956, -0.0301],
        [-0.1685,  0.1096, -0.0203,  ..., -0.0882,  0.0107, -0.0528],
        [-0.0172, -0.1802, -0.0035,  ...,  0.1215,  0.0378,  0.0670],
        ...,
        [ 0.0845,  0.2106,  0.0939,  ...,  0.0992,  0.1449,  0.2337],
        [-0.0848,  0.0240,  0.1261,  ...,  0.0956,  0.0222,  0.2340],
        [ 0.0286, -0.0361, -0.0281,  ..., -0.0953,  0.1150,  0.0398]]), 'transformer.h.14.mlp.c_fc.weight': tensor([[-0.0290,  0.0971,  0.1361,  ...,  0.0087,  0.0666, -0.2370],
        [ 0.0451, -0.1254,  0.0578,  ...,  0.1070, -0.0477, -0.0388],
        [-0.0354,  0.0194, -0.0457,  ..., -0.0009,  0.0179, -0.1569],
        ...,
        [ 0.0670,  0.1081, -0.1145,  ..., -0.1559,  0.0104,  0.0241],
        [-0.0410,  0.1175, -0.0395,  ..., -0.0796,  0.2314,  0.0219],
        [ 0.0735, -0.1170, -0.0333,  ..., -0.0596, -0.1023, -0.0491]]), 'transformer.h.14.mlp.c_proj.weight': tensor([[ 0.0032, -0.0269,  0.0133,  ..., -0.0107,  0.0467, -0.0528],
        [ 0.0127, -0.0672,  0.0437,  ..., -0.0409, -0.0532, -0.0176],
        [ 0.0712, -0.0223,  0.0556,  ...,  0.0300,  0.0600, -0.0561],
        ...,
        [-0.0541,  0.0823,  0.0467,  ...,  0.0345,  0.0144,  0.0142],
        [ 0.0085, -0.0912, -0.0394,  ..., -0.0067,  0.0973,  0.0988],
        [-0.0190, -0.0293, -0.0629,  ..., -0.0734, -0.0311, -0.1049]]), 'transformer.h.15.attn.c_q.weight': tensor([[ 0.0386, -0.0891, -0.0426,  ...,  0.0670, -0.0881, -0.0697],
        [ 0.1390,  0.1513,  0.0840,  ..., -0.0629,  0.0210,  0.0040],
        [ 0.0401, -0.0064,  0.0159,  ..., -0.0033,  0.0820,  0.0019],
        ...,
        [-0.0134, -0.0823,  0.0176,  ..., -0.0097,  0.0631,  0.1213],
        [ 0.0072, -0.1256, -0.0110,  ..., -0.0649,  0.2420, -0.1476],
        [ 0.0178,  0.1380,  0.1034,  ...,  0.0488, -0.0435, -0.0560]]), 'transformer.h.15.attn.c_k.weight': tensor([[ 0.1067,  0.0552, -0.0200,  ..., -0.1022, -0.0446, -0.0008],
        [-0.0316, -0.0252,  0.1692,  ..., -0.1020,  0.1095, -0.0225],
        [-0.0149, -0.0085,  0.0075,  ..., -0.0639, -0.0735, -0.0136],
        ...,
        [ 0.0148,  0.0592, -0.1467,  ..., -0.0558, -0.1605, -0.0442],
        [ 0.0452, -0.1523, -0.0868,  ..., -0.1079, -0.0740,  0.0983],
        [-0.0172,  0.0327, -0.2075,  ..., -0.0729,  0.0383, -0.1105]]), 'transformer.h.15.attn.c_v.weight': tensor([[-0.0194, -0.0164,  0.0569,  ...,  0.1762,  0.0491, -0.0891],
        [ 0.0818, -0.0103,  0.0233,  ...,  0.0976,  0.0839, -0.0217],
        [ 0.1196, -0.0428,  0.1165,  ...,  0.1151, -0.0109,  0.1357],
        ...,
        [ 0.0335, -0.1464,  0.1420,  ...,  0.0066, -0.1967, -0.0202],
        [ 0.0300, -0.0205,  0.0085,  ...,  0.0726,  0.0962, -0.0688],
        [ 0.0320, -0.2308,  0.0400,  ..., -0.0379,  0.0361,  0.1442]]), 'transformer.h.15.attn.c_proj.weight': tensor([[-0.0401,  0.1100, -0.0172,  ..., -0.0354, -0.1902,  0.0652],
        [ 0.0178, -0.0743, -0.0456,  ...,  0.0125,  0.0290, -0.1779],
        [-0.0833, -0.0343, -0.0438,  ..., -0.3553,  0.1839,  0.0684],
        ...,
        [ 0.0959,  0.0332, -0.0092,  ..., -0.0699,  0.0565,  0.0791],
        [ 0.2419, -0.0684, -0.0709,  ...,  0.2078, -0.1051, -0.0841],
        [ 0.1635,  0.1212,  0.0787,  ...,  0.1744,  0.0523, -0.1012]]), 'transformer.h.15.attn.ve_gate.weight': tensor([[ 3.4442e-01, -7.4879e-02,  6.0589e-01,  2.4614e-02,  3.0771e-01,
          5.5398e-01,  3.9780e-01,  3.3377e-01,  4.6091e-01,  2.1691e-02,
          9.9794e-02, -1.3550e-01,  7.6443e-02, -7.7072e-02,  7.4753e-01,
          3.2987e-01, -2.6704e-01,  3.3360e-01, -6.2766e-01, -9.2061e-02,
          1.4072e-01, -4.7568e-01, -2.5447e-01, -5.6616e-01,  6.0642e-01,
         -4.3785e-01,  3.7715e-01, -2.1416e-01, -9.4267e-02, -6.8654e-01,
          8.4685e-01,  3.3457e-02],
        [-3.3400e-01,  3.5886e-01,  1.0363e-01, -8.1117e-01,  3.7710e-01,
          1.8594e-01, -1.1141e-01, -2.2354e-01, -4.0448e-01, -1.6777e-01,
          3.4131e-01, -4.4580e-01,  8.4217e-01,  4.9077e-02,  5.5370e-01,
          4.4090e-03, -4.2799e-01,  2.7143e-01,  3.1864e-01,  2.4656e-01,
         -4.3889e-01, -4.8831e-01, -3.4038e-01, -3.2708e-01, -7.5317e-03,
         -2.4225e-01, -6.7033e-01, -9.3576e-02, -2.2282e-01,  1.7724e-02,
          3.6264e-01, -3.2507e-01],
        [-1.6975e-01, -1.3241e-01,  8.3659e-01, -6.6901e-02, -2.1937e-01,
          4.1430e-01, -2.3091e-01,  2.8836e-01,  5.6898e-02,  1.8615e-01,
         -4.5841e-01, -4.8416e-01,  6.4995e-01, -5.1765e-01, -1.3153e-01,
          5.4840e-01,  1.9403e-02,  2.6349e-01,  4.0540e-01, -7.3418e-02,
         -2.9118e-01, -2.3238e-01, -2.1345e-01, -4.1676e-02,  7.0483e-02,
          1.9789e-02,  7.5434e-01,  3.8950e-01, -1.6042e-01,  5.5008e-01,
          2.1840e-01,  1.4620e-01],
        [-2.4445e-01, -9.2814e-02,  1.4237e-01, -2.2512e-01, -4.5850e-01,
          4.8374e-02,  1.0918e-01,  2.7305e-01, -3.1975e-01,  3.1360e-01,
          3.4136e-01, -1.5368e-01,  4.9992e-01,  2.8554e-02, -9.8859e-02,
          4.7856e-02,  7.5437e-02,  4.7935e-01, -3.8953e-01,  6.4189e-01,
          1.6175e-01,  4.4626e-01, -1.3934e-01, -4.1249e-01,  6.9020e-02,
          1.4897e-01, -2.3813e-01, -2.0940e-01, -3.9694e-01,  3.6114e-01,
         -2.4182e-04,  2.0013e-01],
        [-3.3878e-01,  5.9483e-01,  7.0030e-03, -4.5512e-01, -8.4067e-01,
         -3.0612e-01, -1.1448e+00,  6.6991e-01,  3.2781e-01,  1.0153e+00,
          4.8520e-01, -7.8441e-01, -1.3217e-01,  4.8223e-01,  3.2632e-01,
         -2.1606e-01, -3.4165e-01,  1.4296e+00, -1.8586e-01, -5.7053e-01,
          1.0355e-01,  7.2291e-01,  5.4540e-01, -5.3682e-01,  1.7375e+00,
          5.2878e-01, -4.5141e-01,  3.8725e-01, -5.7517e-01, -1.3585e+00,
          3.8045e-01, -1.5358e-01],
        [-2.2567e-01, -3.4019e-01, -4.7006e-01,  4.3174e-02,  2.1177e-01,
          2.7402e-01, -1.5217e-01,  9.9217e-02, -2.1046e-01,  3.3921e-01,
         -5.5345e-01, -2.5533e-01,  6.2648e-01,  1.4606e-01, -1.0012e-02,
          1.2309e-01, -4.1617e-01,  6.1586e-01, -5.5215e-01,  2.4784e-01,
          1.2504e-01,  4.0447e-01, -2.8785e-02,  4.2090e-03,  3.1684e-01,
          2.3577e-02, -2.4104e-01, -4.1789e-01,  4.2080e-01,  4.9239e-02,
          6.4731e-01, -3.4680e-01],
        [ 8.0554e-02, -4.0603e-02,  1.5880e-01, -4.1266e-02,  1.4196e-01,
          3.8199e-02, -1.1555e-01,  2.1475e-01,  1.2345e-01,  2.2700e-02,
          1.1507e-01, -1.5006e-01,  5.8405e-02,  7.1101e-02,  8.2828e-02,
          4.1205e-01,  7.9199e-02,  1.8305e-01, -1.2614e-01,  1.4038e-01,
         -2.0348e-01,  1.7160e-01,  2.2395e-01, -1.7713e-01, -2.1808e-01,
          1.2441e-01,  4.9089e-02, -1.8724e-01, -3.7106e-01, -2.9169e-01,
          9.0897e-02,  2.0206e-01],
        [-5.9667e-01, -1.2710e-01,  1.9568e-01, -4.2818e-01, -6.0846e-01,
         -2.0869e-01, -1.7456e-02,  3.4554e-01, -1.3622e-01, -7.5950e-02,
          2.3794e-01, -5.3205e-01,  1.3034e-01,  6.7285e-02, -5.3238e-01,
          1.9077e-02,  1.3774e-01,  3.4237e-01, -5.1814e-01,  1.9085e-01,
         -2.9304e-02,  3.8030e-01,  5.2167e-02, -7.7006e-02,  6.8658e-01,
         -8.5159e-02, -4.1087e-03, -3.6712e-01, -5.3515e-01, -4.1580e-01,
          2.2562e-01,  4.4724e-01],
        [ 3.0454e-01, -3.2075e-01, -1.0623e-01, -1.9145e-01,  4.4243e-01,
         -1.3756e-01, -1.8674e-01,  3.4829e-01, -6.4107e-02,  1.3432e-01,
          1.3075e-01, -4.1507e-01,  4.2532e-01, -1.9447e-01, -5.4084e-02,
          5.9816e-01,  3.9946e-01,  3.2559e-01, -2.8277e-01, -2.7238e-01,
         -2.2722e-01,  1.7882e-01,  1.3050e-02, -1.5199e-01,  4.0840e-02,
          1.9893e-01, -2.1835e-02,  3.2330e-02, -1.9093e-01, -4.8240e-01,
          2.5069e-01,  2.2618e-01],
        [ 6.9211e-02, -1.0404e-01,  3.4669e-01, -5.0906e-01, -1.4747e-01,
          4.4979e-01,  1.7228e-01, -3.3144e-02, -3.7934e-02,  1.9681e-01,
          6.1237e-02, -2.3490e-01, -2.2158e-02,  2.2737e-01,  2.1391e-01,
          4.8348e-01, -9.8745e-02,  6.3305e-02, -1.1191e-01,  4.2237e-01,
          2.4412e-01,  2.0017e-01, -2.6761e-01, -1.5170e-01, -2.4835e-01,
          2.8502e-01, -2.8866e-01, -3.0531e-01,  8.3857e-02,  4.0640e-01,
         -1.6177e-01,  2.6203e-01],
        [-5.7199e-01,  2.1093e-01, -1.1588e-01, -2.6557e-01,  1.3712e-01,
          3.9878e-01,  1.0944e-02,  1.9318e-01, -5.6542e-01, -3.3812e-01,
         -1.9914e-01, -9.0312e-02,  5.2639e-01,  7.6189e-01,  6.6927e-02,
          9.0530e-02, -6.7419e-02, -4.3854e-02,  1.5271e-01,  2.1339e-01,
          2.9847e-01,  2.0620e-01,  1.5836e-01, -1.7260e-01,  4.1723e-02,
          1.8356e-01,  6.2289e-02, -2.2107e-01,  1.2640e-01, -4.0691e-01,
          2.0147e-01,  4.4135e-02],
        [-1.8478e-01, -2.4873e-01,  9.1061e-02,  3.4991e-01, -1.0833e-01,
          1.1591e-01,  1.6539e-01,  2.5356e-01,  2.3328e-01, -3.8258e-01,
         -4.6357e-01, -4.4330e-01,  3.2392e-01, -4.8527e-01, -3.5895e-01,
          2.0684e-01, -2.8745e-01,  9.4120e-01, -7.6282e-02, -1.0040e-01,
          3.2229e-01, -3.1772e-02,  3.8983e-01,  1.0524e-01, -2.3363e-01,
         -9.6936e-02, -1.0517e-01, -7.7888e-01,  1.7732e-01, -5.5863e-01,
          2.8654e-01, -7.2174e-03]]), 'transformer.h.15.mlp.c_fc.weight': tensor([[-0.0115, -0.1130, -0.2164,  ..., -0.1208,  0.0666,  0.0656],
        [ 0.0476,  0.0373, -0.0333,  ..., -0.0839,  0.2190, -0.0848],
        [-0.0629, -0.0078,  0.1061,  ..., -0.0398, -0.0279, -0.1065],
        ...,
        [ 0.0030,  0.0248, -0.0291,  ...,  0.2103, -0.1195, -0.1002],
        [ 0.0146,  0.1177, -0.0606,  ...,  0.0042,  0.0675, -0.2602],
        [ 0.0606, -0.0968,  0.0828,  ...,  0.0244,  0.0464, -0.0509]]), 'transformer.h.15.mlp.c_proj.weight': tensor([[-0.0644,  0.0097,  0.0940,  ...,  0.0397, -0.0623,  0.0204],
        [ 0.0006, -0.0900, -0.2073,  ..., -0.0281, -0.0723, -0.0322],
        [ 0.0365,  0.0201,  0.0193,  ..., -0.0015, -0.0308,  0.0422],
        ...,
        [-0.0384,  0.0211,  0.0783,  ..., -0.0747,  0.0599,  0.0398],
        [-0.0045, -0.0072, -0.0074,  ..., -0.0084,  0.0576, -0.0549],
        [-0.0118,  0.0788, -0.0025,  ...,  0.0498,  0.0672,  0.0308]]), 'transformer.h.16.attn.c_q.weight': tensor([[ 0.0209,  0.0247, -0.0645,  ...,  0.0689, -0.0902, -0.1585],
        [ 0.0272, -0.0801, -0.1104,  ..., -0.0320,  0.1336,  0.1406],
        [-0.1189,  0.0220,  0.0442,  ...,  0.0384,  0.0058,  0.1234],
        ...,
        [-0.0419,  0.0370,  0.0082,  ...,  0.0285, -0.0849,  0.0781],
        [ 0.0400, -0.0310,  0.0628,  ..., -0.0502, -0.0778,  0.0418],
        [-0.0713, -0.0404,  0.0859,  ..., -0.0649, -0.0400, -0.0298]]), 'transformer.h.16.attn.c_k.weight': tensor([[-0.0646,  0.1379, -0.0551,  ..., -0.0153,  0.0543,  0.0625],
        [-0.0047, -0.0598, -0.0427,  ..., -0.0826,  0.0843, -0.0087],
        [ 0.0876, -0.0530, -0.1188,  ...,  0.0215, -0.1341, -0.0125],
        ...,
        [-0.0230,  0.1350,  0.1097,  ..., -0.1611, -0.1206, -0.1457],
        [ 0.0437, -0.0496, -0.1274,  ...,  0.0193, -0.0396, -0.0179],
        [-0.0344, -0.1901, -0.1632,  ..., -0.1477, -0.1609,  0.1071]]), 'transformer.h.16.attn.c_v.weight': tensor([[-0.0315,  0.3222,  0.1751,  ...,  0.0622, -0.2718,  0.1025],
        [ 0.5035,  0.0277, -0.0223,  ...,  0.1523, -0.0813, -0.0724],
        [-0.0229,  0.0673, -0.0598,  ..., -0.1181,  0.1365, -0.0451],
        ...,
        [-0.1939,  0.2710, -0.0171,  ...,  0.0692,  0.0178, -0.1768],
        [ 0.0685,  0.0996,  0.2300,  ..., -0.0400,  0.1299, -0.1404],
        [-0.0044, -0.1790, -0.1371,  ...,  0.0324, -0.1121,  0.0354]]), 'transformer.h.16.attn.c_proj.weight': tensor([[ 0.0670, -0.2862,  0.0069,  ...,  0.0173,  0.1321,  0.0708],
        [-0.0619, -0.0008,  0.0245,  ..., -0.1928,  0.0155, -0.0238],
        [-0.0893, -0.0928, -0.0298,  ..., -0.0358, -0.2143, -0.1065],
        ...,
        [-0.0165, -0.0829,  0.0920,  ...,  0.1541, -0.0330,  0.2113],
        [ 0.3666, -0.0144, -0.0354,  ...,  0.0879, -0.0515,  0.3685],
        [-0.0498,  0.0555,  0.1084,  ...,  0.0991, -0.1200, -0.0046]]), 'transformer.h.16.mlp.c_fc.weight': tensor([[-0.0042,  0.0471, -0.1278,  ..., -0.0334, -0.0307, -0.0097],
        [ 0.0278, -0.0538, -0.0344,  ..., -0.0182,  0.1719,  0.1040],
        [-0.0377,  0.0849, -0.0324,  ...,  0.0351,  0.0280,  0.0087],
        ...,
        [-0.0758, -0.1462,  0.0895,  ..., -0.1839, -0.0234,  0.0285],
        [ 0.1626,  0.1366,  0.0487,  ...,  0.0254, -0.0977,  0.1180],
        [-0.0830, -0.0723,  0.1001,  ...,  0.1136,  0.0344,  0.0470]]), 'transformer.h.16.mlp.c_proj.weight': tensor([[-0.0458,  0.0779, -0.0260,  ...,  0.0815, -0.0215, -0.0701],
        [ 0.0286,  0.0787, -0.0810,  ..., -0.0139,  0.0226,  0.0049],
        [-0.0662, -0.0169,  0.0319,  ...,  0.0065, -0.0937,  0.0286],
        ...,
        [-0.0563, -0.0638, -0.0546,  ..., -0.0716, -0.0162, -0.1092],
        [-0.0650,  0.0045, -0.1006,  ...,  0.0214, -0.0117,  0.0156],
        [ 0.0217,  0.0894,  0.0083,  ...,  0.0868, -0.0130,  0.0043]]), 'transformer.h.17.attn.c_q.weight': tensor([[-0.0101,  0.0045, -0.0075,  ..., -0.0003, -0.1184, -0.0958],
        [-0.0177, -0.0632, -0.0313,  ..., -0.1347,  0.0105, -0.0378],
        [-0.0906,  0.0827, -0.0399,  ..., -0.0114,  0.0406, -0.0069],
        ...,
        [-0.0591,  0.0237, -0.1026,  ..., -0.0701, -0.0476,  0.0250],
        [-0.0597, -0.0227, -0.1584,  ...,  0.1483, -0.0761, -0.1350],
        [ 0.0931, -0.0970,  0.0882,  ...,  0.1504,  0.0304, -0.0012]]), 'transformer.h.17.attn.c_k.weight': tensor([[ 0.0363,  0.0455, -0.0276,  ..., -0.0633, -0.0020, -0.1102],
        [-0.0658, -0.1226, -0.0037,  ...,  0.0420, -0.1779, -0.0292],
        [-0.1644, -0.0378, -0.0419,  ...,  0.0108, -0.1210,  0.0150],
        ...,
        [-0.1760,  0.1819, -0.1586,  ..., -0.0756,  0.0432,  0.0298],
        [ 0.1524,  0.1225,  0.0002,  ...,  0.1303,  0.0653, -0.0748],
        [-0.0933, -0.0445, -0.0709,  ..., -0.1081,  0.0920,  0.0414]]), 'transformer.h.17.attn.c_v.weight': tensor([[ 0.0853, -0.0815,  0.0348,  ...,  0.1091, -0.2057,  0.0502],
        [ 0.0561,  0.1869,  0.0930,  ..., -0.1273,  0.0465, -0.2271],
        [ 0.1544,  0.0348, -0.1976,  ...,  0.1326,  0.0185,  0.2735],
        ...,
        [ 0.0606,  0.1037,  0.0578,  ..., -0.0492, -0.0276,  0.0801],
        [-0.1468,  0.0605,  0.0490,  ..., -0.1104,  0.0395,  0.0419],
        [-0.2375, -0.0825,  0.1907,  ..., -0.2282, -0.1497, -0.0252]]), 'transformer.h.17.attn.c_proj.weight': tensor([[ 0.0026,  0.0075, -0.0291,  ...,  0.0026,  0.0256,  0.2159],
        [ 0.0225, -0.0755,  0.1034,  ..., -0.0618, -0.0571, -0.2156],
        [-0.0290,  0.0169, -0.0495,  ...,  0.1992, -0.0139,  0.0565],
        ...,
        [-0.0898, -0.1743, -0.0158,  ..., -0.0129, -0.1007,  0.1288],
        [ 0.1198, -0.0990,  0.0706,  ..., -0.0094, -0.2615,  0.0324],
        [-0.0606,  0.0965,  0.1222,  ..., -0.1412,  0.0383, -0.0413]]), 'transformer.h.17.attn.ve_gate.weight': tensor([[-4.0807e-01, -7.6051e-02,  4.0865e-01, -5.3148e-01,  2.7431e-02,
          1.5003e-01, -2.2898e-01, -4.1405e-01,  3.3116e-01, -3.7812e-02,
          2.5837e-01, -2.3009e-01,  1.6726e-01,  2.4739e-01,  2.7256e-01,
         -1.6145e-01, -9.4576e-01,  2.6745e-01, -6.4925e-02,  5.8509e-01,
          7.0844e-01, -3.9820e-01, -2.0398e-01, -2.9956e-01,  2.8013e-01,
         -4.7560e-01, -3.3562e-01, -6.4912e-01, -5.2714e-01,  1.1804e-01,
         -1.1508e-01,  2.8448e-01],
        [ 1.8828e-01,  4.6712e-02, -9.6615e-03, -1.6176e-01,  4.9868e-01,
          8.3997e-03, -4.9639e-01,  2.7375e-01, -4.3456e-02,  3.5147e-01,
          5.8045e-01,  1.7813e-02,  1.6526e-02,  2.0996e-01,  7.4069e-01,
          3.9780e-01,  5.4224e-01,  2.2152e-01, -2.4874e-01,  2.5571e-01,
          9.1220e-02, -8.3719e-02, -3.8657e-01, -4.1981e-01,  7.4937e-01,
          2.5073e-01, -4.3550e-01,  1.0600e-01, -6.8145e-02, -2.8699e-01,
          4.0928e-01,  3.5343e-02],
        [-4.6395e-01,  4.1764e-01,  1.1342e-01, -6.3161e-01, -9.7448e-02,
          4.8659e-01, -2.4095e-02,  1.6231e-01, -1.9591e-01,  3.5158e-01,
         -3.7033e-01,  2.7998e-02,  6.7860e-01,  3.0867e-01,  2.7548e-01,
         -2.0210e-01, -6.0748e-01,  1.8313e-01,  1.6230e-01,  1.1015e+00,
          9.6912e-02,  4.2597e-03, -4.3598e-01,  4.2934e-03,  3.7370e-01,
          3.9883e-01, -4.4122e-01,  2.1272e-03,  1.1989e-01, -5.9765e-02,
          4.1265e-01, -8.1106e-02],
        [-1.8889e-01, -4.2547e-01,  2.2796e-01,  2.4683e-01,  3.6184e-01,
          4.7265e-01, -1.4725e-01,  5.6120e-01, -7.0454e-02, -1.1491e-01,
         -3.3013e-01, -6.3818e-01,  4.1411e-01,  1.8649e-01, -5.6726e-01,
          5.9890e-01,  6.7074e-01,  5.0987e-02, -2.1417e-02, -1.7533e-01,
         -3.7856e-01, -1.9180e-01,  4.3772e-01, -3.1083e-01,  6.7607e-02,
          7.5396e-02,  4.7213e-01, -2.0879e-01, -4.0894e-01, -1.5223e-01,
          1.8118e-01,  3.4687e-01],
        [-7.3863e-01, -1.9780e-01,  1.4644e-01, -1.4329e-01, -5.1851e-01,
         -1.2317e-02,  1.9663e-01,  4.5280e-01, -5.5967e-01, -1.9006e-01,
         -2.6399e-02, -7.0612e-01,  2.4499e-01,  5.3859e-01, -3.2093e-01,
          1.3691e-02, -2.1898e-01,  3.1735e-01, -2.3088e-01,  2.6126e-01,
          2.4203e-01,  6.4102e-01,  9.9251e-02,  3.4085e-01,  4.4829e-01,
          8.2162e-02,  1.0404e-03, -9.3359e-01,  2.9535e-02, -1.6131e-01,
          7.5324e-01, -9.5828e-02],
        [ 6.1855e-01, -4.3931e-01, -2.0102e-01,  1.6654e-01, -4.3265e-01,
          3.3353e-01, -1.0025e+00,  6.3623e-01,  8.5618e-01,  3.4880e-01,
          4.4120e-01, -8.3242e-01,  4.7260e-02, -4.5149e-01, -2.8669e-01,
          1.0791e+00,  5.4874e-02,  5.3705e-01,  7.3829e-01, -9.8729e-01,
         -2.2798e-01, -1.7181e+00, -5.5547e-01,  1.3059e+00,  4.3022e-01,
         -9.3994e-01, -1.1191e+00, -1.0090e+00,  7.0591e-01, -1.3661e+00,
         -3.6571e-01,  1.3462e+00],
        [-2.1067e-01, -2.3805e-01, -2.4254e-01,  2.6435e-01,  1.2967e-01,
          7.0511e-02, -5.0962e-01,  5.2206e-01,  7.8795e-02,  1.8262e-01,
         -3.1896e-01, -3.5789e-01,  6.2339e-01, -1.4851e-01, -1.3459e-01,
          4.9203e-01,  4.1712e-01,  6.7741e-01, -3.2660e-01,  1.8402e-01,
         -2.6579e-01,  3.7321e-01,  1.5591e-01, -6.0676e-02,  4.6843e-02,
          3.6897e-01, -1.0717e-01, -4.3842e-01,  2.4685e-01, -5.0575e-01,
          3.0360e-01, -3.9362e-02],
        [ 2.3024e-01,  7.9053e-02,  7.7805e-01, -3.5112e-02, -2.2159e-01,
          2.3431e-01, -1.2977e-01,  2.5950e-01,  1.6956e-01, -2.6199e-01,
          3.3298e-01, -2.2429e-01,  9.4005e-02, -4.6562e-02,  3.6142e-01,
          5.9610e-01, -2.6712e-01, -2.5063e-01, -4.6628e-02,  2.2706e-01,
          3.7956e-01,  1.0593e-01, -2.1355e-02, -2.7448e-01,  7.0979e-01,
          4.1895e-01,  4.9856e-01,  1.3128e-01,  1.7790e-02, -1.1398e-01,
          6.9178e-01, -1.1697e-01],
        [-7.3916e-01, -5.3755e-01, -9.1311e-01,  1.5112e-01, -1.4739e-01,
          2.1101e-01,  4.6824e-01,  7.9737e-01, -3.0787e-02, -4.6132e-01,
         -5.6103e-01, -8.6551e-01,  7.5273e-01, -3.3083e-01, -9.0212e-01,
          1.5206e-01, -2.9549e-01,  1.0657e-01, -5.2608e-01, -2.0366e-01,
         -6.5885e-01,  1.1503e+00,  5.4325e-01, -1.1222e-01,  8.3456e-01,
         -1.3698e-01, -2.3120e-01,  1.4036e-01, -5.6170e-01, -1.6065e+00,
          6.4941e-01,  1.5268e-01],
        [ 1.2906e-01, -1.9735e-01,  1.8751e-01, -2.8739e-01, -6.4175e-02,
          1.9408e-01,  3.1707e-01,  6.9164e-02,  3.4590e-02,  2.6521e-01,
          4.5825e-02, -4.5074e-01,  1.9363e-01, -2.4318e-01,  9.9331e-02,
          1.3431e-01,  1.4242e-01,  4.7622e-01, -1.2724e-01,  2.3256e-01,
         -1.6198e-01,  6.3138e-02,  1.6834e-02, -3.6470e-01, -2.3154e-01,
         -2.4202e-01,  1.5695e-02,  2.8647e-02, -4.7461e-01, -8.3988e-02,
         -8.8690e-02,  3.6224e-01],
        [-5.7791e-02, -2.2427e-01,  1.8333e-01,  3.8420e-01,  1.8357e-02,
          2.1496e-01,  2.3764e-01,  1.7544e-01,  4.7004e-02,  1.6615e-03,
         -1.8812e-01, -2.5788e-01,  1.6113e-02, -1.7986e-01,  1.3937e-01,
          3.0452e-01, -5.3104e-02,  1.6417e-01, -1.7531e-01, -5.4217e-02,
          1.2282e-01,  6.8145e-05,  7.5689e-02,  6.4217e-02,  1.0607e-02,
          1.2708e-01,  4.3893e-02,  1.2555e-01,  3.5010e-01,  6.7460e-02,
          3.6265e-03,  9.8360e-02],
        [-1.8230e-01, -3.3631e-01, -2.3040e-01,  4.6781e-01,  2.3565e-01,
         -1.8793e-01, -4.5864e-01,  7.4505e-01,  2.3755e-01, -9.6091e-02,
         -4.2303e-01, -4.7543e-01,  5.4512e-01, -1.6981e-01,  1.2378e-01,
          6.7335e-01,  4.7689e-01,  5.3571e-01, -2.3875e-01,  5.8875e-03,
         -3.0146e-01,  3.2224e-01,  1.8536e-01, -1.9209e-01, -2.9231e-01,
          6.9571e-01,  3.0819e-02, -2.6567e-01,  1.8992e-01, -9.2518e-01,
         -6.0803e-03,  4.2944e-01]]), 'transformer.h.17.mlp.c_fc.weight': tensor([[-0.1044,  0.0699,  0.0408,  ..., -0.1722, -0.1511, -0.0780],
        [ 0.0856,  0.0181, -0.0616,  ..., -0.1507, -0.0184, -0.0666],
        [ 0.1263,  0.0485,  0.0196,  ..., -0.1050,  0.0432, -0.0419],
        ...,
        [-0.0581,  0.0436, -0.1393,  ...,  0.0093,  0.2505,  0.0985],
        [-0.0332, -0.0535,  0.0292,  ...,  0.0314, -0.0708, -0.0478],
        [ 0.0758, -0.1271, -0.0593,  ..., -0.0224,  0.0652,  0.0870]]), 'transformer.h.17.mlp.c_proj.weight': tensor([[-0.0154, -0.0120,  0.0579,  ..., -0.1379,  0.1072, -0.0305],
        [-0.0007, -0.0266, -0.0406,  ..., -0.0967, -0.1017, -0.0501],
        [ 0.0239, -0.0528, -0.0305,  ..., -0.0522, -0.0519, -0.0792],
        ...,
        [ 0.0006,  0.0234,  0.0467,  ...,  0.0332,  0.0162, -0.0476],
        [-0.0410,  0.0841,  0.0038,  ..., -0.0267, -0.0319,  0.0264],
        [-0.0166, -0.0674,  0.0744,  ...,  0.0185, -0.0841, -0.0146]]), 'transformer.h.18.attn.c_q.weight': tensor([[-0.1570,  0.1139, -0.0085,  ...,  0.2970,  0.0614, -0.2192],
        [-0.0604,  0.0636, -0.0569,  ...,  0.1641, -0.0632, -0.2481],
        [ 0.0074, -0.0934,  0.1075,  ..., -0.0252, -0.1141, -0.2740],
        ...,
        [ 0.1495, -0.0150,  0.0175,  ..., -0.1006,  0.0071,  0.0203],
        [-0.2069, -0.0661, -0.1065,  ...,  0.0211,  0.0481,  0.0911],
        [-0.0626, -0.0445,  0.0619,  ...,  0.0795,  0.0690,  0.0531]]), 'transformer.h.18.attn.c_k.weight': tensor([[-0.0015, -0.0686,  0.0204,  ..., -0.0655, -0.0517,  0.0185],
        [ 0.1125, -0.1646,  0.0552,  ..., -0.0365, -0.0104,  0.0730],
        [-0.0328, -0.0091, -0.1015,  ..., -0.0638, -0.0049,  0.0005],
        ...,
        [ 0.0425, -0.1233, -0.0618,  ...,  0.0662,  0.0287, -0.0789],
        [-0.0814, -0.0494, -0.0652,  ...,  0.0139,  0.0920,  0.0004],
        [-0.0964, -0.0361, -0.0490,  ...,  0.0776, -0.1214,  0.0899]]), 'transformer.h.18.attn.c_v.weight': tensor([[-0.0419,  0.0597,  0.2278,  ..., -0.0657, -0.0180, -0.0720],
        [ 0.1896,  0.0385, -0.0824,  ..., -0.0685, -0.0954,  0.0982],
        [-0.0434, -0.1007,  0.0598,  ...,  0.0210,  0.0502,  0.0335],
        ...,
        [-0.1439, -0.0738,  0.2156,  ..., -0.1458, -0.0474,  0.1947],
        [-0.0579, -0.1762,  0.0639,  ..., -0.2351, -0.1153, -0.0235],
        [-0.0528, -0.0008,  0.0310,  ..., -0.1216, -0.1222, -0.2456]]), 'transformer.h.18.attn.c_proj.weight': tensor([[-0.0306, -0.0867, -0.0412,  ...,  0.1655,  0.1784,  0.0744],
        [-0.1034,  0.0815, -0.0090,  ...,  0.0501, -0.0092,  0.1362],
        [-0.0553,  0.2204,  0.0892,  ...,  0.1356,  0.2498,  0.0451],
        ...,
        [ 0.0455, -0.0122,  0.2169,  ..., -0.0244,  0.1807,  0.0811],
        [-0.1060,  0.1725,  0.1075,  ...,  0.0941, -0.0364,  0.2446],
        [ 0.0019,  0.0241, -0.0283,  ..., -0.0323,  0.0945,  0.0168]]), 'transformer.h.18.mlp.c_fc.weight': tensor([[-0.0265,  0.1232, -0.0496,  ..., -0.1008, -0.0243,  0.1053],
        [-0.0873,  0.0481, -0.0287,  ...,  0.0363,  0.0265,  0.0500],
        [ 0.1828,  0.0927, -0.0370,  ...,  0.0065,  0.1475, -0.0656],
        ...,
        [ 0.2513, -0.2746,  0.1705,  ...,  0.0146, -0.0723,  0.1295],
        [-0.0127, -0.0907,  0.2147,  ..., -0.1594,  0.0460, -0.0063],
        [ 0.0453,  0.1521, -0.0695,  ...,  0.0626,  0.0992, -0.0733]]), 'transformer.h.18.mlp.c_proj.weight': tensor([[-0.0959,  0.0517, -0.0947,  ...,  0.0370, -0.0562,  0.0376],
        [ 0.0298,  0.0256, -0.0830,  ...,  0.0721, -0.0783,  0.0533],
        [ 0.0213,  0.0128,  0.0694,  ...,  0.0149,  0.0691,  0.0198],
        ...,
        [-0.1092, -0.0644, -0.0659,  ..., -0.0055,  0.0806, -0.0220],
        [-0.0164, -0.0197,  0.0138,  ..., -0.0120, -0.0328,  0.0262],
        [ 0.0590,  0.0758,  0.0439,  ...,  0.0345, -0.0637,  0.0770]]), 'transformer.h.19.attn.c_q.weight': tensor([[-0.0134,  0.0610,  0.1008,  ..., -0.1564,  0.0724,  0.0298],
        [ 0.0474,  0.0071, -0.0772,  ..., -0.0582,  0.0705, -0.0117],
        [ 0.0925,  0.0834,  0.1045,  ..., -0.0857,  0.0153,  0.0689],
        ...,
        [ 0.1175, -0.0185, -0.0283,  ...,  0.0220,  0.0375,  0.0333],
        [ 0.1658, -0.0163, -0.2480,  ...,  0.2074,  0.1629, -0.1353],
        [ 0.0396,  0.0563, -0.0353,  ..., -0.0257, -0.0379,  0.0446]]), 'transformer.h.19.attn.c_k.weight': tensor([[ 0.1424,  0.0060,  0.0193,  ..., -0.0298,  0.0574, -0.0543],
        [-0.0325, -0.1246,  0.1500,  ..., -0.0801,  0.1191,  0.0261],
        [ 0.0385, -0.0478, -0.0665,  ..., -0.0058, -0.0515, -0.0527],
        ...,
        [ 0.0842,  0.0317,  0.1458,  ..., -0.0384,  0.1480,  0.1173],
        [ 0.0878,  0.1022,  0.0330,  ..., -0.3535,  0.0273, -0.1071],
        [ 0.0414,  0.0149,  0.0481,  ...,  0.1215, -0.0293,  0.0914]]), 'transformer.h.19.attn.c_v.weight': tensor([[ 0.0440,  0.1048, -0.1803,  ...,  0.0427, -0.0762, -0.0519],
        [ 0.0861,  0.1591, -0.0049,  ..., -0.0600, -0.0279, -0.0040],
        [ 0.0331, -0.0727, -0.0193,  ..., -0.0940,  0.0810, -0.2096],
        ...,
        [ 0.1697, -0.0151, -0.0095,  ..., -0.0719, -0.0239,  0.1624],
        [ 0.1252,  0.1691, -0.1361,  ...,  0.1309,  0.0100, -0.1112],
        [ 0.0239,  0.2801, -0.1088,  ...,  0.1500,  0.1515, -0.0721]]), 'transformer.h.19.attn.c_proj.weight': tensor([[ 0.0147, -0.0559, -0.0346,  ..., -0.1293, -0.0153, -0.0201],
        [ 0.0862, -0.0342, -0.1175,  ..., -0.0343,  0.0415, -0.0292],
        [-0.0708,  0.0247, -0.1453,  ..., -0.0639,  0.0331, -0.0006],
        ...,
        [-0.1643, -0.1273,  0.1052,  ...,  0.0180, -0.1418, -0.0462],
        [-0.0011,  0.1052, -0.1363,  ...,  0.1497, -0.0759, -0.0606],
        [ 0.0452,  0.0125, -0.1049,  ..., -0.1243,  0.0684, -0.1121]]), 'transformer.h.19.attn.ve_gate.weight': tensor([[-3.1222e-01, -4.3783e-01, -2.8427e-02,  2.0057e-02, -1.9688e-01,
         -1.8923e-01,  9.1301e-01,  2.2521e-01, -9.5160e-02,  1.0616e-01,
          1.6218e-01, -8.3827e-01,  1.4387e-01, -7.4782e-01, -7.9181e-01,
         -3.8689e-02, -3.1644e-01,  5.2818e-01, -3.6627e-01,  3.0794e-01,
         -4.5600e-01,  4.1715e-01,  1.5493e-01,  8.3054e-03,  8.3817e-01,
         -4.4475e-02, -2.3709e-01, -3.9062e-01, -6.4457e-01, -1.5017e-01,
          5.5243e-01,  3.4831e-01],
        [-4.3694e-01,  1.5189e-01,  3.1562e-01, -1.0694e-01, -8.5689e-01,
         -1.6193e-01,  6.8831e-02,  5.5311e-01, -4.6147e-01, -1.4016e-01,
          9.7774e-01, -3.9944e-01,  7.0039e-01,  5.3063e-02,  2.4479e-01,
          1.7306e-01,  5.2087e-01,  1.6113e-02, -4.0826e-01,  5.4773e-01,
          6.0328e-01,  3.6576e-01, -2.0752e-01, -2.2123e-01, -1.3076e-01,
          4.1996e-01, -5.0267e-01,  1.3632e-01, -5.6872e-01,  1.9255e-01,
          1.7046e-01, -2.6862e-01],
        [ 1.6724e-01, -4.5289e-01,  6.8181e-02,  7.9623e-03, -3.6884e-02,
         -3.7198e-01, -8.7965e-02, -3.6134e-01,  2.7693e-01,  1.6002e-01,
         -2.6122e-01, -4.0672e-01,  4.7129e-01, -4.8744e-01,  3.7994e-01,
          1.6887e-01,  5.0354e-02,  7.6982e-01, -1.2586e-02,  1.5173e-04,
         -8.7628e-03, -3.5833e-01, -4.4436e-01, -3.7931e-01, -8.2590e-02,
          1.2695e-03,  2.4555e-01, -4.1112e-01, -1.3348e-01,  5.0920e-01,
         -3.6089e-01, -1.1880e-01],
        [-1.2341e-01, -6.5384e-01,  6.5354e-01, -1.0078e-01,  4.0383e-02,
          2.6659e-01,  4.1860e-01,  6.5396e-01,  3.9306e-01, -2.6740e-01,
         -1.7363e-01, -1.6080e+00, -2.2632e-01, -1.5338e-01, -4.3564e-01,
          6.2869e-01,  4.5663e-01,  8.5264e-01,  2.0233e-01,  2.2925e-01,
          4.9549e-01,  7.6513e-01,  5.6251e-01, -1.2476e-01, -3.0892e-01,
         -4.9096e-01,  6.4751e-01, -8.0728e-01, -6.5064e-01, -1.1791e+00,
          5.2400e-01,  3.4151e-01],
        [-3.8996e-01,  1.5935e-01, -3.2191e-01, -4.8147e-01,  2.2716e-01,
          6.0655e-01, -5.5805e-01, -2.4772e-01,  6.2641e-02, -7.0459e-01,
          2.3492e-02, -1.8388e-01,  8.8154e-01,  5.0167e-02, -8.4002e-01,
         -5.4572e-01, -1.0341e+00,  4.9166e-01, -8.9673e-02,  1.7187e-01,
          5.7501e-01,  1.8369e-01,  1.7066e-01, -9.1514e-02,  6.4779e-01,
         -8.4831e-01,  1.3687e-02, -1.0467e+00, -1.9807e-01, -1.8612e-01,
          6.6889e-01, -5.7510e-01],
        [-2.2304e-01, -2.7766e-01,  6.2622e-01, -1.2529e-01,  1.7527e-02,
          3.1489e-01,  2.7492e-01,  2.9279e-01,  5.2184e-02,  5.2110e-02,
         -1.4082e-01, -4.2837e-01,  4.3556e-01, -6.4356e-02, -8.7079e-01,
          2.0014e-01, -1.6427e-02, -5.6392e-02, -2.2318e-01,  2.2524e-01,
          1.9089e-02, -2.5888e-01, -3.6606e-01,  9.0761e-02, -1.3898e-01,
          3.4641e-01,  2.0059e-01, -3.8853e-01, -3.8243e-01,  8.1882e-01,
          2.3631e-03,  4.6703e-02],
        [-8.5536e-02, -2.0976e-01,  4.8234e-01, -6.9641e-02,  9.9222e-02,
          3.9519e-01, -3.3299e-01,  1.8221e-01,  1.5345e-01,  2.4451e-01,
         -1.0373e-01, -3.1558e-01,  4.2662e-01,  6.5555e-02,  3.5728e-01,
          3.9917e-01, -3.1081e-01,  4.1460e-01, -3.2867e-01,  1.9208e-01,
          1.1077e-01, -8.0620e-02, -5.8299e-03,  1.1558e-01,  2.6862e-01,
          3.2467e-01,  8.9141e-02, -1.8391e-01,  4.7487e-02,  2.1338e-01,
          5.7657e-01, -8.4583e-02],
        [-1.3642e-01, -2.1383e-01,  1.3074e-01, -3.0272e-02, -1.3440e-02,
         -8.7749e-02,  7.5243e-02, -1.8828e-01, -7.7996e-02, -3.5374e-01,
          1.0148e-02,  1.5915e-01,  2.2237e-01, -4.0836e-01,  1.5747e-01,
         -3.5896e-02,  5.7486e-02,  7.8118e-02,  1.8609e-01,  1.8577e-01,
          1.9933e-01, -1.3772e-01, -3.2843e-01,  7.6620e-02,  1.3011e-01,
          4.0640e-03,  6.4999e-02,  1.0535e-01, -1.8934e-01,  1.2789e-02,
         -1.3943e-01,  1.7599e-01],
        [-3.8059e-01, -1.4978e-01, -1.5292e-01,  4.3090e-01,  7.4601e-02,
          1.4873e-01, -4.3807e-02,  8.9729e-01,  2.1744e-03,  8.0973e-02,
         -3.6459e-01, -1.8558e-01,  4.9436e-01,  3.5400e-02,  4.2271e-02,
          5.4013e-01,  7.2560e-01,  1.6244e-01, -4.6654e-01, -4.9051e-02,
         -1.1461e-01,  3.4275e-01,  1.7882e-01, -3.5887e-01,  4.4462e-01,
          2.7205e-01, -7.1698e-02, -2.9595e-02,  3.6551e-02, -8.8414e-01,
          6.7222e-01,  1.9139e-01],
        [ 7.8024e-01,  4.2274e-04,  4.7575e-01, -1.2453e-01, -1.4823e-01,
          1.2089e-01, -1.9375e-01,  7.6445e-01,  2.6304e-01, -8.4402e-02,
          3.5414e-01, -9.5516e-01, -4.4111e-01, -3.0969e-01,  3.1555e-01,
          7.8886e-01,  4.3686e-01,  1.2591e-01, -2.0090e-01, -4.9686e-01,
         -2.6299e-02, -5.0119e-01,  1.0222e-01, -2.0394e-01, -1.1103e-02,
         -3.4505e-01,  1.5872e-01,  1.3371e-01, -4.9921e-01, -1.5315e+00,
          5.0658e-01,  6.8492e-01],
        [-9.0245e-01, -3.6719e-01,  1.6817e-01,  2.2962e-01,  2.3523e-01,
          1.5651e-01, -5.3810e-01,  1.1513e+00,  3.9586e-02, -1.0126e+00,
         -5.7898e-01, -1.0965e+00,  9.7005e-01,  3.4626e-01, -5.9682e-01,
          8.7325e-01,  3.1187e-01, -3.1148e-01, -3.0759e-02, -5.6416e-01,
         -8.2648e-02, -2.4853e-01,  2.2982e-01,  4.0168e-01, -3.3062e-01,
          8.2882e-01, -1.4237e-01, -5.2244e-01, -2.2465e-01, -1.5103e+00,
          9.9574e-02,  5.9151e-01],
        [-1.9522e-01, -6.4702e-02,  8.4118e-02, -6.3626e-01, -2.6329e-01,
          2.3030e-01,  1.4133e-01, -1.1677e-02, -1.8268e-01,  3.4803e-01,
          1.9340e-02, -2.8978e-01,  6.2740e-01,  4.3895e-01,  2.8532e-01,
          4.2636e-02, -3.4630e-01,  1.5271e-01, -3.1578e-01,  3.5824e-01,
         -2.6673e-02,  3.3248e-01, -3.1682e-01, -4.6759e-01,  4.4894e-01,
          6.2745e-01, -7.9986e-02, -2.6271e-01, -2.7019e-01, -1.6062e-01,
          9.6582e-03,  3.1291e-01]]), 'transformer.h.19.mlp.c_fc.weight': tensor([[-0.0270,  0.0977,  0.0958,  ...,  0.0877,  0.0944, -0.0528],
        [ 0.0567,  0.0713, -0.0154,  ..., -0.1073,  0.1872, -0.0924],
        [-0.1388,  0.2090,  0.0238,  ...,  0.0614, -0.1619,  0.0740],
        ...,
        [-0.1098,  0.1755, -0.0431,  ...,  0.0980,  0.0686, -0.1047],
        [ 0.1269,  0.0354,  0.1621,  ...,  0.0691, -0.0492,  0.0025],
        [ 0.2240, -0.0159, -0.0531,  ..., -0.0292, -0.0305,  0.1233]]), 'transformer.h.19.mlp.c_proj.weight': tensor([[-0.0354, -0.0372,  0.0489,  ..., -0.0225, -0.1404,  0.0627],
        [-0.0204,  0.0291, -0.0179,  ..., -0.0909, -0.0396,  0.0165],
        [-0.0048,  0.0781,  0.0481,  ...,  0.0185, -0.0207, -0.0647],
        ...,
        [ 0.0427,  0.0266,  0.0020,  ...,  0.0109,  0.0304, -0.0876],
        [ 0.0964, -0.0476, -0.0269,  ..., -0.0007,  0.0628,  0.1095],
        [ 0.0672,  0.0592, -0.0043,  ..., -0.0259, -0.1060,  0.1112]]), 'transformer.h.20.attn.c_q.weight': tensor([[ 0.0744,  0.0267,  0.1030,  ...,  0.0766, -0.0532, -0.1030],
        [-0.0669,  0.0218, -0.0199,  ...,  0.0517, -0.0546, -0.0375],
        [ 0.1479, -0.0320, -0.0971,  ..., -0.0270,  0.1052,  0.0152],
        ...,
        [-0.1295,  0.0013, -0.0380,  ..., -0.2123,  0.1584, -0.0446],
        [ 0.0635, -0.0887,  0.0876,  ...,  0.1978,  0.0205, -0.0577],
        [ 0.3091,  0.1528, -0.0078,  ..., -0.0074, -0.0221, -0.0034]]), 'transformer.h.20.attn.c_k.weight': tensor([[ 0.0387, -0.0898, -0.0526,  ...,  0.0853,  0.0004, -0.0659],
        [-0.0801,  0.0840, -0.0419,  ...,  0.0395,  0.0714, -0.0257],
        [-0.0325, -0.0241,  0.0509,  ..., -0.1512, -0.0567,  0.0393],
        ...,
        [ 0.0617,  0.1868, -0.0450,  ..., -0.1660, -0.0499,  0.0039],
        [ 0.2455, -0.2072, -0.1572,  ...,  0.0282, -0.2304, -0.1086],
        [ 0.1111,  0.0342,  0.1325,  ...,  0.0287,  0.0191, -0.0548]]), 'transformer.h.20.attn.c_v.weight': tensor([[-0.0140, -0.0973, -0.0099,  ..., -0.1401, -0.0164,  0.2732],
        [ 0.0270, -0.0338, -0.1248,  ..., -0.0789,  0.0165,  0.1678],
        [ 0.0340,  0.1546, -0.0768,  ...,  0.1500, -0.0874,  0.0290],
        ...,
        [-0.0778, -0.0496,  0.1222,  ...,  0.0235,  0.0648,  0.0815],
        [-0.1555,  0.1663, -0.0148,  ..., -0.0297,  0.0384,  0.1739],
        [-0.0468, -0.0308, -0.0354,  ..., -0.0759, -0.0039, -0.1832]]), 'transformer.h.20.attn.c_proj.weight': tensor([[-0.1435, -0.0251,  0.1295,  ...,  0.0521,  0.0978,  0.0439],
        [ 0.0569, -0.0885,  0.1200,  ...,  0.0047, -0.1365, -0.0461],
        [ 0.1423,  0.0997,  0.1135,  ..., -0.1181, -0.1129,  0.0880],
        ...,
        [ 0.1207,  0.0605,  0.0363,  ..., -0.0320, -0.0995,  0.0083],
        [-0.0266, -0.0738,  0.1611,  ..., -0.2164, -0.0063,  0.0248],
        [ 0.1692,  0.1532,  0.1451,  ...,  0.1245, -0.1537, -0.1486]]), 'transformer.h.20.mlp.c_fc.weight': tensor([[-0.0656, -0.0758, -0.1732,  ...,  0.0128,  0.0311, -0.1989],
        [-0.0454,  0.1368, -0.0656,  ...,  0.0790,  0.0076,  0.0298],
        [-0.0012,  0.0030, -0.0762,  ..., -0.0072, -0.1318,  0.0549],
        ...,
        [-0.0985,  0.0447,  0.0553,  ..., -0.0078, -0.0327, -0.0387],
        [-0.1173,  0.2348,  0.1443,  ..., -0.0242, -0.0640,  0.0062],
        [-0.0267, -0.0056,  0.0312,  ...,  0.0938,  0.0566,  0.0614]]), 'transformer.h.20.mlp.c_proj.weight': tensor([[-0.0091,  0.0731, -0.0500,  ...,  0.0205,  0.0186, -0.0281],
        [ 0.0944, -0.0691,  0.0085,  ...,  0.0833, -0.0213, -0.0138],
        [ 0.0299, -0.0536, -0.0316,  ..., -0.0289, -0.0921,  0.0052],
        ...,
        [ 0.0309, -0.0251,  0.0561,  ...,  0.0028, -0.0789,  0.0464],
        [ 0.1023, -0.0206,  0.0615,  ..., -0.0408, -0.0301, -0.0384],
        [ 0.0672,  0.0112, -0.0030,  ..., -0.0083,  0.1056, -0.0649]]), 'transformer.h.21.attn.c_q.weight': tensor([[ 0.1302, -0.0566,  0.2355,  ...,  0.0623,  0.0033, -0.1892],
        [-0.0798,  0.1948,  0.0071,  ..., -0.1058,  0.0910, -0.0331],
        [-0.2032,  0.0220, -0.1639,  ...,  0.2209,  0.0411, -0.0295],
        ...,
        [-0.0550,  0.0300, -0.1500,  ..., -0.0200,  0.0907,  0.0217],
        [-0.0493, -0.1066,  0.0346,  ...,  0.0282,  0.1010, -0.1141],
        [ 0.0309, -0.0430, -0.0108,  ...,  0.0568, -0.1029, -0.0042]]), 'transformer.h.21.attn.c_k.weight': tensor([[-0.0894,  0.0690, -0.3902,  ..., -0.1306, -0.0521,  0.0941],
        [ 0.2271,  0.0291, -0.0494,  ..., -0.0182,  0.0052,  0.0721],
        [ 0.1211,  0.0580,  0.0050,  ..., -0.0440, -0.0999,  0.0208],
        ...,
        [ 0.0120,  0.0474, -0.1691,  ...,  0.1030,  0.2473,  0.0113],
        [-0.0019, -0.0286,  0.0829,  ...,  0.1800, -0.2003, -0.0020],
        [-0.0882, -0.3812, -0.0609,  ...,  0.0427,  0.1890,  0.0280]]), 'transformer.h.21.attn.c_v.weight': tensor([[ 0.0602, -0.1515,  0.0198,  ...,  0.0877,  0.0033, -0.1653],
        [-0.1275,  0.1268, -0.1522,  ..., -0.2097, -0.0633, -0.0358],
        [ 0.1443, -0.0306, -0.0112,  ...,  0.2721, -0.0270, -0.0659],
        ...,
        [ 0.0259,  0.1014,  0.1564,  ...,  0.0590, -0.1349,  0.0777],
        [ 0.0155,  0.0633,  0.0481,  ...,  0.0402,  0.0527,  0.0023],
        [-0.0342, -0.0130,  0.0702,  ..., -0.0651,  0.0580, -0.2974]]), 'transformer.h.21.attn.c_proj.weight': tensor([[ 0.1907, -0.2074,  0.2635,  ...,  0.0154,  0.0118,  0.2367],
        [ 0.0877, -0.0865, -0.0923,  ..., -0.1483, -0.0208,  0.0492],
        [ 0.1180, -0.1116, -0.0139,  ...,  0.0805,  0.0537,  0.1744],
        ...,
        [-0.0853, -0.0396,  0.0022,  ...,  0.0461,  0.0088,  0.0710],
        [ 0.0209, -0.0440, -0.0879,  ...,  0.0899,  0.0154, -0.0112],
        [ 0.0553,  0.0723, -0.0164,  ..., -0.1660, -0.0935, -0.0115]]), 'transformer.h.21.attn.ve_gate.weight': tensor([[ 0.0681, -0.2987,  0.5429, -0.1147,  0.0160,  0.0767,  0.4976, -0.0360,
          0.0501,  0.3108,  0.0777, -0.5620,  0.1734, -0.7894, -0.3140,  0.3071,
         -0.3057,  0.2668, -0.1071, -0.0172, -0.4147, -0.0729, -0.2615, -0.3587,
          0.6002,  0.1372,  0.4848, -0.2415, -0.1724,  0.4107,  0.1178,  0.1394],
        [ 0.0055,  0.4210, -0.0385, -0.4889, -0.3939, -0.9077, -0.8571,  0.0455,
          0.2966,  0.2683,  0.7687, -0.8650,  0.3454, -0.0039,  0.6728,  0.0767,
         -0.5191,  1.1011,  0.0815,  0.1900,  0.1198, -0.5228, -0.7095, -0.6877,
          0.9250, -0.7667, -0.1945, -0.4878, -0.2233, -0.9272,  0.0847,  0.2179],
        [ 0.2208,  0.1899, -0.3611, -0.0715, -0.0534, -0.2118, -0.0047, -0.3186,
          0.3451, -0.4063,  0.3305, -0.6222, -0.1894,  0.4665,  0.5095, -0.0427,
         -0.2342,  0.6025, -0.4183,  0.5745,  0.8703, -0.3229, -0.0942, -0.3932,
          0.5253,  0.0544,  0.5442, -0.2242,  0.2375, -0.6244,  0.5031, -0.0406],
        [-0.3308, -0.2819, -0.2083,  0.9132,  0.8358, -0.5666, -1.1571,  0.1221,
          0.4710, -0.2003, -0.2631, -1.4486,  0.0867,  0.6880, -0.1421,  1.6462,
          1.5090,  0.0856, -0.7319, -1.2013,  0.4812,  0.7161, -0.3366,  0.1997,
         -0.5403,  1.2662, -0.0834, -0.0094,  0.8290, -0.6719, -0.1122, -0.4681],
        [-0.1524, -0.3117, -0.3076,  0.4186,  0.0922,  0.0958,  0.1069,  0.1112,
          0.2745, -0.3747, -0.1094, -0.0798, -0.0259,  0.1774, -0.5307,  0.1014,
          0.5437,  0.6837, -0.1917, -0.3348,  0.3400, -0.0640,  0.0750, -0.1666,
         -0.1130,  0.5050, -0.0404, -0.9709,  0.1648, -0.8793, -0.6339,  0.3956],
        [-0.2518, -0.0919, -0.9862, -0.2326,  0.5095, -0.3875, -1.0729, -0.2321,
          0.5291, -0.5327, -0.7639, -0.4236,  0.5633,  0.4684, -0.1323, -0.4013,
          0.4194,  0.4860, -0.6341,  0.5024, -0.1222,  0.1606, -0.2582, -0.5472,
          1.9933,  0.6061, -0.4734, -0.4924,  0.8369, -0.7892,  0.3462,  0.0406],
        [-0.0833, -0.2080, -0.4390,  0.8682, -0.0531, -0.0700, -0.1984,  0.9409,
          0.4211,  0.0897, -0.6516, -0.6349,  0.5118,  0.0588,  0.2333,  0.9412,
          0.4488,  0.4938, -0.5771,  0.0541, -0.2469, -0.0239,  0.5638,  0.0079,
         -0.3086,  0.3252, -0.0859, -0.3557,  0.2354, -0.9077,  0.4353,  0.1286],
        [-0.2289, -0.4853, -0.5026,  0.8548,  0.6061,  0.1371, -0.1349,  0.6768,
          0.2613, -1.1526, -0.2349, -0.0390, -0.1565, -0.2911, -0.2726,  0.8264,
          1.3222,  0.4105,  0.1653, -0.8999,  0.2436,  0.2571,  0.4718,  0.3439,
         -0.0712,  0.7594,  0.2023, -0.4035,  0.8004, -1.2320, -0.3495,  0.3945],
        [-0.8432, -0.0471, -0.0696, -0.1058, -0.4529, -0.0303, -0.0255,  0.5327,
          0.0911,  0.5659,  0.1758,  0.0097,  0.5068,  0.5141,  0.1514,  0.4773,
          0.5483,  0.6716, -0.6651,  0.5324,  0.7492,  1.0060,  0.0320, -0.4517,
          0.7489,  1.1241, -0.2973, -0.4062,  0.3333, -0.1664,  0.1315,  0.3304],
        [-0.7503, -0.3478,  0.0109, -0.0697, -0.5391,  0.4175,  0.3698,  0.4087,
         -0.0350, -0.3781, -0.1465, -0.8017,  0.3628,  0.2297, -0.4940,  0.2589,
         -0.3965,  0.2030, -0.1993,  0.3945,  0.4429,  0.2815,  0.2207,  0.2985,
          0.4264,  0.1819, -0.4489, -0.6067,  0.2047, -0.3499,  0.6836, -0.3514],
        [-0.0434, -0.2068, -0.1663,  0.7240,  0.4563,  0.1601, -0.5663,  1.0170,
          0.0054, -0.4937, -0.4218, -1.0446,  0.1386,  0.3178, -0.5842,  1.0762,
          1.4200, -0.3709, -0.1676, -0.3968,  0.4325,  0.6004,  0.5700,  0.1219,
         -0.0451,  0.1657, -0.2241, -0.4011, -0.1515, -1.4659,  0.8209,  0.3356],
        [ 0.0081, -0.2569, -0.2725,  0.5074,  1.0493, -0.1188, -0.5583,  0.3776,
          0.1615, -0.1139, -0.0241, -0.5958, -0.4402,  0.3194,  1.1066,  0.5310,
          1.3527,  0.5479, -0.2446, -0.1449,  0.7211,  0.0963, -0.3202, -0.9348,
          1.0970,  0.7001,  0.7061,  0.0920,  0.4815, -1.5052,  0.3570, -0.1517]]), 'transformer.h.21.mlp.c_fc.weight': tensor([[ 0.1507,  0.0239,  0.1970,  ..., -0.0733, -0.0435,  0.0006],
        [ 0.0609, -0.0819,  0.0342,  ...,  0.1642,  0.0579, -0.0730],
        [-0.0347, -0.0091, -0.0650,  ..., -0.0472,  0.0058, -0.0527],
        ...,
        [-0.0290, -0.0520,  0.1045,  ...,  0.0828,  0.0540, -0.1254],
        [-0.1050, -0.0081,  0.0933,  ..., -0.1992, -0.0695,  0.0217],
        [ 0.0885,  0.0082, -0.0687,  ..., -0.1647,  0.0752, -0.0308]]), 'transformer.h.21.mlp.c_proj.weight': tensor([[-0.0140, -0.0265, -0.0042,  ..., -0.0160,  0.1567,  0.0586],
        [ 0.0082, -0.0299,  0.0192,  ..., -0.0023, -0.1351,  0.0117],
        [-0.0024,  0.0229,  0.0452,  ...,  0.0557,  0.0751,  0.0403],
        ...,
        [ 0.0005,  0.0264,  0.0099,  ..., -0.1072,  0.0242, -0.0458],
        [ 0.0207, -0.1047,  0.1115,  ..., -0.0177,  0.0161,  0.0366],
        [ 0.0116,  0.0328,  0.0190,  ...,  0.0309, -0.0665,  0.0125]]), 'transformer.h.22.attn.c_q.weight': tensor([[-0.1434,  0.0676,  0.0301,  ...,  0.0501,  0.0569,  0.0261],
        [-0.1454, -0.1401,  0.0012,  ...,  0.1390, -0.0161, -0.0314],
        [ 0.0376,  0.0072, -0.0064,  ..., -0.0035, -0.0152, -0.0376],
        ...,
        [-0.0718,  0.2723, -0.2155,  ...,  0.0802, -0.0529, -0.0022],
        [-0.1001, -0.0497,  0.0073,  ...,  0.1152,  0.2299, -0.0363],
        [-0.0115,  0.0976,  0.0929,  ..., -0.0106,  0.1087, -0.0183]]), 'transformer.h.22.attn.c_k.weight': tensor([[-0.1840,  0.1544,  0.1432,  ..., -0.0336,  0.0246,  0.0049],
        [-0.0369, -0.0351,  0.0065,  ...,  0.0229, -0.0916, -0.0743],
        [ 0.2246, -0.0195,  0.0073,  ...,  0.0496,  0.1003,  0.0252],
        ...,
        [ 0.1359, -0.0657,  0.0295,  ..., -0.1673,  0.0720,  0.0746],
        [-0.0674,  0.0015, -0.0613,  ..., -0.1466,  0.2443, -0.0079],
        [ 0.1282, -0.1031,  0.1159,  ..., -0.0644,  0.1400, -0.1124]]), 'transformer.h.22.attn.c_v.weight': tensor([[ 0.2307, -0.1091, -0.0351,  ..., -0.1105,  0.0766, -0.0442],
        [-0.0153,  0.1596, -0.1880,  ..., -0.1260, -0.0283, -0.1885],
        [-0.0225, -0.0341,  0.2019,  ...,  0.0214, -0.2460,  0.0945],
        ...,
        [-0.0065,  0.0309, -0.0850,  ..., -0.0032,  0.0855, -0.2648],
        [-0.0714,  0.0799,  0.0507,  ..., -0.0347,  0.1333,  0.1393],
        [-0.0505, -0.0214,  0.0847,  ...,  0.0310,  0.1500, -0.0241]]), 'transformer.h.22.attn.c_proj.weight': tensor([[-0.0439, -0.1192, -0.1099,  ...,  0.0485,  0.1028,  0.1162],
        [ 0.1100,  0.0520,  0.0094,  ...,  0.0755, -0.0567,  0.0573],
        [ 0.0994,  0.2675,  0.0247,  ...,  0.0869,  0.1050, -0.0796],
        ...,
        [ 0.0913, -0.2493, -0.0336,  ..., -0.0989,  0.2421,  0.0481],
        [-0.0246,  0.0175, -0.2780,  ...,  0.0295, -0.0270,  0.0679],
        [-0.0401,  0.0372, -0.0212,  ..., -0.0256, -0.1709, -0.0398]]), 'transformer.h.22.mlp.c_fc.weight': tensor([[ 0.0911,  0.1603, -0.1696,  ..., -0.0379, -0.0553, -0.1403],
        [ 0.1884,  0.0018,  0.0666,  ..., -0.2229, -0.0544,  0.0133],
        [-0.0040, -0.0696, -0.0128,  ...,  0.1507,  0.0047, -0.1027],
        ...,
        [ 0.0972, -0.1273,  0.0968,  ...,  0.0912,  0.1271, -0.0564],
        [-0.0075, -0.0429,  0.0216,  ...,  0.0432, -0.0515, -0.1824],
        [-0.0562,  0.0271,  0.0303,  ..., -0.0204,  0.0433,  0.0703]]), 'transformer.h.22.mlp.c_proj.weight': tensor([[ 0.0255, -0.0917, -0.0467,  ...,  0.0123,  0.0721,  0.0629],
        [-0.0280,  0.0021,  0.0188,  ..., -0.0968, -0.0171,  0.0405],
        [-0.1470,  0.1069,  0.1147,  ...,  0.0903, -0.0254,  0.0114],
        ...,
        [-0.0368, -0.0046,  0.0009,  ..., -0.0079, -0.0168, -0.0954],
        [-0.0054,  0.0192, -0.0843,  ...,  0.0024, -0.0433, -0.0183],
        [-0.0233, -0.0567,  0.0605,  ...,  0.0161,  0.0315,  0.0631]]), 'transformer.h.23.attn.c_q.weight': tensor([[-0.0176,  0.0667, -0.0200,  ..., -0.1230,  0.0765,  0.0218],
        [-0.0451,  0.0909,  0.0057,  ..., -0.0389,  0.0772,  0.0976],
        [ 0.0254, -0.0270, -0.0627,  ..., -0.0296, -0.0203, -0.1103],
        ...,
        [-0.1094, -0.1739, -0.0681,  ..., -0.0363,  0.0283,  0.0554],
        [ 0.0064,  0.0863,  0.1436,  ...,  0.0597, -0.0170, -0.1342],
        [-0.1170, -0.1774, -0.1114,  ..., -0.0516,  0.2560, -0.0959]]), 'transformer.h.23.attn.c_k.weight': tensor([[ 0.0290,  0.0533,  0.1153,  ..., -0.0298,  0.0826, -0.1005],
        [-0.0381, -0.0286, -0.0150,  ..., -0.0217, -0.0356, -0.0102],
        [ 0.0740,  0.0053, -0.1204,  ...,  0.0840,  0.1056, -0.0765],
        ...,
        [ 0.1916, -0.0806,  0.1041,  ...,  0.1282,  0.0867, -0.1138],
        [ 0.0223, -0.0304, -0.0738,  ..., -0.2409, -0.0478, -0.0056],
        [ 0.0153,  0.0194,  0.0883,  ..., -0.0306,  0.0627,  0.1178]]), 'transformer.h.23.attn.c_v.weight': tensor([[-0.0844, -0.1044,  0.0867,  ...,  0.0640, -0.0815, -0.0576],
        [-0.1979,  0.0227, -0.0025,  ...,  0.0819, -0.0853,  0.0684],
        [ 0.1377,  0.2194,  0.0319,  ...,  0.1054, -0.0672, -0.1454],
        ...,
        [ 0.1749, -0.0593, -0.0184,  ...,  0.0842, -0.1532,  0.1024],
        [-0.1216,  0.0365,  0.0068,  ..., -0.0623,  0.1748,  0.1715],
        [ 0.0281, -0.1379, -0.0231,  ...,  0.0252, -0.0737, -0.0032]]), 'transformer.h.23.attn.c_proj.weight': tensor([[ 0.0009, -0.2296, -0.1102,  ...,  0.1503,  0.0555,  0.1045],
        [-0.0298, -0.1539,  0.0009,  ...,  0.0953,  0.1348, -0.1128],
        [-0.1751, -0.0743,  0.3088,  ...,  0.0942, -0.1005,  0.0349],
        ...,
        [-0.0907, -0.0050,  0.0534,  ...,  0.0530, -0.0181, -0.0376],
        [-0.1170,  0.1917, -0.0049,  ..., -0.1562,  0.0215,  0.1360],
        [-0.0271, -0.0068,  0.2064,  ..., -0.2228, -0.0531, -0.1928]]), 'transformer.h.23.attn.ve_gate.weight': tensor([[-4.4090e-01, -4.5467e-02, -2.2100e-01,  4.5229e-01, -2.4602e-02,
         -7.6742e-02,  4.2457e-01,  4.5818e-01,  1.7002e-01, -8.6614e-02,
         -7.8528e-01, -6.7654e-01,  7.5533e-01,  1.6220e-01,  5.6968e-03,
          3.0473e-01, -9.2412e-02,  3.3421e-03,  9.4815e-02, -1.6948e-01,
         -1.5665e-01,  8.2898e-02,  7.1838e-02, -1.4999e-01,  6.0749e-02,
          4.1556e-01,  2.9298e-01, -2.2641e-01,  1.1485e-01, -1.0167e+00,
          6.8927e-02, -3.5344e-03],
        [-4.0874e-01,  1.4164e-01, -1.6990e-01,  2.3208e-02, -8.6830e-01,
         -5.9368e-01, -2.5559e-01, -3.1060e-01,  2.6666e-01, -7.5157e-01,
          6.2702e-01, -1.4058e+00,  3.0664e-01,  1.7758e-01, -2.4344e-01,
         -1.1606e-02, -1.0339e-02,  7.4922e-01, -6.1106e-01,  6.6082e-01,
          1.2615e+00, -6.0357e-01, -1.0262e-01, -1.3962e-01,  3.1247e-01,
         -8.5604e-01, -1.1851e-01, -1.1969e+00, -1.8210e-01, -3.0650e-01,
         -1.0387e-01, -3.0338e-01],
        [ 1.7468e-01,  1.8216e-01, -5.0322e-01,  4.9771e-01,  1.3769e-01,
         -2.0043e-01, -1.3234e+00,  3.9938e-01,  5.8996e-01,  7.9380e-01,
          3.1673e-01, -1.0485e+00, -2.8071e-01,  3.4864e-01,  1.0267e-01,
          1.0030e+00,  9.1417e-01, -6.6780e-03,  1.3900e-01, -5.8844e-01,
          9.0450e-01, -3.9954e-01, -2.2079e-01,  2.9202e-01,  6.9857e-01,
          2.2313e-01, -1.4798e-01, -1.2061e+00,  7.1382e-01, -1.3797e+00,
         -4.4961e-02, -3.0839e-01],
        [ 3.8163e-01, -8.9539e-01, -2.5551e-01,  7.9950e-01,  1.1895e+00,
         -5.4059e-01, -4.4604e-01, -3.6380e-01,  5.7223e-01,  8.8787e-01,
         -8.9475e-01, -8.7283e-01, -6.5554e-01, -1.2691e+00,  1.4658e+00,
          1.2301e+00,  1.5765e+00,  1.1060e+00,  1.9203e-01, -9.3739e-01,
          1.1423e-01, -4.3609e-01, -5.5276e-01,  5.9023e-03,  4.6086e-01,
          7.9115e-01,  8.5899e-01,  1.2933e-01,  8.1434e-01,  6.9031e-02,
         -1.6556e-01, -6.6938e-01],
        [-1.5935e-01,  1.9429e-01, -5.1984e-01,  8.3271e-01,  8.1464e-02,
          2.2797e-01, -2.8747e-01,  1.2794e+00,  1.8168e-02, -8.4525e-01,
         -8.5269e-01, -1.2086e+00, -3.9880e-01,  3.7747e-01, -2.7920e-01,
          1.1268e+00,  1.7683e+00,  3.0941e-02, -5.1532e-01, -9.2043e-01,
          8.1537e-01,  2.0502e-01,  3.6265e-02, -2.9726e-01, -3.7652e-02,
          5.3382e-01, -2.6205e-01, -3.6035e-01,  5.0282e-02, -1.1975e+00,
         -1.1787e-01,  5.2546e-01],
        [-6.8199e-01, -4.5066e-01, -2.2895e-03,  4.2399e-03, -5.4186e-01,
          2.1721e-02,  8.2090e-01,  3.7409e-01, -3.7909e-02,  3.6540e-01,
          1.8233e-01, -3.4402e-01,  5.6229e-01, -1.3890e-01,  3.7062e-02,
          3.1983e-01,  7.2225e-02,  3.4163e-01, -2.5377e-01,  7.3138e-01,
          2.7527e-01,  3.6316e-01,  1.2705e-01, -1.5797e-01,  2.4976e-01,
          3.1436e-01,  2.8058e-01, -4.3904e-01, -6.6471e-02, -4.7434e-01,
          2.3328e-01,  1.9669e-01],
        [-5.3115e-02,  1.7451e-01, -3.0492e-01, -4.0152e-01, -2.4743e-01,
         -8.5478e-02, -1.1264e+00,  1.9372e-01,  2.1840e-01,  3.1269e-01,
         -4.2203e-01, -2.0910e+00,  1.3347e-01, -6.5983e-02, -4.9220e-01,
          2.1617e-01,  2.1823e-01,  4.3382e-01, -2.2641e-01, -2.5066e-01,
          8.0938e-01, -6.3231e-01, -2.4957e-02,  2.2985e-01,  1.1009e+00,
         -7.5436e-02, -9.8844e-01, -1.0284e+00,  3.3592e-01, -1.3247e+00,
          2.5980e-01, -9.4281e-01],
        [ 5.1755e-01,  1.4239e-01, -6.1629e-01,  8.6923e-01,  2.1000e-01,
         -2.5711e-01, -8.6582e-01,  1.0752e+00,  3.1385e-01, -3.0648e-01,
         -5.7373e-01, -1.4033e+00, -5.1649e-01,  4.2015e-01,  5.8330e-01,
          1.2803e+00,  1.7688e+00,  1.2720e-01, -6.5388e-01, -8.7925e-01,
          4.7289e-01, -4.0828e-01, -2.8166e-01, -6.9679e-01,  3.5683e-01,
          1.2484e-01, -2.2883e-01, -1.6989e-02,  4.1149e-01, -1.4560e+00,
         -3.6401e-01,  4.3298e-01],
        [ 3.2474e-01,  2.5540e-01, -1.9079e-01, -9.5385e-01,  2.5944e-01,
         -3.8981e-01, -1.1723e-03,  6.6130e-01, -3.7455e-03,  2.2597e-01,
          8.0194e-01, -4.6091e-01, -9.1333e-01,  2.2005e-01,  7.7965e-01,
          6.1028e-01,  4.4154e-01,  6.5352e-01,  1.2991e-03,  4.5845e-02,
          9.2392e-01, -7.1767e-01, -8.1373e-01, -6.0702e-01,  1.5040e+00,
          4.4362e-01, -4.9398e-02, -8.1373e-01, -3.7693e-01, -8.7142e-01,
         -2.6527e-01, -2.8416e-01],
        [ 1.9973e-01, -2.2932e-01, -9.8633e-02,  3.2698e-01, -3.9516e-02,
         -7.8389e-02,  1.1410e-01,  8.5148e-01,  1.8701e-01,  3.2240e-01,
         -1.0681e+00, -7.6466e-01,  3.3630e-01, -5.3711e-01, -9.3318e-01,
          9.1867e-01,  1.1255e+00, -1.9484e-01, -8.3987e-02, -5.2836e-01,
          5.6872e-02, -1.0619e-01, -2.0282e-01, -3.5744e-01,  5.4271e-01,
          6.2911e-01,  2.4346e-01, -4.1613e-01,  1.2903e-01, -1.7261e-01,
         -2.5523e-01,  1.5059e-01],
        [-3.3677e-01, -3.6306e-02, -4.1749e-01,  7.4987e-01,  3.8407e-01,
          4.9473e-02, -3.3257e-01,  8.9640e-01,  3.1841e-01, -7.2451e-01,
         -5.8492e-01, -8.2429e-01, -1.1817e-01,  3.0563e-01, -3.2027e-01,
          1.0888e+00,  1.4471e+00,  4.3931e-01, -3.6486e-01, -4.7572e-01,
          4.0673e-01,  2.7773e-01,  1.7752e-01, -1.9255e-01,  8.8032e-01,
          4.1370e-01,  1.9136e-01, -4.0234e-01,  1.4812e-01, -1.1053e+00,
          8.2682e-01, -1.3874e-01],
        [-2.1149e-01,  2.0337e-02,  1.2878e-01, -9.6433e-02, -1.9519e-01,
          1.6352e-01, -6.8639e-02, -2.0297e-01,  2.5496e-01,  1.1991e-01,
          8.7427e-03, -1.6177e-01,  1.2021e-01,  1.3947e-02,  3.2863e-01,
          5.7344e-01, -1.3889e-01,  2.4820e-03, -2.5289e-01,  4.3945e-01,
          1.3466e-01,  5.5579e-01, -8.9163e-02,  4.5980e-02,  4.7093e-01,
          6.1669e-01, -7.3138e-02, -2.4018e-01,  3.4466e-01,  3.4551e-01,
          4.4161e-01,  1.2265e-01]]), 'transformer.h.23.mlp.c_fc.weight': tensor([[-0.0036, -0.0080, -0.0334,  ..., -0.0476, -0.0838, -0.0111],
        [ 0.1959, -0.0137, -0.0486,  ..., -0.2200, -0.0832,  0.1089],
        [-0.0609, -0.0510,  0.0467,  ..., -0.1186, -0.1137,  0.0566],
        ...,
        [ 0.1188, -0.1832, -0.0497,  ...,  0.0465, -0.1030,  0.1368],
        [ 0.0423,  0.0890,  0.0565,  ..., -0.0066, -0.0259,  0.1249],
        [-0.0581,  0.1453, -0.0718,  ...,  0.0589,  0.0284,  0.0206]]), 'transformer.h.23.mlp.c_proj.weight': tensor([[ 0.0255, -0.0244,  0.0272,  ...,  0.0335, -0.0623, -0.1178],
        [ 0.1193,  0.0773,  0.0554,  ..., -0.0887,  0.0563,  0.0434],
        [-0.0171, -0.0535, -0.0154,  ..., -0.2528, -0.0821, -0.0348],
        ...,
        [ 0.0344, -0.0403, -0.0372,  ..., -0.0883, -0.0091,  0.0363],
        [ 0.0964,  0.0430, -0.0504,  ..., -0.0192, -0.0859, -0.0681],
        [-0.0435,  0.0663, -0.1041,  ..., -0.0230, -0.0052,  0.0601]]), 'lm_head.weight': tensor([[ 0.0179,  0.0390,  0.3873,  ...,  0.0586,  0.0304, -0.0181],
        [ 0.0179,  0.0361,  0.3878,  ...,  0.0588,  0.0294, -0.0183],
        [ 0.0174,  0.0394,  0.3878,  ...,  0.0584,  0.0307, -0.0180],
        ...,
        [ 0.0155,  0.0381,  0.3854,  ...,  0.0602,  0.0303, -0.0195],
        [ 0.0179,  0.0392,  0.3883,  ...,  0.0602,  0.0310, -0.0189],
        [ 0.0172,  0.0376,  0.3897,  ...,  0.0589,  0.0288, -0.0182]]), 'value_embeds.1.weight': tensor([[-0.0270, -0.0065, -0.0371,  ...,  0.0055, -0.0049, -0.0437],
        [-0.0251,  0.0320, -0.0058,  ..., -0.0177, -0.0228,  0.0144],
        [ 0.0205, -0.0154,  0.0277,  ..., -0.0366,  0.0276, -0.0369],
        ...,
        [ 0.0386,  0.0322, -0.0126,  ...,  0.0302,  0.0098,  0.0114],
        [-0.0427,  0.0114, -0.0260,  ..., -0.0024, -0.0082, -0.0195],
        [-0.0197,  0.0147, -0.0303,  ..., -0.0298,  0.0052,  0.0210]],
       dtype=torch.bfloat16), 'value_embeds.3.weight': tensor([[-0.0002,  0.0154,  0.0386,  ...,  0.0317,  0.0011,  0.0269],
        [ 0.0291, -0.0391, -0.0278,  ..., -0.0084, -0.0369, -0.0201],
        [ 0.0024,  0.0082,  0.0422,  ...,  0.0026,  0.0016,  0.0244],
        ...,
        [ 0.0232,  0.0033,  0.0087,  ...,  0.0388, -0.0250, -0.0430],
        [-0.0021, -0.0425,  0.0018,  ...,  0.0275,  0.0386,  0.0359],
        [ 0.0289,  0.0400, -0.0219,  ...,  0.0349,  0.0266, -0.0310]],
       dtype=torch.bfloat16), 'value_embeds.5.weight': tensor([[ 0.0325, -0.0317,  0.0161,  ...,  0.0110, -0.0415, -0.0359],
        [-0.0099,  0.0439,  0.0432,  ..., -0.0087,  0.0239, -0.0092],
        [-0.0265,  0.0262,  0.0219,  ..., -0.0101,  0.0170,  0.0253],
        ...,
        [ 0.0237,  0.0398,  0.0344,  ...,  0.0332, -0.0403,  0.0108],
        [ 0.0125, -0.0344,  0.0048,  ...,  0.0245,  0.0408,  0.0193],
        [-0.0309,  0.0403,  0.0317,  ...,  0.0289, -0.0374,  0.0058]],
       dtype=torch.bfloat16), 'value_embeds.7.weight': tensor([[ 0.0091, -0.0201,  0.0212,  ..., -0.0398,  0.0141,  0.0292],
        [-0.0383,  0.0403, -0.0147,  ..., -0.0369,  0.0325,  0.0082],
        [ 0.0055, -0.0231,  0.0197,  ..., -0.0026,  0.0317, -0.0327],
        ...,
        [ 0.0378, -0.0067, -0.0109,  ...,  0.0162,  0.0271, -0.0031],
        [ 0.0103,  0.0427, -0.0148,  ..., -0.0038,  0.0413,  0.0359],
        [ 0.0322,  0.0032,  0.0187,  ..., -0.0120,  0.0100, -0.0320]],
       dtype=torch.bfloat16), 'value_embeds.9.weight': tensor([[ 0.0212,  0.0222,  0.0114,  ..., -0.0043, -0.0148,  0.0299],
        [-0.0308,  0.0168,  0.0023,  ...,  0.0243,  0.0422,  0.0325],
        [-0.0237,  0.0131, -0.0148,  ..., -0.0322, -0.0015, -0.0007],
        ...,
        [-0.0366,  0.0295, -0.0244,  ...,  0.0112, -0.0415, -0.0280],
        [ 0.0383,  0.0265, -0.0194,  ...,  0.0215,  0.0344,  0.0128],
        [-0.0220,  0.0017,  0.0112,  ..., -0.0300, -0.0025,  0.0417]],
       dtype=torch.bfloat16), 'value_embeds.11.weight': tensor([[ 0.0052,  0.0325, -0.0295,  ..., -0.0211,  0.0381,  0.0320],
        [ 0.0029,  0.0356,  0.0214,  ..., -0.0374, -0.0253, -0.0271],
        [-0.0206,  0.0171,  0.0393,  ...,  0.0272,  0.0259,  0.0330],
        ...,
        [-0.0291,  0.0442, -0.0322,  ..., -0.0165, -0.0371,  0.0079],
        [-0.0194, -0.0386, -0.0134,  ..., -0.0188, -0.0092,  0.0312],
        [ 0.0190,  0.0342, -0.0042,  ...,  0.0322,  0.0386, -0.0014]],
       dtype=torch.bfloat16), 'value_embeds.13.weight': tensor([[-8.5449e-03, -2.9449e-03, -1.3411e-05,  ..., -1.0376e-02,
         -1.4282e-02, -4.8523e-03],
        [-1.8188e-02, -2.4780e-02, -4.1260e-02,  ..., -1.7578e-02,
         -3.9795e-02, -4.1748e-02],
        [ 2.2095e-02, -4.0039e-02, -3.5400e-02,  ..., -3.3417e-03,
          3.1006e-02, -3.0762e-02],
        ...,
        [-3.0273e-02, -2.6489e-02,  2.3804e-02,  ...,  7.1106e-03,
         -1.0681e-02, -3.3203e-02],
        [ 3.9062e-02, -2.0264e-02, -2.2339e-02,  ...,  5.9509e-03,
          2.0630e-02,  1.6479e-02],
        [-6.5613e-03,  4.2236e-02, -1.6479e-02,  ..., -2.8320e-02,
         -2.8320e-02, -1.3794e-02]], dtype=torch.bfloat16), 'value_embeds.15.weight': tensor([[-0.0139,  0.0005, -0.0142,  ...,  0.0277,  0.0052, -0.0282],
        [ 0.0420,  0.0064, -0.0017,  ...,  0.0270, -0.0117,  0.0146],
        [-0.0065, -0.0396, -0.0109,  ..., -0.0167,  0.0092,  0.0107],
        ...,
        [-0.0417,  0.0173,  0.0439,  ..., -0.0160, -0.0231, -0.0427],
        [ 0.0031, -0.0079,  0.0075,  ...,  0.0149, -0.0310,  0.0322],
        [ 0.0137, -0.0376, -0.0201,  ..., -0.0422,  0.0018, -0.0349]],
       dtype=torch.bfloat16), 'value_embeds.17.weight': tensor([[-0.0435, -0.0308,  0.0378,  ..., -0.0040,  0.0422,  0.0430],
        [ 0.0154, -0.0376, -0.0295,  ...,  0.0315, -0.0234,  0.0069],
        [-0.0114, -0.0182, -0.0339,  ...,  0.0391, -0.0097, -0.0302],
        ...,
        [-0.0264,  0.0420, -0.0114,  ..., -0.0244,  0.0403, -0.0076],
        [-0.0342,  0.0154,  0.0165,  ...,  0.0177,  0.0305,  0.0284],
        [-0.0020,  0.0325,  0.0276,  ..., -0.0437, -0.0034,  0.0145]],
       dtype=torch.bfloat16), 'value_embeds.19.weight': tensor([[ 0.0065, -0.0308,  0.0303,  ..., -0.0216,  0.0356,  0.0376],
        [-0.0079,  0.0201,  0.0361,  ..., -0.0442, -0.0381,  0.0388],
        [-0.0046, -0.0135,  0.0332,  ...,  0.0425, -0.0347, -0.0439],
        ...,
        [ 0.0356,  0.0405,  0.0019,  ..., -0.0047, -0.0138, -0.0262],
        [ 0.0195, -0.0087,  0.0226,  ..., -0.0413, -0.0251,  0.0315],
        [-0.0187,  0.0033,  0.0237,  ..., -0.0157,  0.0420, -0.0021]],
       dtype=torch.bfloat16), 'value_embeds.21.weight': tensor([[ 0.0092,  0.0215,  0.0342,  ...,  0.0112,  0.0039, -0.0247],
        [ 0.0181,  0.0099, -0.0251,  ...,  0.0437, -0.0148, -0.0344],
        [ 0.0194,  0.0106, -0.0137,  ..., -0.0344,  0.0100, -0.0189],
        ...,
        [-0.0131, -0.0058,  0.0261,  ...,  0.0339, -0.0035,  0.0253],
        [-0.0248, -0.0266,  0.0175,  ..., -0.0292, -0.0125,  0.0155],
        [-0.0386, -0.0004,  0.0007,  ...,  0.0109, -0.0152,  0.0388]],
       dtype=torch.bfloat16), 'value_embeds.23.weight': tensor([[ 0.0300, -0.0006,  0.0135,  ..., -0.0170,  0.0210, -0.0282],
        [ 0.0136, -0.0369,  0.0044,  ..., -0.0075,  0.0052, -0.0138],
        [ 0.0002, -0.0408, -0.0092,  ...,  0.0160,  0.0352,  0.0237],
        ...,
        [-0.0022, -0.0302, -0.0383,  ..., -0.0286, -0.0076,  0.0013],
        [ 0.0271,  0.0161,  0.0347,  ...,  0.0126,  0.0339, -0.0374],
        [ 0.0208, -0.0028,  0.0234,  ...,  0.0266, -0.0342, -0.0386]],
       dtype=torch.bfloat16)})
---------------------------------------
Begin Slurm Epilog: Aug-31-2026 19:55:17
Job ID:        12641570
User ID:       clinder9
Account:       gts-mtao8
Job name:      quick
Resources:     cpu=1,mem=100G,node=1
Rsrc Used:     cput=00:00:20,vmem=0,walltime=00:00:20,mem=8954012K,energy_used=0
Partition:     cpu-large
QOS:           inferno
Nodes:         atl1-1-03-004-6-1
---------------------------------------
